country_id,country_slug,year,page_url,average_height,average_age,match_count,match_ids,scraped_at_utc
1,Afghanistan,1995,https://national-football-teams.com/country/1/1995/Afghanistan.html,0m,0,0,[],2026-03-29T07:40:40
1,Afghanistan,1996,https://national-football-teams.com/country/1/1996/Afghanistan.html,0m,0,0,[],2026-03-29T07:40:45
1,Afghanistan,1997,https://national-football-teams.com/country/1/1997/Afghanistan.html,0m,0,0,[],2026-03-29T07:40:48
1,Afghanistan,1998,https://national-football-teams.com/country/1/1998/Afghanistan.html,0m,0,0,[],2026-03-29T07:40:54
1,Afghanistan,1999,https://national-football-teams.com/country/1/1999/Afghanistan.html,0m,0,0,[],2026-03-29T07:40:58
1,Afghanistan,2000,https://national-football-teams.com/country/1/2000/Afghanistan.html,0m,0,0,[],2026-03-29T07:41:03
1,Afghanistan,2001,https://national-football-teams.com/country/1/2001/Afghanistan.html,0m,0,0,[],2026-03-29T07:41:07
1,Afghanistan,2002,https://national-football-teams.com/country/1/2002/Afghanistan.html,0m,0,0,[],2026-03-29T07:41:11
1,Afghanistan,2003,https://national-football-teams.com/country/1/2003/Afghanistan.html,1.77m,20.7,7,"[1412, 19259, 19255, 19260, 1411, 65, 66]",2026-03-29T07:41:15
1,Afghanistan,2004,https://national-football-teams.com/country/1/2004/Afghanistan.html,0m,0,0,[],2026-03-29T07:41:21
1,Afghanistan,2005,https://national-football-teams.com/country/1/2005/Afghanistan.html,1.7m,20.2,4,"[17439, 17464, 17467, 17515]",2026-03-29T07:41:24
1,Afghanistan,2006,https://national-football-teams.com/country/1/2006/Afghanistan.html,1.76m,20.3,2,"[16995, 16958]",2026-03-29T07:41:28
1,Afghanistan,2007,https://national-football-teams.com/country/1/2007/Afghanistan.html,1.78m,22.3,2,"[2470, 2471]",2026-03-29T07:41:31
1,Afghanistan,2008,https://national-football-teams.com/country/1/2008/Afghanistan.html,1.79m,22.2,10,"[5458, 6148, 12649, 12700, 3276, 3277, 3283, 3285, 3287, 12279]",2026-03-29T07:41:35
1,Afghanistan,2009,https://national-football-teams.com/country/1/2009/Afghanistan.html,1.78m,21.8,3,"[35450, 12053, 11929]",2026-03-29T07:41:38
1,Afghanistan,2010,https://national-football-teams.com/country/1/2010/Afghanistan.html,1.77m,21.4,1,[7325],2026-03-29T07:41:44
1,Afghanistan,2011,https://national-football-teams.com/country/1/2011/Afghanistan.html,1.8m,22.9,12,"[10287, 10286, 10157, 10266, 10285, 3919, 3927, 9773, 10264, 10284, 10152, 9770]",2026-03-29T07:41:47
1,Afghanistan,2012,https://national-football-teams.com/country/1/2012/Afghanistan.html,0m,0,0,[],2026-03-29T07:41:51
1,Afghanistan,2013,https://national-football-teams.com/country/1/2013/Afghanistan.html,1.8m,24.5,10,"[4599, 4601, 4604, 8035, 8700, 8711, 8718, 8731, 8798, 8862]",2026-03-29T07:41:56
1,Afghanistan,2014,https://national-football-teams.com/country/1/2014/Afghanistan.html,1.79m,24,9,"[10533, 10347, 10440, 10532, 10548, 10557, 10573, 10603, 10607]",2026-03-29T07:41:59
1,Afghanistan,2015,https://national-football-teams.com/country/1/2015/Afghanistan.html,1.79m,23.9,14,"[13102, 12404, 13108, 13167, 13284, 13832, 13784, 13961, 14072, 14144, 14417, 14420, 14423, 14425]",2026-03-29T07:42:04
1,Afghanistan,2016,https://national-football-teams.com/country/1/2016/Afghanistan.html,1.79m,23.7,6,"[14426, 14866, 14936, 15815, 15940, 16041]",2026-03-29T07:42:08
1,Afghanistan,2017,https://national-football-teams.com/country/1/2017/Afghanistan.html,1.78m,24.6,8,"[17051, 17121, 17622, 17721, 18068, 18165, 18429, 18538]",2026-03-29T07:42:11
1,Afghanistan,2018,https://national-football-teams.com/country/1/2018/Afghanistan.html,1.77m,24.5,4,"[21707, 21797, 19727, 20520]",2026-03-29T07:42:14
1,Afghanistan,2019,https://national-football-teams.com/country/1/2019/Afghanistan.html,1.77m,25,8,"[22526, 22606, 23198, 23863, 23972, 24162, 24377, 24502]",2026-03-29T07:42:17
1,Afghanistan,2020,https://national-football-teams.com/country/1/2020/Afghanistan.html,0m,0,0,[],2026-03-29T07:42:21
1,Afghanistan,2021,https://national-football-teams.com/country/1/2021/Afghanistan.html,1.79m,27,6,"[30935, 30936, 30957, 31089, 31121, 32561]",2026-03-29T07:42:26
1,Afghanistan,2022,https://national-football-teams.com/country/1/2022/Afghanistan.html,1.79m,27.4,4,"[34662, 34779, 34845, 34902]",2026-03-29T07:42:31
1,Afghanistan,2023,https://national-football-teams.com/country/1/2023/Afghanistan.html,1.78m,24.4,9,"[36880, 36890, 37276, 37444, 37400, 37475, 37579, 37661, 37802]",2026-03-29T07:42:34
1,Afghanistan,2024,https://national-football-teams.com/country/1/2024/Afghanistan.html,1.79m,26.3,6,"[38623, 38761, 39039, 39158, 40229, 40162]",2026-03-29T07:42:39
1,Afghanistan,2025,https://national-football-teams.com/country/1/2025/Afghanistan.html,1.8m,25.8,8,"[41054, 41138, 41693, 42105, 42115, 42129, 42373, 42491]",2026-03-29T07:42:44
1,Afghanistan,2026,https://national-football-teams.com/country/1/2026/Afghanistan.html,1.79m,22.9,1,[44212],2026-03-29T07:42:48
12,Australia,1995,https://national-football-teams.com/country/12/1995/Australia.html,1.84m,24.6,9,"[27383, 27384, 27342, 27343, 27381, 27382, 27385, 27386, 27387]",2026-03-29T07:42:51
12,Australia,1996,https://national-football-teams.com/country/12/1996/Australia.html,1.83m,25.4,12,"[26530, 26531, 26532, 26533, 26534, 26535, 26536, 26524, 26537, 7420, 26538, 26539]",2026-03-29T07:42:54
12,Australia,1997,https://national-football-teams.com/country/12/1997/Australia.html,1.83m,25.9,19,"[25658, 25648, 25649, 25650, 25651, 25659, 25660, 25661, 25662, 25663, 25664, 25652, 25653, 25654, 25655, 25629, 25656, 25657, 25632]",2026-03-29T07:42:59
12,Australia,1998,https://national-football-teams.com/country/12/1998/Australia.html,1.83m,24.9,9,"[24983, 24984, 24985, 24986, 24988, 24989, 24990, 24991, 24987]",2026-03-29T07:43:03
12,Australia,1999,https://national-football-teams.com/country/12/1999/Australia.html,0m,0,0,[],2026-03-29T07:43:08
12,Australia,2000,https://national-football-teams.com/country/12/2000/Australia.html,1.84m,25.6,15,"[22248, 22249, 22250, 22251, 22252, 22253, 22254, 22255, 22259, 22260, 22261, 22262, 22256, 22257, 22258]",2026-03-29T07:43:14
12,Australia,2001,https://national-football-teams.com/country/12/2001/Australia.html,1.83m,25.6,16,"[20983, 21003, 21004, 21005, 21006, 20998, 20936, 20999, 20955, 21000, 21007, 21008, 20958, 20929, 21001, 21002]",2026-03-29T07:43:19
12,Australia,2002,https://national-football-teams.com/country/12/2002/Australia.html,1.81m,28.2,5,"[19794, 19795, 19796, 19797, 19798]",2026-03-29T07:43:22
12,Australia,2003,https://national-football-teams.com/country/12/2003/Australia.html,1.84m,27,3,"[18821, 18822, 18823]",2026-03-29T07:43:25
12,Australia,2004,https://national-football-teams.com/country/12/2004/Australia.html,1.84m,26.1,12,"[17906, 17907, 17910, 17909, 891, 2149, 2152, 2155, 2158, 2162, 2161, 17911]",2026-03-29T07:43:30
12,Australia,2005,https://national-football-teams.com/country/12/2005/Australia.html,1.83m,27.3,12,"[17357, 17358, 17359, 17354, 17280, 17287, 17304, 17355, 17356, 17360, 906, 908]",2026-03-29T07:43:34
12,Australia,2006,https://national-football-teams.com/country/12/2006/Australia.html,1.82m,26.8,13,"[1579, 14336, 14281, 14609, 32, 33, 36, 53, 1581, 1582, 14372, 1583, 13899]",2026-03-29T07:43:39
12,Australia,2007,https://national-football-teams.com/country/12/2007/Australia.html,1.82m,26.5,10,"[12969, 12968, 12967, 12966, 1510, 1512, 1514, 1534, 12957, 12965]",2026-03-29T07:43:44
12,Australia,2008,https://national-football-teams.com/country/12/2008/Australia.html,1.82m,25.7,13,"[2494, 12341, 2496, 12340, 2498, 2501, 2503, 2504, 12220, 12339, 2556, 2558, 2560]",2026-03-29T07:43:49
12,Australia,2009,https://national-football-teams.com/country/12/2009/Australia.html,1.82m,26.4,12,"[3188, 2562, 3186, 2566, 2569, 2571, 2573, 11637, 11636, 11635, 3189, 3191]",2026-03-29T07:43:55
12,Australia,2010,https://national-football-teams.com/country/12/2010/Australia.html,1.81m,27.2,13,"[3194, 3195, 10485, 10484, 10431, 2207, 2210, 2212, 10483, 10482, 10481, 10480, 10479]",2026-03-29T07:44:00
12,Australia,2011,https://national-football-teams.com/country/12/2011/Australia.html,1.82m,26.7,17,"[9872, 9786, 9847, 9871, 9870, 9869, 9804, 9868, 9867, 8274, 9866, 3999, 4000, 9865, 4002, 4004, 4006]",2026-03-29T07:44:06
12,Australia,2012,https://national-football-teams.com/country/12/2012/Australia.html,1.82m,26.2,13,"[4008, 8522, 4039, 4040, 8523, 8524, 4043, 4045, 8477, 8525, 8526, 8527, 8528]",2026-03-29T07:44:09
12,Australia,2013,https://national-football-teams.com/country/12/2013/Australia.html,1.83m,25.9,12,"[7850, 4049, 8027, 8114, 8172, 8459, 8501, 8514, 8786, 8957, 9023, 9363]",2026-03-29T07:45:13
12,Australia,2014,https://national-football-teams.com/country/12/2014/Australia.html,1.82m,25.1,11,"[10039, 10576, 10677, 9679, 9680, 9682, 11152, 11203, 11414, 11447, 11750]",2026-03-29T07:45:17
12,Australia,2015,https://national-football-teams.com/country/12/2015/Australia.html,1.81m,25.7,14,"[12177, 12201, 12203, 12256, 12308, 12324, 12753, 12848, 13292, 13666, 13713, 13966, 14139, 14215]",2026-03-29T07:45:23
12,Australia,2016,https://national-football-teams.com/country/12/2016/Australia.html,1.82m,25.1,10,"[14865, 14935, 15365, 15436, 15457, 15714, 15767, 15832, 15911, 16050]",2026-03-29T07:45:27
12,Australia,2017,https://national-football-teams.com/country/12/2017/Australia.html,1.82m,25.8,13,"[17026, 17099, 17637, 17728, 17743, 17746, 17750, 18050, 18124, 18328, 18407, 18464, 18512]",2026-03-29T07:45:30
12,Australia,2018,https://national-football-teams.com/country/12/2018/Australia.html,1.81m,26.4,11,"[19483, 19584, 20182, 20245, 15647, 15649, 20279, 20869, 21222, 21272, 21714]",2026-03-29T07:45:36
12,Australia,2019,https://national-football-teams.com/country/12/2019/Australia.html,1.81m,26.2,10,"[21787, 21854, 21878, 22023, 22076, 23199, 23967, 24155, 24273, 24372]",2026-03-29T07:45:41
12,Australia,2020,https://national-football-teams.com/country/12/2020/Australia.html,0m,0,0,[],2026-03-29T07:45:47
12,Australia,2021,https://national-football-teams.com/country/12/2021/Australia.html,1.82m,27.4,10,"[30961, 31025, 31090, 31122, 31713, 31806, 32069, 32184, 32464, 32567]",2026-03-29T07:45:51
12,Australia,2022,https://national-football-teams.com/country/12/2022/Australia.html,1.81m,26.6,13,"[33188, 33237, 34104, 34212, 34656, 34763, 34896, 35284, 35350, 35585, 35625, 35648, 35718]",2026-03-29T07:45:55
12,Australia,2023,https://national-football-teams.com/country/12/2023/Australia.html,1.81m,25.3,8,"[36494, 36597, 36907, 37341, 37503, 37574, 37671, 37810]",2026-03-29T07:46:00
12,Australia,2024,https://national-football-teams.com/country/12/2024/Australia.html,1.81m,26.3,16,"[37868, 37980, 38106, 38155, 38239, 38308, 38622, 38765, 39037, 39163, 39358, 39503, 39560, 39689, 40061, 40198]",2026-03-29T07:46:04
12,Australia,2025,https://national-football-teams.com/country/12/2025/Australia.html,1.82m,26.3,10,"[41016, 41151, 41601, 41706, 42157, 42237, 42399, 42470, 42692, 42750]",2026-03-29T07:46:08
12,Australia,2026,https://national-football-teams.com/country/12/2026/Australia.html,1.82m,27.3,0,[],2026-03-29T07:46:13
16,Bahrain,1995,https://national-football-teams.com/country/16/1995/Bahrain.html,0m,0,0,[],2026-03-29T07:46:17
16,Bahrain,1996,https://national-football-teams.com/country/16/1996/Bahrain.html,1.77m,22.9,7,"[26702, 26768, 26893, 27029, 27038, 27039, 26734]",2026-03-29T07:46:20
16,Bahrain,1997,https://national-football-teams.com/country/16/1997/Bahrain.html,1.79m,23.7,9,"[25977, 26221, 26356, 26357, 28850, 26052, 26266, 26267, 26053]",2026-03-29T07:46:23
16,Bahrain,1998,https://national-football-teams.com/country/16/1998/Bahrain.html,1.77m,23.1,9,"[25321, 25450, 25451, 25452, 25277, 25067, 25175, 25248, 25410]",2026-03-29T07:46:28
16,Bahrain,1999,https://national-football-teams.com/country/16/1999/Bahrain.html,0m,0,0,[],2026-03-29T07:46:33
16,Bahrain,2000,https://national-football-teams.com/country/16/2000/Bahrain.html,1.79m,22.5,12,"[5416, 5652, 5654, 5656, 6229, 6442, 22790, 22793, 22984, 22339, 22340, 22985]",2026-03-29T07:46:37
16,Bahrain,2001,https://national-football-teams.com/country/16/2001/Bahrain.html,1.78m,22.8,22,"[5734, 5736, 5737, 5922, 5999, 21462, 21564, 21565, 21566, 21567, 21467, 21568, 21563, 21569, 21380, 21508, 21570, 21118, 21384, 21510, 21571, 21122]",2026-03-29T07:46:40
16,Bahrain,2002,https://national-football-teams.com/country/16/2002/Bahrain.html,1.78m,23,18,"[5724, 5730, 5731, 5732, 5725, 5726, 19947, 19884, 20024, 20044, 20045, 19921, 19889, 20046, 20047, 20048, 19993, 19894]",2026-03-29T07:46:45
16,Bahrain,2003,https://national-football-teams.com/country/16/2003/Bahrain.html,1.79m,23.7,14,"[5228, 5722, 5723, 6204, 19096, 1485, 1487, 1490, 1491, 1493, 1495, 18959, 19024, 19144]",2026-03-29T07:46:50
16,Bahrain,2004,https://national-football-teams.com/country/16/2004/Bahrain.html,1.79m,23.6,33,"[5144, 5223, 5711, 5712, 5716, 5719, 5914, 5958, 18281, 17940, 18288, 18235, 18276, 18297, 139, 143, 145, 17889, 16388, 16390, 16392, 16413, 16417, 16419, 18298, 146, 140, 144, 18300, 18299, 18279, 17948, 18291]",2026-03-29T07:46:56
16,Bahrain,2005,https://national-football-teams.com/country/16/2005/Bahrain.html,1.78m,23.3,18,"[5263, 5707, 5709, 17327, 187, 191, 193, 194, 188, 17448, 192, 197, 198, 17408, 907, 909, 41537, 17466]",2026-03-29T07:46:59
16,Bahrain,2006,https://national-football-teams.com/country/16/2006/Bahrain.html,1.78m,23.1,9,"[5703, 5705, 5702, 1579, 1580, 5256, 1583, 6198, 1584]",2026-03-29T07:47:03
16,Bahrain,2007,https://national-football-teams.com/country/16/2007/Bahrain.html,1.77m,23.4,15,"[13636, 13566, 13608, 13586, 13624, 13536, 13551, 1527, 1530, 1532, 13578, 5698, 5699, 2466, 2467]",2026-03-29T07:47:07
16,Bahrain,2008,https://national-football-teams.com/country/16/2008/Bahrain.html,1.78m,24,21,"[4865, 5239, 5684, 5689, 5691, 5685, 5686, 2508, 12501, 2509, 12437, 2512, 2514, 2516, 2517, 12510, 2555, 2557, 2560, 5693, 6304]",2026-03-29T07:47:12
16,Bahrain,2009,https://national-football-teams.com/country/16/2009/Bahrain.html,1.78m,24.6,22,"[5032, 6460, 6795, 12052, 38819, 12058, 12036, 4875, 3174, 3176, 11852, 2563, 2564, 2567, 2571, 2572, 11953, 2594, 2595, 3098, 3099, 3178]",2026-03-29T07:47:16
16,Bahrain,2010,https://national-football-teams.com/country/16/2010/Bahrain.html,1.78m,24.5,19,"[6812, 7135, 7180, 7240, 7258, 3181, 3182, 3183, 10853, 11120, 10931, 11113, 7262, 11110, 11101, 10951, 11256, 7196, 11008]",2026-03-29T07:47:22
16,Bahrain,2011,https://national-football-teams.com/country/16/2011/Bahrain.html,1.78m,24.9,18,"[7335, 7553, 10316, 5873, 9848, 9785, 9871, 7587, 4011, 4013, 4014, 7606, 4016, 4019, 10206, 10279, 10315, 10239]",2026-03-29T07:47:26
16,Bahrain,2012,https://national-football-teams.com/country/16/2012/Bahrain.html,1.8m,24.6,21,"[9482, 38482, 41538, 9205, 4021, 39298, 8488, 9581, 9554, 9580, 8921, 9232, 9561, 7061, 9579, 9509, 9578, 9179, 9247, 9577, 9576]",2026-03-29T07:47:30
16,Bahrain,2013,https://national-football-teams.com/country/16/2013/Bahrain.html,1.78m,25.2,18,"[12086, 7948, 7911, 7926, 7947, 7931, 7946, 4580, 7920, 4581, 8987, 9044, 9290, 9336, 9384, 9511, 9513, 9519]",2026-03-29T07:47:34
16,Bahrain,2014,https://national-football-teams.com/country/16/2014/Bahrain.html,1.78m,25.5,12,"[11665, 9525, 9594, 10008, 11275, 11485, 11495, 11670, 11694, 11745, 11803, 12166]",2026-03-29T07:47:37
16,Bahrain,2015,https://national-football-teams.com/country/16/2015/Bahrain.html,1.79m,26.5,14,"[12173, 12184, 12230, 12244, 12760, 12850, 13103, 13142, 13162, 13674, 13788, 13970, 14058, 14213]",2026-03-29T07:47:43
16,Bahrain,2016,https://national-football-teams.com/country/16/2016/Bahrain.html,1.78m,26,9,"[14631, 14876, 14943, 15786, 15814, 15861, 15942, 16095, 16096]",2026-03-29T07:47:48
16,Bahrain,2017,https://national-football-teams.com/country/16/2017/Bahrain.html,1.78m,26,13,"[18438, 17098, 17126, 17711, 17725, 18164, 18433, 18457, 18542, 18834, 18768, 18782, 18787]",2026-03-29T07:47:51
16,Bahrain,2018,https://national-football-teams.com/country/16/2018/Bahrain.html,1.77m,26.1,11,"[38423, 18788, 19754, 19749, 20547, 20646, 20780, 20917, 21261, 21676, 21713]",2026-03-29T07:47:55
16,Bahrain,2019,https://national-football-teams.com/country/16/2019/Bahrain.html,1.79m,26.8,19,"[21785, 21824, 21867, 22025, 23735, 24016, 24019, 24023, 23862, 23968, 24151, 24276, 24373, 24499, 24553, 24558, 24561, 24673, 24675]",2026-03-29T07:47:59
16,Bahrain,2020,https://national-football-teams.com/country/16/2020/Bahrain.html,1.78m,26.4,3,"[28837, 28937, 29001]",2026-03-29T07:48:02
16,Bahrain,2021,https://national-football-teams.com/country/16/2021/Bahrain.html,1.79m,27.7,16,"[30284, 30389, 30895, 30925, 30958, 31026, 31123, 31189, 31686, 31809, 32087, 32219, 32560, 32646, 32687, 32700]",2026-03-29T07:48:07
16,Bahrain,2022,https://national-football-teams.com/country/16/2022/Bahrain.html,1.79m,27.7,14,"[33198, 33259, 34103, 34258, 34222, 34640, 34647, 34780, 34849, 34903, 35325, 35395, 35522, 35567]",2026-03-29T07:48:12
16,Bahrain,2023,https://national-football-teams.com/country/16/2023/Bahrain.html,1.79m,26.7,12,"[37448, 37449, 37635, 35921, 35966, 35973, 36029, 36527, 36635, 37611, 37670, 37809]",2026-03-29T07:48:17
16,Bahrain,2024,https://national-football-teams.com/country/16/2024/Bahrain.html,1.79m,27.7,20,"[37950, 37868, 38019, 38139, 38177, 38289, 38621, 38764, 39038, 39143, 39358, 39505, 39559, 39685, 40060, 40198, 40403, 40407, 40412, 40417]",2026-03-29T07:48:21
16,Bahrain,2025,https://national-football-teams.com/country/16/2025/Bahrain.html,1.79m,27.4,14,"[42847, 42855, 40422, 41017, 41150, 41600, 41712, 42119, 42280, 42364, 42789, 42798, 42812, 42822]",2026-03-29T07:48:26
16,Bahrain,2026,https://national-football-teams.com/country/16/2026/Bahrain.html,1.79m,28.4,0,[],2026-03-29T07:48:31
17,Bangladesh,1995,https://national-football-teams.com/country/17/1995/Bangladesh.html,1.74m,23.4,10,"[27907, 27909, 27922, 27933, 27934, 27935, 27936, 27931, 27932, 27918]",2026-03-29T07:48:37
17,Bangladesh,1996,https://national-football-teams.com/country/17/1996/Bangladesh.html,0m,0,0,[],2026-03-29T07:48:41
17,Bangladesh,1997,https://national-football-teams.com/country/17/1997/Bangladesh.html,1.73m,23.8,9,"[41521, 26381, 26472, 25923, 25924, 26473, 26384, 26481, 26448]",2026-03-29T07:48:45
17,Bangladesh,1998,https://national-football-teams.com/country/17/1998/Bangladesh.html,1.74m,21.2,1,[34622],2026-03-29T07:48:48
17,Bangladesh,1999,https://national-football-teams.com/country/17/1999/Bangladesh.html,1.74m,22.9,12,"[24886, 24913, 24876, 24908, 24909, 24879, 24910, 24911, 24883, 24912, 23818, 24109]",2026-03-29T07:49:54
17,Bangladesh,2000,https://national-football-teams.com/country/17/2000/Bangladesh.html,1.71m,21.8,4,"[23383, 23384, 23329, 23332]",2026-03-29T07:49:56
17,Bangladesh,2001,https://national-football-teams.com/country/17/2001/Bangladesh.html,1.74m,22.5,8,"[22083, 22063, 21998, 21371, 22081, 22000, 21374, 22082]",2026-03-29T07:50:01
17,Bangladesh,2002,https://national-football-teams.com/country/17/2002/Bangladesh.html,0m,0,0,[],2026-03-29T07:50:04
17,Bangladesh,2003,https://national-football-teams.com/country/17/2003/Bangladesh.html,1.72m,23.1,9,"[19287, 19276, 19296, 19257, 19278, 1415, 1416, 69, 70]",2026-03-29T07:50:08
17,Bangladesh,2004,https://national-football-teams.com/country/17/2004/Bangladesh.html,0m,0,0,[],2026-03-29T07:50:14
17,Bangladesh,2005,https://national-football-teams.com/country/17/2005/Bangladesh.html,1.74m,25,7,"[17349, 17435, 17436, 17437, 17351, 1542, 1541]",2026-03-29T07:50:19
17,Bangladesh,2006,https://national-football-teams.com/country/17/2006/Bangladesh.html,1.72m,24.1,10,"[1597, 1599, 16965, 16966, 16967, 16968, 1601, 1603, 1605, 1608]",2026-03-29T07:50:22
17,Bangladesh,2007,https://national-football-teams.com/country/17/2007/Bangladesh.html,1.71m,23.8,6,"[13571, 13446, 13570, 13569, 2474, 2475]",2026-03-29T07:50:25
17,Bangladesh,2008,https://national-football-teams.com/country/17/2008/Bangladesh.html,1.73m,24.2,8,"[5639, 6148, 7092, 7297, 12611, 3276, 3278, 12412]",2026-03-29T07:50:29
17,Bangladesh,2009,https://national-football-teams.com/country/17/2009/Bangladesh.html,1.7m,22.3,7,"[3232, 3234, 3236, 11577, 11576, 11575, 35453]",2026-03-29T07:50:33
17,Bangladesh,2010,https://national-football-teams.com/country/17/2010/Bangladesh.html,1.71m,22.9,3,"[3252, 3254, 3257]",2026-03-29T07:50:37
17,Bangladesh,2011,https://national-football-teams.com/country/17/2011/Bangladesh.html,1.72m,22.2,10,"[10136, 10135, 9980, 3920, 3931, 3934, 3953, 10134, 10133, 10132]",2026-03-29T07:50:41
17,Bangladesh,2012,https://national-football-teams.com/country/17/2012/Bangladesh.html,1.74m,24.7,3,"[9308, 9142, 9063]",2026-03-29T07:50:46
17,Bangladesh,2013,https://national-football-teams.com/country/17/2013/Bangladesh.html,1.73m,23.5,6,"[4605, 4608, 4609, 8709, 8715, 8727]",2026-03-29T07:50:51
17,Bangladesh,2014,https://national-football-teams.com/country/17/2014/Bangladesh.html,1.73m,22.7,3,"[9998, 11558, 11663]",2026-03-29T07:50:56
17,Bangladesh,2015,https://national-football-teams.com/country/17/2015/Bangladesh.html,1.73m,24,15,"[12355, 13104, 13108, 13158, 13283, 13657, 13666, 13712, 14056, 14146, 14215, 14856, 14417, 14419, 14422]",2026-03-29T07:51:02
17,Bangladesh,2016,https://national-football-teams.com/country/17/2016/Bangladesh.html,1.71m,25.1,9,"[14799, 14604, 14606, 14870, 15424, 15530, 15787, 15820, 15912]",2026-03-29T07:51:05
17,Bangladesh,2017,https://national-football-teams.com/country/17/2017/Bangladesh.html,0m,0,0,[],2026-03-29T07:51:08
17,Bangladesh,2018,https://national-football-teams.com/country/17/2018/Bangladesh.html,1.73m,23.5,8,"[19555, 20522, 20531, 20546, 20605, 20755, 20759, 20762]",2026-03-29T07:51:14
17,Bangladesh,2019,https://national-football-teams.com/country/17/2019/Bangladesh.html,1.74m,22.6,9,"[22507, 23177, 23277, 23972, 24145, 24148, 24161, 24280, 24378]",2026-03-29T07:51:17
17,Bangladesh,2020,https://national-football-teams.com/country/17/2020/Bangladesh.html,1.74m,23.3,6,"[24943, 24947, 24950, 28953, 29028, 29266]",2026-03-29T07:51:22
17,Bangladesh,2021,https://national-football-teams.com/country/17/2021/Bangladesh.html,1.75m,23.6,14,"[30318, 32595, 30957, 31027, 31124, 31813, 31814, 32055, 32058, 32091, 32207, 32454, 32507, 32555]",2026-03-29T07:51:26
17,Bangladesh,2022,https://national-football-teams.com/country/17/2022/Bangladesh.html,1.73m,23.8,8,"[34140, 34223, 34657, 34780, 34843, 34908, 35289, 35411]",2026-03-29T07:51:29
17,Bangladesh,2023,https://national-football-teams.com/country/17/2023/Bangladesh.html,1.75m,23.6,13,"[36629, 36636, 36967, 37039, 37044, 37055, 37062, 37276, 37444, 37471, 37585, 37671, 37808]",2026-03-29T07:51:34
17,Bangladesh,2024,https://national-football-teams.com/country/17/2024/Bangladesh.html,1.74m,22.7,10,"[38582, 38583, 38612, 38763, 39037, 39157, 39345, 39434, 40104, 40245]",2026-03-29T07:51:37
17,Bangladesh,2025,https://national-football-teams.com/country/17/2025/Bangladesh.html,1.75m,24,8,"[41141, 41575, 41703, 42191, 42377, 42490, 42672, 42764]",2026-03-29T07:51:42
17,Bangladesh,2026,https://national-football-teams.com/country/17/2026/Bangladesh.html,1.75m,25,0,[],2026-03-29T07:51:45
24,Bhutan,1995,https://national-football-teams.com/country/24/1995/Bhutan.html,0m,0,0,[],2026-03-29T07:51:49
24,Bhutan,1996,https://national-football-teams.com/country/24/1996/Bhutan.html,0m,0,0,[],2026-03-29T07:51:53
24,Bhutan,1997,https://national-football-teams.com/country/24/1997/Bhutan.html,0m,0,0,[],2026-03-29T07:51:57
24,Bhutan,1998,https://national-football-teams.com/country/24/1998/Bhutan.html,0m,0,0,[],2026-03-29T07:52:00
24,Bhutan,1999,https://national-football-teams.com/country/24/1999/Bhutan.html,1.7m,29,3,"[24881, 24942, 24953]",2026-03-29T07:52:06
24,Bhutan,2000,https://national-football-teams.com/country/24/2000/Bhutan.html,1.75m,26.7,4,"[22444, 22950, 23119, 23421]",2026-03-29T07:52:11
24,Bhutan,2001,https://national-football-teams.com/country/24/2001/Bhutan.html,1.73m,28.5,1,[22083],2026-03-29T07:52:15
24,Bhutan,2002,https://national-football-teams.com/country/24/2002/Bhutan.html,1.72m,22.7,1,[20482],2026-03-29T07:52:20
24,Bhutan,2003,https://national-football-teams.com/country/24/2003/Bhutan.html,1.69m,22.2,11,"[1422, 19275, 19288, 19296, 1420, 1449, 1452, 1454, 1455, 1458, 1460]",2026-03-29T07:52:25
24,Bhutan,2004,https://national-football-teams.com/country/24/2004/Bhutan.html,0m,0,0,[],2026-03-29T07:52:28
24,Bhutan,2005,https://national-football-teams.com/country/24/2005/Bhutan.html,1.69m,23.2,3,"[17348, 17459, 17435]",2026-03-29T07:52:30
24,Bhutan,2006,https://national-football-teams.com/country/24/2006/Bhutan.html,1.68m,22.4,3,"[16973, 17003, 17010]",2026-03-29T07:52:35
24,Bhutan,2007,https://national-football-teams.com/country/24/2007/Bhutan.html,1.72m,26.5,2,"[39529, 39530]",2026-03-29T07:52:38
24,Bhutan,2008,https://national-football-teams.com/country/24/2008/Bhutan.html,1.7m,23.2,7,"[5458, 5639, 12699, 3270, 3273, 3274, 12211]",2026-03-29T07:52:43
24,Bhutan,2009,https://national-football-teams.com/country/24/2009/Bhutan.html,1.7m,20.5,7,"[4830, 12024, 3238, 3240, 3242, 11577, 11921]",2026-03-29T07:52:47
24,Bhutan,2010,https://national-football-teams.com/country/24/2010/Bhutan.html,0m,0,0,[],2026-03-29T07:52:50
24,Bhutan,2011,https://national-football-teams.com/country/24/2011/Bhutan.html,1.71m,20.1,7,"[10159, 10158, 10287, 10286, 10265, 9772, 10284]",2026-03-29T07:52:55
24,Bhutan,2012,https://national-football-teams.com/country/24/2012/Bhutan.html,1.72m,22,1,[7593],2026-03-29T07:52:58
24,Bhutan,2013,https://national-football-teams.com/country/24/2013/Bhutan.html,1.71m,22.3,3,"[8711, 8719, 8732]",2026-03-29T07:53:03
24,Bhutan,2014,https://national-football-teams.com/country/24/2014/Bhutan.html,0m,0,0,[],2026-03-29T07:53:07
24,Bhutan,2015,https://national-football-teams.com/country/24/2015/Bhutan.html,1.72m,21.3,13,"[12665, 12688, 13160, 13287, 13614, 13676, 13960, 14051, 14145, 14216, 14416, 14420, 14422]",2026-03-29T07:53:12
24,Bhutan,2016,https://national-football-teams.com/country/24/2016/Bhutan.html,1.73m,21,4,"[14948, 15691, 15820, 15912]",2026-03-29T07:53:16
24,Bhutan,2017,https://national-football-teams.com/country/24/2017/Bhutan.html,1.73m,22.3,5,"[17123, 17723, 18161, 18431, 18539]",2026-03-29T07:54:19
24,Bhutan,2018,https://national-football-teams.com/country/24/2018/Bhutan.html,1.74m,22.9,5,"[19747, 19759, 20531, 20545, 20604]",2026-03-29T07:54:25
24,Bhutan,2019,https://national-football-teams.com/country/24/2019/Bhutan.html,1.74m,23.3,4,"[23179, 23280, 24145, 24148]",2026-03-29T07:54:29
24,Bhutan,2020,https://national-football-teams.com/country/24/2020/Bhutan.html,0m,0,0,[],2026-03-29T07:54:33
24,Bhutan,2021,https://national-football-teams.com/country/24/2021/Bhutan.html,0m,0,0,[],2026-03-29T07:54:37
24,Bhutan,2022,https://national-football-teams.com/country/24/2022/Bhutan.html,0m,0,0,[],2026-03-29T07:54:42
24,Bhutan,2023,https://national-football-teams.com/country/24/2023/Bhutan.html,1.71m,23.7,8,"[36523, 36640, 37038, 37043, 37055, 37279, 37473, 37584]",2026-03-29T07:54:47
24,Bhutan,2024,https://national-football-teams.com/country/24/2024/Bhutan.html,1.72m,23.8,4,"[38653, 38690, 39345, 39434]",2026-03-29T07:54:51
24,Bhutan,2025,https://national-football-teams.com/country/24/2025/Bhutan.html,1.73m,22,7,"[42831, 41142, 41575, 41702, 42374, 42488, 42755]",2026-03-29T07:54:55
24,Bhutan,2026,https://national-football-teams.com/country/24/2026/Bhutan.html,1.73m,23,0,[],2026-03-29T07:54:59
30,Brunei,1995,https://national-football-teams.com/country/30/1995/Brunei.html,0m,30.5,4,"[27759, 27911, 27946, 27958]",2026-03-29T07:55:03
30,Brunei,1996,https://national-football-teams.com/country/30/1996/Brunei.html,0m,26.4,4,"[27014, 27245, 27095, 27075]",2026-03-29T07:55:09
30,Brunei,1997,https://national-football-teams.com/country/30/1997/Brunei.html,1.72m,27,4,"[26198, 26453, 26463, 26408]",2026-03-29T07:55:12
30,Brunei,1998,https://national-football-teams.com/country/30/1998/Brunei.html,0m,0,2,"[25548, 25591]",2026-03-29T07:55:17
30,Brunei,1999,https://national-football-teams.com/country/30/1999/Brunei.html,1.76m,25.4,4,"[24923, 24781, 24841, 24703]",2026-03-29T07:55:20
30,Brunei,2000,https://national-football-teams.com/country/30/2000/Brunei.html,1.76m,25.4,3,"[23395, 22218, 23054]",2026-03-29T07:55:23
30,Brunei,2001,https://national-football-teams.com/country/30/2001/Brunei.html,1.74m,24.9,6,"[22028, 21634, 22030, 21636, 22057, 22058]",2026-03-29T07:55:28
30,Brunei,2002,https://national-football-teams.com/country/30/2002/Brunei.html,0m,0,0,[],2026-03-29T07:55:31
30,Brunei,2003,https://national-football-teams.com/country/30/2003/Brunei.html,1.75m,22.9,2,"[1405, 1406]",2026-03-29T07:55:34
30,Brunei,2004,https://national-football-teams.com/country/30/2004/Brunei.html,0m,0,0,[],2026-03-29T07:55:38
30,Brunei,2005,https://national-football-teams.com/country/30/2005/Brunei.html,0m,0,0,[],2026-03-29T07:55:42
30,Brunei,2006,https://national-football-teams.com/country/30/2006/Brunei.html,1.73m,22.8,7,"[16989, 16993, 17009, 17011, 17002, 16974, 17010]",2026-03-29T07:55:47
30,Brunei,2007,https://national-football-teams.com/country/30/2007/Brunei.html,0m,0,0,[],2026-03-29T07:55:50
30,Brunei,2008,https://national-football-teams.com/country/30/2008/Brunei.html,1.71m,22.3,7,"[6719, 12475, 12739, 12763, 3271, 3273, 3275]",2026-03-29T07:55:55
30,Brunei,2009,https://national-football-teams.com/country/30/2009/Brunei.html,1.67m,23.6,3,"[3246, 3248, 3251]",2026-03-29T07:55:58
30,Brunei,2010,https://national-football-teams.com/country/30/2010/Brunei.html,0m,0,0,[],2026-03-29T07:56:01
30,Brunei,2011,https://national-football-teams.com/country/30/2011/Brunei.html,0m,0,0,[],2026-03-29T07:56:05
30,Brunei,2012,https://national-football-teams.com/country/30/2012/Brunei.html,1.69m,24.1,5,"[7658, 9549, 9550, 9584, 9600]",2026-03-29T07:56:08
30,Brunei,2013,https://national-football-teams.com/country/30/2013/Brunei.html,0m,0,0,[],2026-03-29T07:56:11
30,Brunei,2014,https://national-football-teams.com/country/30/2014/Brunei.html,1.71m,26.7,4,"[11489, 11491, 11494, 11501]",2026-03-29T07:56:17
30,Brunei,2015,https://national-football-teams.com/country/30/2015/Brunei.html,1.69m,25.3,4,"[13272, 12666, 12690, 14127]",2026-03-29T07:56:21
30,Brunei,2016,https://national-football-teams.com/country/30/2016/Brunei.html,1.69m,25.9,7,"[15952, 15955, 15956, 15959, 15974, 16027, 16079]",2026-03-29T07:56:26
30,Brunei,2017,https://national-football-teams.com/country/30/2017/Brunei.html,0m,0,0,[],2026-03-29T07:56:31
30,Brunei,2018,https://national-football-teams.com/country/30/2018/Brunei.html,1.68m,25.1,2,"[20811, 20812]",2026-03-29T07:56:36
30,Brunei,2019,https://national-football-teams.com/country/30/2019/Brunei.html,1.7m,24.9,2,"[23180, 23279]",2026-03-29T07:56:40
30,Brunei,2020,https://national-football-teams.com/country/30/2020/Brunei.html,0m,0,0,[],2026-03-29T07:56:43
30,Brunei,2021,https://national-football-teams.com/country/30/2021/Brunei.html,0m,0,0,[],2026-03-29T07:56:47
30,Brunei,2022,https://national-football-teams.com/country/30/2022/Brunei.html,1.67m,27,10,"[34189, 34641, 35281, 35393, 35512, 35514, 35892, 35897, 35901, 35905]",2026-03-29T07:56:50
30,Brunei,2023,https://national-football-teams.com/country/30/2023/Brunei.html,1.68m,27.5,3,"[37381, 37472, 37583]",2026-03-29T07:56:56
30,Brunei,2024,https://national-football-teams.com/country/30/2024/Brunei.html,1.69m,27.4,9,"[38735, 38657, 39084, 39139, 39385, 39495, 39545, 39682, 40071]",2026-03-29T07:57:01
30,Brunei,2025,https://national-football-teams.com/country/30/2025/Brunei.html,1.69m,26.7,6,"[41140, 41777, 41702, 42376, 42480, 42763]",2026-03-29T07:57:06
30,Brunei,2026,https://national-football-teams.com/country/30/2026/Brunei.html,1.69m,27.7,0,[],2026-03-29T07:57:10
34,Cambodia,1995,https://national-football-teams.com/country/34/1995/Cambodia.html,1.77m,24.9,4,"[27712, 27775, 27845, 27877]",2026-03-29T07:57:16
34,Cambodia,1996,https://national-football-teams.com/country/34/1996/Cambodia.html,1.77m,23.8,4,"[27121, 27205, 27229, 27168]",2026-03-29T07:57:20
34,Cambodia,1997,https://national-football-teams.com/country/34/1997/Cambodia.html,1.77m,25.2,11,"[26199, 26454, 26462, 26463, 26329, 26420, 26331, 26421, 26072, 26075, 26407]",2026-03-29T07:57:25
34,Cambodia,1998,https://national-football-teams.com/country/34/1998/Cambodia.html,1.8m,25.7,4,"[25096, 25435, 25480, 25588]",2026-03-29T07:57:30
34,Cambodia,1999,https://national-football-teams.com/country/34/1999/Cambodia.html,1.74m,25.4,8,"[24700, 24707, 24709, 24859, 24860, 24923, 24840, 24782]",2026-03-29T07:57:34
34,Cambodia,2000,https://national-football-teams.com/country/34/2000/Cambodia.html,1.73m,20.5,6,"[5059, 5060, 23056, 23074, 23044, 23398]",2026-03-29T07:57:37
34,Cambodia,2001,https://national-football-teams.com/country/34/2001/Cambodia.html,1.73m,20.7,7,"[7281, 22107, 22108, 21939, 21940, 21313, 21315]",2026-03-29T07:57:41
34,Cambodia,2002,https://national-football-teams.com/country/34/2002/Cambodia.html,1.74m,20.4,5,"[4888, 20347, 20335, 20422, 20475]",2026-03-29T07:57:45
34,Cambodia,2003,https://national-football-teams.com/country/34/2003/Cambodia.html,0m,0,0,[],2026-03-29T07:58:49
34,Cambodia,2004,https://national-football-teams.com/country/34/2004/Cambodia.html,1.73m,20.2,4,"[18557, 18659, 18595, 18638]",2026-03-29T07:58:53
34,Cambodia,2005,https://national-football-teams.com/country/34/2005/Cambodia.html,0m,0,1,[6720],2026-03-29T07:58:56
34,Cambodia,2006,https://national-football-teams.com/country/34/2006/Cambodia.html,1.72m,21.8,7,"[16988, 16992, 16993, 16994, 16965, 16990, 16991]",2026-03-29T07:59:02
34,Cambodia,2007,https://national-football-teams.com/country/34/2007/Cambodia.html,1.73m,20.9,7,"[13456, 13447, 13616, 13570, 13615, 2484, 2485]",2026-03-29T07:59:07
34,Cambodia,2008,https://national-football-teams.com/country/34/2008/Cambodia.html,1.75m,21.5,11,"[6716, 6717, 6719, 12473, 3280, 3281, 12414, 12675, 12434, 12408, 12674]",2026-03-29T07:59:12
34,Cambodia,2009,https://national-football-teams.com/country/34/2009/Cambodia.html,1.73m,22.3,3,"[3232, 3233, 3235]",2026-03-29T07:59:17
34,Cambodia,2010,https://national-football-teams.com/country/34/2010/Cambodia.html,1.74m,21.5,3,"[11077, 11076, 10980]",2026-03-29T07:59:20
34,Cambodia,2011,https://national-football-teams.com/country/34/2011/Cambodia.html,1.73m,21.6,7,"[10277, 10276, 10275, 10274, 10273, 3916, 3928]",2026-03-29T07:59:24
34,Cambodia,2012,https://national-football-teams.com/country/34/2012/Cambodia.html,1.72m,21.4,5,"[8929, 9552, 9551, 9550, 9547]",2026-03-29T07:59:28
34,Cambodia,2013,https://national-football-teams.com/country/34/2013/Cambodia.html,1.73m,22,3,"[4612, 4614, 9407]",2026-03-29T07:59:33
34,Cambodia,2014,https://national-football-teams.com/country/34/2014/Cambodia.html,1.73m,21.8,9,"[11785, 11279, 11339, 11357, 11490, 11493, 11498, 11501, 11787]",2026-03-29T07:59:37
34,Cambodia,2015,https://national-football-teams.com/country/34/2015/Cambodia.html,1.72m,22.1,14,"[13271, 13656, 12664, 12689, 13109, 13159, 13284, 13614, 13665, 13778, 14052, 14127, 14144, 14220]",2026-03-29T07:59:43
34,Cambodia,2016,https://national-football-teams.com/country/34/2016/Cambodia.html,1.72m,21.6,16,"[14473, 14878, 15386, 15421, 15531, 15686, 15729, 15859, 15898, 15953, 15955, 15957, 16042, 16088, 16094, 16099]",2026-03-29T07:59:47
34,Cambodia,2017,https://national-football-teams.com/country/34/2017/Cambodia.html,1.71m,22.3,10,"[16274, 17015, 17124, 17638, 17721, 18158, 18531, 18430, 18454, 18537]",2026-03-29T07:59:52
34,Cambodia,2018,https://national-football-teams.com/country/34/2018/Cambodia.html,1.72m,23.3,9,"[19429, 19727, 20642, 20813, 20910, 21047, 21104, 21297, 21301]",2026-03-29T07:59:57
34,Cambodia,2019,https://national-football-teams.com/country/34/2019/Cambodia.html,1.72m,21.6,9,"[22507, 23178, 23278, 23854, 23968, 24157, 24275, 24405, 24498]",2026-03-29T08:00:02
34,Cambodia,2020,https://national-football-teams.com/country/34/2020/Cambodia.html,0m,0,0,[],2026-03-29T08:00:07
34,Cambodia,2021,https://national-football-teams.com/country/34/2021/Cambodia.html,1.71m,22.2,9,"[30958, 31028, 31091, 32119, 32179, 32698, 32721, 32764, 32814]",2026-03-29T08:00:13
34,Cambodia,2022,https://national-football-teams.com/country/34/2022/Cambodia.html,1.7m,23.4,9,"[34939, 34781, 34844, 34902, 35289, 35881, 35891, 35898, 35905]",2026-03-29T08:00:17
34,Cambodia,2023,https://national-football-teams.com/country/34/2023/Cambodia.html,1.74m,24.3,7,"[35909, 36967, 37286, 37446, 37474, 37578, 37857]",2026-03-29T08:00:22
34,Cambodia,2024,https://national-football-teams.com/country/34/2024/Cambodia.html,1.74m,24.9,12,"[38649, 38723, 39062, 39134, 39347, 39496, 40228, 39680, 40248, 40287, 40325, 40375]",2026-03-29T08:00:25
34,Cambodia,2025,https://national-football-teams.com/country/34/2025/Cambodia.html,1.73m,24.5,4,"[41185, 41129, 41588, 42668]",2026-03-29T08:00:30
34,Cambodia,2026,https://national-football-teams.com/country/34/2026/Cambodia.html,1.73m,25.5,0,[],2026-03-29T08:00:34
42,China,1995,https://national-football-teams.com/country/42/1995/China.html,1.8m,22.8,3,"[27348, 27456, 27482]",2026-03-29T08:00:37
42,China,1996,https://national-football-teams.com/country/42/1996/China.html,1.8m,24.9,14,"[26844, 26845, 26846, 26742, 26711, 26843, 26712, 6365, 26826, 26827, 16518, 16520, 16521, 16526]",2026-03-29T08:00:43
42,China,1997,https://national-football-teams.com/country/42/1997/China.html,1.81m,25,26,"[6358, 6359, 25823, 25825, 25873, 25870, 25874, 25871, 25872, 25700, 25875, 25876, 25877, 25878, 25879, 25880, 25705, 25881, 25819, 25882, 25883, 25884, 25827, 25885, 25886, 25887]",2026-03-29T08:00:47
42,China,1998,https://national-football-teams.com/country/42/1998/China.html,1.82m,24,15,"[25092, 25093, 25095, 25096, 25097, 25098, 25099, 25100, 25087, 25088, 25089, 25090, 25094, 25020, 25022]",2026-03-29T08:00:52
42,China,1999,https://national-football-teams.com/country/42/1999/China.html,0m,0,0,[],2026-03-29T08:00:55
42,China,2000,https://national-football-teams.com/country/42/2000/China.html,1.83m,25.3,19,"[22415, 22416, 22417, 22419, 22412, 22220, 22413, 22418, 22414, 22294, 22420, 5297, 5419, 16431, 16454, 16456, 16465, 16469, 16470]",2026-03-29T08:00:59
42,China,2001,https://national-football-teams.com/country/42/2001/China.html,1.83m,25.2,23,"[21304, 21112, 21305, 21309, 21306, 21310, 21307, 21311, 21312, 21313, 21314, 21315, 21316, 21317, 21308, 21318, 21319, 21320, 21321, 21322, 21323, 21324, 21325]",2026-03-29T08:01:04
42,China,2002,https://national-football-teams.com/country/42/2002/China.html,1.83m,24,11,"[5732, 19938, 19940, 19815, 19937, 19905, 19909, 12531, 12532, 12535, 19939]",2026-03-29T08:01:09
42,China,2003,https://national-football-teams.com/country/42/2003/China.html,1.82m,24.4,8,"[18933, 18689, 18932, 18890, 18934, 18793, 18866, 18935]",2026-03-29T08:01:15
42,China,2004,https://national-football-teams.com/country/42/2004/China.html,1.82m,24.7,22,"[18222, 18223, 18216, 18217, 18218, 18219, 113, 117, 18220, 17993, 18221, 121, 18224, 16388, 16391, 16393, 16414, 16418, 16420, 122, 114, 118]",2026-03-29T08:01:18
42,China,2005,https://national-football-teams.com/country/42/2005/China.html,1.83m,24.1,9,"[17300, 17367, 17368, 17369, 17311, 17260, 17366, 17275, 8376]",2026-03-29T08:01:21
42,China,2006,https://national-football-teams.com/country/42/2006/China.html,1.82m,24.1,10,"[16922, 14369, 1585, 1588, 14496, 13905, 1590, 1592, 1593, 1595]",2026-03-29T08:01:25
42,China,2007,https://national-football-teams.com/country/42/2007/China.html,1.83m,25.5,10,"[13418, 12968, 13503, 13467, 12913, 1521, 1524, 1526, 2460, 2461]",2026-03-29T08:01:30
42,China,2008,https://national-football-teams.com/country/42/2008/China.html,1.83m,25.5,19,"[12455, 5907, 12454, 2495, 12361, 12316, 12453, 12388, 2496, 12352, 12452, 5368, 2499, 2500, 2502, 2504, 6176, 12451, 5371]",2026-03-29T08:01:35
42,China,2009,https://national-football-teams.com/country/42/2009/China.html,1.83m,24.3,15,"[11957, 3203, 3205, 11573, 11955, 11978, 6073, 11997, 11866, 11554, 11935, 11996, 3207, 3210, 6922]",2026-03-29T08:01:39
42,China,2010,https://national-football-teams.com/country/42/2010/China.html,1.82m,23.9,16,"[10857, 3213, 10530, 10745, 10856, 10855, 10043, 10854, 10853, 10852, 10851, 10850, 10849, 10848, 10847, 10846]",2026-03-29T08:01:42
42,China,2011,https://national-football-teams.com/country/42/2011/China.html,1.81m,24.5,18,"[10079, 10078, 10077, 10076, 10075, 10074, 10073, 10072, 10071, 3933, 3949, 9970, 3963, 3965, 7565, 3967, 3968, 3970]",2026-03-29T08:01:47
42,China,2012,https://national-football-teams.com/country/42/2012/China.html,1.82m,24.8,8,"[8901, 3972, 8900, 8899, 8898, 8897, 8369, 8896]",2026-03-29T08:01:51
42,China,2013,https://national-football-teams.com/country/42/2013/China.html,1.82m,25.6,14,"[7839, 4575, 4577, 8043, 8128, 8138, 8471, 8472, 8514, 8735, 8836, 8995, 9328, 9380]",2026-03-29T08:01:57
42,China,2014,https://national-football-teams.com/country/42/2014/China.html,1.82m,25.2,13,"[10005, 10717, 10719, 10721, 11157, 11208, 11482, 11445, 11709, 11751, 12083, 12084, 12089]",2026-03-29T08:02:02
42,China,2015,https://national-football-teams.com/country/42/2015/China.html,1.81m,25.9,16,"[12172, 12180, 12226, 12239, 12256, 12819, 12862, 13287, 13440, 13495, 13505, 13667, 13779, 13971, 14145, 14217]",2026-03-29T08:02:07
42,China,2016,https://national-football-teams.com/country/42/2016/China.html,1.82m,27.4,9,"[14868, 14940, 15431, 15461, 15716, 15764, 15828, 15914, 16049]",2026-03-29T08:02:13
42,China,2017,https://national-football-teams.com/country/42/2017/China.html,1.81m,26.6,13,"[16267, 16273, 17022, 17102, 17628, 17702, 18046, 18126, 18469, 18515, 18748, 18751, 18752]",2026-03-29T08:02:19
42,China,2018,https://national-football-teams.com/country/42/2018/China.html,1.81m,27.5,11,"[19463, 19552, 20158, 20189, 20551, 20646, 20844, 20911, 21275, 21678, 21710]",2026-03-29T08:02:24
42,China,2019,https://national-football-teams.com/country/42/2019/China.html,1.82m,27.2,17,"[21789, 21855, 21901, 21991, 22074, 22544, 22634, 23197, 23270, 23839, 23965, 24153, 24271, 24370, 24762, 24765, 24811]",2026-03-29T08:02:30
42,China,2020,https://national-football-teams.com/country/42/2020/China.html,0m,0,0,[],2026-03-29T08:02:35
42,China,2021,https://national-football-teams.com/country/42/2021/China.html,1.8m,28.9,10,"[30930, 31036, 31099, 31125, 31713, 31807, 32068, 32181, 32463, 32567]",2026-03-29T08:03:40
42,China,2022,https://national-football-teams.com/country/42/2022/China.html,1.8m,26.3,7,"[33189, 33236, 34108, 34211, 34968, 34970, 35030]",2026-03-29T08:03:46
42,China,2023,https://national-football-teams.com/country/42/2023/China.html,1.82m,27.9,11,"[36466, 36547, 36917, 37013, 37340, 37410, 37458, 37548, 37656, 37807, 37855]",2026-03-29T08:03:51
42,China,2024,https://national-football-teams.com/country/42/2024/China.html,1.81m,28.2,14,"[37859, 37981, 38087, 38149, 38609, 38762, 39036, 39147, 39355, 39504, 39560, 39691, 40060, 40197]",2026-03-29T08:03:56
42,China,2025,https://national-football-teams.com/country/42/2025/China.html,1.82m,26.2,8,"[40989, 41023, 41151, 41599, 41712, 41805, 41808, 41809]",2026-03-29T08:04:02
42,China,2026,https://national-football-teams.com/country/42/2026/China.html,1.82m,27.2,0,[],2026-03-29T08:04:06
76,Guam,1995,https://national-football-teams.com/country/76/1995/Guam.html,0m,0,3,"[27697, 27928, 27929]",2026-03-29T08:04:08
76,Guam,1996,https://national-football-teams.com/country/76/1996/Guam.html,0m,0,3,"[26823, 27120, 27233]",2026-03-29T08:04:13
76,Guam,1997,https://national-football-teams.com/country/76/1997/Guam.html,0m,0,0,[],2026-03-29T08:04:18
76,Guam,1998,https://national-football-teams.com/country/76/1998/Guam.html,0m,0,1,[39853],2026-03-29T08:04:23
76,Guam,1999,https://national-football-teams.com/country/76/1999/Guam.html,0m,0,3,"[24955, 24956, 24957]",2026-03-29T08:04:28
76,Guam,2000,https://national-football-teams.com/country/76/2000/Guam.html,0m,24.5,5,"[22416, 23071, 23422, 22355, 22917]",2026-03-29T08:04:32
76,Guam,2001,https://national-football-teams.com/country/76/2001/Guam.html,0m,0,0,[],2026-03-29T08:04:36
76,Guam,2002,https://national-football-teams.com/country/76/2002/Guam.html,0m,0,0,[],2026-03-29T08:04:40
76,Guam,2003,https://national-football-teams.com/country/76/2003/Guam.html,1.76m,23.1,6,"[1421, 19290, 19291, 19282, 19248, 1420]",2026-03-29T08:04:43
76,Guam,2004,https://national-football-teams.com/country/76/2004/Guam.html,0m,0,0,[],2026-03-29T08:04:46
76,Guam,2005,https://national-football-teams.com/country/76/2005/Guam.html,1.75m,20.4,4,"[17546, 17443, 17414, 17528]",2026-03-29T08:04:49
76,Guam,2006,https://national-football-teams.com/country/76/2006/Guam.html,1.78m,21.9,3,"[17024, 16966, 16991]",2026-03-29T08:04:53
76,Guam,2007,https://national-football-teams.com/country/76/2007/Guam.html,1.76m,18.4,5,"[14456, 14457, 13596, 13525, 14453]",2026-03-29T08:04:56
76,Guam,2008,https://national-football-teams.com/country/76/2008/Guam.html,1.77m,19.6,4,"[12898, 3264, 3267, 3268]",2026-03-29T08:05:01
76,Guam,2009,https://national-football-teams.com/country/76/2009/Guam.html,1.77m,20.4,6,"[12105, 12123, 12115, 12122, 12043, 11964]",2026-03-29T08:05:04
76,Guam,2010,https://national-football-teams.com/country/76/2010/Guam.html,1.84m,21.8,1,[7043],2026-03-29T08:05:08
76,Guam,2011,https://national-football-teams.com/country/76/2011/Guam.html,1.75m,21.2,5,"[10339, 10338, 10337, 10336, 10335]",2026-03-29T08:05:12
76,Guam,2012,https://national-football-teams.com/country/76/2012/Guam.html,1.77m,20.8,11,"[4827, 8930, 9636, 9609, 8926, 9412, 9608, 9208, 9635, 9410, 8527]",2026-03-29T08:05:17
76,Guam,2013,https://national-football-teams.com/country/76/2013/Guam.html,1.78m,22.4,5,"[4588, 4589, 4591, 9408, 9407]",2026-03-29T08:05:23
76,Guam,2014,https://national-football-teams.com/country/76/2014/Guam.html,1.79m,23.3,8,"[10218, 10278, 11164, 11166, 11168, 11797, 11798, 11800]",2026-03-29T08:05:26
76,Guam,2015,https://national-football-teams.com/country/76/2015/Guam.html,1.8m,24.3,9,"[12837, 12866, 13157, 13279, 13671, 13776, 14055, 14150, 14211]",2026-03-29T08:05:30
76,Guam,2016,https://national-football-teams.com/country/76/2016/Guam.html,1.8m,25.3,5,"[14803, 14875, 15969, 15981, 16028]",2026-03-29T08:05:35
76,Guam,2017,https://national-football-teams.com/country/76/2017/Guam.html,0m,0,0,[],2026-03-29T08:05:38
76,Guam,2018,https://national-football-teams.com/country/76/2018/Guam.html,1.79m,24.3,3,"[20529, 20532, 20544]",2026-03-29T08:05:43
76,Guam,2019,https://national-football-teams.com/country/76/2019/Guam.html,1.79m,25.7,8,"[23179, 23280, 23838, 23849, 23964, 24153, 24272, 24494]",2026-03-29T08:05:47
76,Guam,2020,https://national-football-teams.com/country/76/2020/Guam.html,0m,0,0,[],2026-03-29T08:05:51
76,Guam,2021,https://national-football-teams.com/country/76/2021/Guam.html,1.79m,24.8,5,"[30930, 31033, 31100, 32119, 32179]",2026-03-29T08:05:55
76,Guam,2022,https://national-football-teams.com/country/76/2022/Guam.html,1.76m,22.8,2,"[33617, 33715]",2026-03-29T08:06:00
76,Guam,2023,https://national-football-teams.com/country/76/2023/Guam.html,1.8m,25.2,2,"[37468, 37582]",2026-03-29T08:06:05
76,Guam,2024,https://national-football-teams.com/country/76/2024/Guam.html,1.78m,22.2,4,"[40312, 40324, 40377, 40401]",2026-03-29T08:06:09
76,Guam,2025,https://national-football-teams.com/country/76/2025/Guam.html,1.79m,22.7,0,[],2026-03-29T08:06:15
76,Guam,2026,https://national-football-teams.com/country/76/2026/Guam.html,1.77m,23.4,1,[44203],2026-03-29T08:06:19
83,Hong_Kong,1995,https://national-football-teams.com/country/83/1995/Hong_Kong.html,0m,0,0,[],2026-03-29T08:06:23
83,Hong_Kong,1996,https://national-football-teams.com/country/83/1996/Hong_Kong.html,1.75m,24.7,4,"[27176, 27177, 26846, 27418]",2026-03-29T08:06:27
83,Hong_Kong,1997,https://national-football-teams.com/country/83/1997/Hong_Kong.html,1.78m,27.9,4,"[25698, 26195, 26196, 25702]",2026-03-29T08:06:31
83,Hong_Kong,1998,https://national-football-teams.com/country/83/1998/Hong_Kong.html,1.77m,23.1,3,"[25511, 25411, 25396]",2026-03-29T08:06:36
83,Hong_Kong,1999,https://national-football-teams.com/country/83/1999/Hong_Kong.html,1.77m,25,5,"[24706, 24858, 24859, 24860, 24708]",2026-03-29T08:06:39
83,Hong_Kong,2000,https://national-football-teams.com/country/83/2000/Hong_Kong.html,1.78m,24.7,6,"[4724, 4857, 6309, 4722, 22418, 23113]",2026-03-29T08:06:43
83,Hong_Kong,2001,https://national-football-teams.com/country/83/2001/Hong_Kong.html,1.77m,24.4,7,"[21918, 22007, 21986, 21423, 22008, 21988, 21426]",2026-03-29T08:06:47
83,Hong_Kong,2002,https://national-football-teams.com/country/83/2002/Hong_Kong.html,0m,0,0,[],2026-03-29T08:06:52
83,Hong_Kong,2003,https://national-football-teams.com/country/83/2003/Hong_Kong.html,1.78m,25,16,"[19245, 19246, 19247, 19248, 1414, 1416, 19249, 1426, 1427, 1429, 1431, 1434, 1435, 18865, 18794, 18935]",2026-03-29T08:06:58
83,Hong_Kong,2004,https://national-football-teams.com/country/83/2004/Hong_Kong.html,1.79m,25.1,8,"[18611, 115, 117, 123, 124, 116, 118, 18610]",2026-03-29T08:07:03
83,Hong_Kong,2005,https://national-football-teams.com/country/83/2005/Hong_Kong.html,1.78m,23.7,6,"[17238, 17413, 17414, 17415, 17416, 17417]",2026-03-29T08:07:08
83,Hong_Kong,2006,https://national-football-teams.com/country/83/2006/Hong_Kong.html,1.79m,25.1,12,"[6302, 14490, 14483, 16955, 16910, 1598, 1599, 16956, 1602, 1604, 1606, 1608]",2026-03-29T08:07:12
83,Hong_Kong,2007,https://national-football-teams.com/country/83/2007/Hong_Kong.html,1.77m,26.7,9,"[13479, 13527, 13526, 13525, 13524, 2468, 2469, 2486, 2490]",2026-03-29T08:08:17
83,Hong_Kong,2008,https://national-football-teams.com/country/83/2008/Hong_Kong.html,1.79m,25.2,2,"[5043, 6315]",2026-03-29T08:08:22
83,Hong_Kong,2009,https://national-football-teams.com/country/83/2009/Hong_Kong.html,1.78m,23.9,9,"[11525, 3174, 3175, 15943, 11966, 11965, 11964, 3177, 3179]",2026-03-29T08:08:26
83,Hong_Kong,2010,https://national-football-teams.com/country/83/2010/Hong_Kong.html,1.78m,24.1,10,"[3181, 10746, 10529, 10856, 3184, 10445, 10967, 10966, 10965, 10964]",2026-03-29T08:08:30
83,Hong_Kong,2011,https://national-football-teams.com/country/83/2011/Hong_Kong.html,1.79m,26,7,"[9892, 9891, 3946, 3955, 9977, 10091, 10090]",2026-03-29T08:08:33
83,Hong_Kong,2012,https://national-football-teams.com/country/83/2012/Hong_Kong.html,1.77m,25.1,10,"[9210, 9093, 9209, 9092, 9067, 9064, 9208, 8525, 9207, 9206]",2026-03-29T08:08:37
83,Hong_Kong,2013,https://national-football-teams.com/country/83/2013/Hong_Kong.html,1.78m,27.3,8,"[8773, 4583, 4585, 8036, 8844, 8996, 9337, 9382]",2026-03-29T08:08:42
83,Hong_Kong,2014,https://national-football-teams.com/country/83/2014/Hong_Kong.html,1.79m,28.1,8,"[10009, 11270, 11276, 11486, 11446, 11796, 11799, 11800]",2026-03-29T08:08:46
83,Hong_Kong,2015,https://national-football-teams.com/country/83/2015/Hong_Kong.html,1.78m,26.6,12,"[13273, 12837, 13160, 13286, 13667, 13780, 14064, 14051, 14133, 14140, 14377, 14217]",2026-03-29T08:08:51
83,Hong_Kong,2016,https://national-football-teams.com/country/83/2016/Hong_Kong.html,1.79m,28.5,9,"[14877, 15559, 15563, 15729, 15859, 15917, 15969, 15982, 16029]",2026-03-29T08:08:54
83,Hong_Kong,2017,https://national-football-teams.com/country/83/2017/Hong_Kong.html,1.8m,29,10,"[17050, 17122, 17629, 17719, 18107, 18162, 18331, 18427, 18457, 18536]",2026-03-29T08:09:00
83,Hong_Kong,2018,https://national-football-teams.com/country/83/2018/Hong_Kong.html,1.79m,29.5,6,"[19725, 20777, 20908, 21173, 21174, 21199]",2026-03-29T08:09:04
83,Hong_Kong,2019,https://national-football-teams.com/country/83/2019/Hong_Kong.html,1.79m,27.7,9,"[23271, 23854, 23969, 24158, 24373, 24498, 24763, 24764, 24811]",2026-03-29T08:09:08
83,Hong_Kong,2020,https://national-football-teams.com/country/83/2020/Hong_Kong.html,0m,0,0,[],2026-03-29T08:09:13
83,Hong_Kong,2021,https://national-football-teams.com/country/83/2021/Hong_Kong.html,1.79m,28.2,3,"[30960, 31092, 31123]",2026-03-29T08:09:19
83,Hong_Kong,2022,https://national-football-teams.com/country/83/2022/Hong_Kong.html,1.79m,28.2,9,"[34659, 34779, 34844, 34904, 34967, 34969, 35030, 35280, 35337]",2026-03-29T08:09:22
83,Hong_Kong,2023,https://national-football-teams.com/country/83/2023/Hong_Kong.html,1.8m,27.7,10,"[36469, 36592, 36901, 36992, 37286, 37381, 37473, 37584, 37668, 37806]",2026-03-29T08:09:26
83,Hong_Kong,2024,https://national-football-teams.com/country/83/2024/Hong_Kong.html,1.79m,26.5,19,"[37948, 37859, 37861, 37987, 38133, 38158, 38620, 38749, 39035, 39144, 39348, 39433, 39586, 39680, 40024, 40165, 40246, 40311, 40324]",2026-03-29T08:09:30
83,Hong_Kong,2025,https://national-football-teams.com/country/83/2025/Hong_Kong.html,1.8m,28.3,13,"[41010, 41136, 41586, 41700, 41806, 41807, 41809, 42127, 42202, 42377, 42490, 42668, 42762]",2026-03-29T08:09:35
83,Hong_Kong,2026,https://national-football-teams.com/country/83/2026/Hong_Kong.html,1.8m,29.3,0,[],2026-03-29T08:09:40
86,India,1995,https://national-football-teams.com/country/86/1995/India.html,1.75m,23.1,8,"[27340, 27708, 27920, 27921, 27922, 27917, 27918, 27919]",2026-03-29T08:09:44
86,India,1996,https://national-football-teams.com/country/86/1996/India.html,1.74m,22.6,5,"[27166, 27072, 27217, 27218, 26891]",2026-03-29T08:09:48
86,India,1997,https://national-football-teams.com/country/86/1997/India.html,1.77m,23.4,6,"[26019, 26020, 26449, 26450, 26451, 26448]",2026-03-29T08:09:51
86,India,1998,https://national-football-teams.com/country/86/1998/India.html,1.77m,24.1,7,"[25307, 25353, 25570, 25206, 25207, 25125, 25210]",2026-03-29T08:09:55
86,India,1999,https://national-football-teams.com/country/86/1999/India.html,1.74m,22.8,13,"[24108, 24880, 24881, 24882, 24884, 24885, 24886, 24876, 24877, 24878, 24879, 24883, 23820]",2026-03-29T08:09:59
86,India,2000,https://national-football-teams.com/country/86/2000/India.html,1.77m,23.2,4,"[23330, 23331, 23329, 23332]",2026-03-29T08:10:04
86,India,2001,https://national-football-teams.com/country/86/2001/India.html,1.75m,23.8,8,"[22020, 21633, 22029, 21635, 22031, 22057, 22058, 21613]",2026-03-29T08:10:08
86,India,2002,https://national-football-teams.com/country/86/2002/India.html,1.76m,21.8,2,"[20064, 20065]",2026-03-29T08:10:11
86,India,2003,https://national-football-teams.com/country/86/2003/India.html,1.76m,23.5,8,"[19125, 19254, 19255, 19256, 19257, 19258, 1423, 1424]",2026-03-29T08:10:17
86,India,2004,https://national-football-teams.com/country/86/2004/India.html,1.75m,22.6,10,"[4707, 101, 105, 109, 18618, 18555, 110, 102, 5871, 106]",2026-03-29T08:10:20
86,India,2005,https://national-football-teams.com/country/86/2005/India.html,1.75m,22.4,10,"[17347, 17348, 17349, 17344, 17345, 17346, 17352, 17353, 17350, 17351]",2026-03-29T08:10:24
86,India,2006,https://national-football-teams.com/country/86/2006/India.html,1.75m,23.3,7,"[16910, 1543, 1545, 1547, 1549, 1551, 1554]",2026-03-29T08:10:29
86,India,2007,https://national-football-teams.com/country/86/2007/India.html,1.77m,24.6,7,"[13447, 13446, 13445, 13444, 13443, 2482, 2483]",2026-03-29T08:10:33
86,India,2008,https://national-football-teams.com/country/86/2008/India.html,1.78m,24.2,13,"[4864, 12215, 12214, 12213, 12212, 12211, 12210, 12209, 3283, 3284, 3286, 3294, 3297]",2026-03-29T08:10:39
86,India,2009,https://national-football-teams.com/country/86/2009/India.html,1.78m,25.6,6,"[11525, 11524, 11523, 11522, 11521, 11520]",2026-03-29T08:10:44
86,India,2010,https://national-football-teams.com/country/86/2010/India.html,1.78m,24.2,12,"[7261, 3258, 3261, 3262, 10448, 10447, 10446, 10445, 10444, 10443, 10442, 10441]",2026-03-29T08:10:48
86,India,2011,https://national-football-teams.com/country/86/2011/India.html,1.77m,25,20,"[9786, 9785, 9784, 9783, 9782, 9781, 9780, 9779, 3945, 3958, 9778, 9777, 9776, 9775, 9774, 9773, 9772, 7636, 9771, 9770]",2026-03-29T08:10:53
86,India,2012,https://national-football-teams.com/country/86/2012/India.html,1.77m,24.3,11,"[9111, 9110, 9109, 8936, 9108, 9107, 9106, 9105, 20686, 20687, 9090]",2026-03-29T08:10:59
86,India,2013,https://national-football-teams.com/country/86/2013/India.html,1.76m,25.1,12,"[7894, 4587, 4589, 4592, 8679, 8710, 8715, 8724, 8799, 8862, 9346, 9389]",2026-03-29T08:11:02
86,India,2014,https://national-football-teams.com/country/86/2014/India.html,1.77m,26.1,2,"[9998, 11349]",2026-03-29T08:11:07
86,India,2015,https://national-football-teams.com/country/86/2015/India.html,1.78m,24.7,12,"[12667, 12687, 13164, 13279, 13660, 13785, 13964, 14057, 14150, 14418, 14421, 14424]",2026-03-29T08:11:12
86,India,2016,https://national-football-teams.com/country/86/2016/India.html,1.78m,24,7,"[14426, 14873, 14941, 15422, 15532, 15691, 15782]",2026-03-29T08:11:17
86,India,2017,https://national-football-teams.com/country/86/2017/India.html,1.79m,24.7,9,"[17015, 17117, 17619, 17718, 18037, 18041, 18157, 18426, 18534]",2026-03-29T08:11:20
86,India,2018,https://national-football-teams.com/country/86/2018/India.html,1.8m,23.1,12,"[19724, 20204, 20229, 20253, 20270, 20536, 20631, 20926, 20927, 20844, 21223, 21709]",2026-03-29T08:11:25
86,India,2019,https://national-football-teams.com/country/86/2019/India.html,1.8m,24.3,13,"[21786, 21825, 21867, 23165, 23209, 23659, 23662, 23664, 23859, 23973, 24280, 24377, 24503]",2026-03-29T08:11:29
86,India,2020,https://national-football-teams.com/country/86/2020/India.html,0m,0,0,[],2026-03-29T08:11:33
86,India,2021,https://national-football-teams.com/country/86/2021/India.html,1.79m,25.3,12,"[30288, 30356, 30964, 31027, 31121, 31724, 31772, 32058, 32090, 32141, 32206, 32217]",2026-03-29T08:11:37
86,India,2022,https://national-football-teams.com/country/86/2022/India.html,1.78m,25.2,8,"[34103, 34165, 34643, 34781, 34845, 34904, 35336, 35371]",2026-03-29T08:11:42
86,India,2023,https://national-football-teams.com/country/86/2023/India.html,1.78m,25.8,16,"[36464, 36595, 36877, 36888, 36904, 37073, 37037, 37041, 37051, 37063, 37075, 37285, 37360, 37499, 37666, 37805]",2026-03-29T08:11:47
86,India,2024,https://national-football-teams.com/country/86/2024/India.html,1.78m,25.8,11,"[37980, 38107, 38156, 38623, 38761, 39034, 39149, 39334, 39449, 39622, 40134]",2026-03-29T08:11:50
86,India,2025,https://national-football-teams.com/country/86/2025/India.html,1.78m,25.9,12,"[42831, 41011, 41141, 41574, 41700, 42104, 42116, 42129, 42215, 42371, 42489, 42764]",2026-03-29T08:12:55
86,India,2026,https://national-football-teams.com/country/86/2026/India.html,1.78m,26.9,0,[],2026-03-29T08:13:01
87,Indonesia,1995,https://national-football-teams.com/country/87/1995/Indonesia.html,1.73m,21.5,4,"[27709, 27775, 27777, 27776]",2026-03-29T08:13:04
87,Indonesia,1996,https://national-football-teams.com/country/87/1996/Indonesia.html,1.74m,23.6,17,"[26674, 26706, 27005, 27076, 27124, 27125, 27169, 27071, 27166, 27167, 27168, 27163, 27164, 27165, 16506, 16508, 16509]",2026-03-29T08:13:07
87,Indonesia,1997,https://national-football-teams.com/country/87/1997/Indonesia.html,1.74m,23.9,19,"[5117, 5119, 5645, 7394, 26327, 26333, 26329, 26330, 26331, 26073, 26332, 26074, 26328, 26251, 26334, 26335, 26336, 26337, 26202]",2026-03-29T08:13:12
87,Indonesia,1998,https://national-football-teams.com/country/87/1998/Indonesia.html,1.73m,23.7,5,"[25456, 25457, 25392, 25458, 25394]",2026-03-29T08:13:16
87,Indonesia,1999,https://national-football-teams.com/country/87/1999/Indonesia.html,1.73m,23.2,11,"[24700, 24706, 24707, 24709, 24699, 24701, 24702, 24703, 24704, 24705, 24708]",2026-03-29T08:13:20
87,Indonesia,2000,https://national-football-teams.com/country/87/2000/Indonesia.html,1.72m,24.3,11,"[22973, 22974, 16453, 16454, 16457, 22975, 22976, 22702, 22977, 22978, 22705]",2026-03-29T08:13:25
87,Indonesia,2001,https://national-football-teams.com/country/87/2001/Indonesia.html,1.72m,23.8,6,"[21938, 21939, 21940, 21941, 21314, 21316]",2026-03-29T08:13:28
87,Indonesia,2002,https://national-football-teams.com/country/87/2002/Indonesia.html,1.73m,24.4,7,"[20333, 20334, 20335, 20336, 20337, 20338, 20089]",2026-03-29T08:13:32
87,Indonesia,2003,https://national-football-teams.com/country/87/2003/Indonesia.html,1.73m,25.4,7,"[19219, 1449, 1451, 1453, 1455, 1457, 1459]",2026-03-29T08:13:38
87,Indonesia,2004,https://national-football-teams.com/country/87/2004/Indonesia.html,1.73m,25.1,18,"[4707, 5385, 163, 18591, 167, 169, 16389, 16391, 16392, 18592, 170, 164, 168, 18593, 18594, 18558, 18595, 18596]",2026-03-29T08:13:42
87,Indonesia,2005,https://national-football-teams.com/country/87/2005/Indonesia.html,1.73m,24.5,4,"[17362, 17400, 17401, 17359]",2026-03-29T08:13:46
87,Indonesia,2006,https://national-football-teams.com/country/87/2006/Indonesia.html,1.73m,24.2,5,"[16915, 16918, 16919, 16920, 16983]",2026-03-29T08:13:50
87,Indonesia,2007,https://national-football-teams.com/country/87/2007/Indonesia.html,1.74m,24.7,13,"[13477, 13490, 13482, 13481, 13480, 13479, 13026, 13478, 1527, 1529, 1531, 2489, 2492]",2026-03-29T08:13:55
87,Indonesia,2008,https://national-football-teams.com/country/87/2008/Indonesia.html,1.74m,25.8,13,"[12410, 12411, 12416, 4645, 12415, 12414, 12413, 12412, 12409, 12408, 12398, 12383, 12382]",2026-03-29T08:14:00
87,Indonesia,2009,https://national-football-teams.com/country/87/2009/Indonesia.html,1.72m,26.7,5,"[3185, 3188, 6792, 3190, 3192]",2026-03-29T08:14:05
87,Indonesia,2010,https://national-football-teams.com/country/87/2010/Indonesia.html,1.73m,26.3,13,"[7278, 3193, 3195, 10784, 7211, 7282, 10507, 10783, 10782, 10781, 10780, 10502, 10501]",2026-03-29T08:14:10
87,Indonesia,2011,https://national-football-teams.com/country/87/2011/Indonesia.html,1.73m,26.7,10,"[3936, 3954, 9909, 9908, 4010, 4013, 9907, 4015, 4017, 4018]",2026-03-29T08:14:15
87,Indonesia,2012,https://national-football-teams.com/country/87/2012/Indonesia.html,1.74m,24.6,13,"[7658, 9616, 39299, 4021, 8890, 8889, 8888, 8887, 13084, 9310, 8886, 8885, 8878]",2026-03-29T08:14:20
87,Indonesia,2013,https://national-football-teams.com/country/87/2013/Indonesia.html,1.74m,26.2,9,"[7847, 4576, 4578, 8082, 8683, 8995, 9228, 9328, 9381]",2026-03-29T08:14:23
87,Indonesia,2014,https://national-football-teams.com/country/87/2014/Indonesia.html,1.73m,25.9,15,"[10006, 10215, 10216, 10534, 10718, 10720, 10819, 11205, 11278, 11339, 11677, 11731, 11820, 11884, 11912]",2026-03-29T08:14:27
87,Indonesia,2015,https://national-football-teams.com/country/87/2015/Indonesia.html,1.75m,28.2,2,"[12749, 12844]",2026-03-29T08:14:32
87,Indonesia,2016,https://national-football-teams.com/country/87/2016/Indonesia.html,1.74m,24.8,11,"[15783, 15897, 15962, 15972, 16086, 16091, 16097, 16150, 16151, 16154, 16155]",2026-03-29T08:14:37
87,Indonesia,2017,https://national-football-teams.com/country/87/2017/Indonesia.html,1.75m,23.2,6,"[17012, 17638, 17730, 18109, 18531, 18654]",2026-03-29T08:14:42
87,Indonesia,2018,https://national-football-teams.com/country/87/2018/Indonesia.html,1.74m,24.3,8,"[18975, 20656, 20763, 20908, 21049, 21106, 21224, 21302]",2026-03-29T08:14:46
87,Indonesia,2019,https://national-football-teams.com/country/87/2019/Indonesia.html,1.74m,27,8,"[22630, 23272, 23295, 23857, 23976, 24166, 24284, 24506]",2026-03-29T08:14:49
87,Indonesia,2020,https://national-football-teams.com/country/87/2020/Indonesia.html,0m,0,0,[],2026-03-29T08:14:54
87,Indonesia,2021,https://national-football-teams.com/country/87/2021/Indonesia.html,1.76m,22.8,16,"[30935, 30927, 30959, 31029, 31103, 32092, 32161, 32561, 32653, 32721, 32742, 32765, 32815, 32932, 32934, 32936]",2026-03-29T08:14:59
87,Indonesia,2022,https://national-football-teams.com/country/87/2022/Indonesia.html,1.76m,23.4,12,"[32937, 33199, 33216, 34657, 34783, 34846, 34905, 35335, 35382, 35898, 35901, 35906]",2026-03-29T08:15:02
87,Indonesia,2023,https://national-football-teams.com/country/87/2023/Indonesia.html,1.77m,24.5,12,"[35910, 35917, 35960, 36630, 36637, 36891, 36991, 37316, 37472, 37583, 37667, 37797]",2026-03-29T08:15:06
87,Indonesia,2024,https://national-football-teams.com/country/87/2024/Indonesia.html,1.78m,22.9,22,"[37860, 37864, 37942, 38021, 38132, 38163, 38239, 38619, 38748, 38840, 39033, 39162, 39352, 39503, 39559, 39691, 40085, 40195, 40252, 40309, 40318, 40381]",2026-03-29T08:15:11
87,Indonesia,2025,https://national-football-teams.com/country/87/2025/Indonesia.html,1.81m,25.3,8,"[41016, 41150, 41599, 41710, 42156, 42212, 42348, 42425]",2026-03-29T08:15:14
87,Indonesia,2026,https://national-football-teams.com/country/87/2026/Indonesia.html,1.81m,26.3,0,[],2026-03-29T08:15:20
88,Iran,1995,https://national-football-teams.com/country/88/1995/Iran.html,0m,0,0,[],2026-03-29T08:15:25
88,Iran,1996,https://national-football-teams.com/country/88/1996/Iran.html,1.79m,25.9,21,"[26633, 26634, 26635, 26636, 26637, 26638, 26639, 26640, 26642, 26643, 26645, 26641, 26644, 26646, 26647, 16512, 16514, 16515, 16525, 16528, 16529]",2026-03-29T08:15:31
88,Iran,1997,https://national-football-teams.com/country/88/1997/Iran.html,1.8m,25.2,22,"[6358, 25811, 25814, 25809, 25812, 25813, 25815, 25816, 25817, 25810, 25818, 25819, 25820, 25821, 25824, 25827, 25828, 25834, 25835, 25767, 25653, 25654]",2026-03-29T08:15:36
88,Iran,1998,https://national-football-teams.com/country/88/1998/Iran.html,1.8m,25.4,18,"[4757, 25017, 25018, 25019, 25010, 25014, 25011, 25012, 25013, 11614, 11617, 11619, 25015, 25016, 25020, 25021, 25022, 25023]",2026-03-29T08:15:42
88,Iran,1999,https://national-football-teams.com/country/88/1999/Iran.html,1.8m,25.3,6,"[23480, 23470, 23471, 23472, 23481, 23479]",2026-03-29T08:15:48
88,Iran,2000,https://national-football-teams.com/country/88/2000/Iran.html,1.8m,24.8,27,"[22341, 28079, 22324, 22331, 22336, 22332, 22337, 22338, 22339, 22340, 22342, 22349, 22350, 22351, 22352, 22353, 22296, 22333, 22334, 22335, 22354, 16426, 16427, 16429, 16464, 22355, 22356]",2026-03-29T08:15:51
88,Iran,2001,https://national-football-teams.com/country/88/2001/Iran.html,1.81m,24.4,20,"[21112, 21060, 21102, 21103, 21113, 21114, 21108, 21109, 21115, 21116, 21117, 21118, 21119, 21120, 21121, 21122, 21123, 21124, 21110, 21111]",2026-03-29T08:15:55
88,Iran,2002,https://national-football-teams.com/country/88/2002/Iran.html,1.81m,23.2,10,"[19848, 19849, 19843, 19850, 19851, 19844, 19845, 19846, 19847, 19852]",2026-03-29T08:15:59
88,Iran,2003,https://national-football-teams.com/country/88/2003/Iran.html,1.8m,23.9,12,"[40754, 18712, 18715, 18713, 1462, 1463, 18714, 1465, 1467, 1470, 1471, 18716]",2026-03-29T08:16:04
88,Iran,2004,https://national-football-teams.com/country/88/2004/Iran.html,1.8m,24.5,18,"[79, 81, 85, 17784, 17786, 17788, 17790, 16408, 16409, 16412, 16416, 16418, 16419, 86, 17770, 80, 82, 17791]",2026-03-29T08:16:10
88,Iran,2005,https://national-football-teams.com/country/88/2005/Iran.html,1.81m,24.8,11,"[17409, 187, 189, 195, 17410, 196, 188, 190, 17411, 17314, 17412]",2026-03-29T08:16:15
88,Iran,2006,https://national-football-teams.com/country/88/2006/Iran.html,1.81m,25.6,15,"[1555, 14344, 14481, 14508, 19, 22, 24, 16959, 1560, 1558, 1562, 16960, 16961, 1563, 1565]",2026-03-29T08:16:19
88,Iran,2007,https://national-football-teams.com/country/88/2007/Iran.html,1.81m,25.6,13,"[13523, 13338, 13522, 12974, 13521, 13520, 13519, 13518, 13024, 1522, 1524, 1525, 1535]",2026-03-29T08:16:25
88,Iran,2008,https://national-football-teams.com/country/88/2008/Iran.html,1.81m,26,21,"[12503, 12502, 2542, 12501, 2544, 12500, 2546, 2548, 2550, 2553, 12499, 12498, 12497, 12496, 12495, 2575, 2579, 12494, 2580, 12493, 12451]",2026-03-29T08:16:31
88,Iran,2009,https://national-football-teams.com/country/88/2009/Iran.html,1.81m,25.7,22,"[11958, 11957, 3215, 3217, 2583, 11813, 2585, 11956, 11955, 2588, 2590, 2592, 11936, 11954, 11953, 11952, 11951, 3219, 11950, 3222, 11949, 11948]",2026-03-29T08:16:36
88,Iran,2010,https://national-football-teams.com/country/88/2010/Iran.html,1.81m,26.6,12,"[10933, 3223, 3226, 10932, 10852, 10739, 10931, 10930, 10929, 10928, 10497, 10927]",2026-03-29T08:16:42
88,Iran,2011,https://national-football-teams.com/country/88/2011/Iran.html,1.81m,26.7,15,"[7517, 9960, 9959, 9958, 9957, 9846, 9798, 3943, 3961, 4010, 4012, 7572, 4014, 4016, 4018]",2026-03-29T08:17:46
88,Iran,2012,https://national-football-teams.com/country/88/2012/Iran.html,1.81m,26.1,16,"[9617, 9185, 4020, 9184, 9183, 4022, 4027, 8851, 9182, 4029, 4031, 9181, 4032, 9180, 9179, 9178]",2026-03-29T08:17:51
88,Iran,2013,https://national-football-teams.com/country/88/2013/Iran.html,1.81m,26.9,9,"[4571, 4574, 7951, 8028, 8123, 8173, 9026, 9324, 9385]",2026-03-29T08:17:57
88,Iran,2014,https://national-football-teams.com/country/88/2014/Iran.html,1.82m,27,10,"[9999, 10001, 10539, 10578, 10612, 10697, 9703, 9704, 9707, 11765]",2026-03-29T08:18:01
88,Iran,2015,https://national-football-teams.com/country/88/2015/Iran.html,1.83m,25.7,15,"[12170, 12184, 12231, 12243, 12259, 12761, 12823, 13177, 13291, 13671, 13785, 13968, 14098, 14143, 14211]",2026-03-29T08:18:04
88,Iran,2016,https://national-football-teams.com/country/88/2016/Iran.html,1.84m,25.9,10,"[16081, 14873, 14946, 15418, 15459, 15718, 15764, 15829, 15915, 16051]",2026-03-29T08:18:10
88,Iran,2017,https://national-football-teams.com/country/88/2017/Iran.html,1.83m,25.8,11,"[17211, 17029, 17102, 17613, 17701, 18047, 18127, 18333, 18446, 18461, 18506]",2026-03-29T08:18:16
88,Iran,2018,https://national-football-teams.com/country/88/2018/Iran.html,1.84m,25.9,15,"[19315, 19496, 19563, 20154, 20164, 20232, 15641, 15644, 15645, 20661, 20916, 21157, 21277, 21679, 21718]",2026-03-29T08:18:19
88,Iran,2019,https://national-football-teams.com/country/88/2019/Iran.html,1.83m,26.2,12,"[21791, 21857, 21903, 21992, 22074, 22119, 23182, 23268, 23969, 24157, 24276, 24374]",2026-03-29T08:18:25
88,Iran,2020,https://national-football-teams.com/country/88/2020/Iran.html,1.82m,26,2,"[28382, 28941]",2026-03-29T08:18:30
88,Iran,2021,https://national-football-teams.com/country/88/2021/Iran.html,1.81m,26.4,11,"[30386, 30960, 31026, 31091, 31126, 31710, 31805, 32064, 32185, 32461, 32566]",2026-03-29T08:18:34
88,Iran,2022,https://national-football-teams.com/country/88/2022/Iran.html,1.82m,27,12,"[35610, 33187, 33234, 34105, 34207, 34881, 35309, 35381, 35521, 35571, 35615, 35644]",2026-03-29T08:18:38
88,Iran,2023,https://national-football-teams.com/country/88/2023/Iran.html,1.83m,28.2,11,"[36467, 36594, 36890, 36919, 37017, 37287, 37406, 37500, 37570, 37668, 37794]",2026-03-29T08:18:41
88,Iran,2024,https://national-football-teams.com/country/88/2024/Iran.html,1.83m,27.5,18,"[37863, 37942, 37989, 38133, 38157, 38290, 38315, 38379, 38618, 38751, 39035, 39161, 39357, 39497, 39552, 39690, 40059, 40193]",2026-03-29T08:18:45
88,Iran,2025,https://national-football-teams.com/country/88/2025/Iran.html,1.83m,27.5,12,"[41021, 41149, 41594, 41711, 42105, 42116, 42128, 42214, 42396, 42476, 42670, 42746]",2026-03-29T08:18:50
88,Iran,2026,https://national-football-teams.com/country/88/2026/Iran.html,1.83m,28.5,0,[],2026-03-29T08:18:55
89,Iraq,1995,https://national-football-teams.com/country/89/1995/Iraq.html,1.84m,22.1,4,"[27340, 27341, 40232, 40231]",2026-03-29T08:19:00
89,Iraq,1996,https://national-football-teams.com/country/89/1996/Iraq.html,1.92m,24.9,7,"[26672, 26673, 26674, 16512, 16513, 16516, 16523]",2026-03-29T08:19:04
89,Iraq,1997,https://national-football-teams.com/country/89/1997/Iraq.html,1.81m,25.9,8,"[26018, 26019, 26020, 26021, 26022, 26023, 26024, 26025]",2026-03-29T08:19:08
89,Iraq,1998,https://national-football-teams.com/country/89/1998/Iraq.html,1.82m,24.1,1,[7721],2026-03-29T08:19:11
89,Iraq,1999,https://national-football-teams.com/country/89/1999/Iraq.html,1.78m,25.3,15,"[23788, 23791, 23792, 23793, 23796, 23797, 23798, 23800, 23801, 38817, 23794, 23795, 23789, 23799, 23790]",2026-03-29T08:19:17
89,Iraq,2000,https://national-football-teams.com/country/89/2000/Iraq.html,1.79m,25.3,11,"[22470, 22471, 22472, 22473, 22474, 22475, 22420, 16425, 16428, 16429, 16466]",2026-03-29T08:19:22
89,Iraq,2001,https://national-football-teams.com/country/89/2001/Iraq.html,1.77m,24.6,18,"[21498, 21499, 21500, 21501, 21502, 21503, 21504, 21505, 21506, 21507, 21508, 21381, 21117, 21430, 21509, 21510, 21385, 21121]",2026-03-29T08:19:27
89,Iraq,2002,https://national-football-teams.com/country/89/2002/Iraq.html,1.79m,22.9,10,"[19913, 19914, 19915, 19916, 19917, 19918, 19846, 19919, 19920, 19921]",2026-03-29T08:19:32
89,Iraq,2003,https://national-football-teams.com/country/89/2003/Iraq.html,1.78m,23.8,13,"[18715, 18876, 18958, 1485, 1488, 1489, 1492, 1494, 1495, 18959, 18957, 18870, 18960]",2026-03-29T08:19:36
89,Iraq,2004,https://national-football-teams.com/country/89/2004/Iraq.html,1.78m,23.5,21,"[17782, 17857, 90, 96, 18230, 99, 17783, 17788, 17789, 16401, 16402, 16404, 16414, 100, 18254, 91, 97, 18255, 18256, 18248, 18241]",2026-03-29T08:19:42
89,Iraq,2005,https://national-football-teams.com/country/89/2005/Iraq.html,1.8m,22.4,10,"[17358, 17442, 17448, 17446, 17449, 17450, 17451, 17432, 17433, 17452]",2026-03-29T08:19:46
89,Iraq,2006,https://national-football-teams.com/country/89/2006/Iraq.html,1.8m,23.3,14,"[16999, 16921, 1586, 1588, 16963, 17000, 16981, 17001, 16982, 1589, 1591, 16960, 1594, 1595]",2026-03-29T08:19:51
89,Iraq,2007,https://national-football-teams.com/country/89/2007/Iraq.html,1.78m,23.2,20,"[13587, 13608, 13564, 13581, 13580, 13521, 13607, 13606, 13518, 12953, 13605, 1509, 1512, 1513, 1533, 1537, 1540, 13583, 2452, 2453]",2026-03-29T08:19:55
89,Iraq,2008,https://national-football-teams.com/country/89/2008/Iraq.html,1.78m,23.4,12,"[12694, 12511, 2495, 12680, 2497, 12693, 12387, 2498, 2501, 2502, 2505, 12509]",2026-03-29T08:20:00
89,Iraq,2009,https://national-football-teams.com/country/89/2009/Iraq.html,1.78m,23.6,14,"[5030, 12062, 12058, 12064, 12035, 11851, 12011, 11762, 11537, 11845, 12003, 12063, 12061, 11874]",2026-03-29T08:20:05
89,Iraq,2010,https://national-football-teams.com/country/89/2010/Iraq.html,1.79m,23.3,15,"[7175, 11104, 11103, 11102, 10929, 7209, 10442, 7269, 10953, 11101, 11100, 11083, 11099, 11098, 11009]",2026-03-29T08:20:09
89,Iraq,2011,https://national-football-teams.com/country/89/2011/Iraq.html,1.78m,23.7,21,"[10236, 10281, 10079, 9959, 10108, 10282, 9870, 10280, 10234, 10220, 3939, 3960, 7558, 3962, 3964, 3967, 38422, 3968, 3971, 10279, 10205]",2026-03-29T08:20:13
89,Iraq,2012,https://national-football-teams.com/country/89/2012/Iraq.html,1.79m,23.6,23,"[7646, 9287, 3973, 8539, 9212, 4037, 4041, 9284, 36393, 9497, 8490, 9252, 4042, 8371, 4045, 9439, 4047, 9509, 9508, 9507, 9506, 9505, 8849]",2026-03-29T08:20:17
89,Iraq,2013,https://national-football-teams.com/country/89/2013/Iraq.html,1.79m,22.5,22,"[8982, 7904, 7932, 7954, 7947, 7908, 40903, 4576, 4577, 7953, 7987, 8026, 8113, 8172, 8647, 8983, 9043, 9403, 9339, 9381, 9519, 9522]",2026-03-29T08:20:22
89,Iraq,2014,https://national-football-teams.com/country/89/2014/Iraq.html,1.79m,22.4,11,"[9917, 10005, 11148, 11484, 11495, 11711, 11747, 11804, 12091, 12092, 12165]",2026-03-29T08:20:26
89,Iraq,2015,https://national-football-teams.com/country/89/2015/Iraq.html,1.8m,23.2,16,"[12170, 12187, 12233, 12250, 12259, 12272, 12323, 12838, 12863, 13156, 13650, 13668, 13781, 13953, 13962, 14214]",2026-03-29T08:20:31
89,Iraq,2016,https://national-football-teams.com/country/89/2016/Iraq.html,1.8m,24.6,13,"[14800, 14872, 14945, 15687, 15689, 15692, 15694, 15714, 15763, 15826, 15913, 15965, 16052]",2026-03-29T08:20:37
89,Iraq,2017,https://national-football-teams.com/country/89/2017/Iraq.html,1.79m,23.1,15,"[17211, 17026, 17104, 17595, 17633, 17705, 18044, 18049, 18125, 18334, 18507, 18862, 18768, 18783, 18786]",2026-03-29T08:20:43
89,Iraq,2018,https://national-football-teams.com/country/89/2018/Iraq.html,1.78m,24.4,12,"[18789, 19284, 19432, 19564, 20150, 20443, 20644, 20782, 20870, 21279, 21678, 21712]",2026-03-29T08:20:48
89,Iraq,2019,https://national-football-teams.com/country/89/2019/Iraq.html,1.77m,23.8,22,"[21795, 21858, 21903, 22026, 22523, 22647, 23203, 23715, 23717, 24017, 24021, 24023, 23862, 23961, 24158, 24275, 24374, 24499, 24551, 24555, 24560, 24673]",2026-03-29T08:20:54
89,Iraq,2020,https://national-football-teams.com/country/89/2020/Iraq.html,1.8m,23.1,2,"[28938, 29030]",2026-03-29T08:20:57
89,Iraq,2021,https://national-football-teams.com/country/89/2021/Iraq.html,1.79m,24.6,17,"[29377, 29614, 30357, 30896, 30929, 31028, 31092, 31126, 31709, 31805, 32067, 32180, 32462, 32563, 32645, 32687, 32701]",2026-03-29T08:21:03
89,Iraq,2022,https://national-football-teams.com/country/89/2022/Iraq.html,1.8m,24.9,11,"[37190, 33143, 33187, 33232, 34076, 34109, 34210, 35308, 35518, 35524, 35916]",2026-03-29T08:21:09
89,Iraq,2023,https://national-football-teams.com/country/89/2023/Iraq.html,1.79m,25.1,13,"[35919, 35962, 35968, 36030, 36031, 36546, 36916, 37285, 37359, 37502, 37567, 37667, 37793]",2026-03-29T08:21:12
89,Iraq,2024,https://national-football-teams.com/country/89/2024/Iraq.html,1.81m,25.6,18,"[37869, 38021, 38131, 38164, 38273, 38617, 38755, 39033, 39160, 39356, 39501, 39558, 39684, 40058, 40192, 40402, 40407, 40413]",2026-03-29T08:21:15
89,Iraq,2025,https://national-football-teams.com/country/89/2025/Iraq.html,1.81m,25.9,14,"[41026, 41145, 41598, 41709, 42127, 42201, 42425, 42492, 42675, 42765, 42798, 42813, 42821, 42842]",2026-03-29T08:21:19
89,Iraq,2026,https://national-football-teams.com/country/89/2026/Iraq.html,1.81m,26.9,0,[],2026-03-29T08:21:23
94,Japan,1995,https://national-football-teams.com/country/94/1995/Japan.html,1.77m,25.6,16,"[27282, 27388, 27381, 27457, 27482, 27458, 27476, 27477, 27478, 27254, 27479, 27480, 27259, 27481, 27483, 27484]",2026-03-29T08:21:27
94,Japan,1996,https://national-football-teams.com/country/94/1996/Japan.html,1.78m,24.7,13,"[26530, 26531, 26582, 26583, 26584, 26585, 26586, 26589, 26587, 16517, 16519, 16521, 16524]",2026-03-29T08:21:32
94,Japan,1997,https://national-football-teams.com/country/94/1997/Japan.html,1.77m,24.8,22,"[25753, 25750, 25754, 25755, 25756, 25757, 25701, 25751, 25752, 25758, 25759, 25760, 25624, 25761, 25762, 25708, 25763, 25764, 25765, 25712, 25766, 25767]",2026-03-29T08:22:36
94,Japan,1998,https://national-football-teams.com/country/94/1998/Japan.html,1.77m,22.8,17,"[24985, 25122, 25088, 25123, 25079, 25120, 25036, 25121, 12588, 12590, 12593, 25047, 25124, 25125, 25126, 25127, 25128]",2026-03-29T08:22:42
94,Japan,1999,https://national-football-teams.com/country/94/1999/Japan.html,1.77m,25.1,7,"[23434, 23752, 23753, 22163, 22165, 22168, 23481]",2026-03-29T08:22:46
94,Japan,2000,https://national-football-teams.com/country/94/2000/Japan.html,1.78m,24.1,18,"[22213, 22217, 22218, 22219, 22220, 22221, 22180, 22214, 22215, 22216, 22222, 16458, 16460, 16463, 16466, 16469, 16471, 22223]",2026-03-29T08:22:51
94,Japan,2001,https://national-football-teams.com/country/94/2001/Japan.html,1.78m,24.2,13,"[20940, 20951, 20952, 20953, 20954, 20955, 20933, 20956, 20957, 20958, 20959, 20960, 20961]",2026-03-29T08:22:57
94,Japan,2002,https://national-football-teams.com/country/94/2002/Japan.html,1.79m,25,13,"[19773, 19774, 19775, 19776, 19777, 19778, 19779, 12560, 12562, 12564, 12572, 19780, 19781]",2026-03-29T08:23:00
94,Japan,2003,https://national-football-teams.com/country/94/2003/Japan.html,1.78m,25.4,16,"[18769, 18791, 18792, 18761, 18770, 18771, 18772, 18773, 18774, 18717, 18775, 18776, 18790, 18793, 18794, 18795]",2026-03-29T08:23:06
94,Japan,2004,https://national-football-teams.com/country/94/2004/Japan.html,1.78m,25.8,22,"[17856, 17857, 103, 107, 17858, 17859, 17860, 17861, 109, 17862, 8382, 16407, 16410, 16412, 16415, 16417, 16420, 17863, 110, 104, 108, 17772]",2026-03-29T08:23:11
94,Japan,2005,https://national-football-teams.com/country/94/2005/Japan.html,1.78m,26,20,"[17262, 17257, 185, 189, 193, 17263, 17258, 194, 186, 17264, 17265, 17242, 17259, 17260, 17261, 190, 17271, 17272, 17273, 17274]",2026-03-29T08:23:16
94,Japan,2006,https://national-football-teams.com/country/94/2006/Japan.html,1.77m,25.3,19,"[13860, 13886, 1543, 13885, 13884, 13883, 13882, 13881, 13880, 32, 34, 35, 13879, 1548, 1546, 1550, 13878, 1551, 1553]",2026-03-29T08:23:21
94,Japan,2007,https://national-football-teams.com/country/94/2007/Japan.html,1.77m,25.6,13,"[12929, 12928, 12927, 1516, 1518, 1520, 1534, 1538, 1539, 12926, 12925, 12924, 12923]",2026-03-29T08:23:25
94,Japan,2008,https://national-football-teams.com/country/94/2008/Japan.html,1.78m,25.7,19,"[12319, 12318, 2507, 12317, 12316, 12315, 2509, 12314, 12313, 2511, 2513, 2515, 2517, 12312, 2555, 12311, 2559, 12310, 2561]",2026-03-29T08:23:29
94,Japan,2009,https://national-football-teams.com/country/94/2009/Japan.html,1.78m,25.7,17,"[3173, 3176, 11662, 2562, 2564, 11661, 11660, 2568, 2570, 2573, 11659, 11658, 3177, 11657, 11656, 11527, 3179]",2026-03-29T08:23:33
94,Japan,2010,https://national-football-teams.com/country/94/2010/Japan.html,1.78m,25.3,18,"[3180, 10531, 10530, 10529, 10528, 3183, 8296, 10526, 10385, 10525, 2214, 2215, 2217, 2242, 10524, 10523, 10515, 10522]",2026-03-29T08:23:38
94,Japan,2011,https://national-football-teams.com/country/94/2011/Japan.html,1.78m,25.3,15,"[9809, 9808, 9807, 9806, 9805, 9804, 9803, 9802, 9801, 3987, 3988, 9800, 3990, 3992, 3994]",2026-03-29T08:23:43
94,Japan,2012,https://national-football-teams.com/country/94/2012/Japan.html,1.79m,25.7,12,"[8307, 3997, 8308, 4036, 4038, 4040, 8309, 8310, 4042, 8311, 8312, 4046]",2026-03-29T08:23:48
94,Japan,2013,https://national-football-teams.com/country/94/2013/Japan.html,1.79m,25.6,19,"[7835, 7834, 4048, 7996, 8027, 8113, 8152, 8211, 8214, 8471, 8501, 8512, 8562, 8733, 8817, 8966, 9019, 9350, 9378]",2026-03-29T08:23:53
94,Japan,2014,https://national-football-teams.com/country/94/2014/Japan.html,1.78m,25.8,13,"[9993, 10586, 10654, 10679, 9685, 9687, 9688, 11159, 11206, 11412, 11443, 11704, 11750]",2026-03-29T08:23:59
94,Japan,2015,https://national-football-teams.com/country/94/2015/Japan.html,1.78m,26.2,17,"[12186, 12233, 12249, 12260, 12784, 12851, 13156, 13282, 13439, 13494, 13505, 13665, 13784, 13965, 14098, 14142, 14220]",2026-03-29T08:24:03
94,Japan,2016,https://national-football-teams.com/country/94/2016/Japan.html,1.79m,26.3,10,"[14866, 14937, 15527, 15529, 15715, 15766, 15826, 15911, 15991, 16047]",2026-03-29T08:24:07
94,Japan,2017,https://national-football-teams.com/country/94/2017/Japan.html,1.78m,26.2,13,"[17028, 17100, 17627, 17705, 18050, 18129, 18350, 18443, 18470, 18526, 18749, 18751, 18753]",2026-03-29T08:24:10
94,Japan,2018,https://national-football-teams.com/country/94/2018/Japan.html,1.78m,26.2,14,"[19476, 19556, 20176, 20234, 20274, 20304, 20306, 20308, 20390, 20657, 20809, 20906, 21190, 21274]",2026-03-29T08:24:14
94,Japan,2019,https://national-football-teams.com/country/94/2019/Japan.html,1.78m,24.6,23,"[21822, 21861, 21935, 22022, 22073, 22119, 22159, 22564, 22644, 23166, 23232, 23300, 23324, 23377, 23885, 23975, 24163, 24283, 24380, 24537, 24762, 24764, 24812]",2026-03-29T08:24:17
94,Japan,2020,https://national-football-teams.com/country/94/2020/Japan.html,1.79m,25.5,4,"[28390, 28462, 28954, 29032]",2026-03-29T08:24:20
94,Japan,2021,https://national-football-teams.com/country/94/2021/Japan.html,1.79m,26.8,12,"[30285, 30369, 30923, 31030, 31107, 31127, 31712, 31807, 32066, 32184, 32459, 32564]",2026-03-29T08:24:25
94,Japan,2022,https://national-football-teams.com/country/94/2022/Japan.html,1.79m,26.2,18,"[33189, 33235, 34104, 34208, 34676, 34755, 34835, 34927, 34967, 34970, 35031, 35307, 35389, 35561, 35589, 35629, 35662, 35772]",2026-03-29T08:24:29
94,Japan,2023,https://national-football-teams.com/country/94/2023/Japan.html,1.8m,25.1,10,"[36493, 36593, 36903, 37010, 37339, 37404, 37501, 37568, 37669, 37804]",2026-03-29T08:24:35
94,Japan,2024,https://national-football-teams.com/country/94/2024/Japan.html,1.79m,25.5,17,"[37858, 37941, 37985, 38131, 38163, 38289, 38315, 38616, 38756, 39029, 39159, 39355, 39505, 39554, 39689, 40085, 40197]",2026-03-29T08:24:40
94,Japan,2025,https://national-football-teams.com/country/94/2025/Japan.html,1.79m,25.3,13,"[41017, 41148, 41601, 41710, 41806, 41808, 41810, 42192, 42236, 42397, 42475, 42698, 42745]",2026-03-29T08:24:44
94,Japan,2026,https://national-football-teams.com/country/94/2026/Japan.html,1.79m,26.3,0,[],2026-03-29T08:24:48
95,Jordan,1995,https://national-football-teams.com/country/95/1995/Jordan.html,0m,0,0,[],2026-03-29T08:24:53
95,Jordan,1996,https://national-football-teams.com/country/95/1996/Jordan.html,1.75m,24.5,2,"[26673, 27059]",2026-03-29T08:24:58
95,Jordan,1997,https://national-football-teams.com/country/95/1997/Jordan.html,1.76m,25.1,17,"[26018, 26219, 26222, 26262, 26264, 26265, 26268, 26269, 26270, 26357, 26263, 26051, 26266, 26267, 26054, 26271, 26216]",2026-03-29T08:25:01
95,Jordan,1998,https://national-football-teams.com/country/95/1998/Jordan.html,1.76m,24.4,5,"[25316, 25380, 25381, 25379, 25244]",2026-03-29T08:25:07
95,Jordan,1999,https://national-football-teams.com/country/95/1999/Jordan.html,1.75m,25.2,13,"[23791, 23797, 24580, 24581, 24583, 24584, 38817, 5299, 5300, 24582, 24585, 24586, 23799]",2026-03-29T08:25:12
95,Jordan,2000,https://national-football-teams.com/country/95/2000/Jordan.html,1.75m,24.1,22,"[5416, 5652, 5925, 6434, 6443, 22788, 22789, 22890, 22891, 22893, 22887, 22888, 22885, 22886, 22862, 22728, 22892, 22471, 22352, 22474, 5418, 5419]",2026-03-29T08:25:15
95,Jordan,2001,https://national-football-teams.com/country/95/2001/Jordan.html,1.75m,26,13,"[5405, 5406, 5994, 27136, 21918, 5407, 21917, 21850, 21919, 21609, 21920, 21852, 21612]",2026-03-29T08:25:21
95,Jordan,2002,https://national-football-teams.com/country/95/2002/Jordan.html,1.77m,23.3,19,"[5402, 5730, 19989, 19994, 19995, 19996, 5396, 5397, 19844, 19987, 19988, 19919, 5399, 19939, 19990, 19991, 19997, 19992, 19993]",2026-03-29T08:25:25
95,Jordan,2003,https://national-football-teams.com/country/95/2003/Jordan.html,1.76m,24.7,9,"[5394, 6205, 18958, 1462, 1463, 1464, 1468, 1469, 1472]",2026-03-29T08:25:31
95,Jordan,2004,https://national-football-teams.com/country/95/2004/Jordan.html,1.75m,25.4,28,"[5145, 5147, 5317, 5711, 5712, 6045, 6046, 17781, 17968, 18238, 5385, 77, 83, 38820, 18274, 17994, 85, 17783, 17789, 16394, 16396, 16398, 16415, 5392, 86, 78, 17980, 84]",2026-03-29T08:25:36
95,Jordan,2005,https://national-football-teams.com/country/95/2005/Jordan.html,1.78m,24,5,"[17326, 17441, 17442, 5388, 17434]",2026-03-29T08:25:40
95,Jordan,2006,https://national-football-teams.com/country/95/2006/Jordan.html,1.77m,25.9,17,"[5123, 5705, 16980, 14293, 5856, 5382, 1567, 1570, 16981, 5384, 16982, 1572, 1574, 16961, 1575, 5258, 1577]",2026-03-29T08:25:46
95,Jordan,2007,https://national-football-teams.com/country/95/2007/Jordan.html,1.78m,24.5,9,"[13581, 13580, 13579, 13575, 13519, 13578, 2462, 2463, 6188]",2026-03-29T08:25:50
95,Jordan,2008,https://national-football-teams.com/country/95/2008/Jordan.html,1.77m,24.9,20,"[5369, 5964, 12694, 5365, 5366, 2518, 12711, 2521, 5368, 2522, 2525, 2526, 2529, 12710, 5373, 5374, 12496, 12359, 6174, 5371]",2026-03-29T08:25:54
95,Jordan,2009,https://national-football-teams.com/country/95/2009/Jordan.html,1.78m,25.2,12,"[5442, 12052, 3216, 3218, 38818, 11552, 12002, 12033, 11876, 3219, 3222, 6922]",2026-03-29T08:25:58
95,Jordan,2010,https://national-football-teams.com/country/95/2010/Jordan.html,1.79m,25.8,9,"[3224, 11121, 3225, 11104, 11120, 11119, 11086, 11118, 7196]",2026-03-29T08:26:01
95,Jordan,2011,https://national-football-teams.com/country/95/2011/Jordan.html,1.78m,24.9,26,"[7320, 7452, 10225, 9809, 10123, 10224, 10223, 10222, 10221, 10122, 10220, 3938, 3948, 9893, 9908, 3962, 3965, 7582, 3966, 3969, 3971, 10242, 10241, 10238, 10240, 10239]",2026-03-29T08:26:05
95,Jordan,2012,https://national-football-teams.com/country/95/2012/Jordan.html,1.79m,25.2,16,"[9185, 3972, 9286, 9564, 4037, 4038, 9563, 9562, 9182, 4043, 9441, 4044, 9561, 4047, 9508, 9560]",2026-03-29T08:26:10
95,Jordan,2013,https://national-football-teams.com/country/95/2013/Jordan.html,1.78m,25.3,19,"[8560, 7847, 4570, 7942, 4048, 7986, 8114, 8175, 8559, 8685, 8772, 8834, 8986, 9041, 9227, 9288, 9313, 9397, 9514]",2026-03-29T08:26:14
95,Jordan,2014,https://national-football-teams.com/country/95/2014/Jordan.html,1.78m,25.8,15,"[9523, 9525, 9595, 9736, 9740, 10003, 10678, 11238, 11208, 11483, 11497, 11705, 11782, 12090, 12167]",2026-03-29T08:26:19
95,Jordan,2015,https://national-football-teams.com/country/95/2015/Jordan.html,1.78m,25.8,17,"[12173, 12187, 12234, 12249, 12805, 12846, 13105, 13140, 13166, 13295, 13675, 13712, 13953, 13966, 14060, 14165, 14223]",2026-03-29T08:27:24
95,Jordan,2016,https://national-football-teams.com/country/95/2016/Jordan.html,1.78m,25.2,12,"[14597, 14870, 14935, 15430, 15562, 15693, 15784, 15814, 15864, 15965, 15983, 16077]",2026-03-29T08:27:28
95,Jordan,2017,https://national-football-teams.com/country/95/2017/Jordan.html,1.79m,25.7,12,"[18438, 16348, 17050, 17124, 17595, 17629, 17722, 18165, 18532, 18429, 18537, 18835]",2026-03-29T08:27:33
95,Jordan,2018,https://national-football-teams.com/country/95/2018/Jordan.html,1.79m,26.2,13,"[18974, 19431, 19728, 20155, 20539, 20664, 20764, 20871, 21223, 21283, 21669, 21677, 21710]",2026-03-29T08:27:38
95,Jordan,2019,https://national-football-teams.com/country/95/2019/Jordan.html,1.8m,26,19,"[21787, 21826, 21879, 21990, 22594, 22647, 23204, 23272, 23735, 23786, 24020, 23840, 23852, 24004, 24150, 24156, 24274, 24372, 24497]",2026-03-29T08:27:44
95,Jordan,2020,https://national-football-teams.com/country/95/2020/Jordan.html,1.8m,26.3,2,"[28938, 29002]",2026-03-29T08:27:48
95,Jordan,2021,https://national-football-teams.com/country/95/2021/Jordan.html,1.79m,26.9,21,"[29624, 29690, 29938, 30198, 30254, 30389, 30911, 31501, 31031, 31093, 31122, 31746, 31809, 32088, 32220, 32453, 32559, 32650, 32691, 32705, 32738]",2026-03-29T08:27:51
95,Jordan,2022,https://national-football-teams.com/country/95/2022/Jordan.html,1.79m,27,10,"[33205, 33316, 34643, 34656, 34782, 34846, 34906, 37189, 37191, 35562]",2026-03-29T08:27:55
95,Jordan,2023,https://national-football-teams.com/country/95/2023/Jordan.html,1.78m,27.5,10,"[36638, 36914, 36990, 37284, 37411, 37500, 37567, 37657, 37803, 37854]",2026-03-29T08:27:58
95,Jordan,2024,https://national-football-teams.com/country/95/2024/Jordan.html,1.79m,26.5,21,"[39329, 39330, 37866, 37941, 38020, 38138, 38177, 38273, 38307, 38342, 38394, 38613, 38760, 39032, 39148, 39354, 39502, 39557, 39688, 40058, 40194]",2026-03-29T08:28:02
95,Jordan,2025,https://national-football-teams.com/country/95/2025/Jordan.html,1.79m,25.8,19,"[40988, 41771, 40667, 41025, 41144, 41595, 41709, 42122, 42240, 42400, 42479, 42694, 42852, 42797, 42811, 42820, 42842, 42845, 42975]",2026-03-29T08:28:05
95,Jordan,2026,https://national-football-teams.com/country/95/2026/Jordan.html,1.79m,26.8,0,[],2026-03-29T08:28:10
99,Kuwait,1995,https://national-football-teams.com/country/99/1995/Kuwait.html,1.78m,22.8,3,"[27535, 27638, 27546]",2026-03-29T08:28:14
99,Kuwait,1996,https://national-football-teams.com/country/99/1996/Kuwait.html,1.77m,24.3,28,"[26636, 26637, 26645, 26721, 26722, 26723, 26724, 26725, 26726, 26727, 26728, 26729, 26731, 26732, 26733, 26735, 26736, 26738, 26730, 26734, 26703, 26737, 16506, 16507, 16510, 16524, 16527, 16529]",2026-03-29T08:28:18
99,Kuwait,1997,https://national-football-teams.com/country/99/1997/Kuwait.html,1.8m,24.3,18,"[5471, 25811, 25932, 25963, 25977, 25978, 25979, 25980, 25994, 25995, 25927, 25996, 25821, 25884, 25929, 25997, 25834, 25887]",2026-03-29T08:28:24
99,Kuwait,1998,https://national-football-teams.com/country/99/1998/Kuwait.html,1.78m,24,24,"[25049, 25170, 25171, 25178, 25180, 25182, 40321, 25014, 25169, 25045, 25172, 25064, 25173, 25015, 25066, 25174, 25175, 25176, 25177, 25179, 25127, 25153, 25181, 25023]",2026-03-29T08:28:28
99,Kuwait,1999,https://national-football-teams.com/country/99/1999/Kuwait.html,1.8m,25.5,1,[23480],2026-03-29T08:28:32
99,Kuwait,2000,https://national-football-teams.com/country/99/2000/Kuwait.html,1.79m,25.4,15,"[4938, 5890, 5897, 22443, 22444, 22445, 22446, 22336, 22447, 6010, 22256, 16453, 16455, 16456, 16467]",2026-03-29T08:28:37
99,Kuwait,2001,https://national-football-teams.com/country/99/2001/Kuwait.html,1.79m,24.3,16,"[5631, 5881, 5887, 5995, 6221, 7151, 7167, 21461, 21468, 21462, 21463, 21464, 5885, 21465, 21466, 21467]",2026-03-29T08:28:42
99,Kuwait,2002,https://national-football-teams.com/country/99/2002/Kuwait.html,1.79m,23.8,13,"[20027, 20028, 20029, 19883, 20023, 20024, 19950, 20025, 19881, 19843, 20026, 20030, 19992]",2026-03-29T08:28:46
99,Kuwait,2003,https://national-football-teams.com/country/99/2003/Kuwait.html,1.78m,23.7,13,"[1437, 1438, 1439, 1441, 1443, 1444, 18811, 18716, 19040, 19041, 19039, 19042, 18999]",2026-03-29T08:28:49
99,Kuwait,2004,https://national-football-teams.com/country/99/2004/Kuwait.html,1.76m,23,30,"[5225, 5226, 5716, 5866, 5868, 5918, 5919, 17967, 18278, 18281, 18275, 17941, 18246, 18276, 113, 119, 123, 16395, 16396, 16399, 17944, 124, 114, 5871, 18277, 120, 17946, 18279, 18280, 18250]",2026-03-29T08:28:55
99,Kuwait,2005,https://national-football-teams.com/country/99/2005/Kuwait.html,1.77m,23.8,15,"[5605, 5860, 5862, 17328, 17462, 173, 17457, 177, 181, 182, 174, 17429, 17460, 178, 17450]",2026-03-29T08:28:58
99,Kuwait,2006,https://national-football-teams.com/country/99/2006/Kuwait.html,1.76m,23.9,9,"[16997, 5857, 5856, 16977, 1580, 1581, 1582, 14572, 1584]",2026-03-29T08:29:02
99,Kuwait,2007,https://national-football-teams.com/country/99/2007/Kuwait.html,1.75m,24.2,5,"[13298, 13621, 13620, 13540, 5827]",2026-03-29T08:29:07
99,Kuwait,2008,https://national-football-teams.com/country/99/2008/Kuwait.html,1.77m,24.3,15,"[4847, 5236, 5684, 5845, 12439, 6164, 2543, 12680, 2544, 5965, 2547, 2549, 2551, 2553, 5851]",2026-03-29T08:29:11
99,Kuwait,2009,https://national-football-teams.com/country/99/2009/Kuwait.html,1.78m,24.3,20,"[4819, 5611, 6693, 6918, 11958, 12037, 12036, 12035, 11980, 4852, 3187, 12034, 3186, 4828, 6530, 12033, 11812, 11996, 3190, 3192]",2026-03-29T08:29:14
99,Kuwait,2010,https://national-football-teams.com/country/99/2010/Kuwait.html,1.77m,23.9,23,"[6812, 6813, 7180, 7221, 7239, 7261, 7264, 7321, 10955, 11085, 11087, 3194, 3196, 11089, 11088, 11086, 10928, 7269, 11069, 11012, 11084, 11083, 11010]",2026-03-29T08:29:20
99,Kuwait,2011,https://national-football-teams.com/country/99/2011/Kuwait.html,1.77m,24.9,24,"[7335, 7452, 7464, 7516, 10236, 10078, 10237, 10207, 10235, 10234, 10121, 3942, 3951, 10233, 3974, 3976, 3979, 7606, 3981, 3983, 10232, 10243, 10240, 10231]",2026-03-29T08:29:23
99,Kuwait,2012,https://national-football-teams.com/country/99/2012/Kuwait.html,1.77m,25,16,"[5204, 6534, 9479, 9482, 9483, 8901, 3984, 39298, 9254, 9481, 9480, 8920, 7061, 9478, 9477, 9279]",2026-03-29T08:29:27
99,Kuwait,2013,https://national-football-teams.com/country/99/2013/Kuwait.html,1.77m,24.3,17,"[7930, 8774, 12086, 7933, 7932, 7902, 7909, 7931, 4572, 4574, 8044, 8986, 9040, 9289, 9338, 9387, 9520]",2026-03-29T08:29:31
99,Kuwait,2014,https://national-football-teams.com/country/99/2014/Kuwait.html,1.77m,24.3,17,"[10533, 9523, 9524, 9594, 9999, 10535, 10597, 11157, 11275, 11483, 11497, 11664, 11666, 11711, 11746, 11805, 12091]",2026-03-29T08:29:37
99,Kuwait,2015,https://national-football-teams.com/country/99/2015/Kuwait.html,1.78m,26.3,10,"[12177, 12200, 12204, 12847, 13140, 13165, 13678, 13782, 13969, 14073]",2026-03-29T08:29:42
99,Kuwait,2016,https://national-football-teams.com/country/99/2016/Kuwait.html,0m,0,0,[],2026-03-29T08:29:46
99,Kuwait,2017,https://national-football-teams.com/country/99/2017/Kuwait.html,1.78m,27.9,4,"[18834, 18765, 18781, 18784]",2026-03-29T08:29:50
99,Kuwait,2018,https://national-football-teams.com/country/99/2018/Kuwait.html,1.78m,26.3,9,"[19431, 19541, 20152, 20157, 20644, 20778, 20869, 21280, 40423]",2026-03-29T08:29:56
99,Kuwait,2019,https://national-football-teams.com/country/99/2019/Kuwait.html,1.78m,26.7,14,"[22539, 22632, 23736, 23786, 24019, 23864, 23967, 24156, 24306, 24371, 24496, 24554, 24557, 24561]",2026-03-29T08:30:01
99,Kuwait,2020,https://national-football-teams.com/country/99/2020/Kuwait.html,0m,0,0,[],2026-03-29T08:30:06
99,Kuwait,2021,https://national-football-teams.com/country/99/2021/Kuwait.html,1.79m,25.4,12,"[29480, 29614, 30287, 30385, 31496, 30961, 31093, 31128, 31189, 31745, 32458, 32540]",2026-03-29T08:30:12
99,Kuwait,2022,https://national-football-teams.com/country/99/2022/Kuwait.html,1.79m,26.5,10,"[33208, 33243, 34155, 34235, 34660, 34783, 34847, 34906, 35618, 35916]",2026-03-29T08:30:16
99,Kuwait,2023,https://national-football-teams.com/country/99/2023/Kuwait.html,1.77m,25.1,18,"[36897, 37082, 37447, 37449, 37631, 35922, 35965, 35973, 36545, 36639, 37036, 37040, 37051, 37062, 37075, 37610, 37666, 37802]",2026-03-29T08:30:21
99,Kuwait,2024,https://national-football-teams.com/country/99/2024/Kuwait.html,1.77m,26.1,19,"[37979, 38137, 40305, 40315, 38611, 38759, 39034, 39158, 39354, 39501, 39556, 39687, 40057, 40194, 40249, 40400, 40405, 40411, 40417]",2026-03-29T08:30:25
99,Kuwait,2025,https://national-football-teams.com/country/99/2025/Kuwait.html,1.77m,26.5,13,"[40989, 41026, 41147, 41597, 41705, 42278, 42361, 42839, 42853, 42785, 42796, 42811, 42819]",2026-03-29T08:30:30
99,Kuwait,2026,https://national-football-teams.com/country/99/2026/Kuwait.html,1.77m,27.5,0,[],2026-03-29T08:30:34
100,Kyrgyzstan,1995,https://national-football-teams.com/country/100/1995/Kyrgyzstan.html,0m,0,0,[],2026-03-29T08:30:39
100,Kyrgyzstan,1996,https://national-football-teams.com/country/100/1996/Kyrgyzstan.html,1.84m,24.6,4,"[27183, 27184, 26693, 26695]",2026-03-29T08:30:42
100,Kyrgyzstan,1997,https://national-football-teams.com/country/100/1997/Kyrgyzstan.html,1.84m,23.9,5,"[25813, 26393, 25815, 26212, 26394]",2026-03-29T08:30:46
100,Kyrgyzstan,1998,https://national-football-teams.com/country/100/1998/Kyrgyzstan.html,0m,0,0,[],2026-03-29T08:30:50
100,Kyrgyzstan,1999,https://national-football-teams.com/country/100/1999/Kyrgyzstan.html,1.83m,23.4,3,"[24740, 24604, 23794]",2026-03-29T08:30:54
100,Kyrgyzstan,2000,https://national-football-teams.com/country/100/2000/Kyrgyzstan.html,1.83m,24.6,4,"[22892, 22963, 22472, 23129]",2026-03-29T08:30:57
100,Kyrgyzstan,2001,https://national-football-teams.com/country/100/2001/Kyrgyzstan.html,1.83m,24.4,7,"[5155, 22015, 21564, 21464, 21566, 21466, 22016]",2026-03-29T08:32:02
100,Kyrgyzstan,2002,https://national-football-teams.com/country/100/2002/Kyrgyzstan.html,0m,0,0,[],2026-03-29T08:32:07
100,Kyrgyzstan,2003,https://national-football-teams.com/country/100/2003/Kyrgyzstan.html,1.8m,25.6,4,"[1411, 1413, 73, 74]",2026-03-29T08:32:12
100,Kyrgyzstan,2004,https://national-football-teams.com/country/100/2004/Kyrgyzstan.html,1.81m,24.3,8,"[5981, 137, 141, 145, 146, 138, 18277, 142]",2026-03-29T08:32:18
100,Kyrgyzstan,2005,https://national-football-teams.com/country/100/2005/Kyrgyzstan.html,0m,0,0,[],2026-03-29T08:32:23
100,Kyrgyzstan,2006,https://national-football-teams.com/country/100/2006/Kyrgyzstan.html,1.81m,22.5,7,"[35021, 16970, 17005, 17006, 17007, 17008, 14617]",2026-03-29T08:32:29
100,Kyrgyzstan,2007,https://national-football-teams.com/country/100/2007/Kyrgyzstan.html,1.8m,23.6,9,"[13417, 13644, 13632, 13616, 13643, 13569, 13444, 2462, 2463]",2026-03-29T08:32:33
100,Kyrgyzstan,2008,https://national-football-teams.com/country/100/2008/Kyrgyzstan.html,1.81m,25.8,3,"[6167, 3277, 3278]",2026-03-29T08:32:38
100,Kyrgyzstan,2009,https://national-football-teams.com/country/100/2009/Kyrgyzstan.html,1.79m,23,7,"[3244, 3245, 11997, 12109, 11523, 11940, 12025]",2026-03-29T08:32:42
100,Kyrgyzstan,2010,https://national-football-teams.com/country/100/2010/Kyrgyzstan.html,1.77m,22.6,3,"[3258, 3260, 3263]",2026-03-29T08:32:45
100,Kyrgyzstan,2011,https://national-football-teams.com/country/100/2011/Kyrgyzstan.html,1.8m,23.7,5,"[10314, 10302, 10273, 3937, 3952]",2026-03-29T08:32:49
100,Kyrgyzstan,2012,https://national-football-teams.com/country/100/2012/Kyrgyzstan.html,1.78m,23.2,1,[9469],2026-03-29T08:32:54
100,Kyrgyzstan,2013,https://national-football-teams.com/country/100/2013/Kyrgyzstan.html,1.79m,24.3,9,"[4594, 4596, 4598, 8127, 8136, 8749, 9045, 9228, 9388]",2026-03-29T08:33:00
100,Kyrgyzstan,2014,https://national-football-teams.com/country/100/2014/Kyrgyzstan.html,1.79m,25.3,9,"[10347, 10532, 10535, 10541, 10552, 10569, 11169, 12083, 12084]",2026-03-29T08:33:06
100,Kyrgyzstan,2015,https://national-football-teams.com/country/100/2015/Kyrgyzstan.html,1.8m,25.5,7,"[13158, 13292, 13675, 13967, 14056, 14139, 14223]",2026-03-29T08:33:11
100,Kyrgyzstan,2016,https://national-football-teams.com/country/100/2016/Kyrgyzstan.html,1.8m,24.3,8,"[14942, 15459, 15703, 15816, 15860, 15918, 16073, 16096]",2026-03-29T08:33:14
100,Kyrgyzstan,2017,https://national-football-teams.com/country/100/2017/Kyrgyzstan.html,1.78m,25.4,4,"[17120, 17718, 18425, 18533]",2026-03-29T08:33:19
100,Kyrgyzstan,2018,https://national-football-teams.com/country/100/2018/Kyrgyzstan.html,1.79m,25.3,10,"[19464, 19724, 20170, 20537, 20643, 20912, 21274, 21669, 21711, 21794]",2026-03-29T08:33:22
100,Kyrgyzstan,2019,https://national-football-teams.com/country/100/2019/Kyrgyzstan.html,1.79m,25.6,11,"[21789, 21856, 21902, 22024, 23365, 23860, 24164, 24282, 24353, 24380, 24505]",2026-03-29T08:33:27
100,Kyrgyzstan,2020,https://national-football-teams.com/country/100/2020/Kyrgyzstan.html,0m,0,0,[],2026-03-29T08:33:31
100,Kyrgyzstan,2021,https://national-football-teams.com/country/100/2021/Kyrgyzstan.html,1.8m,25,7,"[31032, 31094, 31127, 31812, 31814, 32457, 32560]",2026-03-29T08:33:36
100,Kyrgyzstan,2022,https://national-football-teams.com/country/100/2022/Kyrgyzstan.html,1.79m,25.2,6,"[34163, 34245, 34784, 34848, 34907, 35333]",2026-03-29T08:33:41
100,Kyrgyzstan,2023,https://national-football-teams.com/country/100/2023/Kyrgyzstan.html,1.8m,25.1,12,"[37447, 37624, 36524, 36595, 36880, 36919, 37016, 37611, 37664, 37801, 37852, 37856]",2026-03-29T08:33:46
100,Kyrgyzstan,2024,https://national-football-teams.com/country/100/2024/Kyrgyzstan.html,1.79m,24.6,15,"[37865, 37940, 38040, 38145, 38179, 38607, 38758, 39031, 39153, 39357, 39500, 39555, 39686, 40054, 40193]",2026-03-29T08:33:49
100,Kyrgyzstan,2025,https://national-football-teams.com/country/100/2025/Kyrgyzstan.html,1.79m,24.8,7,"[41022, 41146, 41596, 41708, 42107, 42118, 42158]",2026-03-29T08:33:52
100,Kyrgyzstan,2026,https://national-football-teams.com/country/100/2026/Kyrgyzstan.html,1.79m,25,1,[44201],2026-03-29T08:33:56
101,Laos,1995,https://national-football-teams.com/country/101/1995/Laos.html,1.71m,26.1,4,"[27762, 27912, 27945, 27946]",2026-03-29T08:34:00
101,Laos,1996,https://national-football-teams.com/country/101/1996/Laos.html,1.69m,25.8,4,"[27122, 27206, 27229, 27167]",2026-03-29T08:34:04
101,Laos,1997,https://national-football-teams.com/country/101/1997/Laos.html,1.69m,25.4,4,"[26333, 26387, 26432, 26474]",2026-03-29T08:34:07
101,Laos,1998,https://national-football-teams.com/country/101/1998/Laos.html,1.69m,25.9,7,"[25017, 25291, 25549, 25591, 25509, 25526, 25483]",2026-03-29T08:34:11
101,Laos,1999,https://national-football-teams.com/country/101/1999/Laos.html,1.69m,22.4,4,"[24823, 24545, 24920, 24904]",2026-03-29T08:34:17
101,Laos,2000,https://national-football-teams.com/country/101/2000/Laos.html,1.69m,24.9,7,"[23318, 23401, 22291, 23043, 23057, 23398, 23075]",2026-03-29T08:34:21
101,Laos,2001,https://national-football-teams.com/country/101/2001/Laos.html,1.72m,17,6,"[21798, 21799, 21730, 21731, 22110, 22111]",2026-03-29T08:34:25
101,Laos,2002,https://national-football-teams.com/country/101/2002/Laos.html,1.68m,19.5,3,"[20085, 20382, 20362]",2026-03-29T08:34:30
101,Laos,2003,https://national-football-teams.com/country/101/2003/Laos.html,1.7m,20.8,4,"[1414, 1415, 75, 76]",2026-03-29T08:34:34
101,Laos,2004,https://national-football-teams.com/country/101/2004/Laos.html,1.69m,20.1,10,"[77, 81, 87, 88, 78, 82, 18593, 18659, 18637, 18559]",2026-03-29T08:34:39
101,Laos,2005,https://national-football-teams.com/country/101/2005/Laos.html,0m,0,0,[],2026-03-29T08:34:43
101,Laos,2006,https://national-football-teams.com/country/101/2006/Laos.html,1.7m,19.6,4,"[6897, 16985, 16992, 17009]",2026-03-29T08:34:48
101,Laos,2007,https://national-football-teams.com/country/101/2007/Laos.html,1.71m,20.2,5,"[6744, 7094, 13482, 13491, 13552]",2026-03-29T08:34:51
101,Laos,2008,https://national-football-teams.com/country/101/2008/Laos.html,1.7m,19.6,7,"[6716, 6892, 12474, 12739, 12277, 12384, 12619]",2026-03-29T08:34:55
101,Laos,2009,https://national-football-teams.com/country/101/2009/Laos.html,0m,0,0,[],2026-03-29T08:34:59
101,Laos,2010,https://national-football-teams.com/country/101/2010/Laos.html,1.68m,19.9,6,"[11077, 10981, 11312, 10796, 10783, 10505]",2026-03-29T08:35:02
101,Laos,2011,https://national-football-teams.com/country/101/2011/Laos.html,1.69m,20.3,6,"[10294, 10293, 3916, 3928, 3933, 3949]",2026-03-29T08:35:05
101,Laos,2012,https://national-football-teams.com/country/101/2012/Laos.html,1.69m,20.7,11,"[5203, 7652, 8927, 9551, 9585, 9584, 9546, 9223, 8886, 9061, 9088]",2026-03-29T08:35:09
101,Laos,2013,https://national-football-teams.com/country/101/2013/Laos.html,1.69m,21.2,8,"[6274, 12428, 4600, 4602, 4604, 8083, 8988, 9408]",2026-03-29T08:35:12
101,Laos,2014,https://national-football-teams.com/country/101/2014/Laos.html,1.69m,21.1,12,"[10465, 10547, 10556, 10573, 11490, 11491, 11499, 11500, 11687, 11819, 11885, 11912]",2026-03-29T08:35:15
101,Laos,2015,https://national-football-teams.com/country/101/2015/Laos.html,1.7m,24,11,"[13102, 13656, 13109, 13161, 13288, 13669, 13782, 14062, 14054, 14153, 14219]",2026-03-29T08:35:19
101,Laos,2016,https://national-football-teams.com/country/101/2016/Laos.html,1.7m,22.4,14,"[15697, 15391, 15422, 15532, 15821, 15938, 15953, 15954, 15956, 15960, 15966, 15980, 16026, 16079]",2026-03-29T08:35:22
101,Laos,2017,https://national-football-teams.com/country/101/2017/Laos.html,1.71m,21,6,"[17630, 18329, 18331, 18666, 18671, 18675]",2026-03-29T08:35:27
101,Laos,2018,https://national-football-teams.com/country/101/2018/Laos.html,1.7m,21.7,10,"[19429, 19555, 20662, 20755, 20757, 20909, 21048, 21105, 21201, 21297]",2026-03-29T08:35:30
101,Laos,2019,https://national-football-teams.com/country/101/2019/Laos.html,1.71m,23.4,4,"[23140, 23142, 23177, 23277]",2026-03-29T08:36:33
101,Laos,2020,https://national-football-teams.com/country/101/2020/Laos.html,0m,0,0,[],2026-03-29T08:36:37
101,Laos,2021,https://national-football-teams.com/country/101/2021/Laos.html,1.73m,22.4,4,"[32699, 32720, 32742, 32764]",2026-03-29T08:36:40
101,Laos,2022,https://national-football-teams.com/country/101/2022/Laos.html,1.71m,21.7,8,"[34131, 34189, 35332, 35393, 35894, 35900, 35903, 35907]",2026-03-29T08:36:46
101,Laos,2023,https://national-football-teams.com/country/101/2023/Laos.html,1.71m,21.2,5,"[36626, 36523, 36641, 37469, 37581]",2026-03-29T08:36:51
101,Laos,2024,https://national-football-teams.com/country/101/2024/Laos.html,1.7m,22,6,"[40243, 40118, 40253, 40309, 40319, 40374]",2026-03-29T08:36:56
101,Laos,2025,https://national-football-teams.com/country/101/2025/Laos.html,1.71m,21.4,6,"[41187, 41131, 41699, 42375, 42487, 42782]",2026-03-29T08:37:00
101,Laos,2026,https://national-football-teams.com/country/101/2026/Laos.html,1.71m,22.4,0,[],2026-03-29T08:37:05
103,Lebanon,1995,https://national-football-teams.com/country/103/1995/Lebanon.html,1.78m,27.5,2,"[27138, 27137]",2026-03-29T08:37:10
103,Lebanon,1996,https://national-football-teams.com/country/103/1996/Lebanon.html,1.78m,27.1,14,"[26732, 26733, 26937, 26963, 26988, 27024, 27027, 27029, 26806, 26989, 27028, 26646, 27025, 27026]",2026-03-29T08:37:13
103,Lebanon,1997,https://national-football-teams.com/country/103/1997/Lebanon.html,1.78m,26.2,17,"[26050, 26215, 26220, 26264, 26265, 26269, 26304, 25998, 26301, 26263, 26302, 26217, 25980, 26303, 25995, 26305, 26025]",2026-03-29T08:37:18
103,Lebanon,1998,https://national-football-teams.com/country/103/1998/Lebanon.html,1.81m,25,16,"[25095, 25170, 25225, 25276, 25293, 25318, 25322, 25380, 25398, 25433, 25434, 25435, 25432, 25063, 7721, 25251]",2026-03-29T08:37:23
103,Lebanon,1999,https://national-football-teams.com/country/103/1999/Lebanon.html,1.81m,23.5,7,"[5580, 23798, 24584, 24726, 24104, 24724, 24725]",2026-03-29T08:37:27
103,Lebanon,2000,https://national-football-teams.com/country/103/2000/Lebanon.html,1.8m,24.7,16,"[5924, 5925, 5926, 5928, 5929, 22893, 22887, 22888, 22470, 22963, 22447, 22964, 22768, 16426, 16428, 16430]",2026-03-29T08:37:32
103,Lebanon,2001,https://national-football-teams.com/country/103/2001/Lebanon.html,1.81m,25.3,11,"[5921, 5922, 5923, 27136, 21498, 21897, 21898, 21756, 21899, 21900, 21759]",2026-03-29T08:37:37
103,Lebanon,2002,https://national-football-teams.com/country/103/2002/Lebanon.html,1.8m,23,7,"[19888, 19987, 19845, 19890, 20110, 20319, 20048]",2026-03-29T08:37:41
103,Lebanon,2003,https://national-football-teams.com/country/103/2003/Lebanon.html,1.8m,23.7,10,"[18891, 1461, 19096, 1464, 1466, 1468, 1470, 1471, 19040, 19041]",2026-03-29T08:37:45
103,Lebanon,2004,https://national-football-teams.com/country/103/2004/Lebanon.html,1.81m,23.5,16,"[5317, 5914, 5918, 5919, 5983, 17785, 18223, 18297, 151, 17963, 155, 159, 17784, 160, 152, 156]",2026-03-29T08:37:50
103,Lebanon,2005,https://national-football-teams.com/country/103/2005/Lebanon.html,1.76m,20,1,[5707],2026-03-29T08:37:53
103,Lebanon,2006,https://national-football-teams.com/country/103/2006/Lebanon.html,1.81m,24.1,5,"[5912, 5254, 16977, 16978, 16979]",2026-03-29T08:37:56
103,Lebanon,2007,https://national-football-teams.com/country/103/2007/Lebanon.html,1.82m,24,5,"[13576, 13575, 13534, 2482, 2483]",2026-03-29T08:37:59
103,Lebanon,2008,https://national-football-teams.com/country/103/2008/Lebanon.html,1.81m,23.9,12,"[4847, 5907, 5365, 2530, 2532, 3227, 3228, 5966, 2535, 2537, 2539, 2540]",2026-03-29T08:38:05
103,Lebanon,2009,https://national-football-teams.com/country/103/2009/Lebanon.html,1.8m,24.7,11,"[4872, 3204, 4814, 3206, 11942, 11524, 11941, 11940, 11939, 3207, 3210]",2026-03-29T08:38:08
103,Lebanon,2010,https://national-football-teams.com/country/103/2010/Lebanon.html,1.8m,24.8,2,"[10992, 3214]",2026-03-29T08:38:12
103,Lebanon,2011,https://national-football-teams.com/country/103/2011/Lebanon.html,1.8m,25.9,12,"[7464, 7519, 10196, 3934, 3953, 10195, 3975, 3977, 3979, 38422, 3981, 3982]",2026-03-29T08:38:16
103,Lebanon,2012,https://national-football-teams.com/country/103/2012/Lebanon.html,1.81m,25.3,18,"[9287, 3985, 8540, 9286, 9285, 4023, 4024, 4026, 9284, 9283, 36392, 8524, 4029, 9282, 4033, 9281, 9280, 9279]",2026-03-29T08:38:20
103,Lebanon,2013,https://national-football-teams.com/country/103/2013/Lebanon.html,1.8m,24.9,18,"[7922, 7921, 4571, 7920, 4573, 4034, 7992, 8029, 8123, 8767, 8845, 8983, 9040, 9290, 9338, 9385, 9514, 9520]",2026-03-29T08:38:23
103,Lebanon,2014,https://national-football-teams.com/country/103/2014/Lebanon.html,1.79m,24.5,5,"[11667, 9916, 10004, 11481, 11448]",2026-03-29T08:38:27
103,Lebanon,2015,https://national-football-teams.com/country/103/2015/Lebanon.html,1.81m,27.3,11,"[13083, 13105, 13165, 13288, 13650, 13661, 13787, 13963, 14073, 14153, 14261]",2026-03-29T08:38:32
103,Lebanon,2016,https://national-football-teams.com/country/103/2016/Lebanon.html,1.8m,26.3,10,"[14631, 14674, 14867, 14938, 15784, 15815, 15860, 15941, 15990, 16077]",2026-03-29T08:38:36
103,Lebanon,2017,https://national-football-teams.com/country/103/2017/Lebanon.html,1.81m,26.3,6,"[17122, 17720, 18155, 18428, 18453, 18536]",2026-03-29T08:38:41
103,Lebanon,2018,https://national-football-teams.com/country/103/2018/Lebanon.html,1.82m,26.9,7,"[38423, 19726, 20539, 20676, 20778, 21156, 21272]",2026-03-29T08:38:46
103,Lebanon,2019,https://national-football-teams.com/country/103/2019/Lebanon.html,1.81m,26.5,13,"[21821, 21859, 21934, 23715, 23718, 23719, 24018, 23850, 24003, 24168, 24287, 24384, 24509]",2026-03-29T08:38:50
103,Lebanon,2020,https://national-football-teams.com/country/103/2020/Lebanon.html,1.79m,26.1,1,[28937],2026-03-29T08:38:55
103,Lebanon,2021,https://national-football-teams.com/country/103/2021/Lebanon.html,1.81m,26.8,15,"[30254, 30385, 31004, 31095, 31139, 31184, 31711, 31803, 32067, 32183, 32461, 32565, 32652, 32693, 32707]",2026-03-29T08:39:01
103,Lebanon,2022,https://national-football-teams.com/country/103/2022/Lebanon.html,1.81m,26.7,6,"[33185, 33232, 34106, 34207, 35618, 35915]",2026-03-29T08:39:05
103,Lebanon,2023,https://national-football-teams.com/country/103/2023/Lebanon.html,1.81m,26.6,16,"[36562, 36876, 36887, 36904, 37073, 37039, 37043, 37054, 37063, 37282, 37360, 37462, 38421, 37665, 37808, 37854]",2026-03-29T08:39:08
103,Lebanon,2024,https://national-football-teams.com/country/103/2024/Lebanon.html,1.82m,27.5,14,"[40305, 40315, 37862, 37977, 38087, 38150, 38622, 38765, 39030, 39157, 39337, 39436, 40022, 40164]",2026-03-29T08:39:13
103,Lebanon,2025,https://national-football-teams.com/country/103/2025/Lebanon.html,1.8m,26.1,10,"[41770, 41186, 41140, 41698, 42103, 42212, 42374, 42488, 42763, 42790]",2026-03-29T08:39:17
103,Lebanon,2026,https://national-football-teams.com/country/103/2026/Lebanon.html,1.8m,27.1,0,[],2026-03-29T08:39:21
110,Macau,1995,https://national-football-teams.com/country/110/1995/Macau.html,0m,0,0,[],2026-03-29T08:39:25
110,Macau,1996,https://national-football-teams.com/country/110/1996/Macau.html,1.81m,26.4,4,"[26844, 27177, 27227, 27418]",2026-03-29T08:39:30
110,Macau,1997,https://national-football-teams.com/country/110/1997/Macau.html,1.79m,28.1,6,"[26475, 25756, 26369, 25758, 26371, 26476]",2026-03-29T08:39:36
110,Macau,1998,https://national-football-teams.com/country/110/1998/Macau.html,0m,0,0,[],2026-03-29T08:39:40
110,Macau,1999,https://national-football-teams.com/country/110/1999/Macau.html,0m,0,0,[],2026-03-29T08:39:46
110,Macau,2000,https://national-football-teams.com/country/110/2000/Macau.html,1.79m,28.4,4,"[6309, 23053, 23395, 22219]",2026-03-29T08:39:51
110,Macau,2001,https://national-football-teams.com/country/110/2001/Macau.html,1.75m,25.7,7,"[22105, 21499, 22087, 22103, 21502, 22089, 22104]",2026-03-29T08:39:54
110,Macau,2002,https://national-football-teams.com/country/110/2002/Macau.html,0m,0,0,[],2026-03-29T08:39:59
110,Macau,2003,https://national-football-teams.com/country/110/2003/Macau.html,1.75m,24.3,8,"[19306, 19246, 19291, 19283, 1417, 1418, 67, 68]",2026-03-29T08:40:02
110,Macau,2004,https://national-football-teams.com/country/110/2004/Macau.html,0m,0,0,[],2026-03-29T08:40:05
110,Macau,2005,https://national-football-teams.com/country/110/2005/Macau.html,1.78m,23.9,1,[17417],2026-03-29T08:41:10
110,Macau,2006,https://national-football-teams.com/country/110/2006/Macau.html,1.78m,24.3,5,"[5545, 6302, 17023, 16972, 17006]",2026-03-29T08:41:15
110,Macau,2007,https://national-football-teams.com/country/110/2007/Macau.html,1.77m,24.4,6,"[13527, 14454, 14455, 13595, 2456, 2457]",2026-03-29T08:41:19
110,Macau,2008,https://national-football-teams.com/country/110/2008/Macau.html,1.75m,24.1,4,"[5043, 6315, 3279, 3281]",2026-03-29T08:41:24
110,Macau,2009,https://national-football-teams.com/country/110/2009/Macau.html,1.74m,23,9,"[12116, 12104, 12115, 3229, 3230, 3231, 3233, 3236, 15943]",2026-03-29T08:41:28
110,Macau,2010,https://national-football-teams.com/country/110/2010/Macau.html,1.75m,19.7,3,"[11126, 10966, 10983]",2026-03-29T08:41:34
110,Macau,2011,https://national-football-teams.com/country/110/2011/Macau.html,1.75m,22.9,7,"[10277, 10276, 3922, 3929, 7467, 10091, 7592]",2026-03-29T08:41:39
110,Macau,2012,https://national-football-teams.com/country/110/2012/Macau.html,1.77m,21,5,"[9610, 9609, 9413, 8925, 9608]",2026-03-29T08:41:43
110,Macau,2013,https://national-football-teams.com/country/110/2013/Macau.html,1.77m,23.6,3,"[4594, 4595, 4597]",2026-03-29T08:41:48
110,Macau,2014,https://national-football-teams.com/country/110/2014/Macau.html,1.76m,21.9,4,"[11167, 11164, 11165, 11496]",2026-03-29T08:41:51
110,Macau,2015,https://national-football-teams.com/country/110/2015/Macau.html,1.77m,23.6,4,"[12664, 12689, 14066, 14377]",2026-03-29T08:41:56
110,Macau,2016,https://national-football-teams.com/country/110/2016/Macau.html,1.77m,24.5,9,"[15033, 15596, 15599, 15602, 15961, 15966, 15979, 16027, 16080]",2026-03-29T08:41:59
110,Macau,2017,https://national-football-teams.com/country/110/2017/Macau.html,1.78m,26.3,6,"[17120, 17717, 18157, 18329, 18426, 18533]",2026-03-29T08:42:02
110,Macau,2018,https://national-football-teams.com/country/110/2018/Macau.html,1.78m,24.7,6,"[19752, 19723, 20525, 20528, 20532, 20543]",2026-03-29T08:42:07
110,Macau,2019,https://national-football-teams.com/country/110/2019/Macau.html,1.77m,26.3,1,[23176],2026-03-29T08:42:12
110,Macau,2020,https://national-football-teams.com/country/110/2020/Macau.html,0m,0,0,[],2026-03-29T08:42:17
110,Macau,2021,https://national-football-teams.com/country/110/2021/Macau.html,0m,0,0,[],2026-03-29T08:42:20
110,Macau,2022,https://national-football-teams.com/country/110/2022/Macau.html,0m,0,0,[],2026-03-29T08:42:25
110,Macau,2023,https://national-football-teams.com/country/110/2023/Macau.html,1.76m,27.2,6,"[36632, 36989, 37279, 37446, 37470, 37580]",2026-03-29T08:42:30
110,Macau,2024,https://national-football-teams.com/country/110/2024/Macau.html,1.74m,24.4,3,"[39385, 39495, 40312]",2026-03-29T08:42:34
110,Macau,2025,https://national-football-teams.com/country/110/2025/Macau.html,1.75m,24.4,1,[41010],2026-03-29T08:42:39
110,Macau,2026,https://national-football-teams.com/country/110/2026/Macau.html,1.77m,24.6,1,[44211],2026-03-29T08:42:45
114,Malaysia,1995,https://national-football-teams.com/country/114/1995/Malaysia.html,1.75m,25.2,6,"[27845, 40230, 40232, 27844, 27710, 27776]",2026-03-29T08:42:49
114,Malaysia,1996,https://national-football-teams.com/country/114/1996/Malaysia.html,1.75m,25.3,8,"[27016, 27076, 27071, 27072, 27073, 27074, 27075, 27019]",2026-03-29T08:42:54
114,Malaysia,1997,https://national-football-teams.com/country/114/1997/Malaysia.html,1.74m,24.2,14,"[26387, 26378, 26380, 25874, 26379, 26381, 25922, 26382, 26383, 25925, 26384, 26385, 26386, 26335]",2026-03-29T08:42:59
114,Malaysia,1998,https://national-football-teams.com/country/114/1998/Malaysia.html,1.74m,22.4,3,"[25481, 25526, 25510]",2026-03-29T08:43:03
114,Malaysia,1999,https://national-football-teams.com/country/114/1999/Malaysia.html,1.75m,24.3,8,"[24660, 24783, 24659, 23816, 24780, 24701, 24840, 24841]",2026-03-29T08:43:06
114,Malaysia,2000,https://national-football-teams.com/country/114/2000/Malaysia.html,1.76m,24.2,24,"[5053, 5054, 5058, 5059, 5060, 5061, 5062, 22698, 22834, 23038, 23040, 23041, 23037, 23039, 22695, 22669, 22997, 22671, 23042, 23043, 23044, 23045, 22704, 23046]",2026-03-29T08:43:11
114,Malaysia,2001,https://national-football-teams.com/country/114/2001/Malaysia.html,1.73m,24.4,12,"[4687, 4688, 4689, 21377, 21421, 21986, 21987, 21424, 21988, 21989, 21568, 21985]",2026-03-29T08:43:16
114,Malaysia,2002,https://national-football-teams.com/country/114/2002/Malaysia.html,1.76m,22.2,11,"[4888, 7095, 7096, 19989, 20360, 19766, 20361, 20086, 20362, 20338, 20350]",2026-03-29T08:43:22
114,Malaysia,2003,https://national-football-teams.com/country/114/2003/Malaysia.html,1.76m,23,7,"[19219, 1486, 1488, 1490, 1492, 1493, 1496]",2026-03-29T08:43:26
114,Malaysia,2004,https://national-football-teams.com/country/114/2004/Malaysia.html,1.75m,24.7,16,"[5146, 17856, 115, 18591, 119, 121, 18630, 122, 116, 18631, 120, 18632, 18581, 18633, 18318, 18596]",2026-03-29T08:43:30
114,Malaysia,2005,https://national-football-teams.com/country/114/2005/Malaysia.html,1.76m,25.1,4,"[17362, 17363, 17364, 17365]",2026-03-29T08:43:33
114,Malaysia,2006,https://national-football-teams.com/country/114/2006/Malaysia.html,1.74m,24,7,"[16911, 16912, 16913, 16914, 16915, 16917, 16916]",2026-03-29T08:43:37
114,Malaysia,2007,https://national-football-teams.com/country/114/2007/Malaysia.html,1.74m,24.1,15,"[7298, 7299, 13461, 13460, 13459, 13458, 13457, 13456, 13455, 13025, 1521, 1523, 1525, 2466, 2467]",2026-03-29T08:43:42
114,Malaysia,2008,https://national-football-teams.com/country/114/2008/Malaysia.html,1.74m,24.3,11,"[4646, 4647, 4645, 12209, 4644, 12280, 12279, 12278, 12277, 12276, 12275]",2026-03-29T08:43:45
114,Malaysia,2009,https://national-football-teams.com/country/114/2009/Malaysia.html,1.74m,22.4,12,"[6935, 11551, 11555, 11556, 11557, 37851, 3197, 11554, 11553, 11552, 3199, 3200]",2026-03-29T08:43:51
114,Malaysia,2010,https://national-football-teams.com/country/114/2010/Malaysia.html,1.74m,22.2,10,"[3201, 6975, 7140, 10507, 10506, 10505, 10504, 10503, 10502, 10501]",2026-03-29T08:43:56
114,Malaysia,2011,https://national-football-teams.com/country/114/2011/Malaysia.html,1.75m,23.4,10,"[9892, 9891, 9890, 3923, 3930, 3941, 3957, 9865, 9776, 9775]",2026-03-29T08:44:01
114,Malaysia,2012,https://national-football-teams.com/country/114/2012/Malaysia.html,1.74m,23.9,16,"[7630, 8938, 8931, 9070, 9069, 9068, 9067, 9066, 9065, 9064, 9063, 9062, 9061, 8878, 9060, 9059]",2026-03-29T08:44:07
114,Malaysia,2013,https://national-football-teams.com/country/114/2013/Malaysia.html,1.73m,25.1,11,"[12429, 40903, 4579, 7905, 4582, 7964, 8836, 9044, 9289, 9336, 9383]",2026-03-29T08:44:10
114,Malaysia,2014,https://national-football-teams.com/country/114/2014/Malaysia.html,1.75m,26.8,15,"[9978, 10007, 10426, 11055, 11278, 11279, 11686, 11786, 11882, 11887, 11913, 11993, 12044, 12087, 12088]",2026-03-29T08:44:14
114,Malaysia,2015,https://national-football-teams.com/country/114/2015/Malaysia.html,1.74m,25.7,11,"[13273, 12807, 13163, 13290, 13657, 13673, 13941, 14062, 14049, 14151, 14221]",2026-03-29T08:44:19
114,Malaysia,2016,https://national-football-teams.com/country/114/2016/Malaysia.html,1.74m,25.8,15,"[14879, 15033, 15555, 15423, 15456, 15566, 15594, 15595, 15783, 15862, 15940, 16045, 16088, 16093, 16100]",2026-03-29T08:44:23
114,Malaysia,2017,https://national-football-teams.com/country/114/2017/Malaysia.html,1.75m,26.1,8,"[17014, 17720, 18039, 18045, 18162, 18427, 18466, 18535]",2026-03-29T08:44:27
114,Malaysia,2018,https://national-football-teams.com/country/114/2018/Malaysia.html,1.73m,24.5,17,"[19466, 19726, 19759, 20432, 20549, 20642, 20816, 20912, 21046, 21047, 21105, 21202, 21300, 21368, 21469, 23229, 23230]",2026-03-29T08:44:32
114,Malaysia,2019,https://national-football-teams.com/country/114/2019/Malaysia.html,1.73m,25.2,13,"[22527, 22606, 23155, 23200, 23281, 23840, 23857, 23977, 24149, 24165, 24354, 24381, 24506]",2026-03-29T08:44:37
114,Malaysia,2020,https://national-football-teams.com/country/114/2020/Malaysia.html,0m,0,0,[],2026-03-29T08:44:41
114,Malaysia,2021,https://national-football-teams.com/country/114/2021/Malaysia.html,1.75m,26.2,11,"[31496, 30925, 30965, 31098, 31134, 32088, 32110, 32698, 32720, 32743, 32815]",2026-03-29T08:44:45
114,Malaysia,2022,https://national-football-teams.com/country/114/2022/Malaysia.html,1.76m,26.3,14,"[34100, 34177, 34641, 34659, 34785, 34849, 34908, 35290, 35352, 35881, 35887, 35893, 35900, 35904]",2026-03-29T08:44:49
114,Malaysia,2023,https://national-football-teams.com/country/114/2023/Malaysia.html,1.77m,26.7,13,"[35912, 35918, 35964, 36543, 36592, 36964, 37032, 37443, 37340, 37499, 37628, 37664, 37795]",2026-03-29T08:45:54
114,Malaysia,2024,https://national-football-teams.com/country/114/2024/Malaysia.html,1.77m,26.7,17,"[37880, 38020, 38139, 38176, 38614, 38757, 39031, 39156, 39336, 39436, 39653, 40243, 40134, 40248, 40288, 40313, 40376]",2026-03-29T08:45:59
114,Malaysia,2025,https://national-football-teams.com/country/114/2025/Malaysia.html,1.78m,27.4,9,"[41783, 41139, 41542, 41697, 42124, 42279, 42375, 42487, 42761]",2026-03-29T08:46:04
114,Malaysia,2026,https://national-football-teams.com/country/114/2026/Malaysia.html,1.78m,28.4,0,[],2026-03-29T08:46:08
115,Maldives,1995,https://national-football-teams.com/country/115/1995/Maldives.html,0m,0,2,"[27934, 27953]",2026-03-29T08:46:13
115,Maldives,1996,https://national-football-teams.com/country/115/1996/Maldives.html,0m,23.8,6,"[27006, 27009, 27092, 27094, 27202, 27204]",2026-03-29T08:46:18
115,Maldives,1997,https://national-football-teams.com/country/115/1997/Maldives.html,1.68m,24.6,10,"[26449, 26451, 26486, 25812, 26210, 26393, 26211, 25816, 26394, 26481]",2026-03-29T08:46:21
115,Maldives,1998,https://national-football-teams.com/country/115/1998/Maldives.html,0m,25,3,"[25250, 25338, 25606]",2026-03-29T08:46:25
115,Maldives,1999,https://national-football-teams.com/country/115/1999/Maldives.html,1.73m,24.2,8,"[24884, 24931, 24932, 24933, 24934, 24930, 24878, 24910]",2026-03-29T08:46:29
115,Maldives,2000,https://national-football-teams.com/country/115/2000/Maldives.html,1.77m,25,12,"[5053, 22791, 22792, 22984, 23038, 23331, 23383, 23402, 22337, 22985, 22342, 23403]",2026-03-29T08:46:32
115,Maldives,2001,https://national-football-teams.com/country/115/2001/Maldives.html,1.76m,25.1,8,"[6216, 6217, 22107, 21938, 22108, 21311, 21312, 21941]",2026-03-29T08:46:35
115,Maldives,2002,https://national-football-teams.com/country/115/2002/Maldives.html,1.72m,25,3,"[5437, 7311, 20380]",2026-03-29T08:46:40
115,Maldives,2003,https://national-football-teams.com/country/115/2003/Maldives.html,1.73m,24.5,10,"[19275, 19276, 19277, 19271, 19278, 19268, 1405, 1407, 71, 72]",2026-03-29T08:46:44
115,Maldives,2004,https://national-football-teams.com/country/115/2004/Maldives.html,1.71m,24.6,11,"[5434, 5435, 5436, 18289, 149, 153, 18290, 159, 160, 150, 154]",2026-03-29T08:46:49
115,Maldives,2005,https://national-football-teams.com/country/115/2005/Maldives.html,1.73m,24.1,4,"[17440, 17463, 17467, 17350]",2026-03-29T08:46:54
115,Maldives,2006,https://national-football-teams.com/country/115/2006/Maldives.html,0m,0,0,[],2026-03-29T08:46:59
115,Maldives,2007,https://national-football-teams.com/country/115/2007/Maldives.html,1.71m,25.1,3,"[6185, 2472, 2473]",2026-03-29T08:47:03
115,Maldives,2008,https://national-football-teams.com/country/115/2008/Maldives.html,1.72m,26.2,7,"[3227, 3228, 5426, 12650, 12212, 12698, 12210]",2026-03-29T08:47:08
115,Maldives,2009,https://national-football-teams.com/country/115/2009/Maldives.html,1.71m,25.9,10,"[5045, 37851, 3237, 3239, 3242, 11930, 12053, 35451, 12023, 35452]",2026-03-29T08:47:13
115,Maldives,2010,https://national-football-teams.com/country/115/2010/Maldives.html,1.73m,25,1,[7211],2026-03-29T08:47:18
115,Maldives,2011,https://national-football-teams.com/country/115/2011/Maldives.html,1.71m,26.4,16,"[4867, 6194, 7450, 10275, 10302, 10301, 9927, 9780, 3943, 3961, 10115, 10300, 10154, 10183, 10132, 9771]",2026-03-29T08:47:22
115,Maldives,2012,https://national-football-teams.com/country/115/2012/Maldives.html,1.74m,24.8,8,"[5872, 9572, 9431, 9571, 9429, 9106, 9570, 20685]",2026-03-29T08:47:28
115,Maldives,2013,https://national-football-teams.com/country/115/2013/Maldives.html,1.73m,26.1,8,"[9449, 9456, 7937, 7936, 8712, 8719, 8731, 8799]",2026-03-29T08:47:34
115,Maldives,2014,https://national-football-teams.com/country/115/2014/Maldives.html,1.73m,27.1,6,"[10465, 10542, 10552, 10568, 10604, 10607]",2026-03-29T08:47:38
115,Maldives,2015,https://national-football-teams.com/country/115/2015/Maldives.html,1.72m,25.4,15,"[13436, 13438, 13441, 12806, 13168, 13286, 13869, 13779, 13960, 14059, 14140, 14416, 14419, 14423, 14424]",2026-03-29T08:47:43
115,Maldives,2016,https://national-football-teams.com/country/115/2016/Maldives.html,1.73m,25.6,9,"[14473, 14607, 14868, 14948, 15425, 15533, 15787, 15821, 15938]",2026-03-29T08:47:47
115,Maldives,2017,https://national-football-teams.com/country/115/2017/Maldives.html,1.71m,26.4,6,"[17125, 17622, 17723, 18163, 18432, 18540]",2026-03-29T08:47:52
115,Maldives,2018,https://national-football-teams.com/country/115/2018/Maldives.html,1.71m,24.7,7,"[19474, 19747, 20580, 20631, 20925, 20927, 21046]",2026-03-29T08:47:56
115,Maldives,2019,https://national-football-teams.com/country/115/2019/Maldives.html,1.73m,24.3,8,"[23704, 23706, 23709, 23849, 23965, 24154, 24369, 24494]",2026-03-29T08:48:01
115,Maldives,2020,https://national-football-teams.com/country/115/2020/Maldives.html,0m,0,0,[],2026-03-29T08:48:04
115,Maldives,2021,https://national-football-teams.com/country/115/2021/Maldives.html,1.72m,27.7,10,"[31035, 31099, 31135, 32056, 32091, 32140, 32206, 32451, 32507, 32557]",2026-03-29T08:48:08
115,Maldives,2022,https://national-football-teams.com/country/115/2022/Maldives.html,1.7m,26.6,8,"[34140, 34786, 34854, 34909, 35281, 35332, 35887, 35889]",2026-03-29T08:48:12
115,Maldives,2023,https://national-football-teams.com/country/115/2023/Maldives.html,1.7m,27.2,6,"[36541, 37038, 37044, 37054, 37471, 37585]",2026-03-29T08:48:16
115,Maldives,2024,https://national-football-teams.com/country/115/2024/Maldives.html,1.68m,26.6,2,"[40104, 40245]",2026-03-29T08:48:21
115,Maldives,2025,https://national-football-teams.com/country/115/2025/Maldives.html,1.69m,27.4,9,"[41011, 41137, 41779, 41701, 42275, 42276, 42368, 42486, 42760]",2026-03-29T08:48:26
115,Maldives,2026,https://national-football-teams.com/country/115/2026/Maldives.html,1.69m,28.4,0,[],2026-03-29T08:48:31
123,Mongolia,1995,https://national-football-teams.com/country/123/1995/Mongolia.html,0m,0,0,[],2026-03-29T08:48:34
123,Mongolia,1996,https://national-football-teams.com/country/123/1996/Mongolia.html,0m,0,0,[],2026-03-29T08:48:37
123,Mongolia,1997,https://national-football-teams.com/country/123/1997/Mongolia.html,0m,0,0,[],2026-03-29T08:48:41
123,Mongolia,1998,https://national-football-teams.com/country/123/1998/Mongolia.html,0m,0,2,"[25178, 25208]",2026-03-29T08:48:45
123,Mongolia,1999,https://national-football-teams.com/country/123/1999/Mongolia.html,0m,0,0,[],2026-03-29T08:48:48
123,Mongolia,2000,https://national-football-teams.com/country/123/2000/Mongolia.html,1.77m,25,4,"[23317, 23401, 22815, 22292]",2026-03-29T08:48:54
123,Mongolia,2001,https://national-football-teams.com/country/123/2001/Mongolia.html,1.78m,26.5,7,"[22105, 21370, 21999, 22081, 21373, 22001, 22082]",2026-03-29T08:48:58
123,Mongolia,2002,https://national-football-teams.com/country/123/2002/Mongolia.html,0m,0,0,[],2026-03-29T08:49:01
123,Mongolia,2003,https://national-football-teams.com/country/123/2003/Mongolia.html,1.78m,22.2,8,"[1421, 1422, 19306, 19290, 19281, 19247, 71, 72]",2026-03-29T08:49:05
123,Mongolia,2004,https://national-football-teams.com/country/123/2004/Mongolia.html,0m,0,0,[],2026-03-29T08:49:08
123,Mongolia,2005,https://national-football-teams.com/country/123/2005/Mongolia.html,1.79m,24.6,4,"[17413, 17527, 17528, 17445]",2026-03-29T08:49:12
123,Mongolia,2006,https://national-football-teams.com/country/123/2006/Mongolia.html,0m,0,0,[],2026-03-29T08:49:17
123,Mongolia,2007,https://national-football-teams.com/country/123/2007/Mongolia.html,1.76m,23.6,5,"[14454, 13834, 14453, 2476, 2477]",2026-03-29T08:49:21
123,Mongolia,2008,https://national-football-teams.com/country/123/2008/Mongolia.html,0m,0,0,[],2026-03-29T08:49:24
123,Mongolia,2009,https://national-football-teams.com/country/123/2009/Mongolia.html,1.78m,24.7,5,"[12105, 12104, 12103, 3229, 3230]",2026-03-29T08:50:30
123,Mongolia,2010,https://national-football-teams.com/country/123/2010/Mongolia.html,0m,0,0,[],2026-03-29T08:50:34
123,Mongolia,2011,https://national-football-teams.com/country/123/2011/Mongolia.html,1.77m,23.9,4,"[9984, 9983, 3921, 3925]",2026-03-29T08:50:38
123,Mongolia,2012,https://national-football-teams.com/country/123/2012/Mongolia.html,0m,0,0,[],2026-03-29T08:50:41
123,Mongolia,2013,https://national-football-teams.com/country/123/2013/Mongolia.html,1.78m,23.8,3,"[4600, 4601, 4603]",2026-03-29T08:50:45
123,Mongolia,2014,https://national-football-teams.com/country/123/2014/Mongolia.html,1.77m,24,3,"[11167, 11163, 11166]",2026-03-29T08:50:49
123,Mongolia,2015,https://national-football-teams.com/country/123/2015/Mongolia.html,1.76m,24,2,"[12663, 12686]",2026-03-29T08:50:54
123,Mongolia,2016,https://national-football-teams.com/country/123/2016/Mongolia.html,1.77m,23.8,6,"[15596, 15600, 15601, 15961, 15967, 15980]",2026-03-29T08:50:58
123,Mongolia,2017,https://national-football-teams.com/country/123/2017/Mongolia.html,1.76m,23.2,1,[18330],2026-03-29T08:51:02
123,Mongolia,2018,https://national-football-teams.com/country/123/2018/Mongolia.html,1.77m,23.8,10,"[19466, 19554, 20528, 20533, 20544, 20815, 20909, 21172, 21175, 21199]",2026-03-29T08:51:06
123,Mongolia,2019,https://national-football-teams.com/country/123/2019/Mongolia.html,1.79m,24.6,8,"[23180, 23279, 23851, 23974, 24163, 24282, 24405, 24504]",2026-03-29T08:51:11
123,Mongolia,2020,https://national-football-teams.com/country/123/2020/Mongolia.html,0m,0,0,[],2026-03-29T08:51:14
123,Mongolia,2021,https://national-football-teams.com/country/123/2021/Mongolia.html,1.77m,24.6,3,"[30255, 30369, 31032]",2026-03-29T08:51:17
123,Mongolia,2022,https://national-football-teams.com/country/123/2022/Mongolia.html,1.77m,24.8,5,"[34131, 34223, 34787, 34850, 34910]",2026-03-29T08:51:22
123,Mongolia,2023,https://national-football-teams.com/country/123/2023/Mongolia.html,1.78m,24.1,6,"[36526, 36877, 36887, 36968, 37475, 37579]",2026-03-29T08:51:25
123,Mongolia,2024,https://national-football-teams.com/country/123/2024/Mongolia.html,1.78m,24.4,8,"[38658, 38688, 39062, 39134, 39349, 39494, 40246, 40286]",2026-03-29T08:51:29
123,Mongolia,2025,https://national-football-teams.com/country/123/2025/Mongolia.html,1.78m,25.4,0,[],2026-03-29T08:51:34
123,Mongolia,2026,https://national-football-teams.com/country/123/2026/Mongolia.html,1.78m,26.4,0,[],2026-03-29T08:51:38
128,Nepal,1995,https://national-football-teams.com/country/128/1995/Nepal.html,1.71m,24.4,7,"[27921, 27935, 27949, 27953, 27932, 27952, 27948]",2026-03-29T08:51:41
128,Nepal,1996,https://national-football-teams.com/country/128/1996/Nepal.html,1.71m,27,6,"[26639, 26643, 27145, 27146, 27238, 27239]",2026-03-29T08:51:45
128,Nepal,1997,https://national-football-teams.com/country/128/1997/Nepal.html,1.71m,24.8,8,"[26485, 26494, 26475, 26368, 25757, 26370, 25759, 26476]",2026-03-29T08:51:50
128,Nepal,1998,https://national-football-teams.com/country/128/1998/Nepal.html,1.71m,20.6,3,"[25395, 25570, 25124]",2026-03-29T08:51:54
128,Nepal,1999,https://national-football-teams.com/country/128/1999/Nepal.html,1.71m,20.3,9,"[24882, 24931, 24932, 24934, 24941, 24953, 24938, 24909, 24912]",2026-03-29T08:51:59
128,Nepal,2000,https://national-football-teams.com/country/128/2000/Nepal.html,1.71m,20.6,4,"[22446, 22949, 23118, 23421]",2026-03-29T08:52:01
128,Nepal,2001,https://national-football-teams.com/country/128/2001/Nepal.html,1.71m,22.8,6,"[22086, 21500, 22103, 22088, 21503, 22104]",2026-03-29T08:52:05
128,Nepal,2002,https://national-football-teams.com/country/128/2002/Nepal.html,0m,0,0,[],2026-03-29T08:52:10
128,Nepal,2003,https://national-football-teams.com/country/128/2003/Nepal.html,1.7m,23.9,11,"[1412, 19287, 19288, 19277, 1413, 1473, 1476, 1477, 1479, 1482, 1484]",2026-03-29T08:52:14
128,Nepal,2004,https://national-football-teams.com/country/128/2004/Nepal.html,0m,0,0,[],2026-03-29T08:52:17
128,Nepal,2005,https://national-football-teams.com/country/128/2005/Nepal.html,1.69m,22,3,"[17347, 17459, 17436]",2026-03-29T08:52:21
128,Nepal,2006,https://national-football-teams.com/country/128/2006/Nepal.html,1.68m,22.9,4,"[16973, 16974, 16975, 16976]",2026-03-29T08:52:24
128,Nepal,2007,https://national-football-teams.com/country/128/2007/Nepal.html,1.69m,23.6,2,"[2478, 2479]",2026-03-29T08:52:30
128,Nepal,2008,https://national-football-teams.com/country/128/2008/Nepal.html,1.7m,22.4,13,"[4682, 5027, 6147, 12649, 3279, 3280, 12214, 12650, 12628, 3289, 3291, 3293, 12280]",2026-03-29T08:52:35
128,Nepal,2009,https://national-football-teams.com/country/128/2009/Nepal.html,1.71m,21.8,8,"[4830, 42113, 42114, 3243, 3244, 11930, 35449, 11929]",2026-03-29T08:52:40
128,Nepal,2010,https://national-football-teams.com/country/128/2010/Nepal.html,0m,0,0,[],2026-03-29T08:52:43
128,Nepal,2011,https://national-football-teams.com/country/128/2011/Nepal.html,1.71m,22,14,"[10159, 10158, 10157, 10156, 10155, 3917, 3924, 3938, 3948, 9976, 10154, 10133, 10153, 10152]",2026-03-29T08:52:46
128,Nepal,2012,https://national-football-teams.com/country/128/2012/Nepal.html,1.72m,22.8,8,"[9432, 9431, 9430, 9429, 20684, 9105, 9428, 9308]",2026-03-29T08:52:52
128,Nepal,2013,https://national-football-teams.com/country/128/2013/Nepal.html,1.7m,22.8,10,"[7939, 7938, 4606, 4608, 4610, 8709, 8716, 8724, 8798, 9389]",2026-03-29T08:52:57
128,Nepal,2014,https://national-football-teams.com/country/128/2014/Nepal.html,1.71m,23.1,4,"[10217, 10377, 10720, 11650]",2026-03-29T08:53:01
128,Nepal,2015,https://national-football-teams.com/country/128/2015/Nepal.html,1.71m,23.3,6,"[12667, 12687, 13660, 14856, 14415, 14421]",2026-03-29T08:53:04
128,Nepal,2016,https://national-football-teams.com/country/128/2016/Nepal.html,1.72m,22.1,8,"[14605, 14606, 14607, 15391, 15964, 15974, 16026, 16080]",2026-03-29T08:53:08
128,Nepal,2017,https://national-football-teams.com/country/128/2017/Nepal.html,1.74m,23.2,6,"[17118, 17619, 17726, 18156, 18435, 18543]",2026-03-29T08:53:13
128,Nepal,2018,https://national-football-teams.com/country/128/2018/Nepal.html,1.73m,23,7,"[19751, 20530, 20545, 20605, 20925, 20756, 20760]",2026-03-29T08:53:17
128,Nepal,2019,https://national-football-teams.com/country/128/2019/Nepal.html,1.72m,24.6,10,"[22539, 22632, 23155, 23196, 23864, 23966, 24155, 24274, 24351, 24496]",2026-03-29T08:53:22
128,Nepal,2020,https://national-football-teams.com/country/128/2020/Nepal.html,1.71m,24.1,2,"[28953, 29028]",2026-03-29T08:53:27
128,Nepal,2021,https://national-football-teams.com/country/128/2021/Nepal.html,1.71m,23.7,14,"[32902, 30318, 32595, 30929, 30962, 31031, 31090, 31724, 31772, 32056, 32059, 32141, 32207, 32217]",2026-03-29T08:53:31
128,Nepal,2022,https://national-football-teams.com/country/128/2022/Nepal.html,1.72m,24,11,"[35384, 35385, 33207, 33251, 34139, 35383, 34782, 34847, 34905, 35411, 35527]",2026-03-29T08:53:36
128,Nepal,2023,https://national-football-teams.com/country/128/2023/Nepal.html,1.74m,24.6,13,"[36626, 36640, 36641, 36969, 37036, 37041, 37050, 37445, 38554, 37469, 37581, 37654, 37799]",2026-03-29T08:53:41
128,Nepal,2024,https://national-football-teams.com/country/128/2024/Nepal.html,1.76m,24.1,6,"[38621, 38764, 39021, 39155, 40017, 40229]",2026-03-29T08:53:47
128,Nepal,2025,https://national-football-teams.com/country/128/2025/Nepal.html,1.75m,24.5,9,"[41055, 41139, 41586, 41699, 42191, 42366, 42481, 42672, 42761]",2026-03-29T08:53:52
128,Nepal,2026,https://national-football-teams.com/country/128/2026/Nepal.html,1.75m,25.5,0,[],2026-03-29T08:53:57
136,North_Korea,1995,https://national-football-teams.com/country/136/1995/North_Korea.html,0m,0,0,[],2026-03-29T08:54:59
136,North_Korea,1996,https://national-football-teams.com/country/136/1996/North_Korea.html,0m,0,0,[],2026-03-29T08:55:05
136,North_Korea,1997,https://national-football-teams.com/country/136/1997/North_Korea.html,0m,0,0,[],2026-03-29T08:55:09
136,North_Korea,1998,https://national-football-teams.com/country/136/1998/North_Korea.html,0m,22,5,"[25171, 25209, 25280, 25306, 25307]",2026-03-29T08:55:14
136,North_Korea,1999,https://national-football-teams.com/country/136/1999/North_Korea.html,0m,25,1,[24080],2026-03-29T08:55:19
136,North_Korea,2000,https://national-football-teams.com/country/136/2000/North_Korea.html,1.81m,22.7,9,"[5054, 5924, 6432, 6433, 22696, 22834, 22835, 22693, 22833]",2026-03-29T08:55:22
136,North_Korea,2001,https://national-football-teams.com/country/136/2001/North_Korea.html,1.82m,19.4,6,"[5405, 5406, 5631, 21327, 21378, 21317]",2026-03-29T08:55:27
136,North_Korea,2002,https://national-football-teams.com/country/136/2002/North_Korea.html,1.81m,20.7,6,"[5624, 20010, 20011, 20008, 20009, 20012]",2026-03-29T08:55:30
136,North_Korea,2003,https://national-football-teams.com/country/136/2003/North_Korea.html,1.8m,20.4,12,"[5149, 5623, 19022, 19020, 1423, 1424, 1461, 1465, 1466, 1467, 1469, 1472]",2026-03-29T08:55:34
136,North_Korea,2004,https://national-football-teams.com/country/136/2004/North_Korea.html,1.77m,22.7,6,"[125, 131, 133, 134, 126, 132]",2026-03-29T08:55:40
136,North_Korea,2005,https://national-football-teams.com/country/136/2005/North_Korea.html,1.77m,22.1,19,"[5143, 5605, 5621, 17453, 17546, 27194, 185, 17527, 17444, 17416, 191, 195, 196, 186, 17259, 17312, 17366, 17313, 192]",2026-03-29T08:55:43
136,North_Korea,2006,https://national-football-teams.com/country/136/2006/North_Korea.html,0m,0,1,[14619],2026-03-29T08:55:47
136,North_Korea,2007,https://national-football-teams.com/country/136/2007/North_Korea.html,1.77m,21.1,11,"[13465, 13535, 13562, 13623, 13648, 13834, 14455, 13489, 13524, 2476, 2477]",2026-03-29T08:55:51
136,North_Korea,2008,https://national-football-teams.com/country/136/2008/North_Korea.html,1.77m,21.6,21,"[5970, 2518, 12317, 12360, 12453, 2520, 2523, 2524, 2526, 2528, 3288, 3291, 3292, 3295, 3296, 5602, 2574, 2576, 2579, 5603, 5604]",2026-03-29T08:55:57
136,North_Korea,2009,https://national-football-teams.com/country/136/2009/North_Korea.html,1.78m,22.9,13,"[4872, 2582, 2584, 2586, 2588, 2593, 12122, 11965, 12042, 12130, 12017, 12126, 12006]",2026-03-29T08:56:00
136,North_Korea,2010,https://national-football-teams.com/country/136/2010/North_Korea.html,1.78m,22.9,23,"[7221, 7222, 7257, 7289, 7321, 10933, 3259, 3260, 3262, 7864, 7866, 10948, 10947, 10735, 10456, 11091, 10919, 10750, 2226, 2228, 2230, 7158, 7162]",2026-03-29T08:56:05
136,North_Korea,2011,https://national-football-teams.com/country/136/2011/North_Korea.html,1.78m,23.3,16,"[7320, 7516, 10281, 5873, 10109, 9958, 10282, 10267, 10156, 10285, 10071, 3987, 3989, 3991, 3993, 3994]",2026-03-29T08:56:10
136,North_Korea,2012,https://national-football-teams.com/country/136/2012/North_Korea.html,1.77m,22.8,12,"[6534, 3996, 8937, 9648, 9108, 9643, 9749, 8889, 9411, 9635, 8526, 9206]",2026-03-29T08:56:15
136,North_Korea,2013,https://national-football-teams.com/country/136/2013/North_Korea.html,1.78m,20.2,6,"[6274, 8130, 8774, 12427, 7899, 6271]",2026-03-29T08:56:19
136,North_Korea,2014,https://national-football-teams.com/country/136/2014/North_Korea.html,1.77m,22.3,7,"[11665, 9917, 11664, 11668, 11796, 11798, 11801]",2026-03-29T08:56:24
136,North_Korea,2015,https://national-football-teams.com/country/136/2015/North_Korea.html,1.78m,24.1,15,"[12179, 12225, 12239, 13051, 13065, 13169, 13281, 13439, 13495, 13504, 13674, 13959, 14050, 14149, 14213]",2026-03-29T08:56:28
136,North_Korea,2016,https://national-football-teams.com/country/136/2016/North_Korea.html,1.78m,23.4,9,"[14939, 15692, 15694, 15695, 15831, 15910, 15968, 15981, 16029]",2026-03-29T08:56:31
136,North_Korea,2017,https://national-football-teams.com/country/136/2017/North_Korea.html,1.78m,24.2,10,"[17712, 17719, 17981, 18155, 18428, 18466, 18535, 18749, 18750, 18752]",2026-03-29T08:56:34
136,North_Korea,2018,https://national-football-teams.com/country/136/2018/North_Korea.html,1.79m,25,7,"[19725, 20845, 21172, 21174, 21200, 21699, 21713]",2026-03-29T08:56:38
136,North_Korea,2019,https://national-football-teams.com/country/136/2019/North_Korea.html,1.79m,25.3,13,"[21796, 21860, 21934, 23201, 23660, 23662, 23663, 23665, 23850, 23978, 24286, 24383, 24509]",2026-03-29T08:56:41
136,North_Korea,2020,https://national-football-teams.com/country/136/2020/North_Korea.html,0m,0,0,[],2026-03-29T08:56:44
136,North_Korea,2021,https://national-football-teams.com/country/136/2021/North_Korea.html,0m,0,0,[],2026-03-29T08:56:49
136,North_Korea,2022,https://national-football-teams.com/country/136/2022/North_Korea.html,0m,0,0,[],2026-03-29T08:56:52
136,North_Korea,2023,https://national-football-teams.com/country/136/2023/North_Korea.html,1.78m,24.8,2,"[37658, 37800]",2026-03-29T08:56:56
136,North_Korea,2024,https://national-football-teams.com/country/136/2024/North_Korea.html,1.77m,24.8,12,"[39329, 39330, 38616, 38756, 39028, 39154, 39350, 39499, 39553, 39686, 40059, 40189]",2026-03-29T08:57:01
136,North_Korea,2025,https://national-football-teams.com/country/136/2025/North_Korea.html,1.78m,23.5,6,"[40988, 40742, 41024, 41143, 41596, 41711]",2026-03-29T08:57:04
136,North_Korea,2026,https://national-football-teams.com/country/136/2026/North_Korea.html,1.78m,24.5,0,[],2026-03-29T08:57:09
139,Oman,1995,https://national-football-teams.com/country/139/1995/Oman.html,0m,0,0,[],2026-03-29T08:57:14
139,Oman,1996,https://national-football-teams.com/country/139/1996/Oman.html,1.81m,21.9,28,"[19713, 26700, 26725, 26726, 26735, 26752, 26753, 26807, 26935, 26936, 27027, 27038, 27039, 27065, 27066, 27140, 27141, 27142, 27143, 27144, 27145, 27146, 27147, 26641, 26644, 27028, 26892, 26769]",2026-03-29T08:57:19
139,Oman,1997,https://national-football-teams.com/country/139/1997/Oman.html,1.86m,20,10,"[26218, 26270, 26304, 26356, 25755, 26368, 26369, 26370, 26371, 25760]",2026-03-29T08:57:23
139,Oman,1998,https://national-football-teams.com/country/139/1998/Oman.html,1.76m,19.6,18,"[5286, 6305, 7588, 7602, 25018, 25098, 25315, 25319, 25320, 25339, 25397, 25108, 25246, 25278, 25068, 25176, 25410, 25411]",2026-03-29T08:57:28
139,Oman,1999,https://national-football-teams.com/country/139/1999/Oman.html,1.78m,19.4,12,"[5580, 6181, 6182, 6183, 23793, 23796, 24605, 24739, 24684, 24740, 24622, 24585]",2026-03-29T08:57:31
139,Oman,2000,https://national-football-teams.com/country/139/2000/Oman.html,1.77m,19.9,10,"[5928, 6225, 6227, 6228, 6229, 22995, 22996, 22964, 22997, 22670]",2026-03-29T08:57:36
139,Oman,2001,https://national-football-teams.com/country/139/2001/Oman.html,1.77m,20.4,30,"[5158, 5734, 5737, 6211, 6212, 6213, 6214, 6215, 6216, 6217, 6218, 6221, 6223, 6224, 21798, 21799, 21800, 21801, 21732, 21733, 21505, 21114, 21427, 21319, 21615, 21639, 21431, 21323, 21617, 21640]",2026-03-29T08:57:41
139,Oman,2002,https://national-football-teams.com/country/139/2002/Oman.html,1.78m,21.1,7,"[6210, 19913, 20077, 20023, 19949, 19886, 20045]",2026-03-29T08:57:45
139,Oman,2003,https://national-football-teams.com/country/139/2003/Oman.html,1.75m,20.3,15,"[6204, 6205, 19057, 19060, 1473, 1475, 1478, 1479, 1481, 1483, 19058, 19059, 19042, 19061, 19000]",2026-03-29T08:57:51
139,Oman,2004,https://national-football-teams.com/country/139/2004/Oman.html,1.75m,21.6,25,"[5434, 5435, 6203, 18289, 18288, 17942, 18247, 17885, 103, 105, 18290, 111, 16407, 16409, 16411, 112, 18254, 104, 106, 6202, 18256, 18240, 18249, 18291, 18251]",2026-03-29T08:57:57
139,Oman,2005,https://national-football-teams.com/country/139/2005/Oman.html,1.74m,21.3,7,"[17430, 27192, 27193, 27194, 6199, 17465, 17466]",2026-03-29T08:58:02
139,Oman,2006,https://national-football-teams.com/country/139/2006/Oman.html,1.75m,22.3,10,"[6195, 16999, 1568, 1570, 1571, 6197, 1573, 1576, 6198, 1577]",2026-03-29T08:58:08
139,Oman,2007,https://national-football-teams.com/country/139/2007/Oman.html,1.76m,21.7,20,"[6185, 6186, 6187, 6189, 13623, 5962, 13542, 13620, 13625, 13624, 13538, 13478, 13563, 1510, 1511, 1513, 13584, 2478, 2479, 6188]",2026-03-29T08:58:12
139,Oman,2008,https://national-football-teams.com/country/139/2008/Oman.html,1.75m,23.1,24,"[6166, 6170, 6175, 12622, 12438, 6164, 2508, 6165, 2510, 6167, 6168, 6169, 2511, 2513, 2516, 2506, 6178, 5373, 6171, 12321, 6173, 6174, 6176, 6177]",2026-03-29T08:58:15
139,Oman,2009,https://national-football-teams.com/country/139/2009/Oman.html,1.76m,22.5,18,"[5063, 6306, 12037, 12064, 4875, 12013, 11979, 3185, 3187, 11564, 11854, 12066, 12010, 3189, 3191, 11567, 11863, 6923]",2026-03-29T08:58:21
139,Oman,2010,https://national-football-teams.com/country/139/2010/Oman.html,1.76m,23.3,17,"[7175, 11112, 43465, 3193, 10940, 3196, 7039, 11114, 7140, 7176, 11113, 10930, 10771, 11111, 11110, 10952, 11100]",2026-03-29T08:58:24
139,Oman,2011,https://national-football-teams.com/country/139/2011/Oman.html,1.77m,23.5,16,"[7553, 9896, 10235, 10196, 10310, 3944, 3947, 10233, 3998, 4001, 4002, 7601, 4004, 4007, 10309, 10232]",2026-03-29T08:58:28
139,Oman,2012,https://national-football-teams.com/country/139/2012/Oman.html,1.75m,23.3,21,"[6270, 9588, 9582, 9111, 4009, 9285, 4036, 4039, 4041, 8542, 9586, 9440, 4044, 9565, 4046, 9281, 9477, 9587, 9506, 9576, 9445]",2026-03-29T08:58:32
139,Oman,2013,https://national-football-teams.com/country/139/2013/Oman.html,1.75m,23.4,17,"[7948, 7927, 7910, 7839, 4569, 7944, 4049, 7951, 7992, 8026, 8175, 8667, 8985, 9041, 9379, 9513, 9522]",2026-03-29T08:59:38
139,Oman,2014,https://national-football-teams.com/country/139/2014/Oman.html,1.78m,25.6,16,"[11671, 9671, 9736, 10002, 10602, 10610, 11144, 11280, 11415, 11440, 11710, 11747, 11805, 11806, 11886, 12168]",2026-03-29T08:59:44
139,Oman,2015,https://national-football-teams.com/country/139/2015/Oman.html,1.77m,25.8,17,"[13952, 12172, 12178, 12201, 12204, 12807, 12861, 13103, 13141, 13164, 13652, 13672, 13776, 13968, 14057, 14163, 14222]",2026-03-29T08:59:49
139,Oman,2016,https://national-football-teams.com/country/139/2016/Oman.html,1.77m,25.2,8,"[14875, 14946, 15688, 15710, 15864, 15942, 15991, 16046]",2026-03-29T08:59:54
139,Oman,2017,https://national-football-teams.com/country/139/2017/Oman.html,1.77m,25.3,12,"[17123, 17597, 17724, 18068, 18163, 18532, 18432, 18539, 18755, 18766, 18781, 18785]",2026-03-29T08:59:58
139,Oman,2018,https://national-football-teams.com/country/139/2018/Oman.html,1.77m,26,13,"[18788, 18833, 19732, 20676, 20664, 20846, 20915, 21193, 21261, 21552, 21553, 21709, 21714]",2026-03-29T09:00:02
139,Oman,2019,https://national-football-teams.com/country/139/2019/Oman.html,1.77m,26.2,17,"[41408, 21823, 21861, 21936, 21992, 22526, 22607, 24015, 23859, 24003, 24162, 24281, 24378, 24503, 24553, 24557, 24562]",2026-03-29T09:00:07
139,Oman,2020,https://national-football-teams.com/country/139/2020/Oman.html,0m,0,0,[],2026-03-29T09:00:11
139,Oman,2021,https://national-football-teams.com/country/139/2021/Oman.html,1.78m,26.3,19,"[31497, 32902, 30198, 30288, 30927, 31034, 31089, 31124, 31182, 31712, 31808, 32069, 32182, 32463, 32564, 32645, 32688, 32700, 32736]",2026-03-29T09:00:15
139,Oman,2022,https://national-football-teams.com/country/139/2022/Oman.html,1.79m,26.9,12,"[35914, 33190, 33237, 34107, 34211, 35383, 34818, 35308, 37191, 35534, 35593, 35913]",2026-03-29T09:00:19
139,Oman,2023,https://national-football-teams.com/country/139/2023/Oman.html,1.78m,27.6,15,"[35919, 35961, 35967, 36029, 36031, 36562, 36882, 36892, 37070, 37016, 37379, 37392, 37663, 37801, 37855]",2026-03-29T09:00:23
139,Oman,2024,https://national-football-teams.com/country/139/2024/Oman.html,1.78m,27.3,19,"[37872, 38041, 38144, 38179, 38614, 38757, 39025, 39153, 39356, 39498, 39556, 39688, 40056, 40192, 40322, 40400, 40404, 40410, 40416]",2026-03-29T09:00:29
139,Oman,2025,https://national-football-teams.com/country/139/2025/Oman.html,1.79m,27,20,"[41770, 40422, 40987, 41018, 41147, 41534, 41595, 41707, 42106, 42118, 42159, 42215, 42349, 42424, 42833, 42743, 42788, 42794, 42810, 42817]",2026-03-29T09:00:32
139,Oman,2026,https://national-football-teams.com/country/139/2026/Oman.html,1.79m,28,0,[],2026-03-29T09:00:38
140,Pakistan,1995,https://national-football-teams.com/country/140/1995/Pakistan.html,1.71m,23.8,2,"[27931, 27952]",2026-03-29T09:00:43
140,Pakistan,1996,https://national-football-teams.com/country/140/1996/Pakistan.html,1.74m,22.4,2,"[26672, 27059]",2026-03-29T09:00:46
140,Pakistan,1997,https://national-football-teams.com/country/140/1997/Pakistan.html,1.74m,24.1,8,"[26450, 26484, 26487, 26494, 26122, 26021, 26123, 26023]",2026-03-29T09:00:49
140,Pakistan,1998,https://national-football-teams.com/country/140/1998/Pakistan.html,0m,0,0,[],2026-03-29T09:00:55
140,Pakistan,1999,https://national-football-teams.com/country/140/1999/Pakistan.html,1.79m,23.8,5,"[24880, 24941, 24942, 24908, 24877]",2026-03-29T09:00:59
140,Pakistan,2000,https://national-football-teams.com/country/140/2000/Pakistan.html,1.74m,24.8,4,"[22727, 22864, 22891, 23101]",2026-03-29T09:01:03
140,Pakistan,2001,https://national-football-teams.com/country/140/2001/Pakistan.html,1.75m,22.3,6,"[21897, 21755, 22096, 21899, 21758, 22097]",2026-03-29T09:01:07
140,Pakistan,2002,https://national-football-teams.com/country/140/2002/Pakistan.html,1.73m,23.1,4,"[4908, 5142, 7310, 20459]",2026-03-29T09:01:13
140,Pakistan,2003,https://national-football-teams.com/country/140/2003/Pakistan.html,1.73m,24.1,9,"[19254, 19270, 19260, 19271, 19258, 1417, 1419, 73, 74]",2026-03-29T09:01:18
140,Pakistan,2004,https://national-football-teams.com/country/140/2004/Pakistan.html,0m,0,0,[],2026-03-29T09:01:21
140,Pakistan,2005,https://national-football-teams.com/country/140/2005/Pakistan.html,1.74m,21.5,9,"[17438, 17439, 17440, 17344, 17345, 17346, 17437, 1542, 1541]",2026-03-29T09:01:25
140,Pakistan,2006,https://national-football-teams.com/country/140/2006/Pakistan.html,1.73m,20.9,10,"[16969, 1567, 1569, 16970, 16971, 16972, 1571, 1573, 1575, 1578]",2026-03-29T09:01:28
140,Pakistan,2007,https://national-football-teams.com/country/140/2007/Pakistan.html,1.76m,22.6,2,"[2452, 2453]",2026-03-29T09:01:32
140,Pakistan,2008,https://national-football-teams.com/country/140/2008/Pakistan.html,1.75m,22.7,9,"[5027, 6147, 3265, 3266, 3268, 5426, 12213, 12628, 4644]",2026-03-29T09:01:37
140,Pakistan,2009,https://national-football-teams.com/country/140/2009/Pakistan.html,1.75m,24,8,"[11922, 42113, 3247, 3248, 3250, 37436, 11576, 11921]",2026-03-29T09:01:40
140,Pakistan,2010,https://national-football-teams.com/country/140/2010/Pakistan.html,0m,0,0,[],2026-03-29T09:01:45
140,Pakistan,2011,https://national-football-teams.com/country/140/2011/Pakistan.html,1.74m,22.3,10,"[10187, 10186, 10185, 9782, 10184, 3920, 3931, 10134, 10183, 10153]",2026-03-29T09:01:50
140,Pakistan,2012,https://national-football-teams.com/country/140/2012/Pakistan.html,1.78m,23,1,[9089],2026-03-29T09:01:55
140,Pakistan,2013,https://national-football-teams.com/country/140/2013/Pakistan.html,1.76m,23,13,"[9046, 7939, 7938, 7937, 7936, 4593, 4596, 4597, 8700, 8710, 8716, 8727, 9047]",2026-03-29T09:01:58
140,Pakistan,2014,https://national-football-teams.com/country/140/2014/Pakistan.html,1.75m,20.3,3,"[9916, 10718, 11487]",2026-03-29T09:02:03
140,Pakistan,2015,https://national-football-teams.com/country/140/2015/Pakistan.html,1.75m,21.7,3,"[12404, 12668, 12721]",2026-03-29T09:02:09
140,Pakistan,2016,https://national-football-teams.com/country/140/2016/Pakistan.html,0m,0,0,[],2026-03-29T09:02:13
140,Pakistan,2017,https://national-football-teams.com/country/140/2017/Pakistan.html,0m,0,0,[],2026-03-29T09:02:18
140,Pakistan,2018,https://national-football-teams.com/country/140/2018/Pakistan.html,1.77m,24,6,"[21554, 20530, 20546, 20604, 20926, 21191]",2026-03-29T09:02:22
140,Pakistan,2019,https://national-football-teams.com/country/140/2019/Pakistan.html,1.79m,25.4,2,"[23178, 23278]",2026-03-29T09:02:25
140,Pakistan,2020,https://national-football-teams.com/country/140/2020/Pakistan.html,0m,0,0,[],2026-03-29T09:02:30
140,Pakistan,2021,https://national-football-teams.com/country/140/2021/Pakistan.html,0m,0,0,[],2026-03-29T09:02:33
140,Pakistan,2022,https://national-football-teams.com/country/140/2022/Pakistan.html,1.8m,23.1,1,[35527],2026-03-29T09:02:37
140,Pakistan,2023,https://national-football-teams.com/country/140/2023/Pakistan.html,1.79m,23.1,11,"[36541, 36884, 36899, 37071, 37037, 37040, 37050, 37474, 37578, 37660, 37798]",2026-03-29T09:02:41
140,Pakistan,2024,https://national-football-teams.com/country/140/2024/Pakistan.html,1.79m,22.9,4,"[38613, 38760, 39027, 39146]",2026-03-29T09:02:45
140,Pakistan,2025,https://national-football-teams.com/country/140/2025/Pakistan.html,1.78m,23.6,5,"[41135, 41696, 42373, 42491, 42759]",2026-03-29T09:02:48
140,Pakistan,2026,https://national-football-teams.com/country/140/2026/Pakistan.html,1.78m,24.6,0,[],2026-03-29T09:02:53
141,Palestine,1995,https://national-football-teams.com/country/141/1995/Palestine.html,0m,0,0,[],2026-03-29T09:02:58
141,Palestine,1996,https://national-football-teams.com/country/141/1996/Palestine.html,0m,0,0,[],2026-03-29T09:03:00
141,Palestine,1997,https://national-football-teams.com/country/141/1997/Palestine.html,1.81m,23,1,[26268],2026-03-29T09:03:04
141,Palestine,1998,https://national-football-teams.com/country/141/1998/Palestine.html,1.81m,23.5,3,"[25317, 25381, 25434]",2026-03-29T09:03:10
141,Palestine,1999,https://national-football-teams.com/country/141/1999/Palestine.html,1.8m,23.3,6,"[24105, 24583, 43522, 24619, 24623, 24586]",2026-03-29T09:04:13
141,Palestine,2000,https://national-football-teams.com/country/141/2000/Palestine.html,1.81m,23.7,7,"[22725, 22890, 23101, 22863, 22794, 22350, 22861]",2026-03-29T09:04:17
141,Palestine,2001,https://national-football-teams.com/country/141/2001/Palestine.html,1.82m,24.4,6,"[22007, 21422, 21987, 22008, 21425, 21989]",2026-03-29T09:04:22
141,Palestine,2002,https://national-football-teams.com/country/141/2002/Palestine.html,1.81m,23.2,6,"[20027, 20108, 19917, 19990, 20366, 20351]",2026-03-29T09:04:27
141,Palestine,2003,https://national-football-teams.com/country/141/2003/Palestine.html,1.8m,24.5,6,"[1440, 1442, 1443, 1444, 1445, 1446]",2026-03-29T09:04:30
141,Palestine,2004,https://national-football-teams.com/country/141/2004/Palestine.html,1.81m,24.3,10,"[17781, 17782, 92, 17964, 96, 89, 18298, 98, 93, 97]",2026-03-29T09:04:36
141,Palestine,2005,https://national-football-teams.com/country/141/2005/Palestine.html,1.81m,23.1,2,"[17451, 17431]",2026-03-29T09:04:39
141,Palestine,2006,https://national-football-teams.com/country/141/2006/Palestine.html,1.78m,26,13,"[5703, 6335, 16969, 1585, 1587, 17024, 16990, 16967, 17007, 1589, 1591, 1593, 1596]",2026-03-29T09:04:42
141,Palestine,2007,https://national-football-teams.com/country/141/2007/Palestine.html,1.81m,24.7,4,"[13607, 13520, 2480, 2481]",2026-03-29T09:04:47
141,Palestine,2008,https://national-football-teams.com/country/141/2008/Palestine.html,1.8m,24.9,3,"[5369, 5967, 12499]",2026-03-29T09:04:51
141,Palestine,2009,https://national-football-teams.com/country/141/2009/Palestine.html,1.8m,23.9,6,"[12062, 3243, 3245, 12063, 6073, 11877]",2026-03-29T09:04:57
141,Palestine,2010,https://national-football-teams.com/country/141/2010/Palestine.html,1.79m,24.7,4,"[11127, 11116, 11330, 11102]",2026-03-29T09:05:01
141,Palestine,2011,https://national-football-teams.com/country/141/2011/Palestine.html,1.8m,25.3,18,"[10316, 9989, 10187, 10186, 10136, 9981, 10251, 3919, 3927, 3935, 3959, 9909, 7572, 10242, 10244, 10252, 10315, 10231]",2026-03-29T09:05:05
141,Palestine,2012,https://national-football-teams.com/country/141/2012/Palestine.html,1.79m,25.1,18,"[7626, 39299, 4906, 38425, 9432, 9644, 9571, 9643, 8932, 9443, 9481, 9253, 9642, 9641, 9579, 9478, 9280, 9587]",2026-03-29T09:05:10
141,Palestine,2013,https://national-football-teams.com/country/141/2013/Palestine.html,1.78m,25.3,10,"[7930, 7894, 4605, 4607, 4610, 7964, 7925, 8559, 9512, 9518]",2026-03-29T09:05:15
141,Palestine,2014,https://national-football-teams.com/country/141/2014/Palestine.html,1.79m,26,13,"[11236, 11272, 10541, 10551, 10568, 10603, 10623, 11349, 11487, 11669, 11674, 12085, 12089]",2026-03-29T09:05:19
141,Palestine,2015,https://national-football-teams.com/country/141/2015/Palestine.html,1.78m,25.9,10,"[12186, 12234, 12250, 13170, 13290, 13661, 13786, 13958, 14128, 14151]",2026-03-29T09:05:23
141,Palestine,2016,https://national-football-teams.com/country/141/2016/Palestine.html,1.79m,25.3,5,"[14874, 14944, 15817, 15825, 15990]",2026-03-29T09:05:28
141,Palestine,2017,https://national-football-teams.com/country/141/2017/Palestine.html,1.79m,25.1,7,"[17016, 17125, 17711, 17724, 18161, 18431, 18540]",2026-03-29T09:05:32
141,Palestine,2018,https://national-football-teams.com/country/141/2018/Palestine.html,1.8m,25.3,18,"[21554, 19754, 19732, 20150, 20152, 20443, 20520, 20537, 20665, 20758, 20760, 20762, 20814, 21191, 21275, 21679, 21712, 21794]",2026-03-29T09:05:37
141,Palestine,2019,https://national-football-teams.com/country/141/2019/Palestine.html,1.8m,25.6,13,"[21788, 21854, 21879, 23365, 23716, 23717, 23719, 24022, 23858, 23970, 24278, 24376, 24500]",2026-03-29T09:05:42
141,Palestine,2020,https://national-football-teams.com/country/141/2020/Palestine.html,1.79m,25.1,4,"[24943, 24945, 24949, 24952]",2026-03-29T09:05:47
141,Palestine,2021,https://national-football-teams.com/country/141/2021/Palestine.html,1.8m,25.5,10,"[29480, 30368, 30963, 31137, 31188, 31812, 31813, 32649, 32692, 32705]",2026-03-29T09:05:52
141,Palestine,2022,https://national-football-teams.com/country/141/2022/Palestine.html,1.8m,25.8,3,"[34787, 34851, 34912]",2026-03-29T09:05:58
141,Palestine,2023,https://national-football-teams.com/country/141/2023/Palestine.html,1.79m,26.3,7,"[36527, 36891, 37013, 37379, 37380, 37665, 37810]",2026-03-29T09:06:03
141,Palestine,2024,https://national-football-teams.com/country/141/2024/Palestine.html,1.81m,26.9,16,"[37877, 37939, 37989, 38108, 38158, 38274, 38612, 38763, 39030, 39163, 39351, 39502, 39558, 39687, 40056, 40191]",2026-03-29T09:06:08
141,Palestine,2025,https://national-football-teams.com/country/141/2025/Palestine.html,1.8m,25.5,10,"[41025, 41145, 41597, 41707, 42279, 42784, 42793, 42807, 42816, 42841]",2026-03-29T09:06:13
141,Palestine,2026,https://national-football-teams.com/country/141/2026/Palestine.html,1.8m,26.5,0,[],2026-03-29T09:06:18
146,Philippines,1995,https://national-football-teams.com/country/146/1995/Philippines.html,0m,24.9,4,"[27910, 27945, 27958, 27761]",2026-03-29T09:06:22
146,Philippines,1996,https://national-football-teams.com/country/146/1996/Philippines.html,1.78m,23.6,10,"[26845, 27013, 27176, 27227, 27245, 27074, 27096, 27217, 26890, 27240]",2026-03-29T09:06:27
146,Philippines,1997,https://national-football-teams.com/country/146/1997/Philippines.html,1.69m,25,6,"[26433, 26462, 26474, 26386, 26336, 26497]",2026-03-29T09:06:31
146,Philippines,1998,https://national-football-teams.com/country/146/1998/Philippines.html,1.69m,25,5,"[25588, 25479, 25456, 25391, 25551]",2026-03-29T09:06:36
146,Philippines,1999,https://national-football-teams.com/country/146/1999/Philippines.html,1.72m,23.7,4,"[24544, 24903, 24920, 24825]",2026-03-29T09:06:40
146,Philippines,2000,https://national-football-teams.com/country/146/2000/Philippines.html,1.74m,23.4,6,"[22415, 23072, 23422, 22976, 23320, 22703]",2026-03-29T09:06:44
146,Philippines,2001,https://national-football-teams.com/country/146/2001/Philippines.html,1.73m,24.9,7,"[5923, 21728, 21729, 21800, 21801, 22110, 22111]",2026-03-29T09:06:50
146,Philippines,2002,https://national-football-teams.com/country/146/2002/Philippines.html,1.74m,22.5,5,"[20381, 20421, 20348, 20475, 20337]",2026-03-29T09:06:56
146,Philippines,2003,https://national-football-teams.com/country/146/2003/Philippines.html,0m,0,0,[],2026-03-29T09:06:58
146,Philippines,2004,https://national-football-teams.com/country/146/2004/Philippines.html,1.73m,22.7,4,"[18580, 18581, 18582, 18319]",2026-03-29T09:07:03
146,Philippines,2005,https://national-football-teams.com/country/146/2005/Philippines.html,0m,0,0,[],2026-03-29T09:07:07
146,Philippines,2006,https://national-football-teams.com/country/146/2006/Philippines.html,1.74m,22.9,7,"[5124, 16985, 16987, 16988, 16989, 16957, 16958]",2026-03-29T09:07:10
146,Philippines,2007,https://national-football-teams.com/country/146/2007/Philippines.html,1.74m,23.7,4,"[13493, 13461, 13471, 13512]",2026-03-29T09:07:14
146,Philippines,2008,https://national-football-teams.com/country/146/2008/Philippines.html,1.75m,23.1,7,"[12473, 12474, 12475, 12476, 3271, 3272, 3274]",2026-03-29T09:07:17
146,Philippines,2009,https://national-football-teams.com/country/146/2009/Philippines.html,1.78m,23.6,3,"[3238, 3239, 3241]",2026-03-29T09:07:22
146,Philippines,2010,https://national-football-teams.com/country/146/2010/Philippines.html,1.75m,25.7,12,"[10985, 10967, 10984, 10983, 10982, 10981, 10980, 10815, 10979, 10978, 10781, 10780]",2026-03-29T09:07:26
146,Philippines,2011,https://national-football-teams.com/country/146/2011/Philippines.html,1.76m,25.7,14,"[9984, 9983, 9982, 9981, 9980, 3918, 3926, 3942, 3951, 9977, 7507, 7592, 9924, 9976]",2026-03-29T09:07:32
146,Philippines,2012,https://national-football-teams.com/country/146/2012/Philippines.html,1.76m,26.2,23,"[8930, 8938, 8937, 8936, 8935, 8933, 8932, 8931, 8890, 8929, 8928, 8927, 8926, 8925, 8923, 8921, 8920, 8919, 8918, 8917, 8916, 8915, 8914]",2026-03-29T09:07:37
146,Philippines,2013,https://national-football-teams.com/country/146/2013/Philippines.html,1.77m,26.1,9,"[8989, 9046, 5781, 4614, 4616, 8036, 8683, 9291, 9346]",2026-03-29T09:07:41
146,Philippines,2014,https://national-football-teams.com/country/146/2014/Philippines.html,1.78m,25.5,20,"[11237, 11488, 11785, 9978, 10038, 10377, 10426, 10548, 10556, 10572, 10604, 10623, 11271, 11650, 11672, 11819, 11884, 11911, 11992, 11994]",2026-03-29T09:07:45
146,Philippines,2015,https://national-football-teams.com/country/146/2015/Philippines.html,1.78m,25.8,8,"[12850, 13162, 13293, 13869, 13783, 13959, 14058, 14148]",2026-03-29T09:07:49
146,Philippines,2016,https://national-football-teams.com/country/146/2016/Philippines.html,1.76m,24.8,9,"[14871, 14939, 15816, 15861, 15910, 16073, 16087, 16091, 16098]",2026-03-29T09:07:52
146,Philippines,2017,https://national-football-teams.com/country/146/2017/Philippines.html,1.76m,24.9,10,"[17014, 17118, 17628, 17727, 18160, 18436, 18543, 18666, 18672, 18674]",2026-03-29T09:08:57
146,Philippines,2018,https://national-football-teams.com/country/146/2018/Philippines.html,1.77m,26.9,14,"[40419, 19462, 19750, 20547, 20757, 20759, 20761, 20846, 21107, 21225, 21298, 21302, 21369, 21470]",2026-03-29T09:09:02
146,Philippines,2019,https://national-football-teams.com/country/146/2019/Philippines.html,1.79m,26.8,9,"[21790, 21855, 21902, 23197, 23853, 23964, 24271, 24369, 24495]",2026-03-29T09:09:07
146,Philippines,2020,https://national-football-teams.com/country/146/2020/Philippines.html,0m,0,0,[],2026-03-29T09:09:11
146,Philippines,2021,https://national-football-teams.com/country/146/2021/Philippines.html,1.78m,26.4,7,"[31036, 31100, 31135, 32709, 32740, 32744, 32810]",2026-03-29T09:09:15
146,Philippines,2022,https://national-football-teams.com/country/146/2022/Philippines.html,1.78m,26.1,10,"[34100, 34241, 34789, 34850, 34912, 35032, 35885, 35891, 35897, 35902]",2026-03-29T09:09:20
146,Philippines,2023,https://national-football-teams.com/country/146/2023/Philippines.html,1.77m,26,11,"[37624, 37635, 35910, 36545, 36638, 36969, 36987, 37314, 37400, 37662, 37797]",2026-03-29T09:09:24
146,Philippines,2024,https://national-football-teams.com/country/146/2024/Philippines.html,1.79m,25.1,15,"[38617, 38755, 39019, 39162, 39336, 39435, 39587, 39655, 40024, 40308, 40319, 40373, 40381, 40409, 40415]",2026-03-29T09:09:29
146,Philippines,2025,https://national-football-teams.com/country/146/2025/Philippines.html,1.8m,25.2,5,"[41137, 41695, 42372, 42484, 42760]",2026-03-29T09:09:33
146,Philippines,2026,https://national-football-teams.com/country/146/2026/Philippines.html,1.8m,26.2,0,[],2026-03-29T09:09:36
150,Qatar,1995,https://national-football-teams.com/country/150/1995/Qatar.html,0m,0,0,[],2026-03-29T09:09:40
150,Qatar,1996,https://national-football-teams.com/country/150/1996/Qatar.html,1.75m,23.3,20,"[26635, 26638, 26701, 26809, 26883, 26884, 26886, 26888, 26893, 26808, 26730, 26867, 26885, 26887, 26889, 26890, 26891, 26767, 26892, 26737]",2026-03-29T09:09:43
150,Qatar,1997,https://national-football-teams.com/country/150/1997/Qatar.html,1.8m,22.8,8,"[25996, 25882, 25824, 25928, 25997, 25885, 25835, 25930]",2026-03-29T09:09:47
150,Qatar,1998,https://national-football-teams.com/country/150/1998/Qatar.html,1.78m,23,18,"[25241, 25243, 25249, 25250, 25253, 34622, 25242, 25244, 25245, 25065, 25246, 25174, 25247, 25248, 25070, 25251, 25252, 25181]",2026-03-29T09:09:53
150,Qatar,1999,https://national-football-teams.com/country/150/1999/Qatar.html,0m,0,0,[],2026-03-29T09:09:57
150,Qatar,2000,https://national-football-teams.com/country/150/2000/Qatar.html,1.76m,25,19,"[5654, 6002, 6011, 22700, 22725, 22727, 22722, 22723, 22724, 22726, 22728, 22729, 6010, 22354, 6003, 16459, 16461, 16463, 16465]",2026-03-29T09:10:02
150,Qatar,2001,https://national-football-teams.com/country/150/2001/Qatar.html,1.76m,22.6,28,"[5156, 5736, 5994, 5995, 5999, 7151, 21309, 21408, 21420, 21421, 21422, 21423, 21424, 21425, 21426, 21419, 21113, 5285, 21427, 21428, 21429, 21320, 21430, 21431, 21432, 21433, 21324, 21330]",2026-03-29T09:10:07
150,Qatar,2002,https://national-football-teams.com/country/150/2002/Qatar.html,1.75m,22.3,12,"[5153, 5624, 5976, 19914, 19947, 19948, 19949, 19950, 19887, 19951, 19952, 19920]",2026-03-29T09:10:12
150,Qatar,2003,https://national-football-teams.com/country/150/2003/Qatar.html,1.77m,22.7,15,"[5150, 5151, 5623, 19023, 18868, 5986, 1438, 1439, 1440, 1442, 1447, 1448, 18960, 19024, 18920]",2026-03-29T09:10:16
150,Qatar,2004,https://national-football-teams.com/country/150/2004/Qatar.html,1.77m,22.5,25,"[5958, 5980, 5981, 5982, 5983, 5984, 6044, 18234, 18245, 18246, 18247, 79, 83, 87, 16389, 16390, 16393, 88, 80, 84, 18239, 18248, 18249, 18250, 18251]",2026-03-29T09:10:22
150,Qatar,2005,https://national-football-teams.com/country/150/2005/Qatar.html,1.77m,21.8,4,"[17461, 17460, 17449, 17291]",2026-03-29T09:10:25
150,Qatar,2006,https://national-football-teams.com/country/150/2006/Qatar.html,1.78m,22,8,"[5960, 5963, 1598, 1600, 1601, 1603, 1606, 1607]",2026-03-29T09:10:29
150,Qatar,2007,https://national-football-teams.com/country/150/2007/Qatar.html,1.77m,23.5,16,"[5140, 13585, 5962, 13587, 13565, 13586, 13522, 1516, 1517, 1519, 13584, 13583, 2458, 2459, 13423, 13528]",2026-03-29T09:10:33
150,Qatar,2008,https://national-football-teams.com/country/150/2008/Qatar.html,1.77m,24,25,"[4865, 5964, 5967, 5968, 5970, 12503, 6320, 2494, 2497, 5965, 5966, 2499, 2500, 2503, 2505, 12498, 5374, 5237, 2554, 2557, 2558, 12494, 12357, 2561, 12660]",2026-03-29T09:10:38
150,Qatar,2009,https://national-football-teams.com/country/150/2009/Qatar.html,1.77m,23.6,20,"[11982, 11879, 12014, 12013, 4828, 12012, 2565, 2567, 5563, 12011, 2569, 2570, 12010, 12001, 12009, 12008, 12007, 11971, 11949, 12006]",2026-03-29T09:10:42
150,Qatar,2010,https://national-football-teams.com/country/150/2010/Qatar.html,1.76m,23.8,14,"[7135, 7289, 11073, 11072, 11071, 7176, 7209, 11070, 11069, 11068, 11011, 10486, 11067, 10927]",2026-03-29T09:10:46
150,Qatar,2011,https://national-football-teams.com/country/150/2011/Qatar.html,1.77m,25,18,"[10208, 10077, 10207, 9806, 9797, 9779, 3940, 3956, 7558, 10107, 4011, 4012, 4015, 7601, 4017, 4019, 10206, 10205]",2026-03-29T09:10:50
150,Qatar,2012,https://national-football-teams.com/country/150/2012/Qatar.html,1.78m,24.7,14,"[9204, 4020, 9444, 9443, 4023, 4025, 4027, 9442, 9441, 9440, 4030, 9439, 4033, 8546]",2026-03-29T09:10:53
150,Qatar,2013,https://national-football-teams.com/country/150/2013/Qatar.html,1.78m,24.1,24,"[8130, 8984, 7912, 7927, 7926, 7921, 4579, 7840, 7875, 4581, 4035, 7925, 7952, 7994, 8028, 8174, 8722, 8845, 8992, 9325, 9383, 9511, 9512, 9521]",2026-03-29T09:10:58
150,Qatar,2014,https://national-football-teams.com/country/150/2014/Qatar.html,1.8m,24.8,18,"[10618, 9524, 9595, 10008, 10819, 11156, 11207, 11350, 11481, 11447, 11668, 11693, 11744, 11803, 11806, 11889, 12093, 12168]",2026-03-29T09:11:02
150,Qatar,2015,https://national-football-teams.com/country/150/2015/Qatar.html,1.8m,25.5,15,"[12183, 12231, 12244, 12808, 12825, 13107, 13114, 13168, 13805, 13676, 13780, 13971, 14059, 14179, 14216]",2026-03-29T09:11:07
150,Qatar,2016,https://national-football-teams.com/country/150/2016/Qatar.html,1.8m,25.9,13,"[14877, 14940, 15396, 15689, 15693, 15698, 15718, 15768, 15822, 15827, 15916, 15989, 16049]",2026-03-29T09:11:11
150,Qatar,2017,https://national-football-teams.com/country/150/2017/Qatar.html,1.78m,24.9,18,"[17712, 16295, 16845, 17029, 17103, 17703, 18036, 18040, 18048, 18126, 18335, 18447, 18495, 18519, 18747, 18767, 18783, 18787]",2026-03-29T09:11:17
150,Qatar,2018,https://national-football-teams.com/country/150/2018/Qatar.html,1.76m,23.7,12,"[19432, 19532, 20551, 20665, 20817, 20913, 21125, 21262, 21677, 21711, 21708, 21718]",2026-03-29T09:11:22
150,Qatar,2019,https://national-football-teams.com/country/150/2019/Qatar.html,1.77m,25.1,21,"[21821, 21860, 21933, 22026, 22075, 22138, 22159, 23170, 23289, 23308, 23362, 23863, 23973, 24161, 24281, 24489, 24502, 24551, 24556, 24559, 24674]",2026-03-29T09:11:26
150,Qatar,2020,https://national-football-teams.com/country/150/2020/Qatar.html,1.79m,25.3,4,"[28439, 28955, 29029, 29266]",2026-03-29T09:11:31
150,Qatar,2021,https://national-football-teams.com/country/150/2021/Qatar.html,1.79m,25.9,24,"[30252, 30316, 30387, 30964, 31034, 31214, 31249, 31257, 31265, 31267, 31322, 31688, 31747, 31815, 32117, 32178, 32456, 32522, 32646, 32688, 32701, 32737, 32767, 32811]",2026-03-29T09:11:37
150,Qatar,2022,https://national-football-teams.com/country/150/2022/Qatar.html,1.79m,26,13,"[35508, 35510, 35516, 34176, 34239, 35034, 35312, 35392, 35506, 35517, 35559, 35619, 35641]",2026-03-29T09:11:42
150,Qatar,2023,https://national-football-teams.com/country/150/2023/Qatar.html,1.78m,26.3,17,"[35922, 35966, 35972, 36030, 36902, 36988, 37047, 37059, 37067, 37093, 37283, 37399, 37502, 37570, 37661, 37805, 37857]",2026-03-29T09:11:46
150,Qatar,2024,https://national-football-teams.com/country/150/2024/Qatar.html,1.79m,25.6,21,"[37866, 37977, 38088, 38149, 38274, 38316, 38379, 38394, 38611, 38759, 39039, 39149, 39353, 39499, 39555, 39690, 40055, 40190, 40399, 40404, 40411]",2026-03-29T09:11:52
150,Qatar,2025,https://national-football-teams.com/country/150/2025/Qatar.html,1.8m,26.3,13,"[41024, 41146, 41594, 41704, 42103, 42119, 42200, 42349, 42493, 42731, 42793, 42808, 42815]",2026-03-29T09:11:57
150,Qatar,2026,https://national-football-teams.com/country/150/2026/Qatar.html,1.8m,27.3,0,[],2026-03-29T09:12:00
161,Saudi_Arabia,1995,https://national-football-teams.com/country/161/1995/Saudi_Arabia.html,1.78m,23.3,8,"[27460, 27445, 27500, 27464, 27483, 27484, 27459, 7426]",2026-03-29T09:12:06
161,Saudi_Arabia,1996,https://national-football-teams.com/country/161/1996/Saudi_Arabia.html,1.77m,22.8,24,"[7417, 7418, 26692, 26694, 26696, 26699, 26700, 26701, 26702, 26705, 26706, 26693, 26695, 26697, 7420, 26703, 26704, 26698, 16511, 16513, 16515, 16526, 16528, 16530]",2026-03-29T09:12:10
161,Saudi_Arabia,1997,https://national-football-teams.com/country/161/1997/Saudi_Arabia.html,1.78m,24,23,"[5244, 5645, 6804, 7394, 7395, 25921, 25922, 25923, 25924, 25925, 25926, 25927, 25820, 25883, 25928, 25929, 25828, 25886, 25930, 7400, 25628, 25728, 25656]",2026-03-29T09:12:14
161,Saudi_Arabia,1998,https://national-football-teams.com/country/161/1998/Saudi_Arabia.html,1.77m,24.3,23,"[25059, 25060, 25061, 25052, 25053, 25054, 25055, 25056, 25057, 25058, 25037, 11596, 11599, 11601, 25062, 25063, 25064, 25065, 25066, 25067, 25068, 25069, 25070]",2026-03-29T09:12:18
161,Saudi_Arabia,1999,https://national-football-teams.com/country/161/1999/Saudi_Arabia.html,1.78m,24.2,16,"[5301, 6395, 7219, 7651, 7673, 5299, 5300, 23666, 23667, 23529, 23668, 23621, 23441, 23601, 23544, 23545]",2026-03-29T09:12:22
161,Saudi_Arabia,2000,https://national-football-teams.com/country/161/2000/Saudi_Arabia.html,1.77m,23.9,16,"[5293, 5294, 5295, 5926, 22386, 22387, 22388, 5418, 5297, 5298, 16458, 16461, 16462, 16467, 16468, 16471]",2026-03-29T09:12:26
161,Saudi_Arabia,2001,https://national-football-teams.com/country/161/2001/Saudi_Arabia.html,1.77m,24.3,24,"[5282, 5288, 5289, 21377, 21378, 21370, 21371, 21372, 21373, 21374, 21375, 21376, 21367, 5285, 21379, 21380, 21115, 21381, 21382, 21383, 21384, 21119, 21385, 21386]",2026-03-29T09:12:30
161,Saudi_Arabia,2002,https://national-football-teams.com/country/161/2002/Saudi_Arabia.html,1.77m,24.2,22,"[19888, 19892, 5272, 19883, 19884, 19885, 19886, 19887, 19763, 19895, 19896, 19864, 19897, 19803, 12543, 12545, 12547, 19889, 19890, 19891, 19893, 19894]",2026-03-29T09:12:36
161,Saudi_Arabia,2003,https://national-football-teams.com/country/161/2003/Saudi_Arabia.html,1.78m,23.6,12,"[18917, 18892, 1450, 1452, 1453, 1456, 1458, 1459, 18918, 5271, 18919, 18920]",2026-03-29T09:13:42
161,Saudi_Arabia,2004,https://national-football-teams.com/country/161/2004/Saudi_Arabia.html,1.77m,23.9,18,"[17945, 17947, 17940, 17941, 17942, 17943, 163, 165, 171, 16400, 16403, 16404, 17944, 172, 164, 166, 17946, 17948]",2026-03-29T09:13:46
161,Saudi_Arabia,2005,https://national-football-teams.com/country/161/2005/Saudi_Arabia.html,1.78m,24.3,16,"[5260, 5261, 5263, 17343, 175, 5264, 5265, 179, 181, 182, 176, 180, 5266, 17431, 17432, 17433]",2026-03-29T09:13:51
161,Saudi_Arabia,2006,https://national-football-teams.com/country/161/2006/Saudi_Arabia.html,1.78m,25.3,24,"[14294, 5259, 14339, 5254, 5255, 1544, 14361, 16963, 13935, 14366, 16964, 14475, 14464, 44, 46, 47, 5256, 1547, 5257, 1546, 1549, 1552, 5258, 1553]",2026-03-29T09:13:56
161,Saudi_Arabia,2007,https://national-football-teams.com/country/161/2007/Saudi_Arabia.html,1.77m,24.9,24,"[5242, 5247, 10145, 13539, 13562, 43523, 43527, 5243, 13566, 13565, 13564, 13537, 13488, 13563, 1528, 1529, 1532, 1536, 1538, 1540, 13501, 13342, 6026, 13452]",2026-03-29T09:14:00
161,Saudi_Arabia,2008,https://national-football-teams.com/country/161/2008/Saudi_Arabia.html,1.76m,25.2,18,"[5236, 5239, 5234, 2531, 2533, 5235, 2535, 2537, 2538, 2541, 12634, 5237, 2575, 2577, 5238, 2581, 5693, 5241]",2026-03-29T09:14:06
161,Saudi_Arabia,2009,https://national-football-teams.com/country/161/2009/Saudi_Arabia.html,1.77m,24.9,20,"[5030, 6306, 11878, 11982, 11981, 11980, 11979, 4887, 2582, 2585, 2587, 5563, 11978, 2591, 2593, 11553, 2594, 2595, 11855, 11977]",2026-03-29T09:14:12
161,Saudi_Arabia,2010,https://national-football-teams.com/country/161/2010/Saudi_Arabia.html,1.77m,24.1,17,"[7041, 11017, 11018, 10752, 10791, 11016, 11014, 11015, 7266, 10830, 11013, 11012, 11011, 10950, 11010, 11009, 11008]",2026-03-29T09:14:17
161,Saudi_Arabia,2011,https://national-football-teams.com/country/161/2011/Saudi_Arabia.html,1.77m,23.9,16,"[10125, 10124, 10123, 9807, 10122, 10121, 3946, 3955, 3998, 4000, 9907, 4003, 4005, 4007, 10309, 10243]",2026-03-29T09:14:22
161,Saudi_Arabia,2012,https://national-football-teams.com/country/161/2012/Saudi_Arabia.html,1.77m,23.7,13,"[4008, 9254, 9253, 9555, 9252, 9056, 9251, 9250, 8555, 9249, 9180, 9248, 9247]",2026-03-29T09:14:28
161,Saudi_Arabia,2013,https://national-football-teams.com/country/161/2013/Saudi_Arabia.html,1.77m,23.6,13,"[7904, 7903, 7902, 4575, 7905, 4578, 8720, 8797, 9043, 9339, 9380, 9518, 9521]",2026-03-29T09:14:32
161,Saudi_Arabia,2014,https://national-football-teams.com/country/161/2014/Saudi_Arabia.html,1.77m,25,13,"[10006, 10571, 10592, 11203, 11416, 11448, 11669, 11693, 11745, 11802, 11807, 11889, 12166]",2026-03-29T09:14:36
161,Saudi_Arabia,2015,https://national-football-teams.com/country/161/2015/Saudi_Arabia.html,1.77m,25.8,11,"[12171, 12180, 12225, 12238, 12846, 13170, 13679, 13941, 13972, 14128, 14212]",2026-03-29T09:14:40
161,Saudi_Arabia,2016,https://national-football-teams.com/country/161/2016/Saudi_Arabia.html,1.77m,27.2,8,"[15697, 14879, 14947, 15719, 15763, 15832, 15919, 16047]",2026-03-29T09:14:44
161,Saudi_Arabia,2017,https://national-football-teams.com/country/161/2017/Saudi_Arabia.html,1.76m,25.6,15,"[16265, 16274, 17027, 17104, 17637, 18043, 18129, 18384, 18546, 26632, 18477, 18508, 18765, 18780, 18785]",2026-03-29T09:14:49
161,Saudi_Arabia,2018,https://national-football-teams.com/country/161/2018/Saudi_Arabia.html,1.77m,27.2,18,"[19263, 19284, 19505, 19581, 20151, 20153, 20166, 20210, 20235, 15635, 15638, 15639, 20647, 20818, 20870, 21194, 21283, 21717]",2026-03-29T09:14:53
161,Saudi_Arabia,2019,https://national-football-teams.com/country/161/2019/Saudi_Arabia.html,1.77m,25.1,20,"[21796, 21859, 21933, 22022, 22528, 22633, 23736, 24016, 24020, 23887, 23971, 24160, 24278, 24375, 24539, 24554, 24558, 24562, 24674, 24675]",2026-03-29T09:14:57
161,Saudi_Arabia,2020,https://national-football-teams.com/country/161/2020/Saudi_Arabia.html,1.79m,24.4,2,"[28968, 29031]",2026-03-29T09:15:00
161,Saudi_Arabia,2021,https://national-football-teams.com/country/161/2021/Saudi_Arabia.html,1.77m,23.7,14,"[30287, 30368, 30996, 31101, 31138, 31714, 31808, 32066, 32181, 32464, 32562, 32650, 32692, 32704]",2026-03-29T09:15:06
161,Saudi_Arabia,2022,https://national-football-teams.com/country/161/2022/Saudi_Arabia.html,1.78m,25.9,17,"[35509, 33190, 33235, 34108, 34212, 34737, 34820, 35311, 35376, 35507, 35511, 35513, 35520, 35528, 35577, 35626, 35652]",2026-03-29T09:20:19
161,Saudi_Arabia,2023,https://national-football-teams.com/country/161/2023/Saudi_Arabia.html,1.78m,25.2,11,"[35920, 35962, 35967, 36492, 36590, 37317, 37394, 37498, 37566, 37660, 37803]",2026-03-29T09:20:24
161,Saudi_Arabia,2024,https://national-football-teams.com/country/161/2024/Saudi_Arabia.html,1.79m,25.2,22,"[37939, 37948, 37862, 38041, 38145, 38178, 38286, 38610, 38753, 39027, 39148, 39352, 39504, 39554, 39685, 40061, 40195, 40323, 40403, 40406, 40413, 40416]",2026-03-29T09:20:29
161,Saudi_Arabia,2025,https://national-football-teams.com/country/161/2025/Saudi_Arabia.html,1.78m,25.6,21,"[41771, 41023, 41148, 41600, 41706, 41744, 41752, 41759, 41767, 42121, 42213, 42348, 42492, 42696, 42741, 42794, 42809, 42818, 42841, 42845, 42974]",2026-03-29T09:20:33
161,Saudi_Arabia,2026,https://national-football-teams.com/country/161/2026/Saudi_Arabia.html,1.78m,26.6,0,[],2026-03-29T09:20:38
167,Singapore,1995,https://national-football-teams.com/country/167/1995/Singapore.html,1.75m,25.9,8,"[27758, 27759, 27760, 27762, 27763, 27649, 27761, 27713]",2026-03-29T09:20:42
167,Singapore,1996,https://national-football-teams.com/country/167/1996/Singapore.html,1.76m,26.7,10,"[27091, 27092, 27093, 27094, 27008, 27011, 27073, 27095, 27096, 27017]",2026-03-29T09:20:47
167,Singapore,1997,https://national-football-teams.com/country/167/1997/Singapore.html,1.76m,25.2,13,"[25873, 26380, 26405, 26302, 25979, 26303, 25994, 26406, 26407, 26408, 26200, 26337, 26409]",2026-03-29T09:20:51
167,Singapore,1998,https://national-football-teams.com/country/167/1998/Singapore.html,1.77m,24.1,8,"[25279, 25480, 25479, 25481, 25482, 25483, 25458, 25484]",2026-03-29T09:20:54
167,Singapore,1999,https://national-football-teams.com/country/167/1999/Singapore.html,1.74m,23.5,9,"[24779, 24783, 4781, 24780, 24781, 24702, 24782, 24548, 24705]",2026-03-29T09:21:00
167,Singapore,2000,https://national-football-teams.com/country/167/2000/Singapore.html,1.75m,24.5,13,"[4724, 23053, 23037, 4722, 22217, 23054, 22729, 23055, 22975, 23056, 23057, 23058, 23045]",2026-03-29T09:21:04
167,Singapore,2001,https://national-football-teams.com/country/167/2001/Singapore.html,1.75m,25,10,"[21760, 21753, 22015, 21463, 21565, 21465, 21567, 22016, 21539, 21376]",2026-03-29T09:21:10
167,Singapore,2002,https://national-football-teams.com/country/167/2002/Singapore.html,1.76m,25.3,14,"[20360, 20008, 20084, 20009, 19951, 19952, 20380, 19906, 20333, 5399, 20381, 20361, 20382, 20087]",2026-03-29T09:21:14
167,Singapore,2003,https://national-football-teams.com/country/167/2003/Singapore.html,1.76m,24.8,11,"[19268, 1418, 1419, 19249, 1437, 19060, 1441, 1445, 1446, 1447, 1448]",2026-03-29T09:21:18
167,Singapore,2004,https://national-football-teams.com/country/167/2004/Singapore.html,1.76m,24.1,18,"[18624, 101, 107, 111, 18630, 18592, 112, 18237, 102, 18631, 108, 18636, 18610, 18556, 18594, 18637, 18638, 18639]",2026-03-29T09:21:23
167,Singapore,2005,https://national-football-teams.com/country/167/2005/Singapore.html,1.76m,23.6,6,"[6720, 17407, 17400, 17401, 17364, 17365]",2026-03-29T09:21:28
167,Singapore,2006,https://national-football-teams.com/country/167/2006/Singapore.html,1.77m,23.8,17,"[5037, 14491, 5857, 6195, 16955, 1586, 1587, 16913, 16914, 16956, 1590, 1592, 1594, 16983, 1596, 14616, 16984]",2026-03-29T09:21:32
167,Singapore,2007,https://national-football-teams.com/country/167/2007/Singapore.html,1.78m,24.1,18,"[13490, 13493, 13492, 13491, 13480, 13458, 13457, 13469, 13468, 13489, 13488, 12966, 13487, 5698, 2480, 2481, 2488, 2493]",2026-03-29T09:21:38
167,Singapore,2008,https://national-football-teams.com/country/167/2008/Singapore.html,1.79m,24.8,19,"[4646, 12439, 12438, 5366, 2531, 12341, 2532, 12437, 2534, 2536, 2538, 2540, 12436, 12435, 12434, 12433, 12398, 12432, 12431]",2026-03-29T09:21:44
167,Singapore,2009,https://national-football-teams.com/country/167/2009/Singapore.html,1.78m,25.7,10,"[11865, 3215, 3218, 11866, 11864, 6792, 3220, 3221, 11863, 6923]",2026-03-29T09:21:48
167,Singapore,2010,https://national-football-teams.com/country/167/2010/Singapore.html,1.78m,24.8,11,"[7222, 10817, 3223, 10799, 10767, 3225, 10797, 10816, 10815, 10814, 10813]",2026-03-29T09:21:52
167,Singapore,2011,https://national-football-teams.com/country/167/2011/Singapore.html,1.77m,25,11,"[9927, 9926, 3941, 3957, 9925, 3963, 3964, 9924, 3966, 3969, 3970]",2026-03-29T09:21:58
167,Singapore,2012,https://national-football-teams.com/country/167/2012/Singapore.html,1.76m,24.7,18,"[9094, 3973, 9093, 9070, 9069, 9092, 8928, 9091, 9090, 8919, 9089, 9062, 8885, 9088, 8915, 8914, 9087, 9086]",2026-03-29T09:22:02
167,Singapore,2013,https://national-football-teams.com/country/167/2013/Singapore.html,1.75m,25,10,"[7946, 4570, 8037, 8083, 8667, 8735, 8844, 8988, 8994, 9323]",2026-03-29T09:22:07
167,Singapore,2014,https://national-football-teams.com/country/167/2014/Singapore.html,1.76m,23.8,12,"[9740, 10002, 11245, 11276, 11486, 11496, 11670, 11687, 11787, 11883, 11888, 11913]",2026-03-29T09:22:11
167,Singapore,2015,https://national-football-teams.com/country/167/2015/Singapore.html,1.75m,25.2,12,"[13272, 12809, 12866, 13104, 13159, 13282, 13805, 13677, 13961, 14052, 14142, 14218]",2026-03-29T09:22:14
167,Singapore,2016,https://national-football-teams.com/country/167/2016/Singapore.html,1.76m,26.2,13,"[15028, 14936, 15560, 15564, 15686, 15786, 15862, 15917, 15977, 16042, 16087, 16090, 16097]",2026-03-29T09:22:19
167,Singapore,2017,https://national-football-teams.com/country/167/2017/Singapore.html,1.76m,27,11,"[42112, 17051, 17126, 17656, 17729, 18107, 18159, 18335, 18434, 18453, 18542]",2026-03-29T09:22:24
167,Singapore,2018,https://national-football-teams.com/country/167/2018/Singapore.html,1.77m,26,10,"[19474, 19748, 20550, 20659, 20815, 20910, 21049, 21107, 21299, 21303]",2026-03-29T09:22:28
167,Singapore,2019,https://national-football-teams.com/country/167/2019/Singapore.html,1.75m,26.6,11,"[22527, 22607, 23224, 23269, 23855, 23970, 24150, 24160, 24277, 24489, 24501]",2026-03-29T09:22:33
167,Singapore,2020,https://national-football-teams.com/country/167/2020/Singapore.html,0m,0,0,[],2026-03-29T09:22:37
167,Singapore,2021,https://national-football-teams.com/country/167/2021/Singapore.html,1.75m,27.4,11,"[30936, 30963, 31037, 31101, 32457, 32697, 32709, 32745, 32809, 32932, 32934]",2026-03-29T09:22:43
167,Singapore,2022,https://national-football-teams.com/country/167/2022/Singapore.html,1.74m,27.1,12,"[34177, 34241, 34660, 34784, 34852, 34911, 35279, 35336, 35889, 35899, 35903, 35908]",2026-03-29T09:22:47
167,Singapore,2023,https://national-football-teams.com/country/167/2023/Singapore.html,1.75m,27.2,11,"[36632, 35912, 36469, 36970, 36971, 37315, 37396, 37468, 37582, 37659, 37796]",2026-03-29T09:22:50
167,Singapore,2024,https://national-football-teams.com/country/167/2024/Singapore.html,1.76m,27.5,12,"[38609, 38762, 39026, 39145, 40244, 40133, 40287, 40314, 40326, 40376, 40408, 40414]",2026-03-29T09:22:56
167,Singapore,2025,https://national-football-teams.com/country/167/2025/Singapore.html,1.76m,26.9,10,"[42281, 41055, 41136, 41779, 41703, 42124, 42371, 42489, 42665, 42762]",2026-03-29T09:23:00
167,Singapore,2026,https://national-football-teams.com/country/167/2026/Singapore.html,1.76m,27.9,0,[],2026-03-29T09:23:04
173,South_Korea,1995,https://national-football-teams.com/country/173/1995/South_Korea.html,1.8m,23.8,8,"[27454, 27456, 27457, 27458, 27455, 19698, 27260, 27459]",2026-03-29T09:23:09
173,South_Korea,1996,https://national-football-teams.com/country/173/1996/South_Korea.html,1.78m,26.6,16,"[26823, 26824, 26825, 26820, 26766, 26624, 26718, 26821, 26822, 26826, 26551, 26827, 16472, 16508, 16510, 16525]",2026-03-29T09:23:13
173,South_Korea,1997,https://national-football-teams.com/country/173/1997/South_Korea.html,1.8m,24.6,23,"[25693, 25648, 25694, 25698, 25699, 25700, 25701, 25702, 25703, 25695, 25696, 25697, 25623, 25704, 25705, 25706, 25707, 25708, 25709, 25710, 25711, 25712, 25713]",2026-03-29T09:23:18
173,South_Korea,1998,https://national-football-teams.com/country/173/1998/South_Korea.html,1.8m,23.9,27,"[25093, 27322, 25041, 25149, 25042, 25142, 24984, 25122, 25087, 25123, 25143, 25144, 25145, 25146, 25147, 25148, 25089, 11608, 11611, 11613, 25094, 25150, 25151, 25126, 25152, 25153, 25154]",2026-03-29T09:23:24
173,South_Korea,1999,https://national-football-teams.com/country/173/1999/South_Korea.html,1.79m,25.6,5,"[23433, 23588, 23526, 23589, 23590]",2026-03-29T09:23:29
173,South_Korea,2000,https://national-football-teams.com/country/173/2000/South_Korea.html,1.8m,24,22,"[22285, 22286, 16836, 16837, 22291, 22292, 22293, 22221, 22287, 22288, 22289, 22290, 22294, 22295, 22257, 16431, 16455, 16457, 16464, 16468, 16470, 22223]",2026-03-29T09:23:34
173,South_Korea,2001,https://national-football-teams.com/country/173/2001/South_Korea.html,1.8m,25.6,17,"[21043, 21044, 21045, 21059, 21060, 21052, 21009, 20937, 21053, 20999, 21054, 20962, 20963, 21055, 21056, 21057, 21058]",2026-03-29T09:23:40
173,South_Korea,2002,https://national-football-teams.com/country/173/2002/South_Korea.html,1.81m,25.3,23,"[16809, 16811, 16820, 16822, 16824, 19817, 19818, 19819, 19820, 19821, 19815, 19822, 19823, 19810, 12536, 12538, 12540, 12573, 12576, 12578, 12580, 20012, 19767]",2026-03-29T09:23:45
173,South_Korea,2003,https://national-football-teams.com/country/173/2003/South_Korea.html,1.81m,25.1,15,"[18803, 18791, 18792, 18863, 18762, 1474, 1475, 1477, 1480, 1481, 1484, 18864, 18865, 18866, 18795]",2026-03-29T09:23:49
173,South_Korea,2004,https://national-football-teams.com/country/173/2004/South_Korea.html,1.81m,24.6,17,"[17885, 151, 153, 17886, 17887, 17888, 157, 17889, 17890, 16394, 16397, 16399, 16416, 158, 152, 154, 17773]",2026-03-29T09:23:54
173,South_Korea,2005,https://national-football-teams.com/country/173/2005/South_Korea.html,1.81m,24.3,18,"[17315, 17316, 17317, 17318, 173, 17319, 179, 183, 184, 174, 17311, 17312, 17261, 17313, 180, 17314, 17320, 8375]",2026-03-29T09:23:59
173,South_Korea,2006,https://national-football-teams.com/country/173/2006/South_Korea.html,1.8m,24.5,22,"[14614, 14340, 14479, 14484, 14489, 14345, 13914, 1556, 14613, 14612, 14509, 14276, 14611, 38, 39, 42, 1559, 1558, 1561, 14610, 1564, 1565]",2026-03-29T09:24:05
173,South_Korea,2007,https://national-football-teams.com/country/173/2007/South_Korea.html,1.81m,25.3,11,"[12956, 12955, 12954, 12953, 12952, 1528, 1530, 1531, 1535, 1537, 1539]",2026-03-29T09:24:08
173,South_Korea,2008,https://national-football-teams.com/country/173/2008/South_Korea.html,1.81m,25.3,16,"[12362, 2519, 12361, 12360, 12315, 2520, 2522, 2525, 2527, 2528, 12359, 2576, 12358, 2578, 12357, 2581]",2026-03-29T09:25:12
173,South_Korea,2009,https://national-football-teams.com/country/173/2009/South_Korea.html,1.81m,25.1,14,"[11853, 11852, 2583, 11851, 2586, 11854, 2589, 2591, 2592, 11850, 11636, 11849, 11848, 8298]",2026-03-29T09:25:16
173,South_Korea,2010,https://national-football-teams.com/country/173/2010/South_Korea.html,1.81m,24.8,19,"[10749, 10748, 10747, 10746, 10745, 10528, 10744, 10743, 10526, 10742, 10741, 2196, 2198, 2199, 2237, 10740, 10739, 10522, 10738]",2026-03-29T09:25:20
173,South_Korea,2011,https://national-football-teams.com/country/173/2011/South_Korea.html,1.81m,24.6,17,"[9848, 9847, 9784, 9846, 9805, 9845, 9844, 9843, 8275, 9842, 9801, 3975, 3976, 9832, 3978, 3980, 3982]",2026-03-29T09:25:25
173,South_Korea,2012,https://national-football-teams.com/country/173/2012/South_Korea.html,1.81m,25.7,9,"[8473, 3984, 8475, 4025, 4026, 8476, 4028, 4031, 8477]",2026-03-29T09:25:31
173,South_Korea,2013,https://national-football-teams.com/country/173/2013/South_Korea.html,1.81m,25.1,15,"[7825, 4035, 8029, 8122, 8173, 8459, 8472, 8512, 8563, 8734, 8810, 8973, 8993, 9322, 9369]",2026-03-29T09:25:34
173,South_Korea,2014,https://national-football-teams.com/country/173/2014/South_Korea.html,1.82m,25.5,15,"[9738, 9737, 9739, 10015, 10584, 10698, 9715, 9717, 9718, 11160, 11193, 11413, 11444, 11705, 11765]",2026-03-29T09:25:41
173,South_Korea,2015,https://national-football-teams.com/country/173/2015/South_Korea.html,1.82m,25.2,20,"[12171, 12178, 12200, 12203, 12255, 12272, 12324, 12796, 12852, 13155, 13289, 13440, 13494, 13504, 13669, 13787, 13969, 14092, 14141, 14219]",2026-03-29T09:25:45
173,South_Korea,2016,https://national-football-teams.com/country/173/2016/South_Korea.html,1.82m,26,10,"[14867, 14918, 15408, 15447, 15716, 15765, 15827, 15915, 15992, 16048]",2026-03-29T09:25:49
173,South_Korea,2017,https://national-football-teams.com/country/173/2017/South_Korea.html,1.82m,26.9,13,"[17022, 17101, 17633, 17703, 18047, 18128, 18383, 18444, 18468, 18514, 18748, 18750, 18753]",2026-03-29T09:25:53
173,South_Korea,2018,https://national-football-teams.com/country/173/2018/South_Korea.html,1.8m,26.3,19,"[19037, 19084, 19131, 19525, 19583, 20159, 20183, 20225, 20272, 20293, 20294, 20296, 20548, 20658, 20810, 20907, 21222, 21273, 21717]",2026-03-29T09:25:58
173,South_Korea,2019,https://national-football-teams.com/country/173/2019/South_Korea.html,1.8m,26.1,18,"[21790, 21856, 21901, 22025, 22075, 22565, 22645, 23199, 23268, 23886, 23979, 24167, 24286, 24384, 24538, 24763, 24765, 24812]",2026-03-29T09:26:04
173,South_Korea,2020,https://national-football-teams.com/country/173/2020/South_Korea.html,1.81m,25.8,2,"[28969, 29029]",2026-03-29T09:26:08
173,South_Korea,2021,https://national-football-teams.com/country/173/2021/South_Korea.html,1.8m,26.6,10,"[30285, 30997, 31102, 31139, 31709, 31803, 32065, 32185, 32460, 32563]",2026-03-29T09:26:12
173,South_Korea,2022,https://national-football-teams.com/country/173/2022/South_Korea.html,1.8m,25.9,20,"[33048, 33142, 33185, 33233, 34105, 34209, 34678, 34756, 34836, 34926, 34968, 34969, 35031, 35303, 35374, 35523, 35604, 35636, 35677, 35773]",2026-03-29T09:26:18
173,South_Korea,2023,https://national-football-teams.com/country/173/2023/South_Korea.html,1.81m,27.2,10,"[36491, 36589, 36913, 37007, 37281, 37394, 37496, 37564, 37659, 37807]",2026-03-29T09:26:24
173,South_Korea,2024,https://national-football-teams.com/country/173/2024/South_Korea.html,1.8m,27.1,17,"[37869, 38019, 38138, 38176, 38286, 38308, 38342, 38608, 38752, 39026, 39147, 39351, 39498, 39557, 39684, 40057, 40191]",2026-03-29T09:26:28
173,South_Korea,2025,https://national-football-teams.com/country/173/2025/South_Korea.html,1.82m,26.3,13,"[41018, 41144, 41598, 41705, 41805, 41807, 41810, 42190, 42238, 42395, 42471, 42695, 42739]",2026-03-29T09:26:34
173,South_Korea,2026,https://national-football-teams.com/country/173/2026/South_Korea.html,1.82m,27.3,0,[],2026-03-29T09:26:38
175,Sri_Lanka,1995,https://national-football-teams.com/country/175/1995/Sri_Lanka.html,0m,26.1,8,"[27908, 27920, 27933, 27936, 27949, 27917, 27948, 27919]",2026-03-29T09:26:41
175,Sri_Lanka,1996,https://national-football-teams.com/country/175/1996/Sri_Lanka.html,0m,26.1,9,"[26640, 26642, 27144, 27147, 27238, 27239, 26889, 27218, 27240]",2026-03-29T09:26:45
175,Sri_Lanka,1997,https://national-football-teams.com/country/175/1997/Sri_Lanka.html,0m,25,4,"[26484, 26485, 26486, 26487]",2026-03-29T09:26:49
175,Sri_Lanka,1998,https://national-football-teams.com/country/175/1998/Sri_Lanka.html,0m,27,1,[25606],2026-03-29T09:26:52
175,Sri_Lanka,1999,https://national-football-teams.com/country/175/1999/Sri_Lanka.html,1.75m,22.3,8,"[24110, 24885, 24913, 24933, 24930, 24938, 24911, 23819]",2026-03-29T09:26:56
175,Sri_Lanka,2000,https://national-football-teams.com/country/175/2000/Sri_Lanka.html,1.75m,24.3,8,"[5061, 5062, 23073, 23330, 23384, 23402, 23403, 23055]",2026-03-29T09:27:01
175,Sri_Lanka,2001,https://national-football-teams.com/country/175/2001/Sri_Lanka.html,1.75m,24.5,8,"[7281, 21632, 21754, 21898, 22096, 21757, 21900, 22097]",2026-03-29T09:27:04
175,Sri_Lanka,2002,https://national-football-teams.com/country/175/2002/Sri_Lanka.html,1.75m,23.9,9,"[4858, 4908, 5142, 5437, 7310, 7311, 20346, 20459, 20345]",2026-03-29T09:27:07
175,Sri_Lanka,2003,https://national-football-teams.com/country/175/2003/Sri_Lanka.html,1.75m,23.6,13,"[1410, 19259, 19270, 19256, 1408, 1497, 1498, 1502, 1503, 1505, 1506, 75, 76]",2026-03-29T09:27:12
175,Sri_Lanka,2004,https://national-football-teams.com/country/175/2004/Sri_Lanka.html,1.75m,24.9,7,"[5436, 161, 165, 169, 170, 162, 166]",2026-03-29T09:27:18
175,Sri_Lanka,2005,https://national-football-teams.com/country/175/2005/Sri_Lanka.html,1.75m,29,3,"[17438, 17463, 17464]",2026-03-29T09:27:22
175,Sri_Lanka,2006,https://national-football-teams.com/country/175/2006/Sri_Lanka.html,1.77m,25.3,6,"[17002, 17003, 16975, 16996, 16976, 17004]",2026-03-29T09:27:26
175,Sri_Lanka,2007,https://national-football-teams.com/country/175/2007/Sri_Lanka.html,1.77m,25,4,"[7298, 7299, 2458, 2459]",2026-03-29T09:27:30
175,Sri_Lanka,2008,https://national-football-teams.com/country/175/2008/Sri_Lanka.html,1.77m,24.6,10,"[7297, 12699, 12700, 3264, 3266, 3269, 12698, 3288, 3290, 3293]",2026-03-29T09:27:35
175,Sri_Lanka,2009,https://national-football-teams.com/country/175/2009/Sri_Lanka.html,1.78m,25.5,13,"[5045, 11922, 12024, 42114, 3246, 3249, 3250, 11941, 12026, 11522, 12025, 11575, 12023]",2026-03-29T09:27:39
175,Sri_Lanka,2010,https://national-football-teams.com/country/175/2010/Sri_Lanka.html,1.8m,23.8,3,"[3253, 3255, 3257]",2026-03-29T09:27:43
175,Sri_Lanka,2011,https://national-football-teams.com/country/175/2011/Sri_Lanka.html,1.8m,23.7,10,"[10268, 10269, 10267, 10266, 10155, 3918, 3926, 10265, 10264, 7636]",2026-03-29T09:27:48
175,Sri_Lanka,2012,https://national-football-teams.com/country/175/2012/Sri_Lanka.html,0m,0,1,[7630],2026-03-29T09:27:51
175,Sri_Lanka,2013,https://national-football-teams.com/country/175/2013/Sri_Lanka.html,1.76m,23.3,6,"[4599, 4602, 4603, 8712, 8718, 8732]",2026-03-29T09:27:55
175,Sri_Lanka,2014,https://national-football-teams.com/country/175/2014/Sri_Lanka.html,1.74m,21.8,4,"[11132, 11134, 11558, 11663]",2026-03-29T09:28:00
175,Sri_Lanka,2015,https://national-football-teams.com/country/175/2015/Sri_Lanka.html,1.76m,24.2,6,"[12355, 12665, 12688, 14415, 14418, 14425]",2026-03-29T09:28:03
175,Sri_Lanka,2016,https://national-football-teams.com/country/175/2016/Sri_Lanka.html,1.78m,23.2,6,"[14604, 14605, 15898, 15960, 15967, 15979]",2026-03-29T09:28:08
175,Sri_Lanka,2017,https://national-football-teams.com/country/175/2017/Sri_Lanka.html,0m,0,0,[],2026-03-29T09:28:13
175,Sri_Lanka,2018,https://national-football-teams.com/country/175/2018/Sri_Lanka.html,1.74m,23.7,4,"[20522, 20536, 20580, 20816]",2026-03-29T09:28:16
175,Sri_Lanka,2019,https://national-football-teams.com/country/175/2019/Sri_Lanka.html,1.78m,23.3,10,"[23140, 23142, 23176, 24139, 23861, 23978, 24149, 24167, 24287, 24508]",2026-03-29T09:28:21
175,Sri_Lanka,2020,https://national-football-teams.com/country/175/2020/Sri_Lanka.html,1.77m,25.6,2,"[24945, 24947]",2026-03-29T09:28:27
175,Sri_Lanka,2021,https://national-football-teams.com/country/175/2021/Sri_Lanka.html,1.8m,25.5,10,"[31004, 31102, 32055, 32059, 32090, 32140, 32451, 32508, 32555, 32594]",2026-03-29T09:28:30
175,Sri_Lanka,2022,https://national-football-teams.com/country/175/2022/Sri_Lanka.html,1.8m,25.7,4,"[35385, 34790, 34853, 34909]",2026-03-29T09:28:33
175,Sri_Lanka,2023,https://national-football-teams.com/country/175/2023/Sri_Lanka.html,1.81m,26,2,"[37466, 37577]",2026-03-29T09:28:38
175,Sri_Lanka,2024,https://national-football-teams.com/country/175/2024/Sri_Lanka.html,1.8m,25.5,10,"[38635, 38690, 39084, 39139, 39347, 39496, 39549, 39640, 40241, 40242]",2026-03-29T09:28:43
175,Sri_Lanka,2025,https://national-football-teams.com/country/175/2025/Sri_Lanka.html,1.8m,25.8,9,"[41187, 41132, 41777, 41694, 42275, 42276, 42370, 42482, 42758]",2026-03-29T09:28:49
175,Sri_Lanka,2026,https://national-football-teams.com/country/175/2026/Sri_Lanka.html,1.8m,26.8,0,[],2026-03-29T09:29:52
181,Syria,1995,https://national-football-teams.com/country/181/1995/Syria.html,0m,18,4,"[27200, 27201, 27203, 27207]",2026-03-29T09:29:57
181,Syria,1996,https://national-football-teams.com/country/181/1996/Syria.html,1.73m,22.8,14,"[26705, 26727, 26731, 26738, 26772, 26886, 26888, 26953, 26954, 26955, 26956, 16517, 16520, 16522]",2026-03-29T09:30:03
181,Syria,1997,https://national-football-teams.com/country/181/1997/Syria.html,1.73m,23.3,12,"[5244, 6804, 25814, 26209, 26213, 26214, 26215, 26210, 26211, 26212, 25817, 26216]",2026-03-29T09:30:06
181,Syria,1998,https://national-football-teams.com/country/181/1998/Syria.html,1.75m,22.6,12,"[25275, 25314, 25315, 25316, 25317, 25318, 25319, 25320, 25321, 25322, 25043, 25172]",2026-03-29T09:30:11
181,Syria,1999,https://national-football-teams.com/country/181/1999/Syria.html,1.73m,23.6,6,"[24106, 24580, 24581, 24618, 24622, 24623]",2026-03-29T09:30:15
181,Syria,2000,https://national-football-teams.com/country/181/2000/Syria.html,1.71m,24.7,21,"[5293, 5294, 5897, 6432, 6433, 6434, 6442, 6443, 22341, 22788, 22789, 22790, 22791, 22792, 22793, 22338, 22794, 22795, 22351, 22473, 22353]",2026-03-29T09:30:19
181,Syria,2001,https://national-football-teams.com/country/181/2001/Syria.html,1.75m,24.4,13,"[5282, 5881, 5887, 5921, 6223, 6224, 21468, 21728, 21729, 21730, 21731, 21732, 21733]",2026-03-29T09:30:24
181,Syria,2002,https://national-football-teams.com/country/181/2002/Syria.html,1.77m,22.8,13,"[5402, 5731, 19938, 19915, 19916, 20108, 19918, 19988, 19847, 20109, 20046, 20110, 19891]",2026-03-29T09:30:28
181,Syria,2003,https://national-football-teams.com/country/181/2003/Syria.html,1.77m,24,10,"[5394, 6357, 18891, 18892, 1497, 1498, 1501, 1504, 1507, 1508]",2026-03-29T09:30:33
181,Syria,2004,https://national-football-teams.com/country/181/2004/Syria.html,1.78m,23.2,21,"[5866, 5868, 5982, 7214, 7230, 17785, 17945, 17965, 17966, 17967, 17968, 139, 17963, 17964, 141, 147, 17786, 17790, 148, 140, 142]",2026-03-29T09:30:37
181,Syria,2005,https://national-football-teams.com/country/181/2005/Syria.html,1.8m,23.4,7,"[6343, 17462, 17257, 6199, 17465, 41537, 17452]",2026-03-29T09:30:40
181,Syria,2006,https://national-football-teams.com/country/181/2006/Syria.html,1.8m,23.3,15,"[6335, 5702, 5255, 1556, 1557, 16962, 17000, 17001, 5384, 6339, 1560, 6197, 1562, 1564, 1566]",2026-03-29T09:30:46
181,Syria,2007,https://national-football-teams.com/country/181/2007/Syria.html,1.79m,23.4,13,"[5243, 13576, 13579, 13606, 13571, 13643, 13445, 13615, 13443, 2470, 2471, 2489, 2492]",2026-03-29T09:30:51
181,Syria,2008,https://national-football-teams.com/country/181/2008/Syria.html,1.78m,22.8,19,"[6320, 5685, 12454, 2542, 2545, 6169, 12693, 5235, 2547, 2549, 2550, 2552, 12710, 6178, 12497, 12466, 12310, 5241, 6304]",2026-03-29T09:30:56
181,Syria,2009,https://national-football-teams.com/country/181/2009/Syria.html,1.8m,24.4,18,"[4873, 5607, 6693, 6695, 6935, 3203, 4852, 3206, 11853, 12012, 12039, 12109, 12026, 11939, 11521, 11520, 3208, 3209]",2026-03-29T09:31:01
181,Syria,2010,https://national-football-teams.com/country/181/2010/Syria.html,1.79m,25.1,14,"[6813, 6939, 11087, 10857, 10939, 3214, 11088, 7178, 11119, 10850, 7262, 11099, 11098, 10738]",2026-03-29T09:31:05
181,Syria,2011,https://national-football-teams.com/country/181/2011/Syria.html,1.8m,26.6,11,"[10110, 10124, 9808, 10224, 10280, 10222, 10310, 3932, 3950, 10319, 10195]",2026-03-29T09:31:09
181,Syria,2012,https://national-football-teams.com/country/181/2012/Syria.html,1.79m,22.4,11,"[9479, 9107, 20683, 9570, 9428, 9642, 9641, 9507, 9560, 9577, 9505]",2026-03-29T09:31:14
181,Syria,2013,https://national-football-teams.com/country/181/2013/Syria.html,1.8m,24.9,8,"[4569, 7953, 8685, 8767, 8994, 9403, 9323, 9379]",2026-03-29T09:31:18
181,Syria,2014,https://national-football-teams.com/country/181/2014/Syria.html,1.79m,23.9,3,"[10003, 11686, 11731]",2026-03-29T09:31:21
181,Syria,2015,https://national-football-teams.com/country/181/2015/Syria.html,1.79m,25.4,11,"[13952, 12805, 12868, 13083, 13141, 13167, 13677, 13778, 13965, 14072, 14218]",2026-03-29T09:31:25
181,Syria,2016,https://national-football-teams.com/country/181/2016/Syria.html,1.8m,25.8,13,"[14800, 14878, 14937, 15481, 15558, 15452, 15700, 15717, 15765, 15828, 15916, 15977, 16051]",2026-03-29T09:31:30
181,Syria,2017,https://national-football-teams.com/country/181/2017/Syria.html,1.79m,25.2,12,"[17025, 17101, 17597, 17627, 17702, 18039, 18044, 18048, 18127, 18328, 18407, 18507]",2026-03-29T09:31:36
181,Syria,2018,https://national-football-teams.com/country/181/2018/Syria.html,1.79m,26.8,9,"[19532, 19564, 20570, 20643, 20780, 20911, 21193, 21280, 21715]",2026-03-29T09:31:40
181,Syria,2019,https://national-football-teams.com/country/181/2019/Syria.html,1.77m,26.6,20,"[21788, 21826, 21878, 22523, 22594, 22646, 23182, 23273, 23660, 23661, 23664, 23718, 23734, 24017, 24022, 23853, 24154, 24272, 24370, 24495]",2026-03-29T09:31:46
181,Syria,2020,https://national-football-teams.com/country/181/2020/Syria.html,1.77m,24.7,2,"[28939, 29002]",2026-03-29T09:31:50
181,Syria,2021,https://national-football-teams.com/country/181/2021/Syria.html,1.78m,26.3,14,"[30284, 30386, 31035, 31033, 31125, 31710, 31804, 32065, 32183, 32462, 32566, 32648, 32690, 32702]",2026-03-29T09:31:56
181,Syria,2022,https://national-football-teams.com/country/181/2022/Syria.html,1.78m,26.3,11,"[34938, 35914, 37190, 33186, 33233, 34106, 34210, 37189, 35563, 35590, 35913]",2026-03-29T09:32:00
181,Syria,2023,https://national-football-teams.com/country/181/2023/Syria.html,1.78m,27.9,8,"[37631, 36521, 36635, 37005, 37443, 37410, 37658, 37804]",2026-03-29T09:32:04
181,Syria,2024,https://national-football-teams.com/country/181/2024/Syria.html,1.78m,26.5,15,"[37865, 37880, 37982, 38106, 38156, 38290, 38615, 38754, 39028, 39159, 39382, 39449, 39588, 39654, 40163]",2026-03-29T09:32:08
181,Syria,2025,https://national-football-teams.com/country/181/2025/Syria.html,1.78m,26.8,12,"[41135, 41693, 42277, 42278, 42369, 42485, 42759, 42783, 42792, 42808, 42816, 42840]",2026-03-29T09:32:14
181,Syria,2026,https://national-football-teams.com/country/181/2026/Syria.html,1.78m,27.8,0,[],2026-03-29T09:32:18
183,Taiwan,1995,https://national-football-teams.com/country/183/1995/Taiwan.html,1.79m,23,0,[],2026-03-29T09:32:23
183,Taiwan,1996,https://national-football-teams.com/country/183/1996/Taiwan.html,1.81m,24.3,3,"[26824, 27119, 27233]",2026-03-29T09:32:27
183,Taiwan,1997,https://national-football-teams.com/country/183/1997/Taiwan.html,1.77m,26,6,"[25921, 26472, 26382, 26383, 26473, 25926]",2026-03-29T09:32:32
183,Taiwan,1998,https://national-football-teams.com/country/183/1998/Taiwan.html,0m,0,0,[],2026-03-29T09:32:36
183,Taiwan,1999,https://national-football-teams.com/country/183/1999/Taiwan.html,0m,0,0,[],2026-03-29T09:32:40
183,Taiwan,2000,https://national-football-teams.com/country/183/2000/Taiwan.html,1.77m,26.1,8,"[22697, 22835, 22974, 23040, 23319, 23039, 22694, 22833]",2026-03-29T09:32:44
183,Taiwan,2001,https://national-football-teams.com/country/183/2001/Taiwan.html,1.77m,24.1,6,"[21607, 21919, 21851, 21920, 21611, 21853]",2026-03-29T09:32:49
183,Taiwan,2002,https://national-football-teams.com/country/183/2002/Taiwan.html,1.75m,26.5,3,"[4870, 6301, 20377]",2026-03-29T09:32:52
183,Taiwan,2003,https://national-football-teams.com/country/183/2003/Taiwan.html,1.76m,26.8,8,"[1409, 19245, 19281, 19282, 19283, 1408, 67, 68]",2026-03-29T09:32:57
183,Taiwan,2004,https://national-football-teams.com/country/183/2004/Taiwan.html,1.76m,24.1,6,"[92, 94, 99, 100, 93, 17923]",2026-03-29T09:33:01
183,Taiwan,2005,https://national-football-teams.com/country/183/2005/Taiwan.html,1.78m,24,4,"[17443, 17444, 17415, 17445]",2026-03-29T09:33:06
183,Taiwan,2006,https://national-football-teams.com/country/183/2006/Taiwan.html,1.75m,21.8,11,"[5545, 16997, 1555, 1557, 16957, 16995, 16996, 1559, 1561, 1563, 1566]",2026-03-29T09:33:10
183,Taiwan,2007,https://national-football-teams.com/country/183/2007/Taiwan.html,1.75m,22.5,6,"[4802, 13596, 13526, 13595, 2454, 2455]",2026-03-29T09:33:15
183,Taiwan,2008,https://national-football-teams.com/country/183/2008/Taiwan.html,1.76m,23.7,5,"[4864, 3265, 3267, 3269, 12215]",2026-03-29T09:33:18
183,Taiwan,2009,https://national-football-teams.com/country/183/2009/Taiwan.html,1.75m,23.2,6,"[3247, 3249, 3251, 11966, 12043, 12042]",2026-03-29T09:33:24
183,Taiwan,2010,https://national-football-teams.com/country/183/2010/Taiwan.html,1.75m,23.5,5,"[10985, 11126, 10984, 10965, 7282]",2026-03-29T09:33:28
183,Taiwan,2011,https://national-football-teams.com/country/183/2011/Taiwan.html,1.76m,24,11,"[10294, 10293, 9783, 10292, 10184, 3923, 3930, 9926, 7467, 7507, 10090]",2026-03-29T09:33:31
183,Taiwan,2012,https://national-football-teams.com/country/183/2012/Taiwan.html,1.75m,24.2,8,"[9210, 9413, 9412, 8923, 9411, 9410, 9207, 8528]",2026-03-29T09:34:36
183,Taiwan,2013,https://national-football-teams.com/country/183/2013/Taiwan.html,1.76m,24.8,5,"[8989, 4587, 4590, 4591, 9047]",2026-03-29T09:34:40
183,Taiwan,2014,https://national-football-teams.com/country/183/2014/Taiwan.html,1.76m,25,6,"[11237, 11272, 11357, 11797, 11799, 11801]",2026-03-29T09:34:46
183,Taiwan,2015,https://national-football-teams.com/country/183/2015/Taiwan.html,1.75m,23.9,8,"[12666, 12690, 13285, 13668, 13777, 14066, 14147, 14214]",2026-03-29T09:34:49
183,Taiwan,2016,https://national-football-teams.com/country/183/2016/Taiwan.html,1.77m,24.1,12,"[14803, 14869, 15421, 15531, 15597, 15600, 15602, 15880, 15939, 15968, 15982, 16028]",2026-03-29T09:34:53
183,Taiwan,2017,https://national-football-teams.com/country/183/2017/Taiwan.html,1.75m,24.1,10,"[17013, 17119, 17656, 18164, 18330, 18433, 18541, 18672, 18673, 18675]",2026-03-29T09:34:59
183,Taiwan,2018,https://national-football-teams.com/country/183/2018/Taiwan.html,1.78m,24.2,8,"[19748, 20204, 20230, 20254, 20549, 21173, 21175, 21200]",2026-03-29T09:35:04
183,Taiwan,2019,https://national-football-teams.com/country/183/2019/Taiwan.html,1.77m,24.8,10,"[22522, 22622, 23196, 23271, 23838, 23852, 23966, 24273, 24371, 24497]",2026-03-29T09:35:08
183,Taiwan,2020,https://national-football-teams.com/country/183/2020/Taiwan.html,0m,0,0,[],2026-03-29T09:35:13
183,Taiwan,2021,https://national-football-teams.com/country/183/2021/Taiwan.html,1.78m,25.7,5,"[30962, 31025, 31128, 32092, 32161]",2026-03-29T09:35:17
183,Taiwan,2022,https://national-football-teams.com/country/183/2022/Taiwan.html,1.77m,26.9,1,[35886],2026-03-29T09:35:21
183,Taiwan,2023,https://national-football-teams.com/country/183/2023/Taiwan.html,1.77m,25.7,8,"[36911, 36987, 37314, 37396, 37467, 37576, 37663, 37795]",2026-03-29T09:35:24
183,Taiwan,2024,https://national-football-teams.com/country/183/2024/Taiwan.html,1.78m,25.5,8,"[38607, 38758, 39025, 39156, 40228, 40133, 40286, 40311]",2026-03-29T09:35:28
183,Taiwan,2025,https://national-football-teams.com/country/183/2025/Taiwan.html,1.78m,25.6,6,"[41134, 41694, 42156, 42367, 42483, 42756]",2026-03-29T09:35:34
183,Taiwan,2026,https://national-football-teams.com/country/183/2026/Taiwan.html,1.78m,26.6,0,[],2026-03-29T09:35:37
184,Tajikistan,1995,https://national-football-teams.com/country/184/1995/Tajikistan.html,0m,0,0,[],2026-03-29T09:35:41
184,Tajikistan,1996,https://national-football-teams.com/country/184/1996/Tajikistan.html,1.81m,25.9,2,"[26796, 26797]",2026-03-29T09:35:46
184,Tajikistan,1997,https://national-football-teams.com/country/184/1997/Tajikistan.html,1.8m,26.2,7,"[26174, 25876, 26175, 26176, 25879, 26177, 25704]",2026-03-29T09:35:51
184,Tajikistan,1998,https://national-football-teams.com/country/184/1998/Tajikistan.html,1.77m,25.9,5,"[25019, 25097, 25249, 25338, 25339]",2026-03-29T09:35:54
184,Tajikistan,1999,https://national-football-teams.com/country/184/1999/Tajikistan.html,1.78m,26.4,3,"[23792, 24605, 24604]",2026-03-29T09:35:58
184,Tajikistan,2000,https://national-football-teams.com/country/184/2000/Tajikistan.html,1.77m,25,2,"[22917, 22356]",2026-03-29T09:36:01
184,Tajikistan,2001,https://national-football-teams.com/country/184/2001/Tajikistan.html,0m,0,0,[],2026-03-29T09:36:04
184,Tajikistan,2002,https://national-football-teams.com/country/184/2002/Tajikistan.html,0m,0,0,[],2026-03-29T09:36:07
184,Tajikistan,2003,https://national-football-teams.com/country/184/2003/Tajikistan.html,1.76m,26.6,8,"[1425, 1427, 1430, 1432, 1433, 1435, 69, 70]",2026-03-29T09:36:11
184,Tajikistan,2004,https://national-football-teams.com/country/184/2004/Tajikistan.html,1.75m,25.7,7,"[18278, 137, 143, 147, 148, 138, 144]",2026-03-29T09:36:17
184,Tajikistan,2005,https://national-football-teams.com/country/184/2005/Tajikistan.html,1.79m,27.3,2,"[5260, 17515]",2026-03-29T09:36:21
184,Tajikistan,2006,https://national-football-teams.com/country/184/2006/Tajikistan.html,1.76m,25.6,8,"[5960, 17023, 16971, 17005, 16968, 17008, 17004, 14618]",2026-03-29T09:36:25
184,Tajikistan,2007,https://national-football-teams.com/country/184/2007/Tajikistan.html,1.75m,22.5,7,"[6189, 13631, 13414, 2474, 2475, 2488, 2493]",2026-03-29T09:36:30
184,Tajikistan,2008,https://national-football-teams.com/country/184/2008/Tajikistan.html,1.77m,22.6,9,"[5968, 3270, 3272, 3275, 3282, 3284, 3287, 3295, 3297]",2026-03-29T09:36:34
184,Tajikistan,2009,https://national-football-teams.com/country/184/2009/Tajikistan.html,1.78m,22.6,1,[6933],2026-03-29T09:36:37
184,Tajikistan,2010,https://national-football-teams.com/country/184/2010/Tajikistan.html,1.77m,23.6,8,"[6937, 7325, 3252, 3255, 3256, 7863, 7865, 10854]",2026-03-29T09:36:43
184,Tajikistan,2011,https://national-football-teams.com/country/184/2011/Tajikistan.html,1.77m,24.4,12,"[10268, 10269, 10314, 10274, 10301, 3932, 3950, 3986, 3989, 3990, 3992, 3995]",2026-03-29T09:36:47
184,Tajikistan,2012,https://national-football-teams.com/country/184/2012/Tajikistan.html,1.77m,24.5,6,"[3996, 9109, 9648, 8935, 9442, 9181]",2026-03-29T09:36:52
184,Tajikistan,2013,https://national-football-teams.com/country/184/2013/Tajikistan.html,1.78m,24.5,6,"[4593, 4595, 4598, 8035, 8679, 9045]",2026-03-29T09:36:56
184,Tajikistan,2014,https://national-football-teams.com/country/184/2014/Tajikistan.html,1.78m,23.8,5,"[10440, 10689, 11055, 11057, 11158]",2026-03-29T09:37:00
184,Tajikistan,2015,https://national-football-teams.com/country/184/2015/Tajikistan.html,1.77m,25.3,8,"[12806, 12868, 13166, 13283, 13713, 13967, 14060, 14146]",2026-03-29T09:37:03
184,Tajikistan,2016,https://national-football-teams.com/country/184/2016/Tajikistan.html,1.78m,24.1,9,"[14865, 14942, 15424, 15530, 15700, 15817, 15825, 15978, 16041]",2026-03-29T09:37:07
184,Tajikistan,2017,https://national-football-teams.com/country/184/2017/Tajikistan.html,1.77m,23.7,6,"[17098, 17127, 17727, 18156, 18435, 18544]",2026-03-29T09:37:13
184,Tajikistan,2018,https://national-football-teams.com/country/184/2018/Tajikistan.html,1.78m,22.4,8,"[19750, 20756, 20758, 20761, 20814, 21552, 21553, 21676]",2026-03-29T09:37:17
184,Tajikistan,2019,https://national-football-teams.com/country/184/2019/Tajikistan.html,1.78m,22.8,12,"[23198, 23270, 23659, 23661, 23663, 23665, 23860, 23974, 24283, 24354, 24379, 24505]",2026-03-29T09:37:20
184,Tajikistan,2020,https://national-football-teams.com/country/184/2020/Tajikistan.html,1.78m,22.7,3,"[27778, 28837, 28936]",2026-03-29T09:37:24
184,Tajikistan,2021,https://national-football-teams.com/country/184/2021/Tajikistan.html,1.78m,23.1,8,"[29624, 29690, 30255, 30896, 30934, 31030, 31136, 32558]",2026-03-29T09:37:30
184,Tajikistan,2022,https://national-football-teams.com/country/184/2022/Tajikistan.html,1.79m,23.8,9,"[34938, 34161, 34245, 34788, 34852, 34907, 35291, 35352, 35548]",2026-03-29T09:37:36
184,Tajikistan,2023,https://national-football-teams.com/country/184/2023/Tajikistan.html,1.78m,23.5,9,"[36631, 36639, 36885, 36892, 36937, 37315, 37628, 37657, 37798]",2026-03-29T09:37:41
184,Tajikistan,2024,https://national-football-teams.com/country/184/2024/Tajikistan.html,1.79m,22.5,16,"[37861, 37981, 38088, 38150, 38240, 38307, 38610, 38753, 39032, 39146, 39337, 39435, 39588, 39655, 40017, 40162]",2026-03-29T09:37:46
184,Tajikistan,2025,https://national-football-teams.com/country/184/2025/Tajikistan.html,1.79m,24.7,10,"[41020, 41133, 41588, 41695, 42104, 42115, 42128, 42368, 42486, 42757]",2026-03-29T09:37:51
184,Tajikistan,2026,https://national-football-teams.com/country/184/2026/Tajikistan.html,1.79m,25.7,0,[],2026-03-29T09:37:55
186,Thailand,1995,https://national-football-teams.com/country/186/1995/Thailand.html,1.73m,23.6,8,"[27341, 27708, 27709, 27711, 27712, 27714, 27710, 27713]",2026-03-29T09:38:00
186,Thailand,1996,https://national-football-teams.com/country/186/1996/Thailand.html,1.75m,25.2,19,"[26941, 27003, 27004, 27005, 27006, 27007, 27009, 27010, 27013, 27014, 27016, 27018, 27008, 27011, 27017, 27019, 16511, 16514, 16516]",2026-03-29T09:38:04
186,Thailand,1997,https://national-football-teams.com/country/186/1997/Thailand.html,1.74m,26.2,16,"[25978, 26197, 26198, 26199, 26201, 25753, 26193, 26192, 25699, 26195, 25754, 26196, 26194, 25703, 26200, 26202]",2026-03-29T09:38:08
186,Thailand,1998,https://national-football-teams.com/country/186/1998/Thailand.html,1.75m,25.3,21,"[25040, 25100, 25182, 25205, 25253, 25292, 25351, 25395, 25397, 25398, 27323, 25149, 27324, 25090, 25390, 25391, 25392, 25393, 25394, 25396, 25154]",2026-03-29T09:39:12
186,Thailand,1999,https://national-football-teams.com/country/186/1999/Thailand.html,1.74m,25,9,"[24080, 24135, 23817, 24544, 24545, 24546, 24547, 24548, 24549]",2026-03-29T09:39:16
186,Thailand,2000,https://national-football-teams.com/country/186/2000/Thailand.html,1.75m,24.8,24,"[5160, 5162, 5168, 5890, 6011, 22419, 22692, 22696, 22697, 22698, 22699, 22700, 22185, 22693, 22694, 22695, 16425, 16427, 16430, 22701, 22702, 22703, 22704, 22705]",2026-03-29T09:39:20
186,Thailand,2001,https://national-football-teams.com/country/186/2001/Thailand.html,1.75m,25.8,23,"[5155, 5156, 5158, 21461, 21760, 21753, 21409, 21310, 21420, 21754, 21755, 21756, 21757, 21758, 21759, 21507, 21116, 21570, 21383, 21509, 21120, 21571, 21386]",2026-03-29T09:39:23
186,Thailand,2002,https://national-football-teams.com/country/186/2002/Thailand.html,1.75m,24.3,11,"[5153, 5154, 20010, 20011, 20084, 19937, 20085, 20086, 20087, 20088, 20089]",2026-03-29T09:39:28
186,Thailand,2003,https://national-football-teams.com/country/186/2003/Thailand.html,1.75m,23.3,11,"[5149, 5150, 5151, 19125, 19021, 1425, 1428, 1429, 1431, 1433, 1436]",2026-03-29T09:39:33
186,Thailand,2004,https://national-football-teams.com/country/186/2004/Thailand.html,1.74m,23.2,21,"[5144, 5145, 5146, 5147, 5148, 127, 129, 133, 18233, 16408, 16410, 16411, 134, 128, 130, 18320, 18316, 18317, 18318, 18319, 17774]",2026-03-29T09:39:36
186,Thailand,2005,https://national-football-teams.com/country/186/2005/Thailand.html,1.74m,21,3,"[5044, 5143, 27193]",2026-03-29T09:39:41
186,Thailand,2006,https://national-football-teams.com/country/186/2006/Thailand.html,1.76m,24.1,11,"[4990, 5035, 5037, 5064, 5123, 5124, 16922, 16921, 16923, 16917, 16919]",2026-03-29T09:39:46
186,Thailand,2007,https://national-football-teams.com/country/186/2007/Thailand.html,1.75m,26,20,"[5140, 13465, 13466, 13473, 13471, 13459, 13472, 13470, 13469, 13468, 13467, 13021, 1509, 1511, 1514, 5141, 2456, 2457, 2487, 2491]",2026-03-29T09:39:51
186,Thailand,2008,https://national-football-teams.com/country/186/2008/Thailand.html,1.77m,25,19,"[4682, 2507, 12388, 2510, 12387, 2512, 2514, 2515, 2506, 5603, 5238, 12386, 12385, 12384, 12275, 12383, 12382, 12381, 12380]",2026-03-29T09:39:57
186,Thailand,2009,https://national-football-teams.com/country/186/2009/Thailand.html,1.76m,25.8,10,"[5038, 6695, 6930, 3216, 4814, 3217, 4887, 37436, 3220, 3221]",2026-03-29T09:40:03
186,Thailand,2010,https://national-football-teams.com/country/186/2010/Thailand.html,1.76m,24.7,12,"[3224, 10799, 10768, 10798, 3226, 10454, 10797, 10448, 10447, 10796, 10506, 10782]",2026-03-29T09:40:06
186,Thailand,2011,https://national-football-teams.com/country/186/2011/Thailand.html,1.75m,26.4,11,"[7513, 7508, 3935, 3959, 9925, 3999, 4001, 7582, 4003, 4005, 4006]",2026-03-29T09:40:12
186,Thailand,2012,https://national-football-teams.com/country/186/2012/Thailand.html,1.75m,26.6,14,"[5203, 5872, 7593, 9143, 4009, 9065, 9142, 8918, 9141, 9140, 9060, 9059, 9087, 9086]",2026-03-29T09:40:16
186,Thailand,2013,https://national-football-teams.com/country/186/2013/Thailand.html,1.75m,25.2,10,"[7874, 6271, 4572, 7875, 4573, 8138, 8987, 9026, 9324, 9387]",2026-03-29T09:40:21
186,Thailand,2014,https://national-football-teams.com/country/186/2014/Thailand.html,1.75m,24,12,"[10004, 10597, 11482, 11672, 11781, 11883, 11887, 11914, 11992, 11994, 12087, 12088]",2026-03-29T09:40:25
186,Thailand,2015,https://national-football-teams.com/country/186/2015/Thailand.html,1.75m,24.9,11,"[12809, 12845, 13065, 13081, 13142, 13285, 13832, 13781, 14064, 14053, 14147]",2026-03-29T09:40:31
186,Thailand,2016,https://national-football-teams.com/country/186/2016/Thailand.html,1.75m,25.3,17,"[14872, 14918, 15558, 15562, 15698, 15719, 15766, 15830, 15913, 16050, 16086, 16090, 16098, 16152, 16153, 16154, 16155]",2026-03-29T09:40:35
186,Thailand,2017,https://national-football-teams.com/country/186/2017/Thailand.html,1.76m,25.5,9,"[17027, 17100, 17620, 17704, 17981, 18049, 18124, 18332, 18396]",2026-03-29T09:40:41
186,Thailand,2018,https://national-football-teams.com/country/186/2018/Thailand.html,1.78m,26.5,11,"[19465, 19539, 20189, 20777, 20860, 21050, 21224, 21298, 21303, 21368, 21469]",2026-03-29T09:40:45
186,Thailand,2019,https://national-football-teams.com/country/186/2019/Thailand.html,1.77m,26,15,"[41408, 21786, 21824, 21866, 21991, 22544, 22635, 23167, 23209, 23856, 23976, 24217, 24285, 24381, 24507]",2026-03-29T09:40:49
186,Thailand,2020,https://national-football-teams.com/country/186/2020/Thailand.html,0m,0,0,[],2026-03-29T09:40:52
186,Thailand,2021,https://national-football-teams.com/country/186/2021/Thailand.html,1.76m,26.7,12,"[31497, 30934, 30959, 31038, 31134, 32696, 32741, 32744, 32809, 32933, 32935, 32936]",2026-03-29T09:40:57
186,Thailand,2022,https://national-football-teams.com/country/186/2022/Thailand.html,1.76m,27.2,15,"[32937, 34139, 34190, 34642, 34647, 34786, 34853, 34913, 35290, 35351, 35882, 35886, 35892, 35902, 35906]",2026-03-29T09:41:03
186,Thailand,2023,https://national-football-teams.com/country/186/2023/Thailand.html,1.77m,27.1,15,"[35909, 35918, 35964, 35971, 36028, 36521, 36588, 36911, 36992, 37282, 37359, 37463, 37573, 37656, 37796]",2026-03-29T09:41:07
186,Thailand,2024,https://national-football-teams.com/country/186/2024/Thailand.html,1.77m,26.4,20,"[37858, 38040, 38144, 38178, 38285, 38608, 38752, 39036, 39145, 39475, 39587, 39654, 40022, 40118, 40247, 40313, 40326, 40375, 40409, 40415]",2026-03-29T09:41:12
186,Thailand,2025,https://national-football-teams.com/country/186/2025/Thailand.html,1.78m,26.9,12,"[40420, 40421, 41054, 41132, 41574, 41692, 42126, 42201, 42367, 42483, 42665, 42758]",2026-03-29T09:41:16
186,Thailand,2026,https://national-football-teams.com/country/186/2026/Thailand.html,1.78m,27.9,0,[],2026-03-29T09:41:21
193,Turkmenistan,1995,https://national-football-teams.com/country/193/1995/Turkmenistan.html,0m,0,0,[],2026-03-29T09:41:24
193,Turkmenistan,1996,https://national-football-teams.com/country/193/1996/Turkmenistan.html,1.79m,25.3,7,"[26633, 26634, 26728, 26729, 26988, 26989, 26647]",2026-03-29T09:41:28
193,Turkmenistan,1997,https://national-football-teams.com/country/193/1997/Turkmenistan.html,1.79m,26.2,8,"[26290, 26291, 25875, 26292, 26175, 25878, 26293, 26177]",2026-03-29T09:41:32
193,Turkmenistan,1998,https://national-football-teams.com/country/193/1998/Turkmenistan.html,1.79m,26.6,7,"[25099, 25211, 25306, 25351, 25352, 25353, 25150]",2026-03-29T09:41:36
193,Turkmenistan,1999,https://national-football-teams.com/country/193/1999/Turkmenistan.html,1.84m,24.7,3,"[23800, 24107, 24672]",2026-03-29T09:41:41
193,Turkmenistan,2000,https://national-football-teams.com/country/193/2000/Turkmenistan.html,1.8m,25.7,5,"[22443, 22948, 22949, 22950, 22816]",2026-03-29T09:41:45
193,Turkmenistan,2001,https://national-football-teams.com/country/193/2001/Turkmenistan.html,1.8m,27.7,6,"[21850, 21608, 21851, 21610, 21852, 21853]",2026-03-29T09:41:51
193,Turkmenistan,2002,https://national-football-teams.com/country/193/2002/Turkmenistan.html,0m,0,0,[],2026-03-29T09:41:55
193,Turkmenistan,2003,https://national-football-teams.com/country/193/2003/Turkmenistan.html,1.78m,26,8,"[1499, 1500, 1502, 1503, 65, 66, 1507, 1508]",2026-03-29T09:41:58
193,Turkmenistan,2004,https://national-football-teams.com/country/193/2004/Turkmenistan.html,1.79m,25.1,12,"[5980, 6725, 161, 167, 18575, 171, 16400, 16402, 16405, 172, 162, 168]",2026-03-29T09:42:01
193,Turkmenistan,2005,https://national-football-teams.com/country/193/2005/Turkmenistan.html,0m,0,2,"[5261, 5709]",2026-03-29T09:42:04
193,Turkmenistan,2006,https://national-football-teams.com/country/193/2006/Turkmenistan.html,0m,0,0,[],2026-03-29T09:42:07
193,Turkmenistan,2007,https://national-football-teams.com/country/193/2007/Turkmenistan.html,1.8m,25.3,6,"[13585, 13419, 2484, 2485, 2486, 2490]",2026-03-29T09:42:11
193,Turkmenistan,2008,https://national-football-teams.com/country/193/2008/Turkmenistan.html,1.81m,25,12,"[6170, 2519, 2521, 2523, 2524, 2527, 2529, 3282, 3285, 3286, 12723, 12620]",2026-03-29T09:42:17
193,Turkmenistan,2009,https://national-football-teams.com/country/193/2009/Turkmenistan.html,1.8m,25.3,7,"[4819, 4873, 11865, 3237, 3240, 3241, 12005]",2026-03-29T09:42:20
193,Turkmenistan,2010,https://national-football-teams.com/country/193/2010/Turkmenistan.html,1.78m,26.6,5,"[3259, 3261, 3263, 7863, 7866]",2026-03-29T09:42:24
193,Turkmenistan,2011,https://national-football-teams.com/country/193/2011/Turkmenistan.html,1.79m,25,5,"[10185, 10292, 9781, 3936, 3954]",2026-03-29T09:42:29
193,Turkmenistan,2012,https://national-football-teams.com/country/193/2012/Turkmenistan.html,1.77m,24.2,8,"[7652, 9221, 9572, 9644, 9430, 8933, 9749, 9224]",2026-03-29T09:42:34
193,Turkmenistan,2013,https://national-football-teams.com/country/193/2013/Turkmenistan.html,1.8m,25.4,2,"[4612, 4616]",2026-03-29T09:42:38
193,Turkmenistan,2014,https://national-football-teams.com/country/193/2014/Turkmenistan.html,1.8m,25.1,3,"[10547, 10557, 10572]",2026-03-29T09:42:44
193,Turkmenistan,2015,https://national-football-teams.com/country/193/2015/Turkmenistan.html,1.8m,26.1,8,"[14129, 13157, 13291, 13672, 13964, 14055, 14143, 14222]",2026-03-29T09:42:49
193,Turkmenistan,2016,https://national-football-teams.com/country/193/2016/Turkmenistan.html,1.79m,26.7,4,"[14941, 15688, 15918, 15978]",2026-03-29T09:43:53
193,Turkmenistan,2017,https://national-football-teams.com/country/193/2017/Turkmenistan.html,1.78m,26,6,"[17119, 17725, 18040, 18159, 18434, 18541]",2026-03-29T09:43:58
193,Turkmenistan,2018,https://national-football-teams.com/country/193/2018/Turkmenistan.html,1.8m,26.3,3,"[21707, 21797, 19749]",2026-03-29T09:44:04
193,Turkmenistan,2019,https://national-football-teams.com/country/193/2019/Turkmenistan.html,1.8m,26.5,10,"[21822, 21862, 21936, 23234, 23861, 23979, 24168, 24306, 24383, 24508]",2026-03-29T09:44:10
193,Turkmenistan,2020,https://national-football-teams.com/country/193/2020/Turkmenistan.html,0m,0,0,[],2026-03-29T09:44:14
193,Turkmenistan,2021,https://national-football-teams.com/country/193/2021/Turkmenistan.html,1.78m,26.5,2,"[30997, 31095]",2026-03-29T09:44:18
193,Turkmenistan,2022,https://national-football-teams.com/country/193/2022/Turkmenistan.html,1.77m,27.6,4,"[34642, 34785, 34843, 34903]",2026-03-29T09:44:22
193,Turkmenistan,2023,https://national-football-teams.com/country/193/2023/Turkmenistan.html,1.8m,27,8,"[37448, 36543, 36885, 36962, 37070, 37316, 37655, 37806]",2026-03-29T09:44:28
193,Turkmenistan,2024,https://national-football-teams.com/country/193/2024/Turkmenistan.html,1.79m,27,6,"[38584, 38839, 38618, 38751, 39020, 39144]",2026-03-29T09:44:31
193,Turkmenistan,2025,https://national-football-teams.com/country/193/2025/Turkmenistan.html,1.8m,26.7,8,"[41134, 41692, 42107, 42117, 42159, 42370, 42482, 42756]",2026-03-29T09:44:35
193,Turkmenistan,2026,https://national-football-teams.com/country/193/2026/Turkmenistan.html,1.8m,27.7,0,[],2026-03-29T09:44:39
197,United_Arab_Emirates,1995,https://national-football-teams.com/country/197/1995/United_Arab_Emirates.html,0m,0,0,[],2026-03-29T09:44:42
197,United_Arab_Emirates,1996,https://national-football-teams.com/country/197/1996/United_Arab_Emirates.html,1.74m,24.1,26,"[26625, 26717, 26736, 26768, 26770, 26771, 26772, 38419, 26766, 26758, 26759, 26760, 26761, 26762, 26763, 26767, 26769, 26704, 26764, 26765, 16472, 16507, 16509, 16523, 16527, 16530]",2026-03-29T09:44:45
197,United_Arab_Emirates,1997,https://national-football-teams.com/country/197/1997/United_Arab_Emirates.html,1.75m,25.3,20,"[25962, 26048, 26050, 26047, 26051, 26052, 26053, 26054, 25818, 26055, 25762, 26056, 25709, 26057, 25765, 26058, 25713, 25902, 25771, 26049]",2026-03-29T09:44:49
197,United_Arab_Emirates,1998,https://national-football-teams.com/country/197/1998/United_Arab_Emirates.html,1.74m,23.8,18,"[25180, 25271, 25272, 25274, 25275, 25276, 25279, 25280, 25273, 25245, 25173, 25277, 25278, 25247, 25069, 25177, 25152, 25128]",2026-03-29T09:44:54
197,United_Arab_Emirates,1999,https://national-football-teams.com/country/197/1999/United_Arab_Emirates.html,1.75m,23.5,13,"[23577, 23801, 24101, 24105, 24106, 24107, 24108, 24110, 24103, 24104, 24102, 24109, 23821]",2026-03-29T09:44:59
197,United_Arab_Emirates,2000,https://national-football-teams.com/country/197/2000/United_Arab_Emirates.html,1.75m,23.6,11,"[4857, 4898, 4938, 5295, 5929, 6225, 22766, 22767, 22222, 22768, 22295]",2026-03-29T09:45:04
197,United_Arab_Emirates,2001,https://national-football-teams.com/country/197/2001/United_Arab_Emirates.html,1.74m,23.9,24,"[6218, 21632, 38420, 21326, 21059, 21633, 21634, 21635, 21636, 21637, 21638, 21506, 21379, 21614, 21318, 21429, 21382, 21639, 21616, 21322, 21433, 21640, 21123, 21124]",2026-03-29T09:45:09
197,United_Arab_Emirates,2002,https://national-football-teams.com/country/197/2002/United_Arab_Emirates.html,1.74m,23.6,7,"[6210, 20077, 19948, 19885, 20044, 20025, 19931]",2026-03-29T09:45:14
197,United_Arab_Emirates,2003,https://national-football-teams.com/country/197/2003/United_Arab_Emirates.html,1.73m,22.5,14,"[5227, 5228, 18997, 18881, 1499, 1500, 1501, 1504, 1505, 1506, 18998, 18919, 18999, 19000]",2026-03-29T09:45:18
197,United_Arab_Emirates,2004,https://national-football-teams.com/country/197/2004/United_Arab_Emirates.html,1.75m,23.8,22,"[5223, 5225, 5226, 18238, 18234, 18235, 18236, 127, 131, 135, 18224, 16395, 16397, 16398, 136, 18237, 128, 132, 18242, 18239, 18240, 18241]",2026-03-29T09:45:22
197,United_Arab_Emirates,2005,https://national-football-teams.com/country/197/2005/United_Arab_Emirates.html,1.74m,24.8,10,"[6343, 17426, 17427, 17430, 17399, 17330, 17258, 17429, 17246, 17428]",2026-03-29T09:45:26
197,United_Arab_Emirates,2006,https://national-football-teams.com/country/197/2006/United_Arab_Emirates.html,1.74m,25.2,12,"[14614, 1568, 1569, 16962, 16959, 1572, 5257, 1574, 1576, 1578, 13929, 14510]",2026-03-29T09:45:30
197,United_Arab_Emirates,2007,https://national-football-teams.com/country/197/2007/United_Arab_Emirates.html,1.74m,24.5,21,"[13532, 13535, 13539, 13523, 13542, 13541, 13540, 13538, 13455, 13537, 13536, 1515, 1518, 1519, 13487, 13534, 5141, 2464, 13475, 2465, 13533]",2026-03-29T09:45:34
197,United_Arab_Emirates,2008,https://national-football-teams.com/country/197/2008/United_Arab_Emirates.html,1.75m,24,18,"[12455, 12511, 2543, 6165, 2545, 2546, 2548, 2551, 2552, 12343, 12510, 2574, 2577, 12311, 2578, 2580, 12509, 5851]",2026-03-29T09:45:39
197,United_Arab_Emirates,2009,https://national-football-teams.com/country/197/2009/United_Arab_Emirates.html,1.76m,24.3,15,"[6918, 11878, 11880, 11879, 3197, 3198, 2584, 2587, 11572, 2589, 2590, 11877, 11876, 11875, 11874]",2026-03-29T09:45:43
197,United_Arab_Emirates,2010,https://national-football-teams.com/country/197/2010/United_Arab_Emirates.html,1.76m,24,12,"[10955, 3201, 3202, 10956, 10702, 10772, 10954, 10441, 10953, 10952, 10951, 10950]",2026-03-29T09:45:48
197,United_Arab_Emirates,2011,https://national-football-teams.com/country/197/2011/United_Arab_Emirates.html,1.77m,23.8,15,"[7519, 10110, 9872, 10109, 10108, 9957, 3945, 3958, 10107, 3974, 3977, 7565, 3978, 3980, 3983]",2026-03-29T09:45:51
197,United_Arab_Emirates,2012,https://national-football-teams.com/country/197/2012/United_Arab_Emirates.html,1.77m,23.8,10,"[5204, 7699, 7082, 4906, 3985, 8310, 9233, 9232, 9231, 7706]",2026-03-29T09:45:57
197,United_Arab_Emirates,2013,https://national-football-teams.com/country/197/2013/United_Arab_Emirates.html,1.76m,23.7,16,"[12427, 12428, 12429, 7912, 7911, 7910, 7909, 7908, 4584, 4586, 8721, 8837, 8996, 9291, 9337, 9386]",2026-03-29T09:46:02
197,United_Arab_Emirates,2014,https://national-football-teams.com/country/197/2014/United_Arab_Emirates.html,1.76m,24.4,15,"[11667, 10000, 10598, 10658, 11133, 11235, 11274, 11414, 11559, 11710, 11746, 11804, 11807, 11886, 12167]",2026-03-29T09:46:08
197,United_Arab_Emirates,2015,https://national-football-teams.com/country/197/2015/United_Arab_Emirates.html,1.77m,25.2,15,"[14129, 12183, 12230, 12243, 12260, 12308, 12323, 13155, 13280, 13654, 13673, 13786, 13972, 14152, 14221]",2026-03-29T09:46:12
197,United_Arab_Emirates,2016,https://national-football-teams.com/country/197/2016/United_Arab_Emirates.html,1.76m,25.4,13,"[14799, 14566, 14874, 14947, 15430, 15452, 15695, 15715, 15767, 15830, 15919, 16095, 16052]",2026-03-29T09:46:17
197,United_Arab_Emirates,2017,https://national-football-teams.com/country/197/2017/United_Arab_Emirates.html,1.76m,26,12,"[17028, 17099, 17630, 17704, 18043, 18125, 18551, 18516, 18862, 18766, 18780, 18784]",2026-03-29T09:46:21
197,United_Arab_Emirates,2018,https://national-football-teams.com/country/197/2018/United_Arab_Emirates.html,1.75m,26.9,12,"[18789, 18833, 19461, 19538, 20492, 20538, 20662, 20779, 20914, 21192, 21276, 40423]",2026-03-29T09:46:25
197,United_Arab_Emirates,2019,https://national-football-teams.com/country/197/2019/United_Arab_Emirates.html,1.75m,26.3,17,"[24138, 21785, 21825, 21866, 22024, 22076, 22138, 22528, 22646, 24139, 23977, 24166, 24285, 24382, 24552, 24555, 24559]",2026-03-29T09:46:31
197,United_Arab_Emirates,2020,https://national-football-teams.com/country/197/2020/United_Arab_Emirates.html,1.76m,27.2,3,"[28438, 28936, 29001]",2026-03-29T09:46:36
197,United_Arab_Emirates,2021,https://national-football-teams.com/country/197/2021/United_Arab_Emirates.html,1.74m,27.5,17,"[29377, 30356, 30911, 30965, 31038, 31103, 31140, 31711, 31804, 32064, 32180, 32460, 32565, 32648, 32689, 32703, 32737]",2026-03-29T09:46:42
197,United_Arab_Emirates,2022,https://national-football-teams.com/country/197/2022/United_Arab_Emirates.html,1.75m,26.4,11,"[33186, 33234, 34109, 34209, 34646, 34763, 35304, 35372, 35530, 35568, 35915]",2026-03-29T09:46:47
197,United_Arab_Emirates,2023,https://national-football-teams.com/country/197/2023/United_Arab_Emirates.html,1.75m,25.9,11,"[35921, 35965, 35972, 36631, 36588, 37393, 37610, 38421, 37654, 37809, 37856]",2026-03-29T09:46:51
197,United_Arab_Emirates,2024,https://national-football-teams.com/country/197/2024/United_Arab_Emirates.html,1.76m,24.1,18,"[37872, 37987, 38108, 38157, 38240, 38606, 38750, 39021, 39143, 39353, 39497, 39553, 39683, 40054, 40190, 40399, 40405, 40410]",2026-03-29T09:46:56
197,United_Arab_Emirates,2025,https://national-football-teams.com/country/197/2025/United_Arab_Emirates.html,1.78m,25.7,16,"[41021, 41143, 41593, 41708, 42277, 42280, 42424, 42493, 42675, 42765, 42797, 42814, 42819, 42843, 42844, 42974]",2026-03-29T09:47:00
197,United_Arab_Emirates,2026,https://national-football-teams.com/country/197/2026/United_Arab_Emirates.html,1.78m,26.7,0,[],2026-03-29T09:47:05
201,Uzbekistan,1995,https://national-football-teams.com/country/201/1995/Uzbekistan.html,1.79m,25,3,"[27293, 27288, 27289]",2026-03-29T09:47:10
201,Uzbekistan,1996,https://national-football-teams.com/country/201/1996/Uzbekistan.html,1.79m,25.6,8,"[26770, 26771, 26796, 26797, 26589, 16518, 16519, 16522]",2026-03-29T09:47:16
201,Uzbekistan,1997,https://national-football-teams.com/country/201/1997/Uzbekistan.html,1.79m,24.4,14,"[26071, 26072, 26073, 26074, 26075, 26076, 25761, 25707, 26077, 26056, 25764, 25711, 26078, 26058]",2026-03-29T09:47:22
201,Uzbekistan,1998,https://national-football-teams.com/country/201/1998/Uzbekistan.html,1.78m,24.6,11,"[25092, 25205, 25208, 25209, 25211, 25204, 25206, 25207, 25179, 25210, 25021]",2026-03-29T09:47:26
201,Uzbekistan,1999,https://national-football-teams.com/country/201/1999/Uzbekistan.html,1.78m,24.1,7,"[23816, 23817, 23815, 23818, 23819, 23820, 23821]",2026-03-29T09:47:31
201,Uzbekistan,2000,https://national-football-teams.com/country/201/2000/Uzbekistan.html,1.79m,24.3,8,"[5168, 22699, 22815, 22475, 22816, 16459, 16460, 16462]",2026-03-29T09:47:35
201,Uzbekistan,2001,https://national-football-teams.com/country/201/2001/Uzbekistan.html,1.79m,24.5,21,"[21603, 21604, 21605, 22066, 21607, 21608, 21609, 21610, 21611, 21612, 21613, 21569, 21606, 21614, 21428, 21615, 21321, 21616, 21432, 21617, 21325]",2026-03-29T09:47:39
201,Uzbekistan,2002,https://national-football-teams.com/country/201/2002/Uzbekistan.html,1.81m,21.9,2,"[20054, 20055]",2026-03-29T09:48:43
201,Uzbekistan,2003,https://national-football-teams.com/country/201/2003/Uzbekistan.html,1.81m,24.6,10,"[18878, 18879, 18880, 18881, 1426, 1428, 1430, 1432, 1434, 1436]",2026-03-29T09:48:49
201,Uzbekistan,2004,https://national-football-teams.com/country/201/2004/Uzbekistan.html,1.81m,24.9,11,"[90, 94, 17924, 89, 16401, 16403, 16405, 16413, 98, 91, 17923]",2026-03-29T09:48:54
201,Uzbekistan,2005,https://national-football-teams.com/country/201/2005/Uzbekistan.html,1.81m,26.5,8,"[175, 177, 183, 184, 176, 178, 197, 198]",2026-03-29T09:49:00
201,Uzbekistan,2006,https://national-football-teams.com/country/201/2006/Uzbekistan.html,1.82m,24.7,6,"[1597, 1600, 1602, 1604, 1605, 1607]",2026-03-29T09:49:04
201,Uzbekistan,2007,https://national-football-teams.com/country/201/2007/Uzbekistan.html,1.8m,24.3,18,"[4802, 13466, 13648, 13634, 13633, 13644, 13415, 13503, 13605, 12952, 1522, 1523, 1526, 1536, 13011, 2454, 2455, 13341]",2026-03-29T09:49:10
201,Uzbekistan,2008,https://national-football-teams.com/country/201/2008/Uzbekistan.html,1.81m,24.6,13,"[2530, 12711, 2533, 2534, 2536, 2539, 2541, 6171, 5602, 2554, 2556, 12358, 2559]",2026-03-29T09:49:15
201,Uzbekistan,2009,https://national-football-teams.com/country/201/2009/Uzbekistan.html,1.81m,24.3,11,"[3198, 12055, 2563, 2565, 2566, 12056, 2568, 2572, 11952, 3199, 3200]",2026-03-29T09:49:20
201,Uzbekistan,2010,https://national-football-teams.com/country/201/2010/Uzbekistan.html,1.8m,25.1,7,"[7240, 3202, 11262, 11261, 11260, 11016, 11256]",2026-03-29T09:49:25
201,Uzbekistan,2011,https://national-football-teams.com/country/201/2011/Uzbekistan.html,1.8m,24.8,17,"[10225, 10208, 10237, 10076, 10223, 9869, 9845, 10312, 9941, 10072, 3937, 3952, 3986, 3988, 3991, 3993, 3995]",2026-03-29T09:49:28
201,Uzbekistan,2012,https://national-football-teams.com/country/201/2012/Uzbekistan.html,1.79m,24.9,13,"[9483, 7082, 8473, 3997, 4022, 4024, 9563, 9562, 9480, 4028, 9233, 4030, 4032]",2026-03-29T09:49:34
201,Uzbekistan,2013,https://national-football-teams.com/country/201/2013/Uzbekistan.html,1.8m,25.5,12,"[7945, 4583, 4586, 4034, 8043, 8122, 8174, 8772, 8834, 9033, 9326, 9382]",2026-03-29T09:49:37
201,Uzbekistan,2014,https://national-football-teams.com/country/201/2014/Uzbekistan.html,1.81m,24.8,13,"[10000, 10602, 10610, 11092, 11238, 11204, 11350, 11485, 11559, 12085, 12090, 12092, 12165]",2026-03-29T09:49:43
201,Uzbekistan,2015,https://national-football-teams.com/country/201/2015/Uzbekistan.html,1.81m,26.4,13,"[12179, 12226, 12238, 12255, 12796, 12851, 13177, 13281, 13670, 13783, 13970, 14149, 14224]",2026-03-29T09:49:47
201,Uzbekistan,2016,https://national-football-teams.com/country/201/2016/Uzbekistan.html,1.79m,26.3,12,"[14674, 14871, 14943, 15458, 15687, 15696, 15717, 15768, 15829, 15914, 15983, 16048]",2026-03-29T09:49:51
201,Uzbekistan,2017,https://national-football-teams.com/country/201/2017/Uzbekistan.html,1.81m,26.3,8,"[16326, 17025, 17103, 17620, 17701, 18046, 18128, 18516]",2026-03-29T09:49:56
201,Uzbekistan,2018,https://national-football-teams.com/country/201/2018/Uzbekistan.html,1.81m,25.1,10,"[19481, 19586, 20154, 20231, 20570, 20661, 20845, 20913, 21156, 21273]",2026-03-29T09:50:00
201,Uzbekistan,2019,https://national-football-teams.com/country/201/2019/Uzbekistan.html,1.8m,25.7,16,"[21823, 21862, 21935, 22023, 22562, 22634, 23157, 23201, 23273, 23858, 23961, 24159, 24277, 24353, 24375, 24500]",2026-03-29T09:50:04
201,Uzbekistan,2020,https://national-football-teams.com/country/201/2020/Uzbekistan.html,1.8m,24.2,6,"[25444, 27778, 28382, 28438, 28939, 29030]",2026-03-29T09:50:07
201,Uzbekistan,2021,https://national-football-teams.com/country/201/2021/Uzbekistan.html,1.8m,25.5,9,"[29938, 30357, 31037, 31104, 31138, 31773, 32110, 32220, 32541]",2026-03-29T09:50:13
201,Uzbekistan,2022,https://national-football-teams.com/country/201/2022/Uzbekistan.html,1.79m,24.5,10,"[33200, 34163, 34249, 34790, 34854, 34913, 35302, 35390, 35529, 35591]",2026-03-29T09:50:17
201,Uzbekistan,2023,https://national-football-teams.com/country/201/2023/Uzbekistan.html,1.79m,25.1,13,"[36490, 36587, 36882, 36962, 36937, 37017, 37337, 37402, 37612, 37548, 37655, 37794, 37852]",2026-03-29T09:50:21
201,Uzbekistan,2024,https://national-football-teams.com/country/201/2024/Uzbekistan.html,1.79m,26.1,16,"[37877, 37982, 38107, 38155, 38285, 38316, 38620, 38749, 39020, 39161, 39350, 39500, 39552, 39683, 40055, 40189]",2026-03-29T09:50:26
201,Uzbekistan,2025,https://national-football-teams.com/country/201/2025/Uzbekistan.html,1.8m,26.3,13,"[40667, 41022, 41149, 41593, 41704, 42106, 42117, 42158, 42214, 42361, 42450, 42693, 42746]",2026-03-29T09:50:31
201,Uzbekistan,2026,https://national-football-teams.com/country/201/2026/Uzbekistan.html,1.8m,27.3,0,[],2026-03-29T09:50:37
204,Vietnam,1995,https://national-football-teams.com/country/204/1995/Vietnam.html,1.72m,24.5,7,"[27711, 27714, 27777, 27877, 27878, 27879, 27844]",2026-03-29T09:50:41
204,Vietnam,1996,https://national-football-teams.com/country/204/1996/Vietnam.html,1.72m,23.5,9,"[26825, 27018, 27119, 27120, 27121, 27122, 27123, 27124, 27125]",2026-03-29T09:50:44
204,Vietnam,1997,https://national-football-teams.com/country/204/1997/Vietnam.html,1.71m,25,15,"[5117, 26201, 26307, 26392, 26432, 26433, 26174, 26292, 25877, 26176, 26293, 25880, 26385, 26334, 26409]",2026-03-29T09:50:47
204,Vietnam,1998,https://national-football-teams.com/country/204/1998/Vietnam.html,1.7m,25.2,8,"[25352, 25511, 25509, 25482, 25510, 25393, 25484, 25151]",2026-03-29T09:50:52
204,Vietnam,1999,https://national-football-teams.com/country/204/1999/Vietnam.html,1.71m,25.4,7,"[24779, 24823, 24824, 24546, 24825, 24704, 24549]",2026-03-29T09:50:57
204,Vietnam,2000,https://national-football-teams.com/country/204/2000/Vietnam.html,1.72m,26,10,"[22417, 23071, 23072, 23073, 23042, 23074, 23058, 23075, 22978, 23046]",2026-03-29T09:51:02
204,Vietnam,2001,https://national-football-teams.com/country/204/2001/Vietnam.html,1.72m,23.2,6,"[21998, 21999, 21372, 22000, 22001, 21375]",2026-03-29T09:51:06
204,Vietnam,2002,https://national-football-teams.com/country/204/2002/Vietnam.html,1.72m,25.1,10,"[4858, 5154, 20346, 20345, 20347, 20348, 20336, 20349, 20088, 20350]",2026-03-29T09:51:09
204,Vietnam,2003,https://national-football-teams.com/country/204/2003/Vietnam.html,1.74m,20.6,6,"[1474, 1476, 1478, 1480, 1482, 1483]",2026-03-29T09:51:13
204,Vietnam,2004,https://national-football-teams.com/country/204/2004/Vietnam.html,1.73m,24,12,"[149, 155, 157, 18554, 18555, 158, 150, 156, 18556, 18557, 18558, 18559]",2026-03-29T09:51:18
204,Vietnam,2005,https://national-football-teams.com/country/204/2005/Vietnam.html,0m,0,0,[],2026-03-29T09:51:21
204,Vietnam,2006,https://national-football-teams.com/country/204/2006/Vietnam.html,1.74m,22.8,4,"[4990, 5035, 14615, 16984]",2026-03-29T09:51:26
204,Vietnam,2007,https://national-football-teams.com/country/204/2007/Vietnam.html,1.73m,23.3,13,"[13492, 13481, 13552, 13472, 13470, 4649, 13551, 1515, 1517, 1520, 1533, 2464, 2465]",2026-03-29T09:51:30
204,Vietnam,2008,https://national-football-teams.com/country/204/2008/Vietnam.html,1.73m,23.9,14,"[12415, 12621, 12620, 12436, 5604, 12386, 12435, 12385, 12276, 12619, 12432, 12431, 12381, 12380]",2026-03-29T09:51:34
204,Vietnam,2009,https://national-football-teams.com/country/204/2009/Vietnam.html,1.75m,24.1,7,"[5611, 3204, 3205, 12005, 11864, 3208, 3209]",2026-03-29T09:51:39
204,Vietnam,2010,https://national-football-teams.com/country/204/2010/Vietnam.html,1.74m,25.3,12,"[7239, 10992, 3213, 7158, 10444, 10816, 7162, 10991, 10979, 10813, 10504, 10503]",2026-03-29T09:51:44
204,Vietnam,2011,https://national-football-teams.com/country/204/2011/Vietnam.html,1.73m,24.8,5,"[3922, 3929, 3940, 3956, 9800]",2026-03-29T09:51:47
204,Vietnam,2012,https://national-football-teams.com/country/204/2012/Vietnam.html,1.73m,25.6,12,"[8899, 9209, 9225, 9068, 8888, 8887, 9224, 9223, 9066, 9222, 8917, 9140]",2026-03-29T09:51:52
204,Vietnam,2013,https://national-football-teams.com/country/204/2013/Vietnam.html,1.74m,25.5,6,"[8984, 4584, 4585, 9033, 9326, 9386]",2026-03-29T09:51:56
204,Vietnam,2014,https://national-football-teams.com/country/204/2014/Vietnam.html,1.74m,25.2,10,"[10009, 10722, 11270, 11674, 11786, 11820, 11885, 11911, 11993, 12044]",2026-03-29T09:51:59
204,Vietnam,2015,https://national-football-teams.com/country/204/2015/Vietnam.html,1.75m,24.8,5,"[13051, 13081, 13777, 13962, 14053]",2026-03-29T09:52:04
204,Vietnam,2016,https://national-football-teams.com/country/204/2016/Vietnam.html,1.74m,24,13,"[14869, 14945, 15481, 15559, 15564, 15831, 15897, 15972, 16089, 16093, 16099, 16150, 16151]",2026-03-29T09:52:08
204,Vietnam,2017,https://national-football-teams.com/country/204/2017/Vietnam.html,1.75m,23.2,6,"[17013, 17121, 17722, 18158, 18430, 18538]",2026-03-29T09:52:12
204,Vietnam,2018,https://national-football-teams.com/country/204/2018/Vietnam.html,1.75m,23.2,11,"[40419, 19728, 21048, 21202, 21296, 21301, 21369, 21470, 23229, 23230, 21699]",2026-03-29T09:52:17
204,Vietnam,2019,https://national-football-teams.com/country/204/2019/Vietnam.html,1.75m,23.8,12,"[21795, 21857, 21904, 21990, 22073, 23167, 23225, 23856, 24165, 24284, 24382, 24507]",2026-03-29T09:52:22
204,Vietnam,2020,https://national-football-teams.com/country/204/2020/Vietnam.html,0m,0,0,[],2026-03-29T09:53:25
204,Vietnam,2021,https://national-football-teams.com/country/204/2021/Vietnam.html,1.76m,24.6,16,"[31501, 31029, 31098, 31140, 31714, 31806, 32068, 32182, 32459, 32562, 32699, 32743, 32765, 32814, 32933, 32935]",2026-03-29T09:53:31
204,Vietnam,2022,https://national-football-teams.com/country/204/2022/Vietnam.html,1.76m,24.8,11,"[33188, 33236, 34107, 34208, 34662, 35279, 35371, 35885, 35894, 35904, 35908]",2026-03-29T09:53:35
204,Vietnam,2023,https://national-football-teams.com/country/204/2023/Vietnam.html,1.75m,24.4,13,"[35911, 35917, 35960, 35971, 36028, 36901, 37005, 37380, 37458, 37612, 37564, 37662, 37793]",2026-03-29T09:53:39
204,Vietnam,2024,https://national-football-teams.com/country/204/2024/Vietnam.html,1.76m,25.7,17,"[37940, 37985, 38132, 38164, 38619, 38748, 39019, 39160, 39346, 39475, 39622, 40253, 40318, 40373, 40380, 40408, 40414]",2026-03-29T09:53:43
204,Vietnam,2025,https://national-football-teams.com/country/204/2025/Vietnam.html,1.77m,26.1,8,"[40420, 40421, 41185, 41131, 41697, 42366, 42481, 42782]",2026-03-29T09:53:46
204,Vietnam,2026,https://national-football-teams.com/country/204/2026/Vietnam.html,1.77m,27.1,0,[],2026-03-29T09:53:52
206,Yemen,1995,https://national-football-teams.com/country/206/1995/Yemen.html,0m,0,0,[],2026-03-29T09:53:55
206,Yemen,1996,https://national-football-teams.com/country/206/1996/Yemen.html,0m,23,5,"[26694, 26696, 26884, 27183, 27184]",2026-03-29T09:53:59
206,Yemen,1997,https://national-football-teams.com/country/206/1997/Yemen.html,0m,22.4,6,"[26330, 26420, 26071, 26421, 26332, 26076]",2026-03-29T09:54:02
206,Yemen,1998,https://national-football-teams.com/country/206/1998/Yemen.html,0m,0,0,[],2026-03-29T09:54:06
206,Yemen,1999,https://national-football-teams.com/country/206/1999/Yemen.html,0m,0,0,[],2026-03-29T09:54:10
206,Yemen,2000,https://national-football-teams.com/country/206/2000/Yemen.html,1.71m,21.9,6,"[6227, 6228, 22445, 22948, 23118, 23119]",2026-03-29T09:54:14
206,Yemen,2001,https://national-football-teams.com/country/206/2001/Yemen.html,1.7m,21.3,6,"[22028, 22029, 22030, 22031, 21637, 21638]",2026-03-29T09:54:17
206,Yemen,2002,https://national-football-teams.com/country/206/2002/Yemen.html,1.72m,20.6,5,"[7251, 19892, 20109, 20047, 20319]",2026-03-29T09:54:21
206,Yemen,2003,https://national-football-teams.com/country/206/2003/Yemen.html,1.73m,21.1,11,"[6357, 7152, 19236, 1450, 1451, 1454, 1456, 1457, 1460, 19061, 19144]",2026-03-29T09:54:24
206,Yemen,2004,https://national-football-teams.com/country/206/2004/Yemen.html,1.72m,20.9,19,"[5984, 6725, 7210, 7214, 7230, 17947, 18275, 18245, 17943, 18236, 125, 129, 135, 136, 126, 130, 18255, 18299, 18280]",2026-03-29T09:54:29
206,Yemen,2005,https://national-football-teams.com/country/206/2005/Yemen.html,0m,0,0,[],2026-03-29T09:54:34
206,Yemen,2006,https://national-football-teams.com/country/206/2006/Yemen.html,1.72m,22.6,11,"[6948, 7212, 7217, 7226, 7227, 1544, 1545, 1548, 1550, 1552, 1554]",2026-03-29T09:54:39
206,Yemen,2007,https://national-football-teams.com/country/206/2007/Yemen.html,1.74m,22.8,9,"[7232, 13636, 13621, 13541, 13625, 2472, 2473, 2487, 2491]",2026-03-29T09:54:44
206,Yemen,2008,https://national-football-teams.com/country/206/2008/Yemen.html,1.75m,21.9,7,"[5214, 5215, 5216, 5218, 5686, 12416, 6168]",2026-03-29T09:54:49
206,Yemen,2009,https://national-football-teams.com/country/206/2009/Yemen.html,1.73m,22,9,"[6799, 6801, 11880, 11981, 12014, 3173, 3175, 3178, 6933]",2026-03-29T09:54:52
206,Yemen,2010,https://national-football-teams.com/country/206/2010/Yemen.html,1.75m,21.5,20,"[5042, 6937, 6947, 7150, 7257, 11085, 11308, 3180, 3182, 6975, 3184, 7039, 7178, 7044, 11103, 11330, 10443, 11013, 11068, 11084]",2026-03-29T09:54:58
206,Yemen,2011,https://national-football-teams.com/country/206/2011/Yemen.html,1.75m,22.1,3,"[10221, 3939, 3960]",2026-03-29T09:55:03
206,Yemen,2012,https://national-football-teams.com/country/206/2012/Yemen.html,1.75m,23,11,"[7626, 7699, 9588, 9553, 9581, 8489, 9282, 9578, 9248, 9178, 7706]",2026-03-29T09:55:07
206,Yemen,2013,https://national-football-teams.com/country/206/2013/Yemen.html,1.75m,22.8,9,"[8982, 7933, 7903, 7954, 4580, 4582, 8992, 9325, 9384]",2026-03-29T09:55:11
206,Yemen,2014,https://national-football-teams.com/country/206/2014/Yemen.html,1.74m,23.6,10,"[10379, 11671, 10007, 10217, 11205, 11484, 11666, 11694, 11744, 11802]",2026-03-29T09:55:15
206,Yemen,2015,https://national-football-teams.com/country/206/2015/Yemen.html,1.75m,22.6,12,"[12406, 12263, 12668, 12721, 13169, 13293, 13652, 13670, 13788, 14050, 14148, 14224]",2026-03-29T09:55:19
206,Yemen,2016,https://national-football-teams.com/country/206/2016/Yemen.html,1.74m,23.7,3,"[14876, 15425, 15533]",2026-03-29T09:55:23
206,Yemen,2017,https://national-football-teams.com/country/206/2017/Yemen.html,1.74m,25,11,"[17016, 17127, 40447, 17726, 18160, 18436, 18544, 18755, 18767, 18782, 18786]",2026-03-29T09:55:26
206,Yemen,2018,https://national-football-teams.com/country/206/2018/Yemen.html,1.75m,25.4,4,"[19751, 21194, 21276, 21715]",2026-03-29T09:55:32
206,Yemen,2019,https://national-football-teams.com/country/206/2019/Yemen.html,1.76m,25.2,16,"[21791, 21858, 21904, 23716, 23734, 24018, 24021, 24015, 23855, 23971, 24159, 24376, 24501, 24552, 24556, 24560]",2026-03-29T09:55:36
206,Yemen,2020,https://national-football-teams.com/country/206/2020/Yemen.html,0m,0,0,[],2026-03-29T09:55:39
206,Yemen,2021,https://national-football-teams.com/country/206/2021/Yemen.html,1.73m,24.9,4,"[30996, 31104, 31137, 31183]",2026-03-29T09:55:44
206,Yemen,2022,https://national-football-teams.com/country/206/2022/Yemen.html,1.73m,23.8,3,"[34789, 34851, 34910]",2026-03-29T09:55:49
206,Yemen,2023,https://national-football-teams.com/country/206/2023/Yemen.html,1.75m,23,7,"[35920, 35961, 35968, 37466, 37577, 37670, 37799]",2026-03-29T09:55:55
206,Yemen,2024,https://national-football-teams.com/country/206/2024/Yemen.html,1.75m,23.9,11,"[38606, 38750, 39038, 39155, 40241, 40242, 40249, 40322, 40402, 40406, 40412]",2026-03-29T09:55:59
206,Yemen,2025,https://national-football-teams.com/country/206/2025/Yemen.html,1.75m,24.8,6,"[41142, 41698, 42376, 42480, 42755, 42791]",2026-03-29T09:56:04
206,Yemen,2026,https://national-football-teams.com/country/206/2026/Yemen.html,1.75m,25.8,0,[],2026-03-29T09:56:09
214,Northern_Mariana_Islands,1995,https://national-football-teams.com/country/214/1995/Northern_Mariana_Islands.html,0m,0,0,[],2026-03-29T09:56:13
214,Northern_Mariana_Islands,1996,https://national-football-teams.com/country/214/1996/Northern_Mariana_Islands.html,0m,0,0,[],2026-03-29T09:56:17
214,Northern_Mariana_Islands,1997,https://national-football-teams.com/country/214/1997/Northern_Mariana_Islands.html,0m,0,0,[],2026-03-29T09:56:22
214,Northern_Mariana_Islands,1998,https://national-football-teams.com/country/214/1998/Northern_Mariana_Islands.html,0m,0,1,[39852],2026-03-29T09:56:26
214,Northern_Mariana_Islands,1999,https://national-football-teams.com/country/214/1999/Northern_Mariana_Islands.html,0m,0,1,[24954],2026-03-29T09:56:29
214,Northern_Mariana_Islands,2000,https://national-football-teams.com/country/214/2000/Northern_Mariana_Islands.html,0m,0,0,[],2026-03-29T09:56:32
214,Northern_Mariana_Islands,2001,https://national-football-teams.com/country/214/2001/Northern_Mariana_Islands.html,0m,0,0,[],2026-03-29T09:56:34
214,Northern_Mariana_Islands,2002,https://national-football-teams.com/country/214/2002/Northern_Mariana_Islands.html,0m,0,0,[],2026-03-29T09:56:39
214,Northern_Mariana_Islands,2003,https://national-football-teams.com/country/214/2003/Northern_Mariana_Islands.html,0m,0,0,[],2026-03-29T09:56:45
214,Northern_Mariana_Islands,2004,https://national-football-teams.com/country/214/2004/Northern_Mariana_Islands.html,0m,0,0,[],2026-03-29T09:56:49
214,Northern_Mariana_Islands,2005,https://national-football-teams.com/country/214/2005/Northern_Mariana_Islands.html,0m,42,0,[],2026-03-29T09:56:54
214,Northern_Mariana_Islands,2006,https://national-football-teams.com/country/214/2006/Northern_Mariana_Islands.html,0m,0,0,[],2026-03-29T09:57:57
214,Northern_Mariana_Islands,2007,https://national-football-teams.com/country/214/2007/Northern_Mariana_Islands.html,1.85m,33.9,2,"[14456, 14457]",2026-03-29T09:58:01
214,Northern_Mariana_Islands,2008,https://national-football-teams.com/country/214/2008/Northern_Mariana_Islands.html,1.78m,26,1,[12898],2026-03-29T09:58:04
214,Northern_Mariana_Islands,2009,https://national-football-teams.com/country/214/2009/Northern_Mariana_Islands.html,1.8m,32.7,3,"[12116, 12123, 12103]",2026-03-29T09:58:08
214,Northern_Mariana_Islands,2010,https://national-football-teams.com/country/214/2010/Northern_Mariana_Islands.html,1.79m,32.6,1,[7043],2026-03-29T09:58:12
214,Northern_Mariana_Islands,2011,https://national-football-teams.com/country/214/2011/Northern_Mariana_Islands.html,0m,0,0,[],2026-03-29T09:58:17
214,Northern_Mariana_Islands,2012,https://national-football-teams.com/country/214/2012/Northern_Mariana_Islands.html,1.78m,26.1,3,"[4827, 9636, 9610]",2026-03-29T09:58:21
214,Northern_Mariana_Islands,2013,https://national-football-teams.com/country/214/2013/Northern_Mariana_Islands.html,1.82m,26.1,3,"[4606, 4607, 4609]",2026-03-29T09:58:25
214,Northern_Mariana_Islands,2014,https://national-football-teams.com/country/214/2014/Northern_Mariana_Islands.html,1.81m,24.2,3,"[11163, 11165, 11168]",2026-03-29T09:58:29
214,Northern_Mariana_Islands,2015,https://national-football-teams.com/country/214/2015/Northern_Mariana_Islands.html,0m,0,0,[],2026-03-29T09:58:33
214,Northern_Mariana_Islands,2016,https://national-football-teams.com/country/214/2016/Northern_Mariana_Islands.html,1.8m,24.3,3,"[15597, 15599, 15601]",2026-03-29T09:58:36
214,Northern_Mariana_Islands,2017,https://national-football-teams.com/country/214/2017/Northern_Mariana_Islands.html,0m,0,0,[],2026-03-29T09:58:38
214,Northern_Mariana_Islands,2018,https://national-football-teams.com/country/214/2018/Northern_Mariana_Islands.html,1.74m,20.3,3,"[20529, 20533, 20543]",2026-03-29T09:58:43
214,Northern_Mariana_Islands,2019,https://national-football-teams.com/country/214/2019/Northern_Mariana_Islands.html,0m,0,0,[],2026-03-29T09:58:48
214,Northern_Mariana_Islands,2020,https://national-football-teams.com/country/214/2020/Northern_Mariana_Islands.html,0m,0,0,[],2026-03-29T09:58:53
214,Northern_Mariana_Islands,2021,https://national-football-teams.com/country/214/2021/Northern_Mariana_Islands.html,0m,0,0,[],2026-03-29T09:58:56
214,Northern_Mariana_Islands,2022,https://national-football-teams.com/country/214/2022/Northern_Mariana_Islands.html,1.74m,19.8,2,"[33617, 33715]",2026-03-29T09:59:00
214,Northern_Mariana_Islands,2023,https://national-football-teams.com/country/214/2023/Northern_Mariana_Islands.html,1.73m,18.3,4,"[37720, 37833, 37838, 37841]",2026-03-29T09:59:04
214,Northern_Mariana_Islands,2024,https://national-football-teams.com/country/214/2024/Northern_Mariana_Islands.html,1.73m,19,2,"[40377, 40401]",2026-03-29T09:59:09
214,Northern_Mariana_Islands,2025,https://national-football-teams.com/country/214/2025/Northern_Mariana_Islands.html,0m,0,0,[],2026-03-29T09:59:13
214,Northern_Mariana_Islands,2026,https://national-football-teams.com/country/214/2026/Northern_Mariana_Islands.html,0m,0,0,[],2026-03-29T09:59:17
229,East_Timor,1995,https://national-football-teams.com/country/229/1995/East_Timor.html,0m,0,0,[],2026-03-29T09:59:22
229,East_Timor,1996,https://national-football-teams.com/country/229/1996/East_Timor.html,0m,0,0,[],2026-03-29T09:59:27
229,East_Timor,1997,https://national-football-teams.com/country/229/1997/East_Timor.html,0m,0,0,[],2026-03-29T09:59:32
229,East_Timor,1998,https://national-football-teams.com/country/229/1998/East_Timor.html,0m,0,0,[],2026-03-29T09:59:37
229,East_Timor,1999,https://national-football-teams.com/country/229/1999/East_Timor.html,0m,0,0,[],2026-03-29T09:59:40
229,East_Timor,2000,https://national-football-teams.com/country/229/2000/East_Timor.html,0m,0,0,[],2026-03-29T09:59:43
229,East_Timor,2001,https://national-football-teams.com/country/229/2001/East_Timor.html,0m,0,0,[],2026-03-29T09:59:46
229,East_Timor,2002,https://national-football-teams.com/country/229/2002/East_Timor.html,0m,0,0,[],2026-03-29T09:59:50
229,East_Timor,2003,https://national-football-teams.com/country/229/2003/East_Timor.html,0m,0,2,"[1409, 1410]",2026-03-29T09:59:53
229,East_Timor,2004,https://national-football-teams.com/country/229/2004/East_Timor.html,1.72m,23.6,4,"[18632, 18317, 18582, 18645]",2026-03-29T09:59:56
229,East_Timor,2005,https://national-football-teams.com/country/229/2005/East_Timor.html,0m,29,0,[],2026-03-29T10:00:00
229,East_Timor,2006,https://national-football-teams.com/country/229/2006/East_Timor.html,1.69m,20,4,"[6897, 16987, 16994, 17011]",2026-03-29T10:00:06
229,East_Timor,2007,https://national-football-teams.com/country/229/2007/East_Timor.html,1.71m,24.6,2,"[2468, 2469]",2026-03-29T10:00:11
229,East_Timor,2008,https://national-football-teams.com/country/229/2008/East_Timor.html,1.71m,22.5,4,"[6717, 6892, 12476, 12763]",2026-03-29T10:00:15
229,East_Timor,2009,https://national-football-teams.com/country/229/2009/East_Timor.html,0m,0,0,[],2026-03-29T10:00:19
229,East_Timor,2010,https://national-football-teams.com/country/229/2010/East_Timor.html,1.69m,22,4,"[7278, 10982, 11076, 11312]",2026-03-29T10:00:24
229,East_Timor,2011,https://national-football-teams.com/country/229/2011/East_Timor.html,1.72m,24.4,2,"[3917, 3924]",2026-03-29T10:00:28
229,East_Timor,2012,https://national-football-teams.com/country/229/2012/East_Timor.html,1.77m,20.9,5,"[9552, 9548, 9585, 9600, 13084]",2026-03-29T10:00:33
229,East_Timor,2013,https://national-football-teams.com/country/229/2013/East_Timor.html,0m,0,0,[],2026-03-29T10:00:36
229,East_Timor,2014,https://national-football-teams.com/country/229/2014/East_Timor.html,1.76m,21.5,5,"[11489, 11492, 11493, 11499, 11677]",2026-03-29T10:00:40
229,East_Timor,2015,https://national-football-teams.com/country/229/2015/East_Timor.html,1.77m,21.1,9,"[12663, 12686, 13163, 13280, 13679, 13958, 14049, 14152, 14212]",2026-03-29T10:00:45
229,East_Timor,2016,https://national-football-teams.com/country/229/2016/East_Timor.html,1.75m,20.8,11,"[14944, 15386, 15423, 15456, 15880, 15939, 15952, 15954, 15957, 15959, 15964]",2026-03-29T10:00:49
229,East_Timor,2017,https://national-football-teams.com/country/229/2017/East_Timor.html,1.71m,20.6,3,"[18671, 18673, 18674]",2026-03-29T10:00:54
229,East_Timor,2018,https://national-football-teams.com/country/229/2018/East_Timor.html,1.7m,19.8,7,"[20811, 20812, 20813, 21050, 21106, 21225, 21299]",2026-03-29T10:00:59
229,East_Timor,2019,https://national-football-teams.com/country/229/2019/East_Timor.html,1.71m,19.3,2,"[23200, 23281]",2026-03-29T10:01:05
229,East_Timor,2020,https://national-football-teams.com/country/229/2020/East_Timor.html,0m,0,0,[],2026-03-29T10:01:08
229,East_Timor,2021,https://national-football-teams.com/country/229/2021/East_Timor.html,1.69m,19.7,4,"[32696, 32708, 32740, 32745]",2026-03-29T10:01:13
229,East_Timor,2022,https://national-football-teams.com/country/229/2022/East_Timor.html,1.69m,20.3,7,"[34939, 35384, 33199, 33216, 35032, 35512, 35514]",2026-03-29T10:01:18
229,East_Timor,2023,https://national-football-teams.com/country/229/2023/East_Timor.html,1.73m,19.7,2,"[37467, 37576]",2026-03-29T10:01:22
229,East_Timor,2024,https://national-football-teams.com/country/229/2024/East_Timor.html,1.7m,21.8,8,"[39349, 39494, 39545, 39682, 40247, 40288, 40314, 40325]",2026-03-29T10:02:27
229,East_Timor,2025,https://national-football-teams.com/country/229/2025/East_Timor.html,1.74m,22.4,6,"[41186, 41133, 41701, 42372, 42484, 42757]",2026-03-29T10:02:32
229,East_Timor,2026,https://national-football-teams.com/country/229/2026/East_Timor.html,1.74m,23.4,0,[],2026-03-29T10:02:36
230,Myanmar,1995,https://national-football-teams.com/country/230/1995/Myanmar.html,1.68m,25.4,10,"[27758, 27760, 27763, 27878, 27907, 27908, 27909, 27910, 27911, 27912]",2026-03-29T10:02:39
230,Myanmar,1996,https://national-football-teams.com/country/230/1996/Myanmar.html,1.68m,21,10,"[27007, 27010, 27091, 27093, 27123, 27169, 27202, 27204, 27205, 27206]",2026-03-29T10:02:44
230,Myanmar,1997,https://national-football-teams.com/country/230/1997/Myanmar.html,1.68m,24.8,6,"[6359, 26197, 26453, 26454, 41521, 26406]",2026-03-29T10:02:48
230,Myanmar,1998,https://national-football-teams.com/country/230/1998/Myanmar.html,1.72m,21.8,5,"[25548, 25549, 25390, 25457, 25551]",2026-03-29T10:02:51
230,Myanmar,1999,https://national-football-teams.com/country/230/1999/Myanmar.html,1.71m,19,4,"[24903, 24824, 24904, 24547]",2026-03-29T10:02:55
230,Myanmar,2000,https://national-football-teams.com/country/230/2000/Myanmar.html,1.71m,20.6,10,"[5058, 22973, 23041, 23317, 23318, 23319, 22293, 22701, 23320, 22977]",2026-03-29T10:02:58
230,Myanmar,2001,https://national-football-teams.com/country/230/2001/Myanmar.html,0m,0,0,[],2026-03-29T10:03:02
230,Myanmar,2002,https://national-football-teams.com/country/230/2002/Myanmar.html,1.71m,19.5,6,"[7095, 7096, 20334, 20421, 20422, 20349]",2026-03-29T10:03:05
230,Myanmar,2003,https://national-football-teams.com/country/230/2003/Myanmar.html,1.71m,19.4,8,"[1406, 1407, 1486, 1487, 1489, 1491, 1494, 1496]",2026-03-29T10:03:09
230,Myanmar,2004,https://national-football-teams.com/country/230/2004/Myanmar.html,1.73m,20,10,"[18222, 18611, 18554, 18618, 18636, 18580, 18316, 18633, 18645, 18639]",2026-03-29T10:03:14
230,Myanmar,2005,https://national-football-teams.com/country/230/2005/Myanmar.html,1.72m,20.9,2,"[17407, 17363]",2026-03-29T10:03:18
230,Myanmar,2006,https://national-football-teams.com/country/230/2006/Myanmar.html,1.72m,20.8,4,"[16923, 16918, 16916, 16920]",2026-03-29T10:03:23
230,Myanmar,2007,https://national-football-teams.com/country/230/2007/Myanmar.html,1.72m,20.8,7,"[7093, 7094, 13473, 13460, 13512, 2460, 2461]",2026-03-29T10:03:28
230,Myanmar,2008,https://national-football-teams.com/country/230/2008/Myanmar.html,1.73m,21.8,18,"[4647, 7092, 12410, 12411, 12611, 3289, 3290, 3292, 3294, 3296, 12675, 12413, 12621, 12723, 12278, 12409, 12433, 12674]",2026-03-29T10:03:32
230,Myanmar,2009,https://national-football-teams.com/country/230/2009/Myanmar.html,1.7m,21.3,3,"[3231, 3234, 3235]",2026-03-29T10:03:36
230,Myanmar,2010,https://national-football-teams.com/country/230/2010/Myanmar.html,1.72m,22.2,8,"[3253, 3254, 3256, 7864, 7865, 10991, 10814, 10978]",2026-03-29T10:03:40
230,Myanmar,2011,https://national-football-teams.com/country/230/2011/Myanmar.html,1.72m,21.6,10,"[7513, 9982, 10135, 10251, 9890, 3921, 3925, 7508, 3944, 3947]",2026-03-29T10:03:44
230,Myanmar,2012,https://national-football-teams.com/country/230/2012/Myanmar.html,1.72m,21.4,8,"[9091, 9549, 9548, 9547, 9546, 9222, 9141, 8916]",2026-03-29T10:03:48
230,Myanmar,2013,https://national-football-teams.com/country/230/2013/Myanmar.html,1.72m,22.2,6,"[8773, 5781, 4588, 4590, 4592, 8037]",2026-03-29T10:03:51
230,Myanmar,2014,https://national-football-teams.com/country/230/2014/Myanmar.html,1.72m,22.1,13,"[11236, 10542, 10551, 10569, 10722, 11271, 11492, 11494, 11498, 11500, 11882, 11888, 11914]",2026-03-29T10:03:55
230,Myanmar,2015,https://national-football-teams.com/country/230/2015/Myanmar.html,1.72m,21.5,11,"[13271, 12844, 13161, 13289, 13654, 13678, 13757, 13963, 14054, 14133, 14141]",2026-03-29T10:04:00
230,Myanmar,2016,https://national-football-teams.com/country/230/2016/Myanmar.html,1.71m,22,12,"[15028, 14938, 15555, 15560, 15563, 15962, 16046, 16089, 16094, 16100, 16152, 16153]",2026-03-29T10:04:04
230,Myanmar,2017,https://national-football-teams.com/country/230/2017/Myanmar.html,1.73m,23.8,9,"[42112, 17012, 17117, 17717, 18045, 18332, 18425, 18454, 18534]",2026-03-29T10:04:10
230,Myanmar,2018,https://national-football-teams.com/country/230/2018/Myanmar.html,1.71m,23.2,10,"[19464, 19723, 20158, 20763, 20843, 20917, 21104, 21201, 21296, 21300]",2026-03-29T10:04:14
230,Myanmar,2019,https://national-football-teams.com/country/230/2019/Myanmar.html,1.72m,24.4,10,"[22522, 22630, 23269, 23839, 23851, 23975, 24164, 24351, 24379, 24504]",2026-03-29T10:04:18
230,Myanmar,2020,https://national-football-teams.com/country/230/2020/Myanmar.html,0m,0,0,[],2026-03-29T10:04:22
230,Myanmar,2021,https://national-football-teams.com/country/230/2021/Myanmar.html,1.74m,24.5,9,"[32596, 30923, 31094, 31136, 32653, 32697, 32708, 32741, 32810]",2026-03-29T10:04:26
230,Myanmar,2022,https://national-football-teams.com/country/230/2022/Myanmar.html,1.75m,24.3,10,"[34640, 34788, 34848, 34911, 35280, 35337, 35882, 35893, 35899, 35907]",2026-03-29T10:04:30
230,Myanmar,2023,https://national-football-teams.com/country/230/2023/Myanmar.html,1.75m,24.3,11,"[35911, 36464, 36524, 36917, 36989, 37445, 38554, 37470, 37580, 37669, 37800]",2026-03-29T10:04:33
230,Myanmar,2024,https://national-football-teams.com/country/230/2024/Myanmar.html,1.75m,25.2,12,"[38615, 38754, 39029, 39154, 39549, 39640, 40244, 40164, 40252, 40308, 40374, 40380]",2026-03-29T10:04:38
230,Myanmar,2025,https://national-football-teams.com/country/230/2025/Myanmar.html,1.76m,25.2,5,"[42281, 41138, 41696, 42369, 42485]",2026-03-29T10:04:42
230,Myanmar,2026,https://national-football-teams.com/country/230/2026/Myanmar.html,1.76m,25.8,1,[44212],2026-03-29T10:04:46
