country_id,year,match_id
1,2003,65
1,2003,66
1,2003,1411
1,2003,1412
1,2003,19255
1,2003,19259
1,2003,19260
1,2005,17439
1,2005,17464
1,2005,17467
1,2005,17515
1,2006,16958
1,2006,16995
1,2007,2470
1,2007,2471
1,2008,3276
1,2008,3277
1,2008,3283
1,2008,3285
1,2008,3287
1,2008,5458
1,2008,6148
1,2008,12279
1,2008,12649
1,2008,12700
1,2009,11929
1,2009,12053
1,2009,35450
1,2010,7325
1,2011,3919
1,2011,3927
1,2011,9770
1,2011,9773
1,2011,10152
1,2011,10157
1,2011,10264
1,2011,10266
1,2011,10284
1,2011,10285
1,2011,10286
1,2011,10287
1,2013,4599
1,2013,4601
1,2013,4604
1,2013,8035
1,2013,8700
1,2013,8711
1,2013,8718
1,2013,8731
1,2013,8798
1,2013,8862
1,2014,10347
1,2014,10440
1,2014,10532
1,2014,10533
1,2014,10548
1,2014,10557
1,2014,10573
1,2014,10603
1,2014,10607
1,2015,12404
1,2015,13102
1,2015,13108
1,2015,13167
1,2015,13284
1,2015,13784
1,2015,13832
1,2015,13961
1,2015,14072
1,2015,14144
1,2015,14417
1,2015,14420
1,2015,14423
1,2015,14425
1,2016,14426
1,2016,14866
1,2016,14936
1,2016,15815
1,2016,15940
1,2016,16041
1,2017,17051
1,2017,17121
1,2017,17622
1,2017,17721
1,2017,18068
1,2017,18165
1,2017,18429
1,2017,18538
1,2018,19727
1,2018,20520
1,2018,21707
1,2018,21797
1,2019,22526
1,2019,22606
1,2019,23198
1,2019,23863
1,2019,23972
1,2019,24162
1,2019,24377
1,2019,24502
1,2021,30935
1,2021,30936
1,2021,30957
1,2021,31089
1,2021,31121
1,2021,32561
1,2022,34662
1,2022,34779
1,2022,34845
1,2022,34902
1,2023,36880
1,2023,36890
1,2023,37276
1,2023,37400
1,2023,37444
1,2023,37475
1,2023,37579
1,2023,37661
1,2023,37802
1,2024,38623
1,2024,38761
1,2024,39039
1,2024,39158
1,2024,40162
1,2024,40229
1,2025,41054
1,2025,41138
1,2025,41693
1,2025,42105
1,2025,42115
1,2025,42129
1,2025,42373
1,2025,42491
1,2026,44212
12,1995,27342
12,1995,27343
12,1995,27381
12,1995,27382
12,1995,27383
12,1995,27384
12,1995,27385
12,1995,27386
12,1995,27387
12,1996,7420
12,1996,26524
12,1996,26530
12,1996,26531
12,1996,26532
12,1996,26533
12,1996,26534
12,1996,26535
12,1996,26536
12,1996,26537
12,1996,26538
12,1996,26539
12,1997,25629
12,1997,25632
12,1997,25648
12,1997,25649
12,1997,25650
12,1997,25651
12,1997,25652
12,1997,25653
12,1997,25654
12,1997,25655
12,1997,25656
12,1997,25657
12,1997,25658
12,1997,25659
12,1997,25660
12,1997,25661
12,1997,25662
12,1997,25663
12,1997,25664
12,1998,24983
12,1998,24984
12,1998,24985
12,1998,24986
12,1998,24987
12,1998,24988
12,1998,24989
12,1998,24990
12,1998,24991
12,2000,22248
12,2000,22249
12,2000,22250
12,2000,22251
12,2000,22252
12,2000,22253
12,2000,22254
12,2000,22255
12,2000,22256
12,2000,22257
12,2000,22258
12,2000,22259
12,2000,22260
12,2000,22261
12,2000,22262
12,2001,20929
12,2001,20936
12,2001,20955
12,2001,20958
12,2001,20983
12,2001,20998
12,2001,20999
12,2001,21000
12,2001,21001
12,2001,21002
12,2001,21003
12,2001,21004
12,2001,21005
12,2001,21006
12,2001,21007
12,2001,21008
12,2002,19794
12,2002,19795
12,2002,19796
12,2002,19797
12,2002,19798
12,2003,18821
12,2003,18822
12,2003,18823
12,2004,891
12,2004,2149
12,2004,2152
12,2004,2155
12,2004,2158
12,2004,2161
12,2004,2162
12,2004,17906
12,2004,17907
12,2004,17909
12,2004,17910
12,2004,17911
12,2005,906
12,2005,908
12,2005,17280
12,2005,17287
12,2005,17304
12,2005,17354
12,2005,17355
12,2005,17356
12,2005,17357
12,2005,17358
12,2005,17359
12,2005,17360
12,2006,32
12,2006,33
12,2006,36
12,2006,53
12,2006,1579
12,2006,1581
12,2006,1582
12,2006,1583
12,2006,13899
12,2006,14281
12,2006,14336
12,2006,14372
12,2006,14609
12,2007,1510
12,2007,1512
12,2007,1514
12,2007,1534
12,2007,12957
12,2007,12965
12,2007,12966
12,2007,12967
12,2007,12968
12,2007,12969
12,2008,2494
12,2008,2496
12,2008,2498
12,2008,2501
12,2008,2503
12,2008,2504
12,2008,2556
12,2008,2558
12,2008,2560
12,2008,12220
12,2008,12339
12,2008,12340
12,2008,12341
12,2009,2562
12,2009,2566
12,2009,2569
12,2009,2571
12,2009,2573
12,2009,3186
12,2009,3188
12,2009,3189
12,2009,3191
12,2009,11635
12,2009,11636
12,2009,11637
12,2010,2207
12,2010,2210
12,2010,2212
12,2010,3194
12,2010,3195
12,2010,10431
12,2010,10479
12,2010,10480
12,2010,10481
12,2010,10482
12,2010,10483
12,2010,10484
12,2010,10485
12,2011,3999
12,2011,4000
12,2011,4002
12,2011,4004
12,2011,4006
12,2011,8274
12,2011,9786
12,2011,9804
12,2011,9847
12,2011,9865
12,2011,9866
12,2011,9867
12,2011,9868
12,2011,9869
12,2011,9870
12,2011,9871
12,2011,9872
12,2012,4008
12,2012,4039
12,2012,4040
12,2012,4043
12,2012,4045
12,2012,8477
12,2012,8522
12,2012,8523
12,2012,8524
12,2012,8525
12,2012,8526
12,2012,8527
12,2012,8528
12,2013,4049
12,2013,7850
12,2013,8027
12,2013,8114
12,2013,8172
12,2013,8459
12,2013,8501
12,2013,8514
12,2013,8786
12,2013,8957
12,2013,9023
12,2013,9363
12,2014,9679
12,2014,9680
12,2014,9682
12,2014,10039
12,2014,10576
12,2014,10677
12,2014,11152
12,2014,11203
12,2014,11414
12,2014,11447
12,2014,11750
12,2015,12177
12,2015,12201
12,2015,12203
12,2015,12256
12,2015,12308
12,2015,12324
12,2015,12753
12,2015,12848
12,2015,13292
12,2015,13666
12,2015,13713
12,2015,13966
12,2015,14139
12,2015,14215
12,2016,14865
12,2016,14935
12,2016,15365
12,2016,15436
12,2016,15457
12,2016,15714
12,2016,15767
12,2016,15832
12,2016,15911
12,2016,16050
12,2017,17026
12,2017,17099
12,2017,17637
12,2017,17728
12,2017,17743
12,2017,17746
12,2017,17750
12,2017,18050
12,2017,18124
12,2017,18328
12,2017,18407
12,2017,18464
12,2017,18512
12,2018,15647
12,2018,15649
12,2018,19483
12,2018,19584
12,2018,20182
12,2018,20245
12,2018,20279
12,2018,20869
12,2018,21222
12,2018,21272
12,2018,21714
12,2019,21787
12,2019,21854
12,2019,21878
12,2019,22023
12,2019,22076
12,2019,23199
12,2019,23967
12,2019,24155
12,2019,24273
12,2019,24372
12,2021,30961
12,2021,31025
12,2021,31090
12,2021,31122
12,2021,31713
12,2021,31806
12,2021,32069
12,2021,32184
12,2021,32464
12,2021,32567
12,2022,33188
12,2022,33237
12,2022,34104
12,2022,34212
12,2022,34656
12,2022,34763
12,2022,34896
12,2022,35284
12,2022,35350
12,2022,35585
12,2022,35625
12,2022,35648
12,2022,35718
12,2023,36494
12,2023,36597
12,2023,36907
12,2023,37341
12,2023,37503
12,2023,37574
12,2023,37671
12,2023,37810
12,2024,37868
12,2024,37980
12,2024,38106
12,2024,38155
12,2024,38239
12,2024,38308
12,2024,38622
12,2024,38765
12,2024,39037
12,2024,39163
12,2024,39358
12,2024,39503
12,2024,39560
12,2024,39689
12,2024,40061
12,2024,40198
12,2025,41016
12,2025,41151
12,2025,41601
12,2025,41706
12,2025,42157
12,2025,42237
12,2025,42399
12,2025,42470
12,2025,42692
12,2025,42750
16,1996,26702
16,1996,26734
16,1996,26768
16,1996,26893
16,1996,27029
16,1996,27038
16,1996,27039
16,1997,25977
16,1997,26052
16,1997,26053
16,1997,26221
16,1997,26266
16,1997,26267
16,1997,26356
16,1997,26357
16,1997,28850
16,1998,25067
16,1998,25175
16,1998,25248
16,1998,25277
16,1998,25321
16,1998,25410
16,1998,25450
16,1998,25451
16,1998,25452
16,2000,5416
16,2000,5652
16,2000,5654
16,2000,5656
16,2000,6229
16,2000,6442
16,2000,22339
16,2000,22340
16,2000,22790
16,2000,22793
16,2000,22984
16,2000,22985
16,2001,5734
16,2001,5736
16,2001,5737
16,2001,5922
16,2001,5999
16,2001,21118
16,2001,21122
16,2001,21380
16,2001,21384
16,2001,21462
16,2001,21467
16,2001,21508
16,2001,21510
16,2001,21563
16,2001,21564
16,2001,21565
16,2001,21566
16,2001,21567
16,2001,21568
16,2001,21569
16,2001,21570
16,2001,21571
16,2002,5724
16,2002,5725
16,2002,5726
16,2002,5730
16,2002,5731
16,2002,5732
16,2002,19884
16,2002,19889
16,2002,19894
16,2002,19921
16,2002,19947
16,2002,19993
16,2002,20024
16,2002,20044
16,2002,20045
16,2002,20046
16,2002,20047
16,2002,20048
16,2003,1485
16,2003,1487
16,2003,1490
16,2003,1491
16,2003,1493
16,2003,1495
16,2003,5228
16,2003,5722
16,2003,5723
16,2003,6204
16,2003,18959
16,2003,19024
16,2003,19096
16,2003,19144
16,2004,139
16,2004,140
16,2004,143
16,2004,144
16,2004,145
16,2004,146
16,2004,5144
16,2004,5223
16,2004,5711
16,2004,5712
16,2004,5716
16,2004,5719
16,2004,5914
16,2004,5958
16,2004,16388
16,2004,16390
16,2004,16392
16,2004,16413
16,2004,16417
16,2004,16419
16,2004,17889
16,2004,17940
16,2004,17948
16,2004,18235
16,2004,18276
16,2004,18279
16,2004,18281
16,2004,18288
16,2004,18291
16,2004,18297
16,2004,18298
16,2004,18299
16,2004,18300
16,2005,187
16,2005,188
16,2005,191
16,2005,192
16,2005,193
16,2005,194
16,2005,197
16,2005,198
16,2005,907
16,2005,909
16,2005,5263
16,2005,5707
16,2005,5709
16,2005,17327
16,2005,17408
16,2005,17448
16,2005,17466
16,2005,41537
16,2006,1579
16,2006,1580
16,2006,1583
16,2006,1584
16,2006,5256
16,2006,5702
16,2006,5703
16,2006,5705
16,2006,6198
16,2007,1527
16,2007,1530
16,2007,1532
16,2007,2466
16,2007,2467
16,2007,5698
16,2007,5699
16,2007,13536
16,2007,13551
16,2007,13566
16,2007,13578
16,2007,13586
16,2007,13608
16,2007,13624
16,2007,13636
16,2008,2508
16,2008,2509
16,2008,2512
16,2008,2514
16,2008,2516
16,2008,2517
16,2008,2555
16,2008,2557
16,2008,2560
16,2008,4865
16,2008,5239
16,2008,5684
16,2008,5685
16,2008,5686
16,2008,5689
16,2008,5691
16,2008,5693
16,2008,6304
16,2008,12437
16,2008,12501
16,2008,12510
16,2009,2563
16,2009,2564
16,2009,2567
16,2009,2571
16,2009,2572
16,2009,2594
16,2009,2595
16,2009,3098
16,2009,3099
16,2009,3174
16,2009,3176
16,2009,3178
16,2009,4875
16,2009,5032
16,2009,6460
16,2009,6795
16,2009,11852
16,2009,11953
16,2009,12036
16,2009,12052
16,2009,12058
16,2009,38819
16,2010,3181
16,2010,3182
16,2010,3183
16,2010,6812
16,2010,7135
16,2010,7180
16,2010,7196
16,2010,7240
16,2010,7258
16,2010,7262
16,2010,10853
16,2010,10931
16,2010,10951
16,2010,11008
16,2010,11101
16,2010,11110
16,2010,11113
16,2010,11120
16,2010,11256
16,2011,4011
16,2011,4013
16,2011,4014
16,2011,4016
16,2011,4019
16,2011,5873
16,2011,7335
16,2011,7553
16,2011,7587
16,2011,7606
16,2011,9785
16,2011,9848
16,2011,9871
16,2011,10206
16,2011,10239
16,2011,10279
16,2011,10315
16,2011,10316
16,2012,4021
16,2012,7061
16,2012,8488
16,2012,8921
16,2012,9179
16,2012,9205
16,2012,9232
16,2012,9247
16,2012,9482
16,2012,9509
16,2012,9554
16,2012,9561
16,2012,9576
16,2012,9577
16,2012,9578
16,2012,9579
16,2012,9580
16,2012,9581
16,2012,38482
16,2012,39298
16,2012,41538
16,2013,4580
16,2013,4581
16,2013,7911
16,2013,7920
16,2013,7926
16,2013,7931
16,2013,7946
16,2013,7947
16,2013,7948
16,2013,8987
16,2013,9044
16,2013,9290
16,2013,9336
16,2013,9384
16,2013,9511
16,2013,9513
16,2013,9519
16,2013,12086
16,2014,9525
16,2014,9594
16,2014,10008
16,2014,11275
16,2014,11485
16,2014,11495
16,2014,11665
16,2014,11670
16,2014,11694
16,2014,11745
16,2014,11803
16,2014,12166
16,2015,12173
16,2015,12184
16,2015,12230
16,2015,12244
16,2015,12760
16,2015,12850
16,2015,13103
16,2015,13142
16,2015,13162
16,2015,13674
16,2015,13788
16,2015,13970
16,2015,14058
16,2015,14213
16,2016,14631
16,2016,14876
16,2016,14943
16,2016,15786
16,2016,15814
16,2016,15861
16,2016,15942
16,2016,16095
16,2016,16096
16,2017,17098
16,2017,17126
16,2017,17711
16,2017,17725
16,2017,18164
16,2017,18433
16,2017,18438
16,2017,18457
16,2017,18542
16,2017,18768
16,2017,18782
16,2017,18787
16,2017,18834
16,2018,18788
16,2018,19749
16,2018,19754
16,2018,20547
16,2018,20646
16,2018,20780
16,2018,20917
16,2018,21261
16,2018,21676
16,2018,21713
16,2018,38423
16,2019,21785
16,2019,21824
16,2019,21867
16,2019,22025
16,2019,23735
16,2019,23862
16,2019,23968
16,2019,24016
16,2019,24019
16,2019,24023
16,2019,24151
16,2019,24276
16,2019,24373
16,2019,24499
16,2019,24553
16,2019,24558
16,2019,24561
16,2019,24673
16,2019,24675
16,2020,28837
16,2020,28937
16,2020,29001
16,2021,30284
16,2021,30389
16,2021,30895
16,2021,30925
16,2021,30958
16,2021,31026
16,2021,31123
16,2021,31189
16,2021,31686
16,2021,31809
16,2021,32087
16,2021,32219
16,2021,32560
16,2021,32646
16,2021,32687
16,2021,32700
16,2022,33198
16,2022,33259
16,2022,34103
16,2022,34222
16,2022,34258
16,2022,34640
16,2022,34647
16,2022,34780
16,2022,34849
16,2022,34903
16,2022,35325
16,2022,35395
16,2022,35522
16,2022,35567
16,2023,35921
16,2023,35966
16,2023,35973
16,2023,36029
16,2023,36527
16,2023,36635
16,2023,37448
16,2023,37449
16,2023,37611
16,2023,37635
16,2023,37670
16,2023,37809
16,2024,37868
16,2024,37950
16,2024,38019
16,2024,38139
16,2024,38177
16,2024,38289
16,2024,38621
16,2024,38764
16,2024,39038
16,2024,39143
16,2024,39358
16,2024,39505
16,2024,39559
16,2024,39685
16,2024,40060
16,2024,40198
16,2024,40403
16,2024,40407
16,2024,40412
16,2024,40417
16,2025,40422
16,2025,41017
16,2025,41150
16,2025,41600
16,2025,41712
16,2025,42119
16,2025,42280
16,2025,42364
16,2025,42789
16,2025,42798
16,2025,42812
16,2025,42822
16,2025,42847
16,2025,42855
17,1995,27907
17,1995,27909
17,1995,27918
17,1995,27922
17,1995,27931
17,1995,27932
17,1995,27933
17,1995,27934
17,1995,27935
17,1995,27936
17,1997,25923
17,1997,25924
17,1997,26381
17,1997,26384
17,1997,26448
17,1997,26472
17,1997,26473
17,1997,26481
17,1997,41521
17,1998,34622
17,1999,23818
17,1999,24109
17,1999,24876
17,1999,24879
17,1999,24883
17,1999,24886
17,1999,24908
17,1999,24909
17,1999,24910
17,1999,24911
17,1999,24912
17,1999,24913
17,2000,23329
17,2000,23332
17,2000,23383
17,2000,23384
17,2001,21371
17,2001,21374
17,2001,21998
17,2001,22000
17,2001,22063
17,2001,22081
17,2001,22082
17,2001,22083
17,2003,69
17,2003,70
17,2003,1415
17,2003,1416
17,2003,19257
17,2003,19276
17,2003,19278
17,2003,19287
17,2003,19296
17,2005,1541
17,2005,1542
17,2005,17349
17,2005,17351
17,2005,17435
17,2005,17436
17,2005,17437
17,2006,1597
17,2006,1599
17,2006,1601
17,2006,1603
17,2006,1605
17,2006,1608
17,2006,16965
17,2006,16966
17,2006,16967
17,2006,16968
17,2007,2474
17,2007,2475
17,2007,13446
17,2007,13569
17,2007,13570
17,2007,13571
17,2008,3276
17,2008,3278
17,2008,5639
17,2008,6148
17,2008,7092
17,2008,7297
17,2008,12412
17,2008,12611
17,2009,3232
17,2009,3234
17,2009,3236
17,2009,11575
17,2009,11576
17,2009,11577
17,2009,35453
17,2010,3252
17,2010,3254
17,2010,3257
17,2011,3920
17,2011,3931
17,2011,3934
17,2011,3953
17,2011,9980
17,2011,10132
17,2011,10133
17,2011,10134
17,2011,10135
17,2011,10136
17,2012,9063
17,2012,9142
17,2012,9308
17,2013,4605
17,2013,4608
17,2013,4609
17,2013,8709
17,2013,8715
17,2013,8727
17,2014,9998
17,2014,11558
17,2014,11663
17,2015,12355
17,2015,13104
17,2015,13108
17,2015,13158
17,2015,13283
17,2015,13657
17,2015,13666
17,2015,13712
17,2015,14056
17,2015,14146
17,2015,14215
17,2015,14417
17,2015,14419
17,2015,14422
17,2015,14856
17,2016,14604
17,2016,14606
17,2016,14799
17,2016,14870
17,2016,15424
17,2016,15530
17,2016,15787
17,2016,15820
17,2016,15912
17,2018,19555
17,2018,20522
17,2018,20531
17,2018,20546
17,2018,20605
17,2018,20755
17,2018,20759
17,2018,20762
17,2019,22507
17,2019,23177
17,2019,23277
17,2019,23972
17,2019,24145
17,2019,24148
17,2019,24161
17,2019,24280
17,2019,24378
17,2020,24943
17,2020,24947
17,2020,24950
17,2020,28953
17,2020,29028
17,2020,29266
17,2021,30318
17,2021,30957
17,2021,31027
17,2021,31124
17,2021,31813
17,2021,31814
17,2021,32055
17,2021,32058
17,2021,32091
17,2021,32207
17,2021,32454
17,2021,32507
17,2021,32555
17,2021,32595
17,2022,34140
17,2022,34223
17,2022,34657
17,2022,34780
17,2022,34843
17,2022,34908
17,2022,35289
17,2022,35411
17,2023,36629
17,2023,36636
17,2023,36967
17,2023,37039
17,2023,37044
17,2023,37055
17,2023,37062
17,2023,37276
17,2023,37444
17,2023,37471
17,2023,37585
17,2023,37671
17,2023,37808
17,2024,38582
17,2024,38583
17,2024,38612
17,2024,38763
17,2024,39037
17,2024,39157
17,2024,39345
17,2024,39434
17,2024,40104
17,2024,40245
17,2025,41141
17,2025,41575
17,2025,41703
17,2025,42191
17,2025,42377
17,2025,42490
17,2025,42672
17,2025,42764
24,1999,24881
24,1999,24942
24,1999,24953
24,2000,22444
24,2000,22950
24,2000,23119
24,2000,23421
24,2001,22083
24,2002,20482
24,2003,1420
24,2003,1422
24,2003,1449
24,2003,1452
24,2003,1454
24,2003,1455
24,2003,1458
24,2003,1460
24,2003,19275
24,2003,19288
24,2003,19296
24,2005,17348
24,2005,17435
24,2005,17459
24,2006,16973
24,2006,17003
24,2006,17010
24,2007,39529
24,2007,39530
24,2008,3270
24,2008,3273
24,2008,3274
24,2008,5458
24,2008,5639
24,2008,12211
24,2008,12699
24,2009,3238
24,2009,3240
24,2009,3242
24,2009,4830
24,2009,11577
24,2009,11921
24,2009,12024
24,2011,9772
24,2011,10158
24,2011,10159
24,2011,10265
24,2011,10284
24,2011,10286
24,2011,10287
24,2012,7593
24,2013,8711
24,2013,8719
24,2013,8732
24,2015,12665
24,2015,12688
24,2015,13160
24,2015,13287
24,2015,13614
24,2015,13676
24,2015,13960
24,2015,14051
24,2015,14145
24,2015,14216
24,2015,14416
24,2015,14420
24,2015,14422
24,2016,14948
24,2016,15691
24,2016,15820
24,2016,15912
24,2017,17123
24,2017,17723
24,2017,18161
24,2017,18431
24,2017,18539
24,2018,19747
24,2018,19759
24,2018,20531
24,2018,20545
24,2018,20604
24,2019,23179
24,2019,23280
24,2019,24145
24,2019,24148
24,2023,36523
24,2023,36640
24,2023,37038
24,2023,37043
24,2023,37055
24,2023,37279
24,2023,37473
24,2023,37584
24,2024,38653
24,2024,38690
24,2024,39345
24,2024,39434
24,2025,41142
24,2025,41575
24,2025,41702
24,2025,42374
24,2025,42488
24,2025,42755
24,2025,42831
30,1995,27759
30,1995,27911
30,1995,27946
30,1995,27958
30,1996,27014
30,1996,27075
30,1996,27095
30,1996,27245
30,1997,26198
30,1997,26408
30,1997,26453
30,1997,26463
30,1998,25548
30,1998,25591
30,1999,24703
30,1999,24781
30,1999,24841
30,1999,24923
30,2000,22218
30,2000,23054
30,2000,23395
30,2001,21634
30,2001,21636
30,2001,22028
30,2001,22030
30,2001,22057
30,2001,22058
30,2003,1405
30,2003,1406
30,2006,16974
30,2006,16989
30,2006,16993
30,2006,17002
30,2006,17009
30,2006,17010
30,2006,17011
30,2008,3271
30,2008,3273
30,2008,3275
30,2008,6719
30,2008,12475
30,2008,12739
30,2008,12763
30,2009,3246
30,2009,3248
30,2009,3251
30,2012,7658
30,2012,9549
30,2012,9550
30,2012,9584
30,2012,9600
30,2014,11489
30,2014,11491
30,2014,11494
30,2014,11501
30,2015,12666
30,2015,12690
30,2015,13272
30,2015,14127
30,2016,15952
30,2016,15955
30,2016,15956
30,2016,15959
30,2016,15974
30,2016,16027
30,2016,16079
30,2018,20811
30,2018,20812
30,2019,23180
30,2019,23279
30,2022,34189
30,2022,34641
30,2022,35281
30,2022,35393
30,2022,35512
30,2022,35514
30,2022,35892
30,2022,35897
30,2022,35901
30,2022,35905
30,2023,37381
30,2023,37472
30,2023,37583
30,2024,38657
30,2024,38735
30,2024,39084
30,2024,39139
30,2024,39385
30,2024,39495
30,2024,39545
30,2024,39682
30,2024,40071
30,2025,41140
30,2025,41702
30,2025,41777
30,2025,42376
30,2025,42480
30,2025,42763
34,1995,27712
34,1995,27775
34,1995,27845
34,1995,27877
34,1996,27121
34,1996,27168
34,1996,27205
34,1996,27229
34,1997,26072
34,1997,26075
34,1997,26199
34,1997,26329
34,1997,26331
34,1997,26407
34,1997,26420
34,1997,26421
34,1997,26454
34,1997,26462
34,1997,26463
34,1998,25096
34,1998,25435
34,1998,25480
34,1998,25588
34,1999,24700
34,1999,24707
34,1999,24709
34,1999,24782
34,1999,24840
34,1999,24859
34,1999,24860
34,1999,24923
34,2000,5059
34,2000,5060
34,2000,23044
34,2000,23056
34,2000,23074
34,2000,23398
34,2001,7281
34,2001,21313
34,2001,21315
34,2001,21939
34,2001,21940
34,2001,22107
34,2001,22108
34,2002,4888
34,2002,20335
34,2002,20347
34,2002,20422
34,2002,20475
34,2004,18557
34,2004,18595
34,2004,18638
34,2004,18659
34,2005,6720
34,2006,16965
34,2006,16988
34,2006,16990
34,2006,16991
34,2006,16992
34,2006,16993
34,2006,16994
34,2007,2484
34,2007,2485
34,2007,13447
34,2007,13456
34,2007,13570
34,2007,13615
34,2007,13616
34,2008,3280
34,2008,3281
34,2008,6716
34,2008,6717
34,2008,6719
34,2008,12408
34,2008,12414
34,2008,12434
34,2008,12473
34,2008,12674
34,2008,12675
34,2009,3232
34,2009,3233
34,2009,3235
34,2010,10980
34,2010,11076
34,2010,11077
34,2011,3916
34,2011,3928
34,2011,10273
34,2011,10274
34,2011,10275
34,2011,10276
34,2011,10277
34,2012,8929
34,2012,9547
34,2012,9550
34,2012,9551
34,2012,9552
34,2013,4612
34,2013,4614
34,2013,9407
34,2014,11279
34,2014,11339
34,2014,11357
34,2014,11490
34,2014,11493
34,2014,11498
34,2014,11501
34,2014,11785
34,2014,11787
34,2015,12664
34,2015,12689
34,2015,13109
34,2015,13159
34,2015,13271
34,2015,13284
34,2015,13614
34,2015,13656
34,2015,13665
34,2015,13778
34,2015,14052
34,2015,14127
34,2015,14144
34,2015,14220
34,2016,14473
34,2016,14878
34,2016,15386
34,2016,15421
34,2016,15531
34,2016,15686
34,2016,15729
34,2016,15859
34,2016,15898
34,2016,15953
34,2016,15955
34,2016,15957
34,2016,16042
34,2016,16088
34,2016,16094
34,2016,16099
34,2017,16274
34,2017,17015
34,2017,17124
34,2017,17638
34,2017,17721
34,2017,18158
34,2017,18430
34,2017,18454
34,2017,18531
34,2017,18537
34,2018,19429
34,2018,19727
34,2018,20642
34,2018,20813
34,2018,20910
34,2018,21047
34,2018,21104
34,2018,21297
34,2018,21301
34,2019,22507
34,2019,23178
34,2019,23278
34,2019,23854
34,2019,23968
34,2019,24157
34,2019,24275
34,2019,24405
34,2019,24498
34,2021,30958
34,2021,31028
34,2021,31091
34,2021,32119
34,2021,32179
34,2021,32698
34,2021,32721
34,2021,32764
34,2021,32814
34,2022,34781
34,2022,34844
34,2022,34902
34,2022,34939
34,2022,35289
34,2022,35881
34,2022,35891
34,2022,35898
34,2022,35905
34,2023,35909
34,2023,36967
34,2023,37286
34,2023,37446
34,2023,37474
34,2023,37578
34,2023,37857
34,2024,38649
34,2024,38723
34,2024,39062
34,2024,39134
34,2024,39347
34,2024,39496
34,2024,39680
34,2024,40228
34,2024,40248
34,2024,40287
34,2024,40325
34,2024,40375
34,2025,41129
34,2025,41185
34,2025,41588
34,2025,42668
42,1995,27348
42,1995,27456
42,1995,27482
42,1996,6365
42,1996,16518
42,1996,16520
42,1996,16521
42,1996,16526
42,1996,26711
42,1996,26712
42,1996,26742
42,1996,26826
42,1996,26827
42,1996,26843
42,1996,26844
42,1996,26845
42,1996,26846
42,1997,6358
42,1997,6359
42,1997,25700
42,1997,25705
42,1997,25819
42,1997,25823
42,1997,25825
42,1997,25827
42,1997,25870
42,1997,25871
42,1997,25872
42,1997,25873
42,1997,25874
42,1997,25875
42,1997,25876
42,1997,25877
42,1997,25878
42,1997,25879
42,1997,25880
42,1997,25881
42,1997,25882
42,1997,25883
42,1997,25884
42,1997,25885
42,1997,25886
42,1997,25887
42,1998,25020
42,1998,25022
42,1998,25087
42,1998,25088
42,1998,25089
42,1998,25090
42,1998,25092
42,1998,25093
42,1998,25094
42,1998,25095
42,1998,25096
42,1998,25097
42,1998,25098
42,1998,25099
42,1998,25100
42,2000,5297
42,2000,5419
42,2000,16431
42,2000,16454
42,2000,16456
42,2000,16465
42,2000,16469
42,2000,16470
42,2000,22220
42,2000,22294
42,2000,22412
42,2000,22413
42,2000,22414
42,2000,22415
42,2000,22416
42,2000,22417
42,2000,22418
42,2000,22419
42,2000,22420
42,2001,21112
42,2001,21304
42,2001,21305
42,2001,21306
42,2001,21307
42,2001,21308
42,2001,21309
42,2001,21310
42,2001,21311
42,2001,21312
42,2001,21313
42,2001,21314
42,2001,21315
42,2001,21316
42,2001,21317
42,2001,21318
42,2001,21319
42,2001,21320
42,2001,21321
42,2001,21322
42,2001,21323
42,2001,21324
42,2001,21325
42,2002,5732
42,2002,12531
42,2002,12532
42,2002,12535
42,2002,19815
42,2002,19905
42,2002,19909
42,2002,19937
42,2002,19938
42,2002,19939
42,2002,19940
42,2003,18689
42,2003,18793
42,2003,18866
42,2003,18890
42,2003,18932
42,2003,18933
42,2003,18934
42,2003,18935
42,2004,113
42,2004,114
42,2004,117
42,2004,118
42,2004,121
42,2004,122
42,2004,16388
42,2004,16391
42,2004,16393
42,2004,16414
42,2004,16418
42,2004,16420
42,2004,17993
42,2004,18216
42,2004,18217
42,2004,18218
42,2004,18219
42,2004,18220
42,2004,18221
42,2004,18222
42,2004,18223
42,2004,18224
42,2005,8376
42,2005,17260
42,2005,17275
42,2005,17300
42,2005,17311
42,2005,17366
42,2005,17367
42,2005,17368
42,2005,17369
42,2006,1585
42,2006,1588
42,2006,1590
42,2006,1592
42,2006,1593
42,2006,1595
42,2006,13905
42,2006,14369
42,2006,14496
42,2006,16922
42,2007,1521
42,2007,1524
42,2007,1526
42,2007,2460
42,2007,2461
42,2007,12913
42,2007,12968
42,2007,13418
42,2007,13467
42,2007,13503
42,2008,2495
42,2008,2496
42,2008,2499
42,2008,2500
42,2008,2502
42,2008,2504
42,2008,5368
42,2008,5371
42,2008,5907
42,2008,6176
42,2008,12316
42,2008,12352
42,2008,12361
42,2008,12388
42,2008,12451
42,2008,12452
42,2008,12453
42,2008,12454
42,2008,12455
42,2009,3203
42,2009,3205
42,2009,3207
42,2009,3210
42,2009,6073
42,2009,6922
42,2009,11554
42,2009,11573
42,2009,11866
42,2009,11935
42,2009,11955
42,2009,11957
42,2009,11978
42,2009,11996
42,2009,11997
42,2010,3213
42,2010,10043
42,2010,10530
42,2010,10745
42,2010,10846
42,2010,10847
42,2010,10848
42,2010,10849
42,2010,10850
42,2010,10851
42,2010,10852
42,2010,10853
42,2010,10854
42,2010,10855
42,2010,10856
42,2010,10857
42,2011,3933
42,2011,3949
42,2011,3963
42,2011,3965
42,2011,3967
42,2011,3968
42,2011,3970
42,2011,7565
42,2011,9970
42,2011,10071
42,2011,10072
42,2011,10073
42,2011,10074
42,2011,10075
42,2011,10076
42,2011,10077
42,2011,10078
42,2011,10079
42,2012,3972
42,2012,8369
42,2012,8896
42,2012,8897
42,2012,8898
42,2012,8899
42,2012,8900
42,2012,8901
42,2013,4575
42,2013,4577
42,2013,7839
42,2013,8043
42,2013,8128
42,2013,8138
42,2013,8471
42,2013,8472
42,2013,8514
42,2013,8735
42,2013,8836
42,2013,8995
42,2013,9328
42,2013,9380
42,2014,10005
42,2014,10717
42,2014,10719
42,2014,10721
42,2014,11157
42,2014,11208
42,2014,11445
42,2014,11482
42,2014,11709
42,2014,11751
42,2014,12083
42,2014,12084
42,2014,12089
42,2015,12172
42,2015,12180
42,2015,12226
42,2015,12239
42,2015,12256
42,2015,12819
42,2015,12862
42,2015,13287
42,2015,13440
42,2015,13495
42,2015,13505
42,2015,13667
42,2015,13779
42,2015,13971
42,2015,14145
42,2015,14217
42,2016,14868
42,2016,14940
42,2016,15431
42,2016,15461
42,2016,15716
42,2016,15764
42,2016,15828
42,2016,15914
42,2016,16049
42,2017,16267
42,2017,16273
42,2017,17022
42,2017,17102
42,2017,17628
42,2017,17702
42,2017,18046
42,2017,18126
42,2017,18469
42,2017,18515
42,2017,18748
42,2017,18751
42,2017,18752
42,2018,19463
42,2018,19552
42,2018,20158
42,2018,20189
42,2018,20551
42,2018,20646
42,2018,20844
42,2018,20911
42,2018,21275
42,2018,21678
42,2018,21710
42,2019,21789
42,2019,21855
42,2019,21901
42,2019,21991
42,2019,22074
42,2019,22544
42,2019,22634
42,2019,23197
42,2019,23270
42,2019,23839
42,2019,23965
42,2019,24153
42,2019,24271
42,2019,24370
42,2019,24762
42,2019,24765
42,2019,24811
42,2021,30930
42,2021,31036
42,2021,31099
42,2021,31125
42,2021,31713
42,2021,31807
42,2021,32068
42,2021,32181
42,2021,32463
42,2021,32567
42,2022,33189
42,2022,33236
42,2022,34108
42,2022,34211
42,2022,34968
42,2022,34970
42,2022,35030
42,2023,36466
42,2023,36547
42,2023,36917
42,2023,37013
42,2023,37340
42,2023,37410
42,2023,37458
42,2023,37548
42,2023,37656
42,2023,37807
42,2023,37855
42,2024,37859
42,2024,37981
42,2024,38087
42,2024,38149
42,2024,38609
42,2024,38762
42,2024,39036
42,2024,39147
42,2024,39355
42,2024,39504
42,2024,39560
42,2024,39691
42,2024,40060
42,2024,40197
42,2025,40989
42,2025,41023
42,2025,41151
42,2025,41599
42,2025,41712
42,2025,41805
42,2025,41808
42,2025,41809
76,1995,27697
76,1995,27928
76,1995,27929
76,1996,26823
76,1996,27120
76,1996,27233
76,1998,39853
76,1999,24955
76,1999,24956
76,1999,24957
76,2000,22355
76,2000,22416
76,2000,22917
76,2000,23071
76,2000,23422
76,2003,1420
76,2003,1421
76,2003,19248
76,2003,19282
76,2003,19290
76,2003,19291
76,2005,17414
76,2005,17443
76,2005,17528
76,2005,17546
76,2006,16966
76,2006,16991
76,2006,17024
76,2007,13525
76,2007,13596
76,2007,14453
76,2007,14456
76,2007,14457
76,2008,3264
76,2008,3267
76,2008,3268
76,2008,12898
76,2009,11964
76,2009,12043
76,2009,12105
76,2009,12115
76,2009,12122
76,2009,12123
76,2010,7043
76,2011,10335
76,2011,10336
76,2011,10337
76,2011,10338
76,2011,10339
76,2012,4827
76,2012,8527
76,2012,8926
76,2012,8930
76,2012,9208
76,2012,9410
76,2012,9412
76,2012,9608
76,2012,9609
76,2012,9635
76,2012,9636
76,2013,4588
76,2013,4589
76,2013,4591
76,2013,9407
76,2013,9408
76,2014,10218
76,2014,10278
76,2014,11164
76,2014,11166
76,2014,11168
76,2014,11797
76,2014,11798
76,2014,11800
76,2015,12837
76,2015,12866
76,2015,13157
76,2015,13279
76,2015,13671
76,2015,13776
76,2015,14055
76,2015,14150
76,2015,14211
76,2016,14803
76,2016,14875
76,2016,15969
76,2016,15981
76,2016,16028
76,2018,20529
76,2018,20532
76,2018,20544
76,2019,23179
76,2019,23280
76,2019,23838
76,2019,23849
76,2019,23964
76,2019,24153
76,2019,24272
76,2019,24494
76,2021,30930
76,2021,31033
76,2021,31100
76,2021,32119
76,2021,32179
76,2022,33617
76,2022,33715
76,2023,37468
76,2023,37582
76,2024,40312
76,2024,40324
76,2024,40377
76,2024,40401
76,2026,44203
83,1996,26846
83,1996,27176
83,1996,27177
83,1996,27418
83,1997,25698
83,1997,25702
83,1997,26195
83,1997,26196
83,1998,25396
83,1998,25411
83,1998,25511
83,1999,24706
83,1999,24708
83,1999,24858
83,1999,24859
83,1999,24860
83,2000,4722
83,2000,4724
83,2000,4857
83,2000,6309
83,2000,22418
83,2000,23113
83,2001,21423
83,2001,21426
83,2001,21918
83,2001,21986
83,2001,21988
83,2001,22007
83,2001,22008
83,2003,1414
83,2003,1416
83,2003,1426
83,2003,1427
83,2003,1429
83,2003,1431
83,2003,1434
83,2003,1435
83,2003,18794
83,2003,18865
83,2003,18935
83,2003,19245
83,2003,19246
83,2003,19247
83,2003,19248
83,2003,19249
83,2004,115
83,2004,116
83,2004,117
83,2004,118
83,2004,123
83,2004,124
83,2004,18610
83,2004,18611
83,2005,17238
83,2005,17413
83,2005,17414
83,2005,17415
83,2005,17416
83,2005,17417
83,2006,1598
83,2006,1599
83,2006,1602
83,2006,1604
83,2006,1606
83,2006,1608
83,2006,6302
83,2006,14483
83,2006,14490
83,2006,16910
83,2006,16955
83,2006,16956
83,2007,2468
83,2007,2469
83,2007,2486
83,2007,2490
83,2007,13479
83,2007,13524
83,2007,13525
83,2007,13526
83,2007,13527
83,2008,5043
83,2008,6315
83,2009,3174
83,2009,3175
83,2009,3177
83,2009,3179
83,2009,11525
83,2009,11964
83,2009,11965
83,2009,11966
83,2009,15943
83,2010,3181
83,2010,3184
83,2010,10445
83,2010,10529
83,2010,10746
83,2010,10856
83,2010,10964
83,2010,10965
83,2010,10966
83,2010,10967
83,2011,3946
83,2011,3955
83,2011,9891
83,2011,9892
83,2011,9977
83,2011,10090
83,2011,10091
83,2012,8525
83,2012,9064
83,2012,9067
83,2012,9092
83,2012,9093
83,2012,9206
83,2012,9207
83,2012,9208
83,2012,9209
83,2012,9210
83,2013,4583
83,2013,4585
83,2013,8036
83,2013,8773
83,2013,8844
83,2013,8996
83,2013,9337
83,2013,9382
83,2014,10009
83,2014,11270
83,2014,11276
83,2014,11446
83,2014,11486
83,2014,11796
83,2014,11799
83,2014,11800
83,2015,12837
83,2015,13160
83,2015,13273
83,2015,13286
83,2015,13667
83,2015,13780
83,2015,14051
83,2015,14064
83,2015,14133
83,2015,14140
83,2015,14217
83,2015,14377
83,2016,14877
83,2016,15559
83,2016,15563
83,2016,15729
83,2016,15859
83,2016,15917
83,2016,15969
83,2016,15982
83,2016,16029
83,2017,17050
83,2017,17122
83,2017,17629
83,2017,17719
83,2017,18107
83,2017,18162
83,2017,18331
83,2017,18427
83,2017,18457
83,2017,18536
83,2018,19725
83,2018,20777
83,2018,20908
83,2018,21173
83,2018,21174
83,2018,21199
83,2019,23271
83,2019,23854
83,2019,23969
83,2019,24158
83,2019,24373
83,2019,24498
83,2019,24763
83,2019,24764
83,2019,24811
83,2021,30960
83,2021,31092
83,2021,31123
83,2022,34659
83,2022,34779
83,2022,34844
83,2022,34904
83,2022,34967
83,2022,34969
83,2022,35030
83,2022,35280
83,2022,35337
83,2023,36469
83,2023,36592
83,2023,36901
83,2023,36992
83,2023,37286
83,2023,37381
83,2023,37473
83,2023,37584
83,2023,37668
83,2023,37806
83,2024,37859
83,2024,37861
83,2024,37948
83,2024,37987
83,2024,38133
83,2024,38158
83,2024,38620
83,2024,38749
83,2024,39035
83,2024,39144
83,2024,39348
83,2024,39433
83,2024,39586
83,2024,39680
83,2024,40024
83,2024,40165
83,2024,40246
83,2024,40311
83,2024,40324
83,2025,41010
83,2025,41136
83,2025,41586
83,2025,41700
83,2025,41806
83,2025,41807
83,2025,41809
83,2025,42127
83,2025,42202
83,2025,42377
83,2025,42490
83,2025,42668
83,2025,42762
86,1995,27340
86,1995,27708
86,1995,27917
86,1995,27918
86,1995,27919
86,1995,27920
86,1995,27921
86,1995,27922
86,1996,26891
86,1996,27072
86,1996,27166
86,1996,27217
86,1996,27218
86,1997,26019
86,1997,26020
86,1997,26448
86,1997,26449
86,1997,26450
86,1997,26451
86,1998,25125
86,1998,25206
86,1998,25207
86,1998,25210
86,1998,25307
86,1998,25353
86,1998,25570
86,1999,23820
86,1999,24108
86,1999,24876
86,1999,24877
86,1999,24878
86,1999,24879
86,1999,24880
86,1999,24881
86,1999,24882
86,1999,24883
86,1999,24884
86,1999,24885
86,1999,24886
86,2000,23329
86,2000,23330
86,2000,23331
86,2000,23332
86,2001,21613
86,2001,21633
86,2001,21635
86,2001,22020
86,2001,22029
86,2001,22031
86,2001,22057
86,2001,22058
86,2002,20064
86,2002,20065
86,2003,1423
86,2003,1424
86,2003,19125
86,2003,19254
86,2003,19255
86,2003,19256
86,2003,19257
86,2003,19258
86,2004,101
86,2004,102
86,2004,105
86,2004,106
86,2004,109
86,2004,110
86,2004,4707
86,2004,5871
86,2004,18555
86,2004,18618
86,2005,17344
86,2005,17345
86,2005,17346
86,2005,17347
86,2005,17348
86,2005,17349
86,2005,17350
86,2005,17351
86,2005,17352
86,2005,17353
86,2006,1543
86,2006,1545
86,2006,1547
86,2006,1549
86,2006,1551
86,2006,1554
86,2006,16910
86,2007,2482
86,2007,2483
86,2007,13443
86,2007,13444
86,2007,13445
86,2007,13446
86,2007,13447
86,2008,3283
86,2008,3284
86,2008,3286
86,2008,3294
86,2008,3297
86,2008,4864
86,2008,12209
86,2008,12210
86,2008,12211
86,2008,12212
86,2008,12213
86,2008,12214
86,2008,12215
86,2009,11520
86,2009,11521
86,2009,11522
86,2009,11523
86,2009,11524
86,2009,11525
86,2010,3258
86,2010,3261
86,2010,3262
86,2010,7261
86,2010,10441
86,2010,10442
86,2010,10443
86,2010,10444
86,2010,10445
86,2010,10446
86,2010,10447
86,2010,10448
86,2011,3945
86,2011,3958
86,2011,7636
86,2011,9770
86,2011,9771
86,2011,9772
86,2011,9773
86,2011,9774
86,2011,9775
86,2011,9776
86,2011,9777
86,2011,9778
86,2011,9779
86,2011,9780
86,2011,9781
86,2011,9782
86,2011,9783
86,2011,9784
86,2011,9785
86,2011,9786
86,2012,8936
86,2012,9090
86,2012,9105
86,2012,9106
86,2012,9107
86,2012,9108
86,2012,9109
86,2012,9110
86,2012,9111
86,2012,20686
86,2012,20687
86,2013,4587
86,2013,4589
86,2013,4592
86,2013,7894
86,2013,8679
86,2013,8710
86,2013,8715
86,2013,8724
86,2013,8799
86,2013,8862
86,2013,9346
86,2013,9389
86,2014,9998
86,2014,11349
86,2015,12667
86,2015,12687
86,2015,13164
86,2015,13279
86,2015,13660
86,2015,13785
86,2015,13964
86,2015,14057
86,2015,14150
86,2015,14418
86,2015,14421
86,2015,14424
86,2016,14426
86,2016,14873
86,2016,14941
86,2016,15422
86,2016,15532
86,2016,15691
86,2016,15782
86,2017,17015
86,2017,17117
86,2017,17619
86,2017,17718
86,2017,18037
86,2017,18041
86,2017,18157
86,2017,18426
86,2017,18534
86,2018,19724
86,2018,20204
86,2018,20229
86,2018,20253
86,2018,20270
86,2018,20536
86,2018,20631
86,2018,20844
86,2018,20926
86,2018,20927
86,2018,21223
86,2018,21709
86,2019,21786
86,2019,21825
86,2019,21867
86,2019,23165
86,2019,23209
86,2019,23659
86,2019,23662
86,2019,23664
86,2019,23859
86,2019,23973
86,2019,24280
86,2019,24377
86,2019,24503
86,2021,30288
86,2021,30356
86,2021,30964
86,2021,31027
86,2021,31121
86,2021,31724
86,2021,31772
86,2021,32058
86,2021,32090
86,2021,32141
86,2021,32206
86,2021,32217
86,2022,34103
86,2022,34165
86,2022,34643
86,2022,34781
86,2022,34845
86,2022,34904
86,2022,35336
86,2022,35371
86,2023,36464
86,2023,36595
86,2023,36877
86,2023,36888
86,2023,36904
86,2023,37037
86,2023,37041
86,2023,37051
86,2023,37063
86,2023,37073
86,2023,37075
86,2023,37285
86,2023,37360
86,2023,37499
86,2023,37666
86,2023,37805
86,2024,37980
86,2024,38107
86,2024,38156
86,2024,38623
86,2024,38761
86,2024,39034
86,2024,39149
86,2024,39334
86,2024,39449
86,2024,39622
86,2024,40134
86,2025,41011
86,2025,41141
86,2025,41574
86,2025,41700
86,2025,42104
86,2025,42116
86,2025,42129
86,2025,42215
86,2025,42371
86,2025,42489
86,2025,42764
86,2025,42831
87,1995,27709
87,1995,27775
87,1995,27776
87,1995,27777
87,1996,16506
87,1996,16508
87,1996,16509
87,1996,26674
87,1996,26706
87,1996,27005
87,1996,27071
87,1996,27076
87,1996,27124
87,1996,27125
87,1996,27163
87,1996,27164
87,1996,27165
87,1996,27166
87,1996,27167
87,1996,27168
87,1996,27169
87,1997,5117
87,1997,5119
87,1997,5645
87,1997,7394
87,1997,26073
87,1997,26074
87,1997,26202
87,1997,26251
87,1997,26327
87,1997,26328
87,1997,26329
87,1997,26330
87,1997,26331
87,1997,26332
87,1997,26333
87,1997,26334
87,1997,26335
87,1997,26336
87,1997,26337
87,1998,25392
87,1998,25394
87,1998,25456
87,1998,25457
87,1998,25458
87,1999,24699
87,1999,24700
87,1999,24701
87,1999,24702
87,1999,24703
87,1999,24704
87,1999,24705
87,1999,24706
87,1999,24707
87,1999,24708
87,1999,24709
87,2000,16453
87,2000,16454
87,2000,16457
87,2000,22702
87,2000,22705
87,2000,22973
87,2000,22974
87,2000,22975
87,2000,22976
87,2000,22977
87,2000,22978
87,2001,21314
87,2001,21316
87,2001,21938
87,2001,21939
87,2001,21940
87,2001,21941
87,2002,20089
87,2002,20333
87,2002,20334
87,2002,20335
87,2002,20336
87,2002,20337
87,2002,20338
87,2003,1449
87,2003,1451
87,2003,1453
87,2003,1455
87,2003,1457
87,2003,1459
87,2003,19219
87,2004,163
87,2004,164
87,2004,167
87,2004,168
87,2004,169
87,2004,170
87,2004,4707
87,2004,5385
87,2004,16389
87,2004,16391
87,2004,16392
87,2004,18558
87,2004,18591
87,2004,18592
87,2004,18593
87,2004,18594
87,2004,18595
87,2004,18596
87,2005,17359
87,2005,17362
87,2005,17400
87,2005,17401
87,2006,16915
87,2006,16918
87,2006,16919
87,2006,16920
87,2006,16983
87,2007,1527
87,2007,1529
87,2007,1531
87,2007,2489
87,2007,2492
87,2007,13026
87,2007,13477
87,2007,13478
87,2007,13479
87,2007,13480
87,2007,13481
87,2007,13482
87,2007,13490
87,2008,4645
87,2008,12382
87,2008,12383
87,2008,12398
87,2008,12408
87,2008,12409
87,2008,12410
87,2008,12411
87,2008,12412
87,2008,12413
87,2008,12414
87,2008,12415
87,2008,12416
87,2009,3185
87,2009,3188
87,2009,3190
87,2009,3192
87,2009,6792
87,2010,3193
87,2010,3195
87,2010,7211
87,2010,7278
87,2010,7282
87,2010,10501
87,2010,10502
87,2010,10507
87,2010,10780
87,2010,10781
87,2010,10782
87,2010,10783
87,2010,10784
87,2011,3936
87,2011,3954
87,2011,4010
87,2011,4013
87,2011,4015
87,2011,4017
87,2011,4018
87,2011,9907
87,2011,9908
87,2011,9909
87,2012,4021
87,2012,7658
87,2012,8878
87,2012,8885
87,2012,8886
87,2012,8887
87,2012,8888
87,2012,8889
87,2012,8890
87,2012,9310
87,2012,9616
87,2012,13084
87,2012,39299
87,2013,4576
87,2013,4578
87,2013,7847
87,2013,8082
87,2013,8683
87,2013,8995
87,2013,9228
87,2013,9328
87,2013,9381
87,2014,10006
87,2014,10215
87,2014,10216
87,2014,10534
87,2014,10718
87,2014,10720
87,2014,10819
87,2014,11205
87,2014,11278
87,2014,11339
87,2014,11677
87,2014,11731
87,2014,11820
87,2014,11884
87,2014,11912
87,2015,12749
87,2015,12844
87,2016,15783
87,2016,15897
87,2016,15962
87,2016,15972
87,2016,16086
87,2016,16091
87,2016,16097
87,2016,16150
87,2016,16151
87,2016,16154
87,2016,16155
87,2017,17012
87,2017,17638
87,2017,17730
87,2017,18109
87,2017,18531
87,2017,18654
87,2018,18975
87,2018,20656
87,2018,20763
87,2018,20908
87,2018,21049
87,2018,21106
87,2018,21224
87,2018,21302
87,2019,22630
87,2019,23272
87,2019,23295
87,2019,23857
87,2019,23976
87,2019,24166
87,2019,24284
87,2019,24506
87,2021,30927
87,2021,30935
87,2021,30959
87,2021,31029
87,2021,31103
87,2021,32092
87,2021,32161
87,2021,32561
87,2021,32653
87,2021,32721
87,2021,32742
87,2021,32765
87,2021,32815
87,2021,32932
87,2021,32934
87,2021,32936
87,2022,32937
87,2022,33199
87,2022,33216
87,2022,34657
87,2022,34783
87,2022,34846
87,2022,34905
87,2022,35335
87,2022,35382
87,2022,35898
87,2022,35901
87,2022,35906
87,2023,35910
87,2023,35917
87,2023,35960
87,2023,36630
87,2023,36637
87,2023,36891
87,2023,36991
87,2023,37316
87,2023,37472
87,2023,37583
87,2023,37667
87,2023,37797
87,2024,37860
87,2024,37864
87,2024,37942
87,2024,38021
87,2024,38132
87,2024,38163
87,2024,38239
87,2024,38619
87,2024,38748
87,2024,38840
87,2024,39033
87,2024,39162
87,2024,39352
87,2024,39503
87,2024,39559
87,2024,39691
87,2024,40085
87,2024,40195
87,2024,40252
87,2024,40309
87,2024,40318
87,2024,40381
87,2025,41016
87,2025,41150
87,2025,41599
87,2025,41710
87,2025,42156
87,2025,42212
87,2025,42348
87,2025,42425
88,1996,16512
88,1996,16514
88,1996,16515
88,1996,16525
88,1996,16528
88,1996,16529
88,1996,26633
88,1996,26634
88,1996,26635
88,1996,26636
88,1996,26637
88,1996,26638
88,1996,26639
88,1996,26640
88,1996,26641
88,1996,26642
88,1996,26643
88,1996,26644
88,1996,26645
88,1996,26646
88,1996,26647
88,1997,6358
88,1997,25653
88,1997,25654
88,1997,25767
88,1997,25809
88,1997,25810
88,1997,25811
88,1997,25812
88,1997,25813
88,1997,25814
88,1997,25815
88,1997,25816
88,1997,25817
88,1997,25818
88,1997,25819
88,1997,25820
88,1997,25821
88,1997,25824
88,1997,25827
88,1997,25828
88,1997,25834
88,1997,25835
88,1998,4757
88,1998,11614
88,1998,11617
88,1998,11619
88,1998,25010
88,1998,25011
88,1998,25012
88,1998,25013
88,1998,25014
88,1998,25015
88,1998,25016
88,1998,25017
88,1998,25018
88,1998,25019
88,1998,25020
88,1998,25021
88,1998,25022
88,1998,25023
88,1999,23470
88,1999,23471
88,1999,23472
88,1999,23479
88,1999,23480
88,1999,23481
88,2000,16426
88,2000,16427
88,2000,16429
88,2000,16464
88,2000,22296
88,2000,22324
88,2000,22331
88,2000,22332
88,2000,22333
88,2000,22334
88,2000,22335
88,2000,22336
88,2000,22337
88,2000,22338
88,2000,22339
88,2000,22340
88,2000,22341
88,2000,22342
88,2000,22349
88,2000,22350
88,2000,22351
88,2000,22352
88,2000,22353
88,2000,22354
88,2000,22355
88,2000,22356
88,2000,28079
88,2001,21060
88,2001,21102
88,2001,21103
88,2001,21108
88,2001,21109
88,2001,21110
88,2001,21111
88,2001,21112
88,2001,21113
88,2001,21114
88,2001,21115
88,2001,21116
88,2001,21117
88,2001,21118
88,2001,21119
88,2001,21120
88,2001,21121
88,2001,21122
88,2001,21123
88,2001,21124
88,2002,19843
88,2002,19844
88,2002,19845
88,2002,19846
88,2002,19847
88,2002,19848
88,2002,19849
88,2002,19850
88,2002,19851
88,2002,19852
88,2003,1462
88,2003,1463
88,2003,1465
88,2003,1467
88,2003,1470
88,2003,1471
88,2003,18712
88,2003,18713
88,2003,18714
88,2003,18715
88,2003,18716
88,2003,40754
88,2004,79
88,2004,80
88,2004,81
88,2004,82
88,2004,85
88,2004,86
88,2004,16408
88,2004,16409
88,2004,16412
88,2004,16416
88,2004,16418
88,2004,16419
88,2004,17770
88,2004,17784
88,2004,17786
88,2004,17788
88,2004,17790
88,2004,17791
88,2005,187
88,2005,188
88,2005,189
88,2005,190
88,2005,195
88,2005,196
88,2005,17314
88,2005,17409
88,2005,17410
88,2005,17411
88,2005,17412
88,2006,19
88,2006,22
88,2006,24
88,2006,1555
88,2006,1558
88,2006,1560
88,2006,1562
88,2006,1563
88,2006,1565
88,2006,14344
88,2006,14481
88,2006,14508
88,2006,16959
88,2006,16960
88,2006,16961
88,2007,1522
88,2007,1524
88,2007,1525
88,2007,1535
88,2007,12974
88,2007,13024
88,2007,13338
88,2007,13518
88,2007,13519
88,2007,13520
88,2007,13521
88,2007,13522
88,2007,13523
88,2008,2542
88,2008,2544
88,2008,2546
88,2008,2548
88,2008,2550
88,2008,2553
88,2008,2575
88,2008,2579
88,2008,2580
88,2008,12451
88,2008,12493
88,2008,12494
88,2008,12495
88,2008,12496
88,2008,12497
88,2008,12498
88,2008,12499
88,2008,12500
88,2008,12501
88,2008,12502
88,2008,12503
88,2009,2583
88,2009,2585
88,2009,2588
88,2009,2590
88,2009,2592
88,2009,3215
88,2009,3217
88,2009,3219
88,2009,3222
88,2009,11813
88,2009,11936
88,2009,11948
88,2009,11949
88,2009,11950
88,2009,11951
88,2009,11952
88,2009,11953
88,2009,11954
88,2009,11955
88,2009,11956
88,2009,11957
88,2009,11958
88,2010,3223
88,2010,3226
88,2010,10497
88,2010,10739
88,2010,10852
88,2010,10927
88,2010,10928
88,2010,10929
88,2010,10930
88,2010,10931
88,2010,10932
88,2010,10933
88,2011,3943
88,2011,3961
88,2011,4010
88,2011,4012
88,2011,4014
88,2011,4016
88,2011,4018
88,2011,7517
88,2011,7572
88,2011,9798
88,2011,9846
88,2011,9957
88,2011,9958
88,2011,9959
88,2011,9960
88,2012,4020
88,2012,4022
88,2012,4027
88,2012,4029
88,2012,4031
88,2012,4032
88,2012,8851
88,2012,9178
88,2012,9179
88,2012,9180
88,2012,9181
88,2012,9182
88,2012,9183
88,2012,9184
88,2012,9185
88,2012,9617
88,2013,4571
88,2013,4574
88,2013,7951
88,2013,8028
88,2013,8123
88,2013,8173
88,2013,9026
88,2013,9324
88,2013,9385
88,2014,9703
88,2014,9704
88,2014,9707
88,2014,9999
88,2014,10001
88,2014,10539
88,2014,10578
88,2014,10612
88,2014,10697
88,2014,11765
88,2015,12170
88,2015,12184
88,2015,12231
88,2015,12243
88,2015,12259
88,2015,12761
88,2015,12823
88,2015,13177
88,2015,13291
88,2015,13671
88,2015,13785
88,2015,13968
88,2015,14098
88,2015,14143
88,2015,14211
88,2016,14873
88,2016,14946
88,2016,15418
88,2016,15459
88,2016,15718
88,2016,15764
88,2016,15829
88,2016,15915
88,2016,16051
88,2016,16081
88,2017,17029
88,2017,17102
88,2017,17211
88,2017,17613
88,2017,17701
88,2017,18047
88,2017,18127
88,2017,18333
88,2017,18446
88,2017,18461
88,2017,18506
88,2018,15641
88,2018,15644
88,2018,15645
88,2018,19315
88,2018,19496
88,2018,19563
88,2018,20154
88,2018,20164
88,2018,20232
88,2018,20661
88,2018,20916
88,2018,21157
88,2018,21277
88,2018,21679
88,2018,21718
88,2019,21791
88,2019,21857
88,2019,21903
88,2019,21992
88,2019,22074
88,2019,22119
88,2019,23182
88,2019,23268
88,2019,23969
88,2019,24157
88,2019,24276
88,2019,24374
88,2020,28382
88,2020,28941
88,2021,30386
88,2021,30960
88,2021,31026
88,2021,31091
88,2021,31126
88,2021,31710
88,2021,31805
88,2021,32064
88,2021,32185
88,2021,32461
88,2021,32566
88,2022,33187
88,2022,33234
88,2022,34105
88,2022,34207
88,2022,34881
88,2022,35309
88,2022,35381
88,2022,35521
88,2022,35571
88,2022,35610
88,2022,35615
88,2022,35644
88,2023,36467
88,2023,36594
88,2023,36890
88,2023,36919
88,2023,37017
88,2023,37287
88,2023,37406
88,2023,37500
88,2023,37570
88,2023,37668
88,2023,37794
88,2024,37863
88,2024,37942
88,2024,37989
88,2024,38133
88,2024,38157
88,2024,38290
88,2024,38315
88,2024,38379
88,2024,38618
88,2024,38751
88,2024,39035
88,2024,39161
88,2024,39357
88,2024,39497
88,2024,39552
88,2024,39690
88,2024,40059
88,2024,40193
88,2025,41021
88,2025,41149
88,2025,41594
88,2025,41711
88,2025,42105
88,2025,42116
88,2025,42128
88,2025,42214
88,2025,42396
88,2025,42476
88,2025,42670
88,2025,42746
89,1995,27340
89,1995,27341
89,1995,40231
89,1995,40232
89,1996,16512
89,1996,16513
89,1996,16516
89,1996,16523
89,1996,26672
89,1996,26673
89,1996,26674
89,1997,26018
89,1997,26019
89,1997,26020
89,1997,26021
89,1997,26022
89,1997,26023
89,1997,26024
89,1997,26025
89,1998,7721
89,1999,23788
89,1999,23789
89,1999,23790
89,1999,23791
89,1999,23792
89,1999,23793
89,1999,23794
89,1999,23795
89,1999,23796
89,1999,23797
89,1999,23798
89,1999,23799
89,1999,23800
89,1999,23801
89,1999,38817
89,2000,16425
89,2000,16428
89,2000,16429
89,2000,16466
89,2000,22420
89,2000,22470
89,2000,22471
89,2000,22472
89,2000,22473
89,2000,22474
89,2000,22475
89,2001,21117
89,2001,21121
89,2001,21381
89,2001,21385
89,2001,21430
89,2001,21498
89,2001,21499
89,2001,21500
89,2001,21501
89,2001,21502
89,2001,21503
89,2001,21504
89,2001,21505
89,2001,21506
89,2001,21507
89,2001,21508
89,2001,21509
89,2001,21510
89,2002,19846
89,2002,19913
89,2002,19914
89,2002,19915
89,2002,19916
89,2002,19917
89,2002,19918
89,2002,19919
89,2002,19920
89,2002,19921
89,2003,1485
89,2003,1488
89,2003,1489
89,2003,1492
89,2003,1494
89,2003,1495
89,2003,18715
89,2003,18870
89,2003,18876
89,2003,18957
89,2003,18958
89,2003,18959
89,2003,18960
89,2004,90
89,2004,91
89,2004,96
89,2004,97
89,2004,99
89,2004,100
89,2004,16401
89,2004,16402
89,2004,16404
89,2004,16414
89,2004,17782
89,2004,17783
89,2004,17788
89,2004,17789
89,2004,17857
89,2004,18230
89,2004,18241
89,2004,18248
89,2004,18254
89,2004,18255
89,2004,18256
89,2005,17358
89,2005,17432
89,2005,17433
89,2005,17442
89,2005,17446
89,2005,17448
89,2005,17449
89,2005,17450
89,2005,17451
89,2005,17452
89,2006,1586
89,2006,1588
89,2006,1589
89,2006,1591
89,2006,1594
89,2006,1595
89,2006,16921
89,2006,16960
89,2006,16963
89,2006,16981
89,2006,16982
89,2006,16999
89,2006,17000
89,2006,17001
89,2007,1509
89,2007,1512
89,2007,1513
89,2007,1533
89,2007,1537
89,2007,1540
89,2007,2452
89,2007,2453
89,2007,12953
89,2007,13518
89,2007,13521
89,2007,13564
89,2007,13580
89,2007,13581
89,2007,13583
89,2007,13587
89,2007,13605
89,2007,13606
89,2007,13607
89,2007,13608
89,2008,2495
89,2008,2497
89,2008,2498
89,2008,2501
89,2008,2502
89,2008,2505
89,2008,12387
89,2008,12509
89,2008,12511
89,2008,12680
89,2008,12693
89,2008,12694
89,2009,5030
89,2009,11537
89,2009,11762
89,2009,11845
89,2009,11851
89,2009,11874
89,2009,12003
89,2009,12011
89,2009,12035
89,2009,12058
89,2009,12061
89,2009,12062
89,2009,12063
89,2009,12064
89,2010,7175
89,2010,7209
89,2010,7269
89,2010,10442
89,2010,10929
89,2010,10953
89,2010,11009
89,2010,11083
89,2010,11098
89,2010,11099
89,2010,11100
89,2010,11101
89,2010,11102
89,2010,11103
89,2010,11104
89,2011,3939
89,2011,3960
89,2011,3962
89,2011,3964
89,2011,3967
89,2011,3968
89,2011,3971
89,2011,7558
89,2011,9870
89,2011,9959
89,2011,10079
89,2011,10108
89,2011,10205
89,2011,10220
89,2011,10234
89,2011,10236
89,2011,10279
89,2011,10280
89,2011,10281
89,2011,10282
89,2011,38422
89,2012,3973
89,2012,4037
89,2012,4041
89,2012,4042
89,2012,4045
89,2012,4047
89,2012,7646
89,2012,8371
89,2012,8490
89,2012,8539
89,2012,8849
89,2012,9212
89,2012,9252
89,2012,9284
89,2012,9287
89,2012,9439
89,2012,9497
89,2012,9505
89,2012,9506
89,2012,9507
89,2012,9508
89,2012,9509
89,2012,36393
89,2013,4576
89,2013,4577
89,2013,7904
89,2013,7908
89,2013,7932
89,2013,7947
89,2013,7953
89,2013,7954
89,2013,7987
89,2013,8026
89,2013,8113
89,2013,8172
89,2013,8647
89,2013,8982
89,2013,8983
89,2013,9043
89,2013,9339
89,2013,9381
89,2013,9403
89,2013,9519
89,2013,9522
89,2013,40903
89,2014,9917
89,2014,10005
89,2014,11148
89,2014,11484
89,2014,11495
89,2014,11711
89,2014,11747
89,2014,11804
89,2014,12091
89,2014,12092
89,2014,12165
89,2015,12170
89,2015,12187
89,2015,12233
89,2015,12250
89,2015,12259
89,2015,12272
89,2015,12323
89,2015,12838
89,2015,12863
89,2015,13156
89,2015,13650
89,2015,13668
89,2015,13781
89,2015,13953
89,2015,13962
89,2015,14214
89,2016,14800
89,2016,14872
89,2016,14945
89,2016,15687
89,2016,15689
89,2016,15692
89,2016,15694
89,2016,15714
89,2016,15763
89,2016,15826
89,2016,15913
89,2016,15965
89,2016,16052
89,2017,17026
89,2017,17104
89,2017,17211
89,2017,17595
89,2017,17633
89,2017,17705
89,2017,18044
89,2017,18049
89,2017,18125
89,2017,18334
89,2017,18507
89,2017,18768
89,2017,18783
89,2017,18786
89,2017,18862
89,2018,18789
89,2018,19284
89,2018,19432
89,2018,19564
89,2018,20150
89,2018,20443
89,2018,20644
89,2018,20782
89,2018,20870
89,2018,21279
89,2018,21678
89,2018,21712
89,2019,21795
89,2019,21858
89,2019,21903
89,2019,22026
89,2019,22523
89,2019,22647
89,2019,23203
89,2019,23715
89,2019,23717
89,2019,23862
89,2019,23961
89,2019,24017
89,2019,24021
89,2019,24023
89,2019,24158
89,2019,24275
89,2019,24374
89,2019,24499
89,2019,24551
89,2019,24555
89,2019,24560
89,2019,24673
89,2020,28938
89,2020,29030
89,2021,29377
89,2021,29614
89,2021,30357
89,2021,30896
89,2021,30929
89,2021,31028
89,2021,31092
89,2021,31126
89,2021,31709
89,2021,31805
89,2021,32067
89,2021,32180
89,2021,32462
89,2021,32563
89,2021,32645
89,2021,32687
89,2021,32701
89,2022,33143
89,2022,33187
89,2022,33232
89,2022,34076
89,2022,34109
89,2022,34210
89,2022,35308
89,2022,35518
89,2022,35524
89,2022,35916
89,2022,37190
89,2023,35919
89,2023,35962
89,2023,35968
89,2023,36030
89,2023,36031
89,2023,36546
89,2023,36916
89,2023,37285
89,2023,37359
89,2023,37502
89,2023,37567
89,2023,37667
89,2023,37793
89,2024,37869
89,2024,38021
89,2024,38131
89,2024,38164
89,2024,38273
89,2024,38617
89,2024,38755
89,2024,39033
89,2024,39160
89,2024,39356
89,2024,39501
89,2024,39558
89,2024,39684
89,2024,40058
89,2024,40192
89,2024,40402
89,2024,40407
89,2024,40413
89,2025,41026
89,2025,41145
89,2025,41598
89,2025,41709
89,2025,42127
89,2025,42201
89,2025,42425
89,2025,42492
89,2025,42675
89,2025,42765
89,2025,42798
89,2025,42813
89,2025,42821
89,2025,42842
94,1995,27254
94,1995,27259
94,1995,27282
94,1995,27381
94,1995,27388
94,1995,27457
94,1995,27458
94,1995,27476
94,1995,27477
94,1995,27478
94,1995,27479
94,1995,27480
94,1995,27481
94,1995,27482
94,1995,27483
94,1995,27484
94,1996,16517
94,1996,16519
94,1996,16521
94,1996,16524
94,1996,26530
94,1996,26531
94,1996,26582
94,1996,26583
94,1996,26584
94,1996,26585
94,1996,26586
94,1996,26587
94,1996,26589
94,1997,25624
94,1997,25701
94,1997,25708
94,1997,25712
94,1997,25750
94,1997,25751
94,1997,25752
94,1997,25753
94,1997,25754
94,1997,25755
94,1997,25756
94,1997,25757
94,1997,25758
94,1997,25759
94,1997,25760
94,1997,25761
94,1997,25762
94,1997,25763
94,1997,25764
94,1997,25765
94,1997,25766
94,1997,25767
94,1998,12588
94,1998,12590
94,1998,12593
94,1998,24985
94,1998,25036
94,1998,25047
94,1998,25079
94,1998,25088
94,1998,25120
94,1998,25121
94,1998,25122
94,1998,25123
94,1998,25124
94,1998,25125
94,1998,25126
94,1998,25127
94,1998,25128
94,1999,22163
94,1999,22165
94,1999,22168
94,1999,23434
94,1999,23481
94,1999,23752
94,1999,23753
94,2000,16458
94,2000,16460
94,2000,16463
94,2000,16466
94,2000,16469
94,2000,16471
94,2000,22180
94,2000,22213
94,2000,22214
94,2000,22215
94,2000,22216
94,2000,22217
94,2000,22218
94,2000,22219
94,2000,22220
94,2000,22221
94,2000,22222
94,2000,22223
94,2001,20933
94,2001,20940
94,2001,20951
94,2001,20952
94,2001,20953
94,2001,20954
94,2001,20955
94,2001,20956
94,2001,20957
94,2001,20958
94,2001,20959
94,2001,20960
94,2001,20961
94,2002,12560
94,2002,12562
94,2002,12564
94,2002,12572
94,2002,19773
94,2002,19774
94,2002,19775
94,2002,19776
94,2002,19777
94,2002,19778
94,2002,19779
94,2002,19780
94,2002,19781
94,2003,18717
94,2003,18761
94,2003,18769
94,2003,18770
94,2003,18771
94,2003,18772
94,2003,18773
94,2003,18774
94,2003,18775
94,2003,18776
94,2003,18790
94,2003,18791
94,2003,18792
94,2003,18793
94,2003,18794
94,2003,18795
94,2004,103
94,2004,104
94,2004,107
94,2004,108
94,2004,109
94,2004,110
94,2004,8382
94,2004,16407
94,2004,16410
94,2004,16412
94,2004,16415
94,2004,16417
94,2004,16420
94,2004,17772
94,2004,17856
94,2004,17857
94,2004,17858
94,2004,17859
94,2004,17860
94,2004,17861
94,2004,17862
94,2004,17863
94,2005,185
94,2005,186
94,2005,189
94,2005,190
94,2005,193
94,2005,194
94,2005,17242
94,2005,17257
94,2005,17258
94,2005,17259
94,2005,17260
94,2005,17261
94,2005,17262
94,2005,17263
94,2005,17264
94,2005,17265
94,2005,17271
94,2005,17272
94,2005,17273
94,2005,17274
94,2006,32
94,2006,34
94,2006,35
94,2006,1543
94,2006,1546
94,2006,1548
94,2006,1550
94,2006,1551
94,2006,1553
94,2006,13860
94,2006,13878
94,2006,13879
94,2006,13880
94,2006,13881
94,2006,13882
94,2006,13883
94,2006,13884
94,2006,13885
94,2006,13886
94,2007,1516
94,2007,1518
94,2007,1520
94,2007,1534
94,2007,1538
94,2007,1539
94,2007,12923
94,2007,12924
94,2007,12925
94,2007,12926
94,2007,12927
94,2007,12928
94,2007,12929
94,2008,2507
94,2008,2509
94,2008,2511
94,2008,2513
94,2008,2515
94,2008,2517
94,2008,2555
94,2008,2559
94,2008,2561
94,2008,12310
94,2008,12311
94,2008,12312
94,2008,12313
94,2008,12314
94,2008,12315
94,2008,12316
94,2008,12317
94,2008,12318
94,2008,12319
94,2009,2562
94,2009,2564
94,2009,2568
94,2009,2570
94,2009,2573
94,2009,3173
94,2009,3176
94,2009,3177
94,2009,3179
94,2009,11527
94,2009,11656
94,2009,11657
94,2009,11658
94,2009,11659
94,2009,11660
94,2009,11661
94,2009,11662
94,2010,2214
94,2010,2215
94,2010,2217
94,2010,2242
94,2010,3180
94,2010,3183
94,2010,8296
94,2010,10385
94,2010,10515
94,2010,10522
94,2010,10523
94,2010,10524
94,2010,10525
94,2010,10526
94,2010,10528
94,2010,10529
94,2010,10530
94,2010,10531
94,2011,3987
94,2011,3988
94,2011,3990
94,2011,3992
94,2011,3994
94,2011,9800
94,2011,9801
94,2011,9802
94,2011,9803
94,2011,9804
94,2011,9805
94,2011,9806
94,2011,9807
94,2011,9808
94,2011,9809
94,2012,3997
94,2012,4036
94,2012,4038
94,2012,4040
94,2012,4042
94,2012,4046
94,2012,8307
94,2012,8308
94,2012,8309
94,2012,8310
94,2012,8311
94,2012,8312
94,2013,4048
94,2013,7834
94,2013,7835
94,2013,7996
94,2013,8027
94,2013,8113
94,2013,8152
94,2013,8211
94,2013,8214
94,2013,8471
94,2013,8501
94,2013,8512
94,2013,8562
94,2013,8733
94,2013,8817
94,2013,8966
94,2013,9019
94,2013,9350
94,2013,9378
94,2014,9685
94,2014,9687
94,2014,9688
94,2014,9993
94,2014,10586
94,2014,10654
94,2014,10679
94,2014,11159
94,2014,11206
94,2014,11412
94,2014,11443
94,2014,11704
94,2014,11750
94,2015,12186
94,2015,12233
94,2015,12249
94,2015,12260
94,2015,12784
94,2015,12851
94,2015,13156
94,2015,13282
94,2015,13439
94,2015,13494
94,2015,13505
94,2015,13665
94,2015,13784
94,2015,13965
94,2015,14098
94,2015,14142
94,2015,14220
94,2016,14866
94,2016,14937
94,2016,15527
94,2016,15529
94,2016,15715
94,2016,15766
94,2016,15826
94,2016,15911
94,2016,15991
94,2016,16047
94,2017,17028
94,2017,17100
94,2017,17627
94,2017,17705
94,2017,18050
94,2017,18129
94,2017,18350
94,2017,18443
94,2017,18470
94,2017,18526
94,2017,18749
94,2017,18751
94,2017,18753
94,2018,19476
94,2018,19556
94,2018,20176
94,2018,20234
94,2018,20274
94,2018,20304
94,2018,20306
94,2018,20308
94,2018,20390
94,2018,20657
94,2018,20809
94,2018,20906
94,2018,21190
94,2018,21274
94,2019,21822
94,2019,21861
94,2019,21935
94,2019,22022
94,2019,22073
94,2019,22119
94,2019,22159
94,2019,22564
94,2019,22644
94,2019,23166
94,2019,23232
94,2019,23300
94,2019,23324
94,2019,23377
94,2019,23885
94,2019,23975
94,2019,24163
94,2019,24283
94,2019,24380
94,2019,24537
94,2019,24762
94,2019,24764
94,2019,24812
94,2020,28390
94,2020,28462
94,2020,28954
94,2020,29032
94,2021,30285
94,2021,30369
94,2021,30923
94,2021,31030
94,2021,31107
94,2021,31127
94,2021,31712
94,2021,31807
94,2021,32066
94,2021,32184
94,2021,32459
94,2021,32564
94,2022,33189
94,2022,33235
94,2022,34104
94,2022,34208
94,2022,34676
94,2022,34755
94,2022,34835
94,2022,34927
94,2022,34967
94,2022,34970
94,2022,35031
94,2022,35307
94,2022,35389
94,2022,35561
94,2022,35589
94,2022,35629
94,2022,35662
94,2022,35772
94,2023,36493
94,2023,36593
94,2023,36903
94,2023,37010
94,2023,37339
94,2023,37404
94,2023,37501
94,2023,37568
94,2023,37669
94,2023,37804
94,2024,37858
94,2024,37941
94,2024,37985
94,2024,38131
94,2024,38163
94,2024,38289
94,2024,38315
94,2024,38616
94,2024,38756
94,2024,39029
94,2024,39159
94,2024,39355
94,2024,39505
94,2024,39554
94,2024,39689
94,2024,40085
94,2024,40197
94,2025,41017
94,2025,41148
94,2025,41601
94,2025,41710
94,2025,41806
94,2025,41808
94,2025,41810
94,2025,42192
94,2025,42236
94,2025,42397
94,2025,42475
94,2025,42698
94,2025,42745
95,1996,26673
95,1996,27059
95,1997,26018
95,1997,26051
95,1997,26054
95,1997,26216
95,1997,26219
95,1997,26222
95,1997,26262
95,1997,26263
95,1997,26264
95,1997,26265
95,1997,26266
95,1997,26267
95,1997,26268
95,1997,26269
95,1997,26270
95,1997,26271
95,1997,26357
95,1998,25244
95,1998,25316
95,1998,25379
95,1998,25380
95,1998,25381
95,1999,5299
95,1999,5300
95,1999,23791
95,1999,23797
95,1999,23799
95,1999,24580
95,1999,24581
95,1999,24582
95,1999,24583
95,1999,24584
95,1999,24585
95,1999,24586
95,1999,38817
95,2000,5416
95,2000,5418
95,2000,5419
95,2000,5652
95,2000,5925
95,2000,6434
95,2000,6443
95,2000,22352
95,2000,22471
95,2000,22474
95,2000,22728
95,2000,22788
95,2000,22789
95,2000,22862
95,2000,22885
95,2000,22886
95,2000,22887
95,2000,22888
95,2000,22890
95,2000,22891
95,2000,22892
95,2000,22893
95,2001,5405
95,2001,5406
95,2001,5407
95,2001,5994
95,2001,21609
95,2001,21612
95,2001,21850
95,2001,21852
95,2001,21917
95,2001,21918
95,2001,21919
95,2001,21920
95,2001,27136
95,2002,5396
95,2002,5397
95,2002,5399
95,2002,5402
95,2002,5730
95,2002,19844
95,2002,19919
95,2002,19939
95,2002,19987
95,2002,19988
95,2002,19989
95,2002,19990
95,2002,19991
95,2002,19992
95,2002,19993
95,2002,19994
95,2002,19995
95,2002,19996
95,2002,19997
95,2003,1462
95,2003,1463
95,2003,1464
95,2003,1468
95,2003,1469
95,2003,1472
95,2003,5394
95,2003,6205
95,2003,18958
95,2004,77
95,2004,78
95,2004,83
95,2004,84
95,2004,85
95,2004,86
95,2004,5145
95,2004,5147
95,2004,5317
95,2004,5385
95,2004,5392
95,2004,5711
95,2004,5712
95,2004,6045
95,2004,6046
95,2004,16394
95,2004,16396
95,2004,16398
95,2004,16415
95,2004,17781
95,2004,17783
95,2004,17789
95,2004,17968
95,2004,17980
95,2004,17994
95,2004,18238
95,2004,18274
95,2004,38820
95,2005,5388
95,2005,17326
95,2005,17434
95,2005,17441
95,2005,17442
95,2006,1567
95,2006,1570
95,2006,1572
95,2006,1574
95,2006,1575
95,2006,1577
95,2006,5123
95,2006,5258
95,2006,5382
95,2006,5384
95,2006,5705
95,2006,5856
95,2006,14293
95,2006,16961
95,2006,16980
95,2006,16981
95,2006,16982
95,2007,2462
95,2007,2463
95,2007,6188
95,2007,13519
95,2007,13575
95,2007,13578
95,2007,13579
95,2007,13580
95,2007,13581
95,2008,2518
95,2008,2521
95,2008,2522
95,2008,2525
95,2008,2526
95,2008,2529
95,2008,5365
95,2008,5366
95,2008,5368
95,2008,5369
95,2008,5371
95,2008,5373
95,2008,5374
95,2008,5964
95,2008,6174
95,2008,12359
95,2008,12496
95,2008,12694
95,2008,12710
95,2008,12711
95,2009,3216
95,2009,3218
95,2009,3219
95,2009,3222
95,2009,5442
95,2009,6922
95,2009,11552
95,2009,11876
95,2009,12002
95,2009,12033
95,2009,12052
95,2009,38818
95,2010,3224
95,2010,3225
95,2010,7196
95,2010,11086
95,2010,11104
95,2010,11118
95,2010,11119
95,2010,11120
95,2010,11121
95,2011,3938
95,2011,3948
95,2011,3962
95,2011,3965
95,2011,3966
95,2011,3969
95,2011,3971
95,2011,7320
95,2011,7452
95,2011,7582
95,2011,9809
95,2011,9893
95,2011,9908
95,2011,10122
95,2011,10123
95,2011,10220
95,2011,10221
95,2011,10222
95,2011,10223
95,2011,10224
95,2011,10225
95,2011,10238
95,2011,10239
95,2011,10240
95,2011,10241
95,2011,10242
95,2012,3972
95,2012,4037
95,2012,4038
95,2012,4043
95,2012,4044
95,2012,4047
95,2012,9182
95,2012,9185
95,2012,9286
95,2012,9441
95,2012,9508
95,2012,9560
95,2012,9561
95,2012,9562
95,2012,9563
95,2012,9564
95,2013,4048
95,2013,4570
95,2013,7847
95,2013,7942
95,2013,7986
95,2013,8114
95,2013,8175
95,2013,8559
95,2013,8560
95,2013,8685
95,2013,8772
95,2013,8834
95,2013,8986
95,2013,9041
95,2013,9227
95,2013,9288
95,2013,9313
95,2013,9397
95,2013,9514
95,2014,9523
95,2014,9525
95,2014,9595
95,2014,9736
95,2014,9740
95,2014,10003
95,2014,10678
95,2014,11208
95,2014,11238
95,2014,11483
95,2014,11497
95,2014,11705
95,2014,11782
95,2014,12090
95,2014,12167
95,2015,12173
95,2015,12187
95,2015,12234
95,2015,12249
95,2015,12805
95,2015,12846
95,2015,13105
95,2015,13140
95,2015,13166
95,2015,13295
95,2015,13675
95,2015,13712
95,2015,13953
95,2015,13966
95,2015,14060
95,2015,14165
95,2015,14223
95,2016,14597
95,2016,14870
95,2016,14935
95,2016,15430
95,2016,15562
95,2016,15693
95,2016,15784
95,2016,15814
95,2016,15864
95,2016,15965
95,2016,15983
95,2016,16077
95,2017,16348
95,2017,17050
95,2017,17124
95,2017,17595
95,2017,17629
95,2017,17722
95,2017,18165
95,2017,18429
95,2017,18438
95,2017,18532
95,2017,18537
95,2017,18835
95,2018,18974
95,2018,19431
95,2018,19728
95,2018,20155
95,2018,20539
95,2018,20664
95,2018,20764
95,2018,20871
95,2018,21223
95,2018,21283
95,2018,21669
95,2018,21677
95,2018,21710
95,2019,21787
95,2019,21826
95,2019,21879
95,2019,21990
95,2019,22594
95,2019,22647
95,2019,23204
95,2019,23272
95,2019,23735
95,2019,23786
95,2019,23840
95,2019,23852
95,2019,24004
95,2019,24020
95,2019,24150
95,2019,24156
95,2019,24274
95,2019,24372
95,2019,24497
95,2020,28938
95,2020,29002
95,2021,29624
95,2021,29690
95,2021,29938
95,2021,30198
95,2021,30254
95,2021,30389
95,2021,30911
95,2021,31031
95,2021,31093
95,2021,31122
95,2021,31501
95,2021,31746
95,2021,31809
95,2021,32088
95,2021,32220
95,2021,32453
95,2021,32559
95,2021,32650
95,2021,32691
95,2021,32705
95,2021,32738
95,2022,33205
95,2022,33316
95,2022,34643
95,2022,34656
95,2022,34782
95,2022,34846
95,2022,34906
95,2022,35562
95,2022,37189
95,2022,37191
95,2023,36638
95,2023,36914
95,2023,36990
95,2023,37284
95,2023,37411
95,2023,37500
95,2023,37567
95,2023,37657
95,2023,37803
95,2023,37854
95,2024,37866
95,2024,37941
95,2024,38020
95,2024,38138
95,2024,38177
95,2024,38273
95,2024,38307
95,2024,38342
95,2024,38394
95,2024,38613
95,2024,38760
95,2024,39032
95,2024,39148
95,2024,39329
95,2024,39330
95,2024,39354
95,2024,39502
95,2024,39557
95,2024,39688
95,2024,40058
95,2024,40194
95,2025,40667
95,2025,40988
95,2025,41025
95,2025,41144
95,2025,41595
95,2025,41709
95,2025,41771
95,2025,42122
95,2025,42240
95,2025,42400
95,2025,42479
95,2025,42694
95,2025,42797
95,2025,42811
95,2025,42820
95,2025,42842
95,2025,42845
95,2025,42852
95,2025,42975
99,1995,27535
99,1995,27546
99,1995,27638
99,1996,16506
99,1996,16507
99,1996,16510
99,1996,16524
99,1996,16527
99,1996,16529
99,1996,26636
99,1996,26637
99,1996,26645
99,1996,26703
99,1996,26721
99,1996,26722
99,1996,26723
99,1996,26724
99,1996,26725
99,1996,26726
99,1996,26727
99,1996,26728
99,1996,26729
99,1996,26730
99,1996,26731
99,1996,26732
99,1996,26733
99,1996,26734
99,1996,26735
99,1996,26736
99,1996,26737
99,1996,26738
99,1997,5471
99,1997,25811
99,1997,25821
99,1997,25834
99,1997,25884
99,1997,25887
99,1997,25927
99,1997,25929
99,1997,25932
99,1997,25963
99,1997,25977
99,1997,25978
99,1997,25979
99,1997,25980
99,1997,25994
99,1997,25995
99,1997,25996
99,1997,25997
99,1998,25014
99,1998,25015
99,1998,25023
99,1998,25045
99,1998,25049
99,1998,25064
99,1998,25066
99,1998,25127
99,1998,25153
99,1998,25169
99,1998,25170
99,1998,25171
99,1998,25172
99,1998,25173
99,1998,25174
99,1998,25175
99,1998,25176
99,1998,25177
99,1998,25178
99,1998,25179
99,1998,25180
99,1998,25181
99,1998,25182
99,1998,40321
99,1999,23480
99,2000,4938
99,2000,5890
99,2000,5897
99,2000,6010
99,2000,16453
99,2000,16455
99,2000,16456
99,2000,16467
99,2000,22256
99,2000,22336
99,2000,22443
99,2000,22444
99,2000,22445
99,2000,22446
99,2000,22447
99,2001,5631
99,2001,5881
99,2001,5885
99,2001,5887
99,2001,5995
99,2001,6221
99,2001,7151
99,2001,7167
99,2001,21461
99,2001,21462
99,2001,21463
99,2001,21464
99,2001,21465
99,2001,21466
99,2001,21467
99,2001,21468
99,2002,19843
99,2002,19881
99,2002,19883
99,2002,19950
99,2002,19992
99,2002,20023
99,2002,20024
99,2002,20025
99,2002,20026
99,2002,20027
99,2002,20028
99,2002,20029
99,2002,20030
99,2003,1437
99,2003,1438
99,2003,1439
99,2003,1441
99,2003,1443
99,2003,1444
99,2003,18716
99,2003,18811
99,2003,18999
99,2003,19039
99,2003,19040
99,2003,19041
99,2003,19042
99,2004,113
99,2004,114
99,2004,119
99,2004,120
99,2004,123
99,2004,124
99,2004,5225
99,2004,5226
99,2004,5716
99,2004,5866
99,2004,5868
99,2004,5871
99,2004,5918
99,2004,5919
99,2004,16395
99,2004,16396
99,2004,16399
99,2004,17941
99,2004,17944
99,2004,17946
99,2004,17967
99,2004,18246
99,2004,18250
99,2004,18275
99,2004,18276
99,2004,18277
99,2004,18278
99,2004,18279
99,2004,18280
99,2004,18281
99,2005,173
99,2005,174
99,2005,177
99,2005,178
99,2005,181
99,2005,182
99,2005,5605
99,2005,5860
99,2005,5862
99,2005,17328
99,2005,17429
99,2005,17450
99,2005,17457
99,2005,17460
99,2005,17462
99,2006,1580
99,2006,1581
99,2006,1582
99,2006,1584
99,2006,5856
99,2006,5857
99,2006,14572
99,2006,16977
99,2006,16997
99,2007,5827
99,2007,13298
99,2007,13540
99,2007,13620
99,2007,13621
99,2008,2543
99,2008,2544
99,2008,2547
99,2008,2549
99,2008,2551
99,2008,2553
99,2008,4847
99,2008,5236
99,2008,5684
99,2008,5845
99,2008,5851
99,2008,5965
99,2008,6164
99,2008,12439
99,2008,12680
99,2009,3186
99,2009,3187
99,2009,3190
99,2009,3192
99,2009,4819
99,2009,4828
99,2009,4852
99,2009,5611
99,2009,6530
99,2009,6693
99,2009,6918
99,2009,11812
99,2009,11958
99,2009,11980
99,2009,11996
99,2009,12033
99,2009,12034
99,2009,12035
99,2009,12036
99,2009,12037
99,2010,3194
99,2010,3196
99,2010,6812
99,2010,6813
99,2010,7180
99,2010,7221
99,2010,7239
99,2010,7261
99,2010,7264
99,2010,7269
99,2010,7321
99,2010,10928
99,2010,10955
99,2010,11010
99,2010,11012
99,2010,11069
99,2010,11083
99,2010,11084
99,2010,11085
99,2010,11086
99,2010,11087
99,2010,11088
99,2010,11089
99,2011,3942
99,2011,3951
99,2011,3974
99,2011,3976
99,2011,3979
99,2011,3981
99,2011,3983
99,2011,7335
99,2011,7452
99,2011,7464
99,2011,7516
99,2011,7606
99,2011,10078
99,2011,10121
99,2011,10207
99,2011,10231
99,2011,10232
99,2011,10233
99,2011,10234
99,2011,10235
99,2011,10236
99,2011,10237
99,2011,10240
99,2011,10243
99,2012,3984
99,2012,5204
99,2012,6534
99,2012,7061
99,2012,8901
99,2012,8920
99,2012,9254
99,2012,9279
99,2012,9477
99,2012,9478
99,2012,9479
99,2012,9480
99,2012,9481
99,2012,9482
99,2012,9483
99,2012,39298
99,2013,4572
99,2013,4574
99,2013,7902
99,2013,7909
99,2013,7930
99,2013,7931
99,2013,7932
99,2013,7933
99,2013,8044
99,2013,8774
99,2013,8986
99,2013,9040
99,2013,9289
99,2013,9338
99,2013,9387
99,2013,9520
99,2013,12086
99,2014,9523
99,2014,9524
99,2014,9594
99,2014,9999
99,2014,10533
99,2014,10535
99,2014,10597
99,2014,11157
99,2014,11275
99,2014,11483
99,2014,11497
99,2014,11664
99,2014,11666
99,2014,11711
99,2014,11746
99,2014,11805
99,2014,12091
99,2015,12177
99,2015,12200
99,2015,12204
99,2015,12847
99,2015,13140
99,2015,13165
99,2015,13678
99,2015,13782
99,2015,13969
99,2015,14073
99,2017,18765
99,2017,18781
99,2017,18784
99,2017,18834
99,2018,19431
99,2018,19541
99,2018,20152
99,2018,20157
99,2018,20644
99,2018,20778
99,2018,20869
99,2018,21280
99,2018,40423
99,2019,22539
99,2019,22632
99,2019,23736
99,2019,23786
99,2019,23864
99,2019,23967
99,2019,24019
99,2019,24156
99,2019,24306
99,2019,24371
99,2019,24496
99,2019,24554
99,2019,24557
99,2019,24561
99,2021,29480
99,2021,29614
99,2021,30287
99,2021,30385
99,2021,30961
99,2021,31093
99,2021,31128
99,2021,31189
99,2021,31496
99,2021,31745
99,2021,32458
99,2021,32540
99,2022,33208
99,2022,33243
99,2022,34155
99,2022,34235
99,2022,34660
99,2022,34783
99,2022,34847
99,2022,34906
99,2022,35618
99,2022,35916
99,2023,35922
99,2023,35965
99,2023,35973
99,2023,36545
99,2023,36639
99,2023,36897
99,2023,37036
99,2023,37040
99,2023,37051
99,2023,37062
99,2023,37075
99,2023,37082
99,2023,37447
99,2023,37449
99,2023,37610
99,2023,37631
99,2023,37666
99,2023,37802
99,2024,37979
99,2024,38137
99,2024,38611
99,2024,38759
99,2024,39034
99,2024,39158
99,2024,39354
99,2024,39501
99,2024,39556
99,2024,39687
99,2024,40057
99,2024,40194
99,2024,40249
99,2024,40305
99,2024,40315
99,2024,40400
99,2024,40405
99,2024,40411
99,2024,40417
99,2025,40989
99,2025,41026
99,2025,41147
99,2025,41597
99,2025,41705
99,2025,42278
99,2025,42361
99,2025,42785
99,2025,42796
99,2025,42811
99,2025,42819
99,2025,42839
99,2025,42853
100,1996,26693
100,1996,26695
100,1996,27183
100,1996,27184
100,1997,25813
100,1997,25815
100,1997,26212
100,1997,26393
100,1997,26394
100,1999,23794
100,1999,24604
100,1999,24740
100,2000,22472
100,2000,22892
100,2000,22963
100,2000,23129
100,2001,5155
100,2001,21464
100,2001,21466
100,2001,21564
100,2001,21566
100,2001,22015
100,2001,22016
100,2003,73
100,2003,74
100,2003,1411
100,2003,1413
100,2004,137
100,2004,138
100,2004,141
100,2004,142
100,2004,145
100,2004,146
100,2004,5981
100,2004,18277
100,2006,14617
100,2006,16970
100,2006,17005
100,2006,17006
100,2006,17007
100,2006,17008
100,2006,35021
100,2007,2462
100,2007,2463
100,2007,13417
100,2007,13444
100,2007,13569
100,2007,13616
100,2007,13632
100,2007,13643
100,2007,13644
100,2008,3277
100,2008,3278
100,2008,6167
100,2009,3244
100,2009,3245
100,2009,11523
100,2009,11940
100,2009,11997
100,2009,12025
100,2009,12109
100,2010,3258
100,2010,3260
100,2010,3263
100,2011,3937
100,2011,3952
100,2011,10273
100,2011,10302
100,2011,10314
100,2012,9469
100,2013,4594
100,2013,4596
100,2013,4598
100,2013,8127
100,2013,8136
100,2013,8749
100,2013,9045
100,2013,9228
100,2013,9388
100,2014,10347
100,2014,10532
100,2014,10535
100,2014,10541
100,2014,10552
100,2014,10569
100,2014,11169
100,2014,12083
100,2014,12084
100,2015,13158
100,2015,13292
100,2015,13675
100,2015,13967
100,2015,14056
100,2015,14139
100,2015,14223
100,2016,14942
100,2016,15459
100,2016,15703
100,2016,15816
100,2016,15860
100,2016,15918
100,2016,16073
100,2016,16096
100,2017,17120
100,2017,17718
100,2017,18425
100,2017,18533
100,2018,19464
100,2018,19724
100,2018,20170
100,2018,20537
100,2018,20643
100,2018,20912
100,2018,21274
100,2018,21669
100,2018,21711
100,2018,21794
100,2019,21789
100,2019,21856
100,2019,21902
100,2019,22024
100,2019,23365
100,2019,23860
100,2019,24164
100,2019,24282
100,2019,24353
100,2019,24380
100,2019,24505
100,2021,31032
100,2021,31094
100,2021,31127
100,2021,31812
100,2021,31814
100,2021,32457
100,2021,32560
100,2022,34163
100,2022,34245
100,2022,34784
100,2022,34848
100,2022,34907
100,2022,35333
100,2023,36524
100,2023,36595
100,2023,36880
100,2023,36919
100,2023,37016
100,2023,37447
100,2023,37611
100,2023,37624
100,2023,37664
100,2023,37801
100,2023,37852
100,2023,37856
100,2024,37865
100,2024,37940
100,2024,38040
100,2024,38145
100,2024,38179
100,2024,38607
100,2024,38758
100,2024,39031
100,2024,39153
100,2024,39357
100,2024,39500
100,2024,39555
100,2024,39686
100,2024,40054
100,2024,40193
100,2025,41022
100,2025,41146
100,2025,41596
100,2025,41708
100,2025,42107
100,2025,42118
100,2025,42158
100,2026,44201
101,1995,27762
101,1995,27912
101,1995,27945
101,1995,27946
101,1996,27122
101,1996,27167
101,1996,27206
101,1996,27229
101,1997,26333
101,1997,26387
101,1997,26432
101,1997,26474
101,1998,25017
101,1998,25291
101,1998,25483
101,1998,25509
101,1998,25526
101,1998,25549
101,1998,25591
101,1999,24545
101,1999,24823
101,1999,24904
101,1999,24920
101,2000,22291
101,2000,23043
101,2000,23057
101,2000,23075
101,2000,23318
101,2000,23398
101,2000,23401
101,2001,21730
101,2001,21731
101,2001,21798
101,2001,21799
101,2001,22110
101,2001,22111
101,2002,20085
101,2002,20362
101,2002,20382
101,2003,75
101,2003,76
101,2003,1414
101,2003,1415
101,2004,77
101,2004,78
101,2004,81
101,2004,82
101,2004,87
101,2004,88
101,2004,18559
101,2004,18593
101,2004,18637
101,2004,18659
101,2006,6897
101,2006,16985
101,2006,16992
101,2006,17009
101,2007,6744
101,2007,7094
101,2007,13482
101,2007,13491
101,2007,13552
101,2008,6716
101,2008,6892
101,2008,12277
101,2008,12384
101,2008,12474
101,2008,12619
101,2008,12739
101,2010,10505
101,2010,10783
101,2010,10796
101,2010,10981
101,2010,11077
101,2010,11312
101,2011,3916
101,2011,3928
101,2011,3933
101,2011,3949
101,2011,10293
101,2011,10294
101,2012,5203
101,2012,7652
101,2012,8886
101,2012,8927
101,2012,9061
101,2012,9088
101,2012,9223
101,2012,9546
101,2012,9551
101,2012,9584
101,2012,9585
101,2013,4600
101,2013,4602
101,2013,4604
101,2013,6274
101,2013,8083
101,2013,8988
101,2013,9408
101,2013,12428
101,2014,10465
101,2014,10547
101,2014,10556
101,2014,10573
101,2014,11490
101,2014,11491
101,2014,11499
101,2014,11500
101,2014,11687
101,2014,11819
101,2014,11885
101,2014,11912
101,2015,13102
101,2015,13109
101,2015,13161
101,2015,13288
101,2015,13656
101,2015,13669
101,2015,13782
101,2015,14054
101,2015,14062
101,2015,14153
101,2015,14219
101,2016,15391
101,2016,15422
101,2016,15532
101,2016,15697
101,2016,15821
101,2016,15938
101,2016,15953
101,2016,15954
101,2016,15956
101,2016,15960
101,2016,15966
101,2016,15980
101,2016,16026
101,2016,16079
101,2017,17630
101,2017,18329
101,2017,18331
101,2017,18666
101,2017,18671
101,2017,18675
101,2018,19429
101,2018,19555
101,2018,20662
101,2018,20755
101,2018,20757
101,2018,20909
101,2018,21048
101,2018,21105
101,2018,21201
101,2018,21297
101,2019,23140
101,2019,23142
101,2019,23177
101,2019,23277
101,2021,32699
101,2021,32720
101,2021,32742
101,2021,32764
101,2022,34131
101,2022,34189
101,2022,35332
101,2022,35393
101,2022,35894
101,2022,35900
101,2022,35903
101,2022,35907
101,2023,36523
101,2023,36626
101,2023,36641
101,2023,37469
101,2023,37581
101,2024,40118
101,2024,40243
101,2024,40253
101,2024,40309
101,2024,40319
101,2024,40374
101,2025,41131
101,2025,41187
101,2025,41699
101,2025,42375
101,2025,42487
101,2025,42782
103,1995,27137
103,1995,27138
103,1996,26646
103,1996,26732
103,1996,26733
103,1996,26806
103,1996,26937
103,1996,26963
103,1996,26988
103,1996,26989
103,1996,27024
103,1996,27025
103,1996,27026
103,1996,27027
103,1996,27028
103,1996,27029
103,1997,25980
103,1997,25995
103,1997,25998
103,1997,26025
103,1997,26050
103,1997,26215
103,1997,26217
103,1997,26220
103,1997,26263
103,1997,26264
103,1997,26265
103,1997,26269
103,1997,26301
103,1997,26302
103,1997,26303
103,1997,26304
103,1997,26305
103,1998,7721
103,1998,25063
103,1998,25095
103,1998,25170
103,1998,25225
103,1998,25251
103,1998,25276
103,1998,25293
103,1998,25318
103,1998,25322
103,1998,25380
103,1998,25398
103,1998,25432
103,1998,25433
103,1998,25434
103,1998,25435
103,1999,5580
103,1999,23798
103,1999,24104
103,1999,24584
103,1999,24724
103,1999,24725
103,1999,24726
103,2000,5924
103,2000,5925
103,2000,5926
103,2000,5928
103,2000,5929
103,2000,16426
103,2000,16428
103,2000,16430
103,2000,22447
103,2000,22470
103,2000,22768
103,2000,22887
103,2000,22888
103,2000,22893
103,2000,22963
103,2000,22964
103,2001,5921
103,2001,5922
103,2001,5923
103,2001,21498
103,2001,21756
103,2001,21759
103,2001,21897
103,2001,21898
103,2001,21899
103,2001,21900
103,2001,27136
103,2002,19845
103,2002,19888
103,2002,19890
103,2002,19987
103,2002,20048
103,2002,20110
103,2002,20319
103,2003,1461
103,2003,1464
103,2003,1466
103,2003,1468
103,2003,1470
103,2003,1471
103,2003,18891
103,2003,19040
103,2003,19041
103,2003,19096
103,2004,151
103,2004,152
103,2004,155
103,2004,156
103,2004,159
103,2004,160
103,2004,5317
103,2004,5914
103,2004,5918
103,2004,5919
103,2004,5983
103,2004,17784
103,2004,17785
103,2004,17963
103,2004,18223
103,2004,18297
103,2005,5707
103,2006,5254
103,2006,5912
103,2006,16977
103,2006,16978
103,2006,16979
103,2007,2482
103,2007,2483
103,2007,13534
103,2007,13575
103,2007,13576
103,2008,2530
103,2008,2532
103,2008,2535
103,2008,2537
103,2008,2539
103,2008,2540
103,2008,3227
103,2008,3228
103,2008,4847
103,2008,5365
103,2008,5907
103,2008,5966
103,2009,3204
103,2009,3206
103,2009,3207
103,2009,3210
103,2009,4814
103,2009,4872
103,2009,11524
103,2009,11939
103,2009,11940
103,2009,11941
103,2009,11942
103,2010,3214
103,2010,10992
103,2011,3934
103,2011,3953
103,2011,3975
103,2011,3977
103,2011,3979
103,2011,3981
103,2011,3982
103,2011,7464
103,2011,7519
103,2011,10195
103,2011,10196
103,2011,38422
103,2012,3985
103,2012,4023
103,2012,4024
103,2012,4026
103,2012,4029
103,2012,4033
103,2012,8524
103,2012,8540
103,2012,9279
103,2012,9280
103,2012,9281
103,2012,9282
103,2012,9283
103,2012,9284
103,2012,9285
103,2012,9286
103,2012,9287
103,2012,36392
103,2013,4034
103,2013,4571
103,2013,4573
103,2013,7920
103,2013,7921
103,2013,7922
103,2013,7992
103,2013,8029
103,2013,8123
103,2013,8767
103,2013,8845
103,2013,8983
103,2013,9040
103,2013,9290
103,2013,9338
103,2013,9385
103,2013,9514
103,2013,9520
103,2014,9916
103,2014,10004
103,2014,11448
103,2014,11481
103,2014,11667
103,2015,13083
103,2015,13105
103,2015,13165
103,2015,13288
103,2015,13650
103,2015,13661
103,2015,13787
103,2015,13963
103,2015,14073
103,2015,14153
103,2015,14261
103,2016,14631
103,2016,14674
103,2016,14867
103,2016,14938
103,2016,15784
103,2016,15815
103,2016,15860
103,2016,15941
103,2016,15990
103,2016,16077
103,2017,17122
103,2017,17720
103,2017,18155
103,2017,18428
103,2017,18453
103,2017,18536
103,2018,19726
103,2018,20539
103,2018,20676
103,2018,20778
103,2018,21156
103,2018,21272
103,2018,38423
103,2019,21821
103,2019,21859
103,2019,21934
103,2019,23715
103,2019,23718
103,2019,23719
103,2019,23850
103,2019,24003
103,2019,24018
103,2019,24168
103,2019,24287
103,2019,24384
103,2019,24509
103,2020,28937
103,2021,30254
103,2021,30385
103,2021,31004
103,2021,31095
103,2021,31139
103,2021,31184
103,2021,31711
103,2021,31803
103,2021,32067
103,2021,32183
103,2021,32461
103,2021,32565
103,2021,32652
103,2021,32693
103,2021,32707
103,2022,33185
103,2022,33232
103,2022,34106
103,2022,34207
103,2022,35618
103,2022,35915
103,2023,36562
103,2023,36876
103,2023,36887
103,2023,36904
103,2023,37039
103,2023,37043
103,2023,37054
103,2023,37063
103,2023,37073
103,2023,37282
103,2023,37360
103,2023,37462
103,2023,37665
103,2023,37808
103,2023,37854
103,2023,38421
103,2024,37862
103,2024,37977
103,2024,38087
103,2024,38150
103,2024,38622
103,2024,38765
103,2024,39030
103,2024,39157
103,2024,39337
103,2024,39436
103,2024,40022
103,2024,40164
103,2024,40305
103,2024,40315
103,2025,41140
103,2025,41186
103,2025,41698
103,2025,41770
103,2025,42103
103,2025,42212
103,2025,42374
103,2025,42488
103,2025,42763
103,2025,42790
110,1996,26844
110,1996,27177
110,1996,27227
110,1996,27418
110,1997,25756
110,1997,25758
110,1997,26369
110,1997,26371
110,1997,26475
110,1997,26476
110,2000,6309
110,2000,22219
110,2000,23053
110,2000,23395
110,2001,21499
110,2001,21502
110,2001,22087
110,2001,22089
110,2001,22103
110,2001,22104
110,2001,22105
110,2003,67
110,2003,68
110,2003,1417
110,2003,1418
110,2003,19246
110,2003,19283
110,2003,19291
110,2003,19306
110,2005,17417
110,2006,5545
110,2006,6302
110,2006,16972
110,2006,17006
110,2006,17023
110,2007,2456
110,2007,2457
110,2007,13527
110,2007,13595
110,2007,14454
110,2007,14455
110,2008,3279
110,2008,3281
110,2008,5043
110,2008,6315
110,2009,3229
110,2009,3230
110,2009,3231
110,2009,3233
110,2009,3236
110,2009,12104
110,2009,12115
110,2009,12116
110,2009,15943
110,2010,10966
110,2010,10983
110,2010,11126
110,2011,3922
110,2011,3929
110,2011,7467
110,2011,7592
110,2011,10091
110,2011,10276
110,2011,10277
110,2012,8925
110,2012,9413
110,2012,9608
110,2012,9609
110,2012,9610
110,2013,4594
110,2013,4595
110,2013,4597
110,2014,11164
110,2014,11165
110,2014,11167
110,2014,11496
110,2015,12664
110,2015,12689
110,2015,14066
110,2015,14377
110,2016,15033
110,2016,15596
110,2016,15599
110,2016,15602
110,2016,15961
110,2016,15966
110,2016,15979
110,2016,16027
110,2016,16080
110,2017,17120
110,2017,17717
110,2017,18157
110,2017,18329
110,2017,18426
110,2017,18533
110,2018,19723
110,2018,19752
110,2018,20525
110,2018,20528
110,2018,20532
110,2018,20543
110,2019,23176
110,2023,36632
110,2023,36989
110,2023,37279
110,2023,37446
110,2023,37470
110,2023,37580
110,2024,39385
110,2024,39495
110,2024,40312
110,2025,41010
110,2026,44211
114,1995,27710
114,1995,27776
114,1995,27844
114,1995,27845
114,1995,40230
114,1995,40232
114,1996,27016
114,1996,27019
114,1996,27071
114,1996,27072
114,1996,27073
114,1996,27074
114,1996,27075
114,1996,27076
114,1997,25874
114,1997,25922
114,1997,25925
114,1997,26335
114,1997,26378
114,1997,26379
114,1997,26380
114,1997,26381
114,1997,26382
114,1997,26383
114,1997,26384
114,1997,26385
114,1997,26386
114,1997,26387
114,1998,25481
114,1998,25510
114,1998,25526
114,1999,23816
114,1999,24659
114,1999,24660
114,1999,24701
114,1999,24780
114,1999,24783
114,1999,24840
114,1999,24841
114,2000,5053
114,2000,5054
114,2000,5058
114,2000,5059
114,2000,5060
114,2000,5061
114,2000,5062
114,2000,22669
114,2000,22671
114,2000,22695
114,2000,22698
114,2000,22704
114,2000,22834
114,2000,22997
114,2000,23037
114,2000,23038
114,2000,23039
114,2000,23040
114,2000,23041
114,2000,23042
114,2000,23043
114,2000,23044
114,2000,23045
114,2000,23046
114,2001,4687
114,2001,4688
114,2001,4689
114,2001,21377
114,2001,21421
114,2001,21424
114,2001,21568
114,2001,21985
114,2001,21986
114,2001,21987
114,2001,21988
114,2001,21989
114,2002,4888
114,2002,7095
114,2002,7096
114,2002,19766
114,2002,19989
114,2002,20086
114,2002,20338
114,2002,20350
114,2002,20360
114,2002,20361
114,2002,20362
114,2003,1486
114,2003,1488
114,2003,1490
114,2003,1492
114,2003,1493
114,2003,1496
114,2003,19219
114,2004,115
114,2004,116
114,2004,119
114,2004,120
114,2004,121
114,2004,122
114,2004,5146
114,2004,17856
114,2004,18318
114,2004,18581
114,2004,18591
114,2004,18596
114,2004,18630
114,2004,18631
114,2004,18632
114,2004,18633
114,2005,17362
114,2005,17363
114,2005,17364
114,2005,17365
114,2006,16911
114,2006,16912
114,2006,16913
114,2006,16914
114,2006,16915
114,2006,16916
114,2006,16917
114,2007,1521
114,2007,1523
114,2007,1525
114,2007,2466
114,2007,2467
114,2007,7298
114,2007,7299
114,2007,13025
114,2007,13455
114,2007,13456
114,2007,13457
114,2007,13458
114,2007,13459
114,2007,13460
114,2007,13461
114,2008,4644
114,2008,4645
114,2008,4646
114,2008,4647
114,2008,12209
114,2008,12275
114,2008,12276
114,2008,12277
114,2008,12278
114,2008,12279
114,2008,12280
114,2009,3197
114,2009,3199
114,2009,3200
114,2009,6935
114,2009,11551
114,2009,11552
114,2009,11553
114,2009,11554
114,2009,11555
114,2009,11556
114,2009,11557
114,2009,37851
114,2010,3201
114,2010,6975
114,2010,7140
114,2010,10501
114,2010,10502
114,2010,10503
114,2010,10504
114,2010,10505
114,2010,10506
114,2010,10507
114,2011,3923
114,2011,3930
114,2011,3941
114,2011,3957
114,2011,9775
114,2011,9776
114,2011,9865
114,2011,9890
114,2011,9891
114,2011,9892
114,2012,7630
114,2012,8878
114,2012,8931
114,2012,8938
114,2012,9059
114,2012,9060
114,2012,9061
114,2012,9062
114,2012,9063
114,2012,9064
114,2012,9065
114,2012,9066
114,2012,9067
114,2012,9068
114,2012,9069
114,2012,9070
114,2013,4579
114,2013,4582
114,2013,7905
114,2013,7964
114,2013,8836
114,2013,9044
114,2013,9289
114,2013,9336
114,2013,9383
114,2013,12429
114,2013,40903
114,2014,9978
114,2014,10007
114,2014,10426
114,2014,11055
114,2014,11278
114,2014,11279
114,2014,11686
114,2014,11786
114,2014,11882
114,2014,11887
114,2014,11913
114,2014,11993
114,2014,12044
114,2014,12087
114,2014,12088
114,2015,12807
114,2015,13163
114,2015,13273
114,2015,13290
114,2015,13657
114,2015,13673
114,2015,13941
114,2015,14049
114,2015,14062
114,2015,14151
114,2015,14221
114,2016,14879
114,2016,15033
114,2016,15423
114,2016,15456
114,2016,15555
114,2016,15566
114,2016,15594
114,2016,15595
114,2016,15783
114,2016,15862
114,2016,15940
114,2016,16045
114,2016,16088
114,2016,16093
114,2016,16100
114,2017,17014
114,2017,17720
114,2017,18039
114,2017,18045
114,2017,18162
114,2017,18427
114,2017,18466
114,2017,18535
114,2018,19466
114,2018,19726
114,2018,19759
114,2018,20432
114,2018,20549
114,2018,20642
114,2018,20816
114,2018,20912
114,2018,21046
114,2018,21047
114,2018,21105
114,2018,21202
114,2018,21300
114,2018,21368
114,2018,21469
114,2018,23229
114,2018,23230
114,2019,22527
114,2019,22606
114,2019,23155
114,2019,23200
114,2019,23281
114,2019,23840
114,2019,23857
114,2019,23977
114,2019,24149
114,2019,24165
114,2019,24354
114,2019,24381
114,2019,24506
114,2021,30925
114,2021,30965
114,2021,31098
114,2021,31134
114,2021,31496
114,2021,32088
114,2021,32110
114,2021,32698
114,2021,32720
114,2021,32743
114,2021,32815
114,2022,34100
114,2022,34177
114,2022,34641
114,2022,34659
114,2022,34785
114,2022,34849
114,2022,34908
114,2022,35290
114,2022,35352
114,2022,35881
114,2022,35887
114,2022,35893
114,2022,35900
114,2022,35904
114,2023,35912
114,2023,35918
114,2023,35964
114,2023,36543
114,2023,36592
114,2023,36964
114,2023,37032
114,2023,37340
114,2023,37443
114,2023,37499
114,2023,37628
114,2023,37664
114,2023,37795
114,2024,37880
114,2024,38020
114,2024,38139
114,2024,38176
114,2024,38614
114,2024,38757
114,2024,39031
114,2024,39156
114,2024,39336
114,2024,39436
114,2024,39653
114,2024,40134
114,2024,40243
114,2024,40248
114,2024,40288
114,2024,40313
114,2024,40376
114,2025,41139
114,2025,41542
114,2025,41697
114,2025,41783
114,2025,42124
114,2025,42279
114,2025,42375
114,2025,42487
114,2025,42761
115,1995,27934
115,1995,27953
115,1996,27006
115,1996,27009
115,1996,27092
115,1996,27094
115,1996,27202
115,1996,27204
115,1997,25812
115,1997,25816
115,1997,26210
115,1997,26211
115,1997,26393
115,1997,26394
115,1997,26449
115,1997,26451
115,1997,26481
115,1997,26486
115,1998,25250
115,1998,25338
115,1998,25606
115,1999,24878
115,1999,24884
115,1999,24910
115,1999,24930
115,1999,24931
115,1999,24932
115,1999,24933
115,1999,24934
115,2000,5053
115,2000,22337
115,2000,22342
115,2000,22791
115,2000,22792
115,2000,22984
115,2000,22985
115,2000,23038
115,2000,23331
115,2000,23383
115,2000,23402
115,2000,23403
115,2001,6216
115,2001,6217
115,2001,21311
115,2001,21312
115,2001,21938
115,2001,21941
115,2001,22107
115,2001,22108
115,2002,5437
115,2002,7311
115,2002,20380
115,2003,71
115,2003,72
115,2003,1405
115,2003,1407
115,2003,19268
115,2003,19271
115,2003,19275
115,2003,19276
115,2003,19277
115,2003,19278
115,2004,149
115,2004,150
115,2004,153
115,2004,154
115,2004,159
115,2004,160
115,2004,5434
115,2004,5435
115,2004,5436
115,2004,18289
115,2004,18290
115,2005,17350
115,2005,17440
115,2005,17463
115,2005,17467
115,2007,2472
115,2007,2473
115,2007,6185
115,2008,3227
115,2008,3228
115,2008,5426
115,2008,12210
115,2008,12212
115,2008,12650
115,2008,12698
115,2009,3237
115,2009,3239
115,2009,3242
115,2009,5045
115,2009,11930
115,2009,12023
115,2009,12053
115,2009,35451
115,2009,35452
115,2009,37851
115,2010,7211
115,2011,3943
115,2011,3961
115,2011,4867
115,2011,6194
115,2011,7450
115,2011,9771
115,2011,9780
115,2011,9927
115,2011,10115
115,2011,10132
115,2011,10154
115,2011,10183
115,2011,10275
115,2011,10300
115,2011,10301
115,2011,10302
115,2012,5872
115,2012,9106
115,2012,9429
115,2012,9431
115,2012,9570
115,2012,9571
115,2012,9572
115,2012,20685
115,2013,7936
115,2013,7937
115,2013,8712
115,2013,8719
115,2013,8731
115,2013,8799
115,2013,9449
115,2013,9456
115,2014,10465
115,2014,10542
115,2014,10552
115,2014,10568
115,2014,10604
115,2014,10607
115,2015,12806
115,2015,13168
115,2015,13286
115,2015,13436
115,2015,13438
115,2015,13441
115,2015,13779
115,2015,13869
115,2015,13960
115,2015,14059
115,2015,14140
115,2015,14416
115,2015,14419
115,2015,14423
115,2015,14424
115,2016,14473
115,2016,14607
115,2016,14868
115,2016,14948
115,2016,15425
115,2016,15533
115,2016,15787
115,2016,15821
115,2016,15938
115,2017,17125
115,2017,17622
115,2017,17723
115,2017,18163
115,2017,18432
115,2017,18540
115,2018,19474
115,2018,19747
115,2018,20580
115,2018,20631
115,2018,20925
115,2018,20927
115,2018,21046
115,2019,23704
115,2019,23706
115,2019,23709
115,2019,23849
115,2019,23965
115,2019,24154
115,2019,24369
115,2019,24494
115,2021,31035
115,2021,31099
115,2021,31135
115,2021,32056
115,2021,32091
115,2021,32140
115,2021,32206
115,2021,32451
115,2021,32507
115,2021,32557
115,2022,34140
115,2022,34786
115,2022,34854
115,2022,34909
115,2022,35281
115,2022,35332
115,2022,35887
115,2022,35889
115,2023,36541
115,2023,37038
115,2023,37044
115,2023,37054
115,2023,37471
115,2023,37585
115,2024,40104
115,2024,40245
115,2025,41011
115,2025,41137
115,2025,41701
115,2025,41779
115,2025,42275
115,2025,42276
115,2025,42368
115,2025,42486
115,2025,42760
123,1998,25178
123,1998,25208
123,2000,22292
123,2000,22815
123,2000,23317
123,2000,23401
123,2001,21370
123,2001,21373
123,2001,21999
123,2001,22001
123,2001,22081
123,2001,22082
123,2001,22105
123,2003,71
123,2003,72
123,2003,1421
123,2003,1422
123,2003,19247
123,2003,19281
123,2003,19290
123,2003,19306
123,2005,17413
123,2005,17445
123,2005,17527
123,2005,17528
123,2007,2476
123,2007,2477
123,2007,13834
123,2007,14453
123,2007,14454
123,2009,3229
123,2009,3230
123,2009,12103
123,2009,12104
123,2009,12105
123,2011,3921
123,2011,3925
123,2011,9983
123,2011,9984
123,2013,4600
123,2013,4601
123,2013,4603
123,2014,11163
123,2014,11166
123,2014,11167
123,2015,12663
123,2015,12686
123,2016,15596
123,2016,15600
123,2016,15601
123,2016,15961
123,2016,15967
123,2016,15980
123,2017,18330
123,2018,19466
123,2018,19554
123,2018,20528
123,2018,20533
123,2018,20544
123,2018,20815
123,2018,20909
123,2018,21172
123,2018,21175
123,2018,21199
123,2019,23180
123,2019,23279
123,2019,23851
123,2019,23974
123,2019,24163
123,2019,24282
123,2019,24405
123,2019,24504
123,2021,30255
123,2021,30369
123,2021,31032
123,2022,34131
123,2022,34223
123,2022,34787
123,2022,34850
123,2022,34910
123,2023,36526
123,2023,36877
123,2023,36887
123,2023,36968
123,2023,37475
123,2023,37579
123,2024,38658
123,2024,38688
123,2024,39062
123,2024,39134
123,2024,39349
123,2024,39494
123,2024,40246
123,2024,40286
128,1995,27921
128,1995,27932
128,1995,27935
128,1995,27948
128,1995,27949
128,1995,27952
128,1995,27953
128,1996,26639
128,1996,26643
128,1996,27145
128,1996,27146
128,1996,27238
128,1996,27239
128,1997,25757
128,1997,25759
128,1997,26368
128,1997,26370
128,1997,26475
128,1997,26476
128,1997,26485
128,1997,26494
128,1998,25124
128,1998,25395
128,1998,25570
128,1999,24882
128,1999,24909
128,1999,24912
128,1999,24931
128,1999,24932
128,1999,24934
128,1999,24938
128,1999,24941
128,1999,24953
128,2000,22446
128,2000,22949
128,2000,23118
128,2000,23421
128,2001,21500
128,2001,21503
128,2001,22086
128,2001,22088
128,2001,22103
128,2001,22104
128,2003,1412
128,2003,1413
128,2003,1473
128,2003,1476
128,2003,1477
128,2003,1479
128,2003,1482
128,2003,1484
128,2003,19277
128,2003,19287
128,2003,19288
128,2005,17347
128,2005,17436
128,2005,17459
128,2006,16973
128,2006,16974
128,2006,16975
128,2006,16976
128,2007,2478
128,2007,2479
128,2008,3279
128,2008,3280
128,2008,3289
128,2008,3291
128,2008,3293
128,2008,4682
128,2008,5027
128,2008,6147
128,2008,12214
128,2008,12280
128,2008,12628
128,2008,12649
128,2008,12650
128,2009,3243
128,2009,3244
128,2009,4830
128,2009,11929
128,2009,11930
128,2009,35449
128,2009,42113
128,2009,42114
128,2011,3917
128,2011,3924
128,2011,3938
128,2011,3948
128,2011,9976
128,2011,10133
128,2011,10152
128,2011,10153
128,2011,10154
128,2011,10155
128,2011,10156
128,2011,10157
128,2011,10158
128,2011,10159
128,2012,9105
128,2012,9308
128,2012,9428
128,2012,9429
128,2012,9430
128,2012,9431
128,2012,9432
128,2012,20684
128,2013,4606
128,2013,4608
128,2013,4610
128,2013,7938
128,2013,7939
128,2013,8709
128,2013,8716
128,2013,8724
128,2013,8798
128,2013,9389
128,2014,10217
128,2014,10377
128,2014,10720
128,2014,11650
128,2015,12667
128,2015,12687
128,2015,13660
128,2015,14415
128,2015,14421
128,2015,14856
128,2016,14605
128,2016,14606
128,2016,14607
128,2016,15391
128,2016,15964
128,2016,15974
128,2016,16026
128,2016,16080
128,2017,17118
128,2017,17619
128,2017,17726
128,2017,18156
128,2017,18435
128,2017,18543
128,2018,19751
128,2018,20530
128,2018,20545
128,2018,20605
128,2018,20756
128,2018,20760
128,2018,20925
128,2019,22539
128,2019,22632
128,2019,23155
128,2019,23196
128,2019,23864
128,2019,23966
128,2019,24155
128,2019,24274
128,2019,24351
128,2019,24496
128,2020,28953
128,2020,29028
128,2021,30318
128,2021,30929
128,2021,30962
128,2021,31031
128,2021,31090
128,2021,31724
128,2021,31772
128,2021,32056
128,2021,32059
128,2021,32141
128,2021,32207
128,2021,32217
128,2021,32595
128,2021,32902
128,2022,33207
128,2022,33251
128,2022,34139
128,2022,34782
128,2022,34847
128,2022,34905
128,2022,35383
128,2022,35384
128,2022,35385
128,2022,35411
128,2022,35527
128,2023,36626
128,2023,36640
128,2023,36641
128,2023,36969
128,2023,37036
128,2023,37041
128,2023,37050
128,2023,37445
128,2023,37469
128,2023,37581
128,2023,37654
128,2023,37799
128,2023,38554
128,2024,38621
128,2024,38764
128,2024,39021
128,2024,39155
128,2024,40017
128,2024,40229
128,2025,41055
128,2025,41139
128,2025,41586
128,2025,41699
128,2025,42191
128,2025,42366
128,2025,42481
128,2025,42672
128,2025,42761
136,1998,25171
136,1998,25209
136,1998,25280
136,1998,25306
136,1998,25307
136,1999,24080
136,2000,5054
136,2000,5924
136,2000,6432
136,2000,6433
136,2000,22693
136,2000,22696
136,2000,22833
136,2000,22834
136,2000,22835
136,2001,5405
136,2001,5406
136,2001,5631
136,2001,21317
136,2001,21327
136,2001,21378
136,2002,5624
136,2002,20008
136,2002,20009
136,2002,20010
136,2002,20011
136,2002,20012
136,2003,1423
136,2003,1424
136,2003,1461
136,2003,1465
136,2003,1466
136,2003,1467
136,2003,1469
136,2003,1472
136,2003,5149
136,2003,5623
136,2003,19020
136,2003,19022
136,2004,125
136,2004,126
136,2004,131
136,2004,132
136,2004,133
136,2004,134
136,2005,185
136,2005,186
136,2005,191
136,2005,192
136,2005,195
136,2005,196
136,2005,5143
136,2005,5605
136,2005,5621
136,2005,17259
136,2005,17312
136,2005,17313
136,2005,17366
136,2005,17416
136,2005,17444
136,2005,17453
136,2005,17527
136,2005,17546
136,2005,27194
136,2006,14619
136,2007,2476
136,2007,2477
136,2007,13465
136,2007,13489
136,2007,13524
136,2007,13535
136,2007,13562
136,2007,13623
136,2007,13648
136,2007,13834
136,2007,14455
136,2008,2518
136,2008,2520
136,2008,2523
136,2008,2524
136,2008,2526
136,2008,2528
136,2008,2574
136,2008,2576
136,2008,2579
136,2008,3288
136,2008,3291
136,2008,3292
136,2008,3295
136,2008,3296
136,2008,5602
136,2008,5603
136,2008,5604
136,2008,5970
136,2008,12317
136,2008,12360
136,2008,12453
136,2009,2582
136,2009,2584
136,2009,2586
136,2009,2588
136,2009,2593
136,2009,4872
136,2009,11965
136,2009,12006
136,2009,12017
136,2009,12042
136,2009,12122
136,2009,12126
136,2009,12130
136,2010,2226
136,2010,2228
136,2010,2230
136,2010,3259
136,2010,3260
136,2010,3262
136,2010,7158
136,2010,7162
136,2010,7221
136,2010,7222
136,2010,7257
136,2010,7289
136,2010,7321
136,2010,7864
136,2010,7866
136,2010,10456
136,2010,10735
136,2010,10750
136,2010,10919
136,2010,10933
136,2010,10947
136,2010,10948
136,2010,11091
136,2011,3987
136,2011,3989
136,2011,3991
136,2011,3993
136,2011,3994
136,2011,5873
136,2011,7320
136,2011,7516
136,2011,9958
136,2011,10071
136,2011,10109
136,2011,10156
136,2011,10267
136,2011,10281
136,2011,10282
136,2011,10285
136,2012,3996
136,2012,6534
136,2012,8526
136,2012,8889
136,2012,8937
136,2012,9108
136,2012,9206
136,2012,9411
136,2012,9635
136,2012,9643
136,2012,9648
136,2012,9749
136,2013,6271
136,2013,6274
136,2013,7899
136,2013,8130
136,2013,8774
136,2013,12427
136,2014,9917
136,2014,11664
136,2014,11665
136,2014,11668
136,2014,11796
136,2014,11798
136,2014,11801
136,2015,12179
136,2015,12225
136,2015,12239
136,2015,13051
136,2015,13065
136,2015,13169
136,2015,13281
136,2015,13439
136,2015,13495
136,2015,13504
136,2015,13674
136,2015,13959
136,2015,14050
136,2015,14149
136,2015,14213
136,2016,14939
136,2016,15692
136,2016,15694
136,2016,15695
136,2016,15831
136,2016,15910
136,2016,15968
136,2016,15981
136,2016,16029
136,2017,17712
136,2017,17719
136,2017,17981
136,2017,18155
136,2017,18428
136,2017,18466
136,2017,18535
136,2017,18749
136,2017,18750
136,2017,18752
136,2018,19725
136,2018,20845
136,2018,21172
136,2018,21174
136,2018,21200
136,2018,21699
136,2018,21713
136,2019,21796
136,2019,21860
136,2019,21934
136,2019,23201
136,2019,23660
136,2019,23662
136,2019,23663
136,2019,23665
136,2019,23850
136,2019,23978
136,2019,24286
136,2019,24383
136,2019,24509
136,2023,37658
136,2023,37800
136,2024,38616
136,2024,38756
136,2024,39028
136,2024,39154
136,2024,39329
136,2024,39330
136,2024,39350
136,2024,39499
136,2024,39553
136,2024,39686
136,2024,40059
136,2024,40189
136,2025,40742
136,2025,40988
136,2025,41024
136,2025,41143
136,2025,41596
136,2025,41711
139,1996,19713
139,1996,26641
139,1996,26644
139,1996,26700
139,1996,26725
139,1996,26726
139,1996,26735
139,1996,26752
139,1996,26753
139,1996,26769
139,1996,26807
139,1996,26892
139,1996,26935
139,1996,26936
139,1996,27027
139,1996,27028
139,1996,27038
139,1996,27039
139,1996,27065
139,1996,27066
139,1996,27140
139,1996,27141
139,1996,27142
139,1996,27143
139,1996,27144
139,1996,27145
139,1996,27146
139,1996,27147
139,1997,25755
139,1997,25760
139,1997,26218
139,1997,26270
139,1997,26304
139,1997,26356
139,1997,26368
139,1997,26369
139,1997,26370
139,1997,26371
139,1998,5286
139,1998,6305
139,1998,7588
139,1998,7602
139,1998,25018
139,1998,25068
139,1998,25098
139,1998,25108
139,1998,25176
139,1998,25246
139,1998,25278
139,1998,25315
139,1998,25319
139,1998,25320
139,1998,25339
139,1998,25397
139,1998,25410
139,1998,25411
139,1999,5580
139,1999,6181
139,1999,6182
139,1999,6183
139,1999,23793
139,1999,23796
139,1999,24585
139,1999,24605
139,1999,24622
139,1999,24684
139,1999,24739
139,1999,24740
139,2000,5928
139,2000,6225
139,2000,6227
139,2000,6228
139,2000,6229
139,2000,22670
139,2000,22964
139,2000,22995
139,2000,22996
139,2000,22997
139,2001,5158
139,2001,5734
139,2001,5737
139,2001,6211
139,2001,6212
139,2001,6213
139,2001,6214
139,2001,6215
139,2001,6216
139,2001,6217
139,2001,6218
139,2001,6221
139,2001,6223
139,2001,6224
139,2001,21114
139,2001,21319
139,2001,21323
139,2001,21427
139,2001,21431
139,2001,21505
139,2001,21615
139,2001,21617
139,2001,21639
139,2001,21640
139,2001,21732
139,2001,21733
139,2001,21798
139,2001,21799
139,2001,21800
139,2001,21801
139,2002,6210
139,2002,19886
139,2002,19913
139,2002,19949
139,2002,20023
139,2002,20045
139,2002,20077
139,2003,1473
139,2003,1475
139,2003,1478
139,2003,1479
139,2003,1481
139,2003,1483
139,2003,6204
139,2003,6205
139,2003,19000
139,2003,19042
139,2003,19057
139,2003,19058
139,2003,19059
139,2003,19060
139,2003,19061
139,2004,103
139,2004,104
139,2004,105
139,2004,106
139,2004,111
139,2004,112
139,2004,5434
139,2004,5435
139,2004,6202
139,2004,6203
139,2004,16407
139,2004,16409
139,2004,16411
139,2004,17885
139,2004,17942
139,2004,18240
139,2004,18247
139,2004,18249
139,2004,18251
139,2004,18254
139,2004,18256
139,2004,18288
139,2004,18289
139,2004,18290
139,2004,18291
139,2005,6199
139,2005,17430
139,2005,17465
139,2005,17466
139,2005,27192
139,2005,27193
139,2005,27194
139,2006,1568
139,2006,1570
139,2006,1571
139,2006,1573
139,2006,1576
139,2006,1577
139,2006,6195
139,2006,6197
139,2006,6198
139,2006,16999
139,2007,1510
139,2007,1511
139,2007,1513
139,2007,2478
139,2007,2479
139,2007,5962
139,2007,6185
139,2007,6186
139,2007,6187
139,2007,6188
139,2007,6189
139,2007,13478
139,2007,13538
139,2007,13542
139,2007,13563
139,2007,13584
139,2007,13620
139,2007,13623
139,2007,13624
139,2007,13625
139,2008,2506
139,2008,2508
139,2008,2510
139,2008,2511
139,2008,2513
139,2008,2516
139,2008,5373
139,2008,6164
139,2008,6165
139,2008,6166
139,2008,6167
139,2008,6168
139,2008,6169
139,2008,6170
139,2008,6171
139,2008,6173
139,2008,6174
139,2008,6175
139,2008,6176
139,2008,6177
139,2008,6178
139,2008,12321
139,2008,12438
139,2008,12622
139,2009,3185
139,2009,3187
139,2009,3189
139,2009,3191
139,2009,4875
139,2009,5063
139,2009,6306
139,2009,6923
139,2009,11564
139,2009,11567
139,2009,11854
139,2009,11863
139,2009,11979
139,2009,12010
139,2009,12013
139,2009,12037
139,2009,12064
139,2009,12066
139,2010,3193
139,2010,3196
139,2010,7039
139,2010,7140
139,2010,7175
139,2010,7176
139,2010,10771
139,2010,10930
139,2010,10940
139,2010,10952
139,2010,11100
139,2010,11110
139,2010,11111
139,2010,11112
139,2010,11113
139,2010,11114
139,2010,43465
139,2011,3944
139,2011,3947
139,2011,3998
139,2011,4001
139,2011,4002
139,2011,4004
139,2011,4007
139,2011,7553
139,2011,7601
139,2011,9896
139,2011,10196
139,2011,10232
139,2011,10233
139,2011,10235
139,2011,10309
139,2011,10310
139,2012,4009
139,2012,4036
139,2012,4039
139,2012,4041
139,2012,4044
139,2012,4046
139,2012,6270
139,2012,8542
139,2012,9111
139,2012,9281
139,2012,9285
139,2012,9440
139,2012,9445
139,2012,9477
139,2012,9506
139,2012,9565
139,2012,9576
139,2012,9582
139,2012,9586
139,2012,9587
139,2012,9588
139,2013,4049
139,2013,4569
139,2013,7839
139,2013,7910
139,2013,7927
139,2013,7944
139,2013,7948
139,2013,7951
139,2013,7992
139,2013,8026
139,2013,8175
139,2013,8667
139,2013,8985
139,2013,9041
139,2013,9379
139,2013,9513
139,2013,9522
139,2014,9671
139,2014,9736
139,2014,10002
139,2014,10602
139,2014,10610
139,2014,11144
139,2014,11280
139,2014,11415
139,2014,11440
139,2014,11671
139,2014,11710
139,2014,11747
139,2014,11805
139,2014,11806
139,2014,11886
139,2014,12168
139,2015,12172
139,2015,12178
139,2015,12201
139,2015,12204
139,2015,12807
139,2015,12861
139,2015,13103
139,2015,13141
139,2015,13164
139,2015,13652
139,2015,13672
139,2015,13776
139,2015,13952
139,2015,13968
139,2015,14057
139,2015,14163
139,2015,14222
139,2016,14875
139,2016,14946
139,2016,15688
139,2016,15710
139,2016,15864
139,2016,15942
139,2016,15991
139,2016,16046
139,2017,17123
139,2017,17597
139,2017,17724
139,2017,18068
139,2017,18163
139,2017,18432
139,2017,18532
139,2017,18539
139,2017,18755
139,2017,18766
139,2017,18781
139,2017,18785
139,2018,18788
139,2018,18833
139,2018,19732
139,2018,20664
139,2018,20676
139,2018,20846
139,2018,20915
139,2018,21193
139,2018,21261
139,2018,21552
139,2018,21553
139,2018,21709
139,2018,21714
139,2019,21823
139,2019,21861
139,2019,21936
139,2019,21992
139,2019,22526
139,2019,22607
139,2019,23859
139,2019,24003
139,2019,24015
139,2019,24162
139,2019,24281
139,2019,24378
139,2019,24503
139,2019,24553
139,2019,24557
139,2019,24562
139,2019,41408
139,2021,30198
139,2021,30288
139,2021,30927
139,2021,31034
139,2021,31089
139,2021,31124
139,2021,31182
139,2021,31497
139,2021,31712
139,2021,31808
139,2021,32069
139,2021,32182
139,2021,32463
139,2021,32564
139,2021,32645
139,2021,32688
139,2021,32700
139,2021,32736
139,2021,32902
139,2022,33190
139,2022,33237
139,2022,34107
139,2022,34211
139,2022,34818
139,2022,35308
139,2022,35383
139,2022,35534
139,2022,35593
139,2022,35913
139,2022,35914
139,2022,37191
139,2023,35919
139,2023,35961
139,2023,35967
139,2023,36029
139,2023,36031
139,2023,36562
139,2023,36882
139,2023,36892
139,2023,37016
139,2023,37070
139,2023,37379
139,2023,37392
139,2023,37663
139,2023,37801
139,2023,37855
139,2024,37872
139,2024,38041
139,2024,38144
139,2024,38179
139,2024,38614
139,2024,38757
139,2024,39025
139,2024,39153
139,2024,39356
139,2024,39498
139,2024,39556
139,2024,39688
139,2024,40056
139,2024,40192
139,2024,40322
139,2024,40400
139,2024,40404
139,2024,40410
139,2024,40416
139,2025,40422
139,2025,40987
139,2025,41018
139,2025,41147
139,2025,41534
139,2025,41595
139,2025,41707
139,2025,41770
139,2025,42106
139,2025,42118
139,2025,42159
139,2025,42215
139,2025,42349
139,2025,42424
139,2025,42743
139,2025,42788
139,2025,42794
139,2025,42810
139,2025,42817
139,2025,42833
140,1995,27931
140,1995,27952
140,1996,26672
140,1996,27059
140,1997,26021
140,1997,26023
140,1997,26122
140,1997,26123
140,1997,26450
140,1997,26484
140,1997,26487
140,1997,26494
140,1999,24877
140,1999,24880
140,1999,24908
140,1999,24941
140,1999,24942
140,2000,22727
140,2000,22864
140,2000,22891
140,2000,23101
140,2001,21755
140,2001,21758
140,2001,21897
140,2001,21899
140,2001,22096
140,2001,22097
140,2002,4908
140,2002,5142
140,2002,7310
140,2002,20459
140,2003,73
140,2003,74
140,2003,1417
140,2003,1419
140,2003,19254
140,2003,19258
140,2003,19260
140,2003,19270
140,2003,19271
140,2005,1541
140,2005,1542
140,2005,17344
140,2005,17345
140,2005,17346
140,2005,17437
140,2005,17438
140,2005,17439
140,2005,17440
140,2006,1567
140,2006,1569
140,2006,1571
140,2006,1573
140,2006,1575
140,2006,1578
140,2006,16969
140,2006,16970
140,2006,16971
140,2006,16972
140,2007,2452
140,2007,2453
140,2008,3265
140,2008,3266
140,2008,3268
140,2008,4644
140,2008,5027
140,2008,5426
140,2008,6147
140,2008,12213
140,2008,12628
140,2009,3247
140,2009,3248
140,2009,3250
140,2009,11576
140,2009,11921
140,2009,11922
140,2009,37436
140,2009,42113
140,2011,3920
140,2011,3931
140,2011,9782
140,2011,10134
140,2011,10153
140,2011,10183
140,2011,10184
140,2011,10185
140,2011,10186
140,2011,10187
140,2012,9089
140,2013,4593
140,2013,4596
140,2013,4597
140,2013,7936
140,2013,7937
140,2013,7938
140,2013,7939
140,2013,8700
140,2013,8710
140,2013,8716
140,2013,8727
140,2013,9046
140,2013,9047
140,2014,9916
140,2014,10718
140,2014,11487
140,2015,12404
140,2015,12668
140,2015,12721
140,2018,20530
140,2018,20546
140,2018,20604
140,2018,20926
140,2018,21191
140,2018,21554
140,2019,23178
140,2019,23278
140,2022,35527
140,2023,36541
140,2023,36884
140,2023,36899
140,2023,37037
140,2023,37040
140,2023,37050
140,2023,37071
140,2023,37474
140,2023,37578
140,2023,37660
140,2023,37798
140,2024,38613
140,2024,38760
140,2024,39027
140,2024,39146
140,2025,41135
140,2025,41696
140,2025,42373
140,2025,42491
140,2025,42759
141,1997,26268
141,1998,25317
141,1998,25381
141,1998,25434
141,1999,24105
141,1999,24583
141,1999,24586
141,1999,24619
141,1999,24623
141,1999,43522
141,2000,22350
141,2000,22725
141,2000,22794
141,2000,22861
141,2000,22863
141,2000,22890
141,2000,23101
141,2001,21422
141,2001,21425
141,2001,21987
141,2001,21989
141,2001,22007
141,2001,22008
141,2002,19917
141,2002,19990
141,2002,20027
141,2002,20108
141,2002,20351
141,2002,20366
141,2003,1440
141,2003,1442
141,2003,1443
141,2003,1444
141,2003,1445
141,2003,1446
141,2004,89
141,2004,92
141,2004,93
141,2004,96
141,2004,97
141,2004,98
141,2004,17781
141,2004,17782
141,2004,17964
141,2004,18298
141,2005,17431
141,2005,17451
141,2006,1585
141,2006,1587
141,2006,1589
141,2006,1591
141,2006,1593
141,2006,1596
141,2006,5703
141,2006,6335
141,2006,16967
141,2006,16969
141,2006,16990
141,2006,17007
141,2006,17024
141,2007,2480
141,2007,2481
141,2007,13520
141,2007,13607
141,2008,5369
141,2008,5967
141,2008,12499
141,2009,3243
141,2009,3245
141,2009,6073
141,2009,11877
141,2009,12062
141,2009,12063
141,2010,11102
141,2010,11116
141,2010,11127
141,2010,11330
141,2011,3919
141,2011,3927
141,2011,3935
141,2011,3959
141,2011,7572
141,2011,9909
141,2011,9981
141,2011,9989
141,2011,10136
141,2011,10186
141,2011,10187
141,2011,10231
141,2011,10242
141,2011,10244
141,2011,10251
141,2011,10252
141,2011,10315
141,2011,10316
141,2012,4906
141,2012,7626
141,2012,8932
141,2012,9253
141,2012,9280
141,2012,9432
141,2012,9443
141,2012,9478
141,2012,9481
141,2012,9571
141,2012,9579
141,2012,9587
141,2012,9641
141,2012,9642
141,2012,9643
141,2012,9644
141,2012,38425
141,2012,39299
141,2013,4605
141,2013,4607
141,2013,4610
141,2013,7894
141,2013,7925
141,2013,7930
141,2013,7964
141,2013,8559
141,2013,9512
141,2013,9518
141,2014,10541
141,2014,10551
141,2014,10568
141,2014,10603
141,2014,10623
141,2014,11236
141,2014,11272
141,2014,11349
141,2014,11487
141,2014,11669
141,2014,11674
141,2014,12085
141,2014,12089
141,2015,12186
141,2015,12234
141,2015,12250
141,2015,13170
141,2015,13290
141,2015,13661
141,2015,13786
141,2015,13958
141,2015,14128
141,2015,14151
141,2016,14874
141,2016,14944
141,2016,15817
141,2016,15825
141,2016,15990
141,2017,17016
141,2017,17125
141,2017,17711
141,2017,17724
141,2017,18161
141,2017,18431
141,2017,18540
141,2018,19732
141,2018,19754
141,2018,20150
141,2018,20152
141,2018,20443
141,2018,20520
141,2018,20537
141,2018,20665
141,2018,20758
141,2018,20760
141,2018,20762
141,2018,20814
141,2018,21191
141,2018,21275
141,2018,21554
141,2018,21679
141,2018,21712
141,2018,21794
141,2019,21788
141,2019,21854
141,2019,21879
141,2019,23365
141,2019,23716
141,2019,23717
141,2019,23719
141,2019,23858
141,2019,23970
141,2019,24022
141,2019,24278
141,2019,24376
141,2019,24500
141,2020,24943
141,2020,24945
141,2020,24949
141,2020,24952
141,2021,29480
141,2021,30368
141,2021,30963
141,2021,31137
141,2021,31188
141,2021,31812
141,2021,31813
141,2021,32649
141,2021,32692
141,2021,32705
141,2022,34787
141,2022,34851
141,2022,34912
141,2023,36527
141,2023,36891
141,2023,37013
141,2023,37379
141,2023,37380
141,2023,37665
141,2023,37810
141,2024,37877
141,2024,37939
141,2024,37989
141,2024,38108
141,2024,38158
141,2024,38274
141,2024,38612
141,2024,38763
141,2024,39030
141,2024,39163
141,2024,39351
141,2024,39502
141,2024,39558
141,2024,39687
141,2024,40056
141,2024,40191
141,2025,41025
141,2025,41145
141,2025,41597
141,2025,41707
141,2025,42279
141,2025,42784
141,2025,42793
141,2025,42807
141,2025,42816
141,2025,42841
146,1995,27761
146,1995,27910
146,1995,27945
146,1995,27958
146,1996,26845
146,1996,26890
146,1996,27013
146,1996,27074
146,1996,27096
146,1996,27176
146,1996,27217
146,1996,27227
146,1996,27240
146,1996,27245
146,1997,26336
146,1997,26386
146,1997,26433
146,1997,26462
146,1997,26474
146,1997,26497
146,1998,25391
146,1998,25456
146,1998,25479
146,1998,25551
146,1998,25588
146,1999,24544
146,1999,24825
146,1999,24903
146,1999,24920
146,2000,22415
146,2000,22703
146,2000,22976
146,2000,23072
146,2000,23320
146,2000,23422
146,2001,5923
146,2001,21728
146,2001,21729
146,2001,21800
146,2001,21801
146,2001,22110
146,2001,22111
146,2002,20337
146,2002,20348
146,2002,20381
146,2002,20421
146,2002,20475
146,2004,18319
146,2004,18580
146,2004,18581
146,2004,18582
146,2006,5124
146,2006,16957
146,2006,16958
146,2006,16985
146,2006,16987
146,2006,16988
146,2006,16989
146,2007,13461
146,2007,13471
146,2007,13493
146,2007,13512
146,2008,3271
146,2008,3272
146,2008,3274
146,2008,12473
146,2008,12474
146,2008,12475
146,2008,12476
146,2009,3238
146,2009,3239
146,2009,3241
146,2010,10780
146,2010,10781
146,2010,10815
146,2010,10967
146,2010,10978
146,2010,10979
146,2010,10980
146,2010,10981
146,2010,10982
146,2010,10983
146,2010,10984
146,2010,10985
146,2011,3918
146,2011,3926
146,2011,3942
146,2011,3951
146,2011,7507
146,2011,7592
146,2011,9924
146,2011,9976
146,2011,9977
146,2011,9980
146,2011,9981
146,2011,9982
146,2011,9983
146,2011,9984
146,2012,8890
146,2012,8914
146,2012,8915
146,2012,8916
146,2012,8917
146,2012,8918
146,2012,8919
146,2012,8920
146,2012,8921
146,2012,8923
146,2012,8925
146,2012,8926
146,2012,8927
146,2012,8928
146,2012,8929
146,2012,8930
146,2012,8931
146,2012,8932
146,2012,8933
146,2012,8935
146,2012,8936
146,2012,8937
146,2012,8938
146,2013,4614
146,2013,4616
146,2013,5781
146,2013,8036
146,2013,8683
146,2013,8989
146,2013,9046
146,2013,9291
146,2013,9346
146,2014,9978
146,2014,10038
146,2014,10377
146,2014,10426
146,2014,10548
146,2014,10556
146,2014,10572
146,2014,10604
146,2014,10623
146,2014,11237
146,2014,11271
146,2014,11488
146,2014,11650
146,2014,11672
146,2014,11785
146,2014,11819
146,2014,11884
146,2014,11911
146,2014,11992
146,2014,11994
146,2015,12850
146,2015,13162
146,2015,13293
146,2015,13783
146,2015,13869
146,2015,13959
146,2015,14058
146,2015,14148
146,2016,14871
146,2016,14939
146,2016,15816
146,2016,15861
146,2016,15910
146,2016,16073
146,2016,16087
146,2016,16091
146,2016,16098
146,2017,17014
146,2017,17118
146,2017,17628
146,2017,17727
146,2017,18160
146,2017,18436
146,2017,18543
146,2017,18666
146,2017,18672
146,2017,18674
146,2018,19462
146,2018,19750
146,2018,20547
146,2018,20757
146,2018,20759
146,2018,20761
146,2018,20846
146,2018,21107
146,2018,21225
146,2018,21298
146,2018,21302
146,2018,21369
146,2018,21470
146,2018,40419
146,2019,21790
146,2019,21855
146,2019,21902
146,2019,23197
146,2019,23853
146,2019,23964
146,2019,24271
146,2019,24369
146,2019,24495
146,2021,31036
146,2021,31100
146,2021,31135
146,2021,32709
146,2021,32740
146,2021,32744
146,2021,32810
146,2022,34100
146,2022,34241
146,2022,34789
146,2022,34850
146,2022,34912
146,2022,35032
146,2022,35885
146,2022,35891
146,2022,35897
146,2022,35902
146,2023,35910
146,2023,36545
146,2023,36638
146,2023,36969
146,2023,36987
146,2023,37314
146,2023,37400
146,2023,37624
146,2023,37635
146,2023,37662
146,2023,37797
146,2024,38617
146,2024,38755
146,2024,39019
146,2024,39162
146,2024,39336
146,2024,39435
146,2024,39587
146,2024,39655
146,2024,40024
146,2024,40308
146,2024,40319
146,2024,40373
146,2024,40381
146,2024,40409
146,2024,40415
146,2025,41137
146,2025,41695
146,2025,42372
146,2025,42484
146,2025,42760
150,1996,26635
150,1996,26638
150,1996,26701
150,1996,26730
150,1996,26737
150,1996,26767
150,1996,26808
150,1996,26809
150,1996,26867
150,1996,26883
150,1996,26884
150,1996,26885
150,1996,26886
150,1996,26887
150,1996,26888
150,1996,26889
150,1996,26890
150,1996,26891
150,1996,26892
150,1996,26893
150,1997,25824
150,1997,25835
150,1997,25882
150,1997,25885
150,1997,25928
150,1997,25930
150,1997,25996
150,1997,25997
150,1998,25065
150,1998,25070
150,1998,25174
150,1998,25181
150,1998,25241
150,1998,25242
150,1998,25243
150,1998,25244
150,1998,25245
150,1998,25246
150,1998,25247
150,1998,25248
150,1998,25249
150,1998,25250
150,1998,25251
150,1998,25252
150,1998,25253
150,1998,34622
150,2000,5654
150,2000,6002
150,2000,6003
150,2000,6010
150,2000,6011
150,2000,16459
150,2000,16461
150,2000,16463
150,2000,16465
150,2000,22354
150,2000,22700
150,2000,22722
150,2000,22723
150,2000,22724
150,2000,22725
150,2000,22726
150,2000,22727
150,2000,22728
150,2000,22729
150,2001,5156
150,2001,5285
150,2001,5736
150,2001,5994
150,2001,5995
150,2001,5999
150,2001,7151
150,2001,21113
150,2001,21309
150,2001,21320
150,2001,21324
150,2001,21330
150,2001,21408
150,2001,21419
150,2001,21420
150,2001,21421
150,2001,21422
150,2001,21423
150,2001,21424
150,2001,21425
150,2001,21426
150,2001,21427
150,2001,21428
150,2001,21429
150,2001,21430
150,2001,21431
150,2001,21432
150,2001,21433
150,2002,5153
150,2002,5624
150,2002,5976
150,2002,19887
150,2002,19914
150,2002,19920
150,2002,19947
150,2002,19948
150,2002,19949
150,2002,19950
150,2002,19951
150,2002,19952
150,2003,1438
150,2003,1439
150,2003,1440
150,2003,1442
150,2003,1447
150,2003,1448
150,2003,5150
150,2003,5151
150,2003,5623
150,2003,5986
150,2003,18868
150,2003,18920
150,2003,18960
150,2003,19023
150,2003,19024
150,2004,79
150,2004,80
150,2004,83
150,2004,84
150,2004,87
150,2004,88
150,2004,5958
150,2004,5980
150,2004,5981
150,2004,5982
150,2004,5983
150,2004,5984
150,2004,6044
150,2004,16389
150,2004,16390
150,2004,16393
150,2004,18234
150,2004,18239
150,2004,18245
150,2004,18246
150,2004,18247
150,2004,18248
150,2004,18249
150,2004,18250
150,2004,18251
150,2005,17291
150,2005,17449
150,2005,17460
150,2005,17461
150,2006,1598
150,2006,1600
150,2006,1601
150,2006,1603
150,2006,1606
150,2006,1607
150,2006,5960
150,2006,5963
150,2007,1516
150,2007,1517
150,2007,1519
150,2007,2458
150,2007,2459
150,2007,5140
150,2007,5962
150,2007,13423
150,2007,13522
150,2007,13528
150,2007,13565
150,2007,13583
150,2007,13584
150,2007,13585
150,2007,13586
150,2007,13587
150,2008,2494
150,2008,2497
150,2008,2499
150,2008,2500
150,2008,2503
150,2008,2505
150,2008,2554
150,2008,2557
150,2008,2558
150,2008,2561
150,2008,4865
150,2008,5237
150,2008,5374
150,2008,5964
150,2008,5965
150,2008,5966
150,2008,5967
150,2008,5968
150,2008,5970
150,2008,6320
150,2008,12357
150,2008,12494
150,2008,12498
150,2008,12503
150,2008,12660
150,2009,2565
150,2009,2567
150,2009,2569
150,2009,2570
150,2009,4828
150,2009,5563
150,2009,11879
150,2009,11949
150,2009,11971
150,2009,11982
150,2009,12001
150,2009,12006
150,2009,12007
150,2009,12008
150,2009,12009
150,2009,12010
150,2009,12011
150,2009,12012
150,2009,12013
150,2009,12014
150,2010,7135
150,2010,7176
150,2010,7209
150,2010,7289
150,2010,10486
150,2010,10927
150,2010,11011
150,2010,11067
150,2010,11068
150,2010,11069
150,2010,11070
150,2010,11071
150,2010,11072
150,2010,11073
150,2011,3940
150,2011,3956
150,2011,4011
150,2011,4012
150,2011,4015
150,2011,4017
150,2011,4019
150,2011,7558
150,2011,7601
150,2011,9779
150,2011,9797
150,2011,9806
150,2011,10077
150,2011,10107
150,2011,10205
150,2011,10206
150,2011,10207
150,2011,10208
150,2012,4020
150,2012,4023
150,2012,4025
150,2012,4027
150,2012,4030
150,2012,4033
150,2012,8546
150,2012,9204
150,2012,9439
150,2012,9440
150,2012,9441
150,2012,9442
150,2012,9443
150,2012,9444
150,2013,4035
150,2013,4579
150,2013,4581
150,2013,7840
150,2013,7875
150,2013,7912
150,2013,7921
150,2013,7925
150,2013,7926
150,2013,7927
150,2013,7952
150,2013,7994
150,2013,8028
150,2013,8130
150,2013,8174
150,2013,8722
150,2013,8845
150,2013,8984
150,2013,8992
150,2013,9325
150,2013,9383
150,2013,9511
150,2013,9512
150,2013,9521
150,2014,9524
150,2014,9595
150,2014,10008
150,2014,10618
150,2014,10819
150,2014,11156
150,2014,11207
150,2014,11350
150,2014,11447
150,2014,11481
150,2014,11668
150,2014,11693
150,2014,11744
150,2014,11803
150,2014,11806
150,2014,11889
150,2014,12093
150,2014,12168
150,2015,12183
150,2015,12231
150,2015,12244
150,2015,12808
150,2015,12825
150,2015,13107
150,2015,13114
150,2015,13168
150,2015,13676
150,2015,13780
150,2015,13805
150,2015,13971
150,2015,14059
150,2015,14179
150,2015,14216
150,2016,14877
150,2016,14940
150,2016,15396
150,2016,15689
150,2016,15693
150,2016,15698
150,2016,15718
150,2016,15768
150,2016,15822
150,2016,15827
150,2016,15916
150,2016,15989
150,2016,16049
150,2017,16295
150,2017,16845
150,2017,17029
150,2017,17103
150,2017,17703
150,2017,17712
150,2017,18036
150,2017,18040
150,2017,18048
150,2017,18126
150,2017,18335
150,2017,18447
150,2017,18495
150,2017,18519
150,2017,18747
150,2017,18767
150,2017,18783
150,2017,18787
150,2018,19432
150,2018,19532
150,2018,20551
150,2018,20665
150,2018,20817
150,2018,20913
150,2018,21125
150,2018,21262
150,2018,21677
150,2018,21708
150,2018,21711
150,2018,21718
150,2019,21821
150,2019,21860
150,2019,21933
150,2019,22026
150,2019,22075
150,2019,22138
150,2019,22159
150,2019,23170
150,2019,23289
150,2019,23308
150,2019,23362
150,2019,23863
150,2019,23973
150,2019,24161
150,2019,24281
150,2019,24489
150,2019,24502
150,2019,24551
150,2019,24556
150,2019,24559
150,2019,24674
150,2020,28439
150,2020,28955
150,2020,29029
150,2020,29266
150,2021,30252
150,2021,30316
150,2021,30387
150,2021,30964
150,2021,31034
150,2021,31214
150,2021,31249
150,2021,31257
150,2021,31265
150,2021,31267
150,2021,31322
150,2021,31688
150,2021,31747
150,2021,31815
150,2021,32117
150,2021,32178
150,2021,32456
150,2021,32522
150,2021,32646
150,2021,32688
150,2021,32701
150,2021,32737
150,2021,32767
150,2021,32811
150,2022,34176
150,2022,34239
150,2022,35034
150,2022,35312
150,2022,35392
150,2022,35506
150,2022,35508
150,2022,35510
150,2022,35516
150,2022,35517
150,2022,35559
150,2022,35619
150,2022,35641
150,2023,35922
150,2023,35966
150,2023,35972
150,2023,36030
150,2023,36902
150,2023,36988
150,2023,37047
150,2023,37059
150,2023,37067
150,2023,37093
150,2023,37283
150,2023,37399
150,2023,37502
150,2023,37570
150,2023,37661
150,2023,37805
150,2023,37857
150,2024,37866
150,2024,37977
150,2024,38088
150,2024,38149
150,2024,38274
150,2024,38316
150,2024,38379
150,2024,38394
150,2024,38611
150,2024,38759
150,2024,39039
150,2024,39149
150,2024,39353
150,2024,39499
150,2024,39555
150,2024,39690
150,2024,40055
150,2024,40190
150,2024,40399
150,2024,40404
150,2024,40411
150,2025,41024
150,2025,41146
150,2025,41594
150,2025,41704
150,2025,42103
150,2025,42119
150,2025,42200
150,2025,42349
150,2025,42493
150,2025,42731
150,2025,42793
150,2025,42808
150,2025,42815
161,1995,7426
161,1995,27445
161,1995,27459
161,1995,27460
161,1995,27464
161,1995,27483
161,1995,27484
161,1995,27500
161,1996,7417
161,1996,7418
161,1996,7420
161,1996,16511
161,1996,16513
161,1996,16515
161,1996,16526
161,1996,16528
161,1996,16530
161,1996,26692
161,1996,26693
161,1996,26694
161,1996,26695
161,1996,26696
161,1996,26697
161,1996,26698
161,1996,26699
161,1996,26700
161,1996,26701
161,1996,26702
161,1996,26703
161,1996,26704
161,1996,26705
161,1996,26706
161,1997,5244
161,1997,5645
161,1997,6804
161,1997,7394
161,1997,7395
161,1997,7400
161,1997,25628
161,1997,25656
161,1997,25728
161,1997,25820
161,1997,25828
161,1997,25883
161,1997,25886
161,1997,25921
161,1997,25922
161,1997,25923
161,1997,25924
161,1997,25925
161,1997,25926
161,1997,25927
161,1997,25928
161,1997,25929
161,1997,25930
161,1998,11596
161,1998,11599
161,1998,11601
161,1998,25037
161,1998,25052
161,1998,25053
161,1998,25054
161,1998,25055
161,1998,25056
161,1998,25057
161,1998,25058
161,1998,25059
161,1998,25060
161,1998,25061
161,1998,25062
161,1998,25063
161,1998,25064
161,1998,25065
161,1998,25066
161,1998,25067
161,1998,25068
161,1998,25069
161,1998,25070
161,1999,5299
161,1999,5300
161,1999,5301
161,1999,6395
161,1999,7219
161,1999,7651
161,1999,7673
161,1999,23441
161,1999,23529
161,1999,23544
161,1999,23545
161,1999,23601
161,1999,23621
161,1999,23666
161,1999,23667
161,1999,23668
161,2000,5293
161,2000,5294
161,2000,5295
161,2000,5297
161,2000,5298
161,2000,5418
161,2000,5926
161,2000,16458
161,2000,16461
161,2000,16462
161,2000,16467
161,2000,16468
161,2000,16471
161,2000,22386
161,2000,22387
161,2000,22388
161,2001,5282
161,2001,5285
161,2001,5288
161,2001,5289
161,2001,21115
161,2001,21119
161,2001,21367
161,2001,21370
161,2001,21371
161,2001,21372
161,2001,21373
161,2001,21374
161,2001,21375
161,2001,21376
161,2001,21377
161,2001,21378
161,2001,21379
161,2001,21380
161,2001,21381
161,2001,21382
161,2001,21383
161,2001,21384
161,2001,21385
161,2001,21386
161,2002,5272
161,2002,12543
161,2002,12545
161,2002,12547
161,2002,19763
161,2002,19803
161,2002,19864
161,2002,19883
161,2002,19884
161,2002,19885
161,2002,19886
161,2002,19887
161,2002,19888
161,2002,19889
161,2002,19890
161,2002,19891
161,2002,19892
161,2002,19893
161,2002,19894
161,2002,19895
161,2002,19896
161,2002,19897
161,2003,1450
161,2003,1452
161,2003,1453
161,2003,1456
161,2003,1458
161,2003,1459
161,2003,5271
161,2003,18892
161,2003,18917
161,2003,18918
161,2003,18919
161,2003,18920
161,2004,163
161,2004,164
161,2004,165
161,2004,166
161,2004,171
161,2004,172
161,2004,16400
161,2004,16403
161,2004,16404
161,2004,17940
161,2004,17941
161,2004,17942
161,2004,17943
161,2004,17944
161,2004,17945
161,2004,17946
161,2004,17947
161,2004,17948
161,2005,175
161,2005,176
161,2005,179
161,2005,180
161,2005,181
161,2005,182
161,2005,5260
161,2005,5261
161,2005,5263
161,2005,5264
161,2005,5265
161,2005,5266
161,2005,17343
161,2005,17431
161,2005,17432
161,2005,17433
161,2006,44
161,2006,46
161,2006,47
161,2006,1544
161,2006,1546
161,2006,1547
161,2006,1549
161,2006,1552
161,2006,1553
161,2006,5254
161,2006,5255
161,2006,5256
161,2006,5257
161,2006,5258
161,2006,5259
161,2006,13935
161,2006,14294
161,2006,14339
161,2006,14361
161,2006,14366
161,2006,14464
161,2006,14475
161,2006,16963
161,2006,16964
161,2007,1528
161,2007,1529
161,2007,1532
161,2007,1536
161,2007,1538
161,2007,1540
161,2007,5242
161,2007,5243
161,2007,5247
161,2007,6026
161,2007,10145
161,2007,13342
161,2007,13452
161,2007,13488
161,2007,13501
161,2007,13537
161,2007,13539
161,2007,13562
161,2007,13563
161,2007,13564
161,2007,13565
161,2007,13566
161,2007,43523
161,2007,43527
161,2008,2531
161,2008,2533
161,2008,2535
161,2008,2537
161,2008,2538
161,2008,2541
161,2008,2575
161,2008,2577
161,2008,2581
161,2008,5234
161,2008,5235
161,2008,5236
161,2008,5237
161,2008,5238
161,2008,5239
161,2008,5241
161,2008,5693
161,2008,12634
161,2009,2582
161,2009,2585
161,2009,2587
161,2009,2591
161,2009,2593
161,2009,2594
161,2009,2595
161,2009,4887
161,2009,5030
161,2009,5563
161,2009,6306
161,2009,11553
161,2009,11855
161,2009,11878
161,2009,11977
161,2009,11978
161,2009,11979
161,2009,11980
161,2009,11981
161,2009,11982
161,2010,7041
161,2010,7266
161,2010,10752
161,2010,10791
161,2010,10830
161,2010,10950
161,2010,11008
161,2010,11009
161,2010,11010
161,2010,11011
161,2010,11012
161,2010,11013
161,2010,11014
161,2010,11015
161,2010,11016
161,2010,11017
161,2010,11018
161,2011,3946
161,2011,3955
161,2011,3998
161,2011,4000
161,2011,4003
161,2011,4005
161,2011,4007
161,2011,9807
161,2011,9907
161,2011,10121
161,2011,10122
161,2011,10123
161,2011,10124
161,2011,10125
161,2011,10243
161,2011,10309
161,2012,4008
161,2012,8555
161,2012,9056
161,2012,9180
161,2012,9247
161,2012,9248
161,2012,9249
161,2012,9250
161,2012,9251
161,2012,9252
161,2012,9253
161,2012,9254
161,2012,9555
161,2013,4575
161,2013,4578
161,2013,7902
161,2013,7903
161,2013,7904
161,2013,7905
161,2013,8720
161,2013,8797
161,2013,9043
161,2013,9339
161,2013,9380
161,2013,9518
161,2013,9521
161,2014,10006
161,2014,10571
161,2014,10592
161,2014,11203
161,2014,11416
161,2014,11448
161,2014,11669
161,2014,11693
161,2014,11745
161,2014,11802
161,2014,11807
161,2014,11889
161,2014,12166
161,2015,12171
161,2015,12180
161,2015,12225
161,2015,12238
161,2015,12846
161,2015,13170
161,2015,13679
161,2015,13941
161,2015,13972
161,2015,14128
161,2015,14212
161,2016,14879
161,2016,14947
161,2016,15697
161,2016,15719
161,2016,15763
161,2016,15832
161,2016,15919
161,2016,16047
161,2017,16265
161,2017,16274
161,2017,17027
161,2017,17104
161,2017,17637
161,2017,18043
161,2017,18129
161,2017,18384
161,2017,18477
161,2017,18508
161,2017,18546
161,2017,18765
161,2017,18780
161,2017,18785
161,2017,26632
161,2018,15635
161,2018,15638
161,2018,15639
161,2018,19263
161,2018,19284
161,2018,19505
161,2018,19581
161,2018,20151
161,2018,20153
161,2018,20166
161,2018,20210
161,2018,20235
161,2018,20647
161,2018,20818
161,2018,20870
161,2018,21194
161,2018,21283
161,2018,21717
161,2019,21796
161,2019,21859
161,2019,21933
161,2019,22022
161,2019,22528
161,2019,22633
161,2019,23736
161,2019,23887
161,2019,23971
161,2019,24016
161,2019,24020
161,2019,24160
161,2019,24278
161,2019,24375
161,2019,24539
161,2019,24554
161,2019,24558
161,2019,24562
161,2019,24674
161,2019,24675
161,2020,28968
161,2020,29031
161,2021,30287
161,2021,30368
161,2021,30996
161,2021,31101
161,2021,31138
161,2021,31714
161,2021,31808
161,2021,32066
161,2021,32181
161,2021,32464
161,2021,32562
161,2021,32650
161,2021,32692
161,2021,32704
161,2022,33190
161,2022,33235
161,2022,34108
161,2022,34212
161,2022,34737
161,2022,34820
161,2022,35311
161,2022,35376
161,2022,35507
161,2022,35509
161,2022,35511
161,2022,35513
161,2022,35520
161,2022,35528
161,2022,35577
161,2022,35626
161,2022,35652
161,2023,35920
161,2023,35962
161,2023,35967
161,2023,36492
161,2023,36590
161,2023,37317
161,2023,37394
161,2023,37498
161,2023,37566
161,2023,37660
161,2023,37803
161,2024,37862
161,2024,37939
161,2024,37948
161,2024,38041
161,2024,38145
161,2024,38178
161,2024,38286
161,2024,38610
161,2024,38753
161,2024,39027
161,2024,39148
161,2024,39352
161,2024,39504
161,2024,39554
161,2024,39685
161,2024,40061
161,2024,40195
161,2024,40323
161,2024,40403
161,2024,40406
161,2024,40413
161,2024,40416
161,2025,41023
161,2025,41148
161,2025,41600
161,2025,41706
161,2025,41744
161,2025,41752
161,2025,41759
161,2025,41767
161,2025,41771
161,2025,42121
161,2025,42213
161,2025,42348
161,2025,42492
161,2025,42696
161,2025,42741
161,2025,42794
161,2025,42809
161,2025,42818
161,2025,42841
161,2025,42845
161,2025,42974
167,1995,27649
167,1995,27713
167,1995,27758
167,1995,27759
167,1995,27760
167,1995,27761
167,1995,27762
167,1995,27763
167,1996,27008
167,1996,27011
167,1996,27017
167,1996,27073
167,1996,27091
167,1996,27092
167,1996,27093
167,1996,27094
167,1996,27095
167,1996,27096
167,1997,25873
167,1997,25979
167,1997,25994
167,1997,26200
167,1997,26302
167,1997,26303
167,1997,26337
167,1997,26380
167,1997,26405
167,1997,26406
167,1997,26407
167,1997,26408
167,1997,26409
167,1998,25279
167,1998,25458
167,1998,25479
167,1998,25480
167,1998,25481
167,1998,25482
167,1998,25483
167,1998,25484
167,1999,4781
167,1999,24548
167,1999,24702
167,1999,24705
167,1999,24779
167,1999,24780
167,1999,24781
167,1999,24782
167,1999,24783
167,2000,4722
167,2000,4724
167,2000,22217
167,2000,22729
167,2000,22975
167,2000,23037
167,2000,23045
167,2000,23053
167,2000,23054
167,2000,23055
167,2000,23056
167,2000,23057
167,2000,23058
167,2001,21376
167,2001,21463
167,2001,21465
167,2001,21539
167,2001,21565
167,2001,21567
167,2001,21753
167,2001,21760
167,2001,22015
167,2001,22016
167,2002,5399
167,2002,19906
167,2002,19951
167,2002,19952
167,2002,20008
167,2002,20009
167,2002,20084
167,2002,20087
167,2002,20333
167,2002,20360
167,2002,20361
167,2002,20380
167,2002,20381
167,2002,20382
167,2003,1418
167,2003,1419
167,2003,1437
167,2003,1441
167,2003,1445
167,2003,1446
167,2003,1447
167,2003,1448
167,2003,19060
167,2003,19249
167,2003,19268
167,2004,101
167,2004,102
167,2004,107
167,2004,108
167,2004,111
167,2004,112
167,2004,18237
167,2004,18556
167,2004,18592
167,2004,18594
167,2004,18610
167,2004,18624
167,2004,18630
167,2004,18631
167,2004,18636
167,2004,18637
167,2004,18638
167,2004,18639
167,2005,6720
167,2005,17364
167,2005,17365
167,2005,17400
167,2005,17401
167,2005,17407
167,2006,1586
167,2006,1587
167,2006,1590
167,2006,1592
167,2006,1594
167,2006,1596
167,2006,5037
167,2006,5857
167,2006,6195
167,2006,14491
167,2006,14616
167,2006,16913
167,2006,16914
167,2006,16955
167,2006,16956
167,2006,16983
167,2006,16984
167,2007,2480
167,2007,2481
167,2007,2488
167,2007,2493
167,2007,5698
167,2007,12966
167,2007,13457
167,2007,13458
167,2007,13468
167,2007,13469
167,2007,13480
167,2007,13487
167,2007,13488
167,2007,13489
167,2007,13490
167,2007,13491
167,2007,13492
167,2007,13493
167,2008,2531
167,2008,2532
167,2008,2534
167,2008,2536
167,2008,2538
167,2008,2540
167,2008,4646
167,2008,5366
167,2008,12341
167,2008,12398
167,2008,12431
167,2008,12432
167,2008,12433
167,2008,12434
167,2008,12435
167,2008,12436
167,2008,12437
167,2008,12438
167,2008,12439
167,2009,3215
167,2009,3218
167,2009,3220
167,2009,3221
167,2009,6792
167,2009,6923
167,2009,11863
167,2009,11864
167,2009,11865
167,2009,11866
167,2010,3223
167,2010,3225
167,2010,7222
167,2010,10767
167,2010,10797
167,2010,10799
167,2010,10813
167,2010,10814
167,2010,10815
167,2010,10816
167,2010,10817
167,2011,3941
167,2011,3957
167,2011,3963
167,2011,3964
167,2011,3966
167,2011,3969
167,2011,3970
167,2011,9924
167,2011,9925
167,2011,9926
167,2011,9927
167,2012,3973
167,2012,8885
167,2012,8914
167,2012,8915
167,2012,8919
167,2012,8928
167,2012,9062
167,2012,9069
167,2012,9070
167,2012,9086
167,2012,9087
167,2012,9088
167,2012,9089
167,2012,9090
167,2012,9091
167,2012,9092
167,2012,9093
167,2012,9094
167,2013,4570
167,2013,7946
167,2013,8037
167,2013,8083
167,2013,8667
167,2013,8735
167,2013,8844
167,2013,8988
167,2013,8994
167,2013,9323
167,2014,9740
167,2014,10002
167,2014,11245
167,2014,11276
167,2014,11486
167,2014,11496
167,2014,11670
167,2014,11687
167,2014,11787
167,2014,11883
167,2014,11888
167,2014,11913
167,2015,12809
167,2015,12866
167,2015,13104
167,2015,13159
167,2015,13272
167,2015,13282
167,2015,13677
167,2015,13805
167,2015,13961
167,2015,14052
167,2015,14142
167,2015,14218
167,2016,14936
167,2016,15028
167,2016,15560
167,2016,15564
167,2016,15686
167,2016,15786
167,2016,15862
167,2016,15917
167,2016,15977
167,2016,16042
167,2016,16087
167,2016,16090
167,2016,16097
167,2017,17051
167,2017,17126
167,2017,17656
167,2017,17729
167,2017,18107
167,2017,18159
167,2017,18335
167,2017,18434
167,2017,18453
167,2017,18542
167,2017,42112
167,2018,19474
167,2018,19748
167,2018,20550
167,2018,20659
167,2018,20815
167,2018,20910
167,2018,21049
167,2018,21107
167,2018,21299
167,2018,21303
167,2019,22527
167,2019,22607
167,2019,23224
167,2019,23269
167,2019,23855
167,2019,23970
167,2019,24150
167,2019,24160
167,2019,24277
167,2019,24489
167,2019,24501
167,2021,30936
167,2021,30963
167,2021,31037
167,2021,31101
167,2021,32457
167,2021,32697
167,2021,32709
167,2021,32745
167,2021,32809
167,2021,32932
167,2021,32934
167,2022,34177
167,2022,34241
167,2022,34660
167,2022,34784
167,2022,34852
167,2022,34911
167,2022,35279
167,2022,35336
167,2022,35889
167,2022,35899
167,2022,35903
167,2022,35908
167,2023,35912
167,2023,36469
167,2023,36632
167,2023,36970
167,2023,36971
167,2023,37315
167,2023,37396
167,2023,37468
167,2023,37582
167,2023,37659
167,2023,37796
167,2024,38609
167,2024,38762
167,2024,39026
167,2024,39145
167,2024,40133
167,2024,40244
167,2024,40287
167,2024,40314
167,2024,40326
167,2024,40376
167,2024,40408
167,2024,40414
167,2025,41055
167,2025,41136
167,2025,41703
167,2025,41779
167,2025,42124
167,2025,42281
167,2025,42371
167,2025,42489
167,2025,42665
167,2025,42762
173,1995,19698
173,1995,27260
173,1995,27454
173,1995,27455
173,1995,27456
173,1995,27457
173,1995,27458
173,1995,27459
173,1996,16472
173,1996,16508
173,1996,16510
173,1996,16525
173,1996,26551
173,1996,26624
173,1996,26718
173,1996,26766
173,1996,26820
173,1996,26821
173,1996,26822
173,1996,26823
173,1996,26824
173,1996,26825
173,1996,26826
173,1996,26827
173,1997,25623
173,1997,25648
173,1997,25693
173,1997,25694
173,1997,25695
173,1997,25696
173,1997,25697
173,1997,25698
173,1997,25699
173,1997,25700
173,1997,25701
173,1997,25702
173,1997,25703
173,1997,25704
173,1997,25705
173,1997,25706
173,1997,25707
173,1997,25708
173,1997,25709
173,1997,25710
173,1997,25711
173,1997,25712
173,1997,25713
173,1998,11608
173,1998,11611
173,1998,11613
173,1998,24984
173,1998,25041
173,1998,25042
173,1998,25087
173,1998,25089
173,1998,25093
173,1998,25094
173,1998,25122
173,1998,25123
173,1998,25126
173,1998,25142
173,1998,25143
173,1998,25144
173,1998,25145
173,1998,25146
173,1998,25147
173,1998,25148
173,1998,25149
173,1998,25150
173,1998,25151
173,1998,25152
173,1998,25153
173,1998,25154
173,1998,27322
173,1999,23433
173,1999,23526
173,1999,23588
173,1999,23589
173,1999,23590
173,2000,16431
173,2000,16455
173,2000,16457
173,2000,16464
173,2000,16468
173,2000,16470
173,2000,16836
173,2000,16837
173,2000,22221
173,2000,22223
173,2000,22257
173,2000,22285
173,2000,22286
173,2000,22287
173,2000,22288
173,2000,22289
173,2000,22290
173,2000,22291
173,2000,22292
173,2000,22293
173,2000,22294
173,2000,22295
173,2001,20937
173,2001,20962
173,2001,20963
173,2001,20999
173,2001,21009
173,2001,21043
173,2001,21044
173,2001,21045
173,2001,21052
173,2001,21053
173,2001,21054
173,2001,21055
173,2001,21056
173,2001,21057
173,2001,21058
173,2001,21059
173,2001,21060
173,2002,12536
173,2002,12538
173,2002,12540
173,2002,12573
173,2002,12576
173,2002,12578
173,2002,12580
173,2002,16809
173,2002,16811
173,2002,16820
173,2002,16822
173,2002,16824
173,2002,19767
173,2002,19810
173,2002,19815
173,2002,19817
173,2002,19818
173,2002,19819
173,2002,19820
173,2002,19821
173,2002,19822
173,2002,19823
173,2002,20012
173,2003,1474
173,2003,1475
173,2003,1477
173,2003,1480
173,2003,1481
173,2003,1484
173,2003,18762
173,2003,18791
173,2003,18792
173,2003,18795
173,2003,18803
173,2003,18863
173,2003,18864
173,2003,18865
173,2003,18866
173,2004,151
173,2004,152
173,2004,153
173,2004,154
173,2004,157
173,2004,158
173,2004,16394
173,2004,16397
173,2004,16399
173,2004,16416
173,2004,17773
173,2004,17885
173,2004,17886
173,2004,17887
173,2004,17888
173,2004,17889
173,2004,17890
173,2005,173
173,2005,174
173,2005,179
173,2005,180
173,2005,183
173,2005,184
173,2005,8375
173,2005,17261
173,2005,17311
173,2005,17312
173,2005,17313
173,2005,17314
173,2005,17315
173,2005,17316
173,2005,17317
173,2005,17318
173,2005,17319
173,2005,17320
173,2006,38
173,2006,39
173,2006,42
173,2006,1556
173,2006,1558
173,2006,1559
173,2006,1561
173,2006,1564
173,2006,1565
173,2006,13914
173,2006,14276
173,2006,14340
173,2006,14345
173,2006,14479
173,2006,14484
173,2006,14489
173,2006,14509
173,2006,14610
173,2006,14611
173,2006,14612
173,2006,14613
173,2006,14614
173,2007,1528
173,2007,1530
173,2007,1531
173,2007,1535
173,2007,1537
173,2007,1539
173,2007,12952
173,2007,12953
173,2007,12954
173,2007,12955
173,2007,12956
173,2008,2519
173,2008,2520
173,2008,2522
173,2008,2525
173,2008,2527
173,2008,2528
173,2008,2576
173,2008,2578
173,2008,2581
173,2008,12315
173,2008,12357
173,2008,12358
173,2008,12359
173,2008,12360
173,2008,12361
173,2008,12362
173,2009,2583
173,2009,2586
173,2009,2589
173,2009,2591
173,2009,2592
173,2009,8298
173,2009,11636
173,2009,11848
173,2009,11849
173,2009,11850
173,2009,11851
173,2009,11852
173,2009,11853
173,2009,11854
173,2010,2196
173,2010,2198
173,2010,2199
173,2010,2237
173,2010,10522
173,2010,10526
173,2010,10528
173,2010,10738
173,2010,10739
173,2010,10740
173,2010,10741
173,2010,10742
173,2010,10743
173,2010,10744
173,2010,10745
173,2010,10746
173,2010,10747
173,2010,10748
173,2010,10749
173,2011,3975
173,2011,3976
173,2011,3978
173,2011,3980
173,2011,3982
173,2011,8275
173,2011,9784
173,2011,9801
173,2011,9805
173,2011,9832
173,2011,9842
173,2011,9843
173,2011,9844
173,2011,9845
173,2011,9846
173,2011,9847
173,2011,9848
173,2012,3984
173,2012,4025
173,2012,4026
173,2012,4028
173,2012,4031
173,2012,8473
173,2012,8475
173,2012,8476
173,2012,8477
173,2013,4035
173,2013,7825
173,2013,8029
173,2013,8122
173,2013,8173
173,2013,8459
173,2013,8472
173,2013,8512
173,2013,8563
173,2013,8734
173,2013,8810
173,2013,8973
173,2013,8993
173,2013,9322
173,2013,9369
173,2014,9715
173,2014,9717
173,2014,9718
173,2014,9737
173,2014,9738
173,2014,9739
173,2014,10015
173,2014,10584
173,2014,10698
173,2014,11160
173,2014,11193
173,2014,11413
173,2014,11444
173,2014,11705
173,2014,11765
173,2015,12171
173,2015,12178
173,2015,12200
173,2015,12203
173,2015,12255
173,2015,12272
173,2015,12324
173,2015,12796
173,2015,12852
173,2015,13155
173,2015,13289
173,2015,13440
173,2015,13494
173,2015,13504
173,2015,13669
173,2015,13787
173,2015,13969
173,2015,14092
173,2015,14141
173,2015,14219
173,2016,14867
173,2016,14918
173,2016,15408
173,2016,15447
173,2016,15716
173,2016,15765
173,2016,15827
173,2016,15915
173,2016,15992
173,2016,16048
173,2017,17022
173,2017,17101
173,2017,17633
173,2017,17703
173,2017,18047
173,2017,18128
173,2017,18383
173,2017,18444
173,2017,18468
173,2017,18514
173,2017,18748
173,2017,18750
173,2017,18753
173,2018,19037
173,2018,19084
173,2018,19131
173,2018,19525
173,2018,19583
173,2018,20159
173,2018,20183
173,2018,20225
173,2018,20272
173,2018,20293
173,2018,20294
173,2018,20296
173,2018,20548
173,2018,20658
173,2018,20810
173,2018,20907
173,2018,21222
173,2018,21273
173,2018,21717
173,2019,21790
173,2019,21856
173,2019,21901
173,2019,22025
173,2019,22075
173,2019,22565
173,2019,22645
173,2019,23199
173,2019,23268
173,2019,23886
173,2019,23979
173,2019,24167
173,2019,24286
173,2019,24384
173,2019,24538
173,2019,24763
173,2019,24765
173,2019,24812
173,2020,28969
173,2020,29029
173,2021,30285
173,2021,30997
173,2021,31102
173,2021,31139
173,2021,31709
173,2021,31803
173,2021,32065
173,2021,32185
173,2021,32460
173,2021,32563
173,2022,33048
173,2022,33142
173,2022,33185
173,2022,33233
173,2022,34105
173,2022,34209
173,2022,34678
173,2022,34756
173,2022,34836
173,2022,34926
173,2022,34968
173,2022,34969
173,2022,35031
173,2022,35303
173,2022,35374
173,2022,35523
173,2022,35604
173,2022,35636
173,2022,35677
173,2022,35773
173,2023,36491
173,2023,36589
173,2023,36913
173,2023,37007
173,2023,37281
173,2023,37394
173,2023,37496
173,2023,37564
173,2023,37659
173,2023,37807
173,2024,37869
173,2024,38019
173,2024,38138
173,2024,38176
173,2024,38286
173,2024,38308
173,2024,38342
173,2024,38608
173,2024,38752
173,2024,39026
173,2024,39147
173,2024,39351
173,2024,39498
173,2024,39557
173,2024,39684
173,2024,40057
173,2024,40191
173,2025,41018
173,2025,41144
173,2025,41598
173,2025,41705
173,2025,41805
173,2025,41807
173,2025,41810
173,2025,42190
173,2025,42238
173,2025,42395
173,2025,42471
173,2025,42695
173,2025,42739
175,1995,27908
175,1995,27917
175,1995,27919
175,1995,27920
175,1995,27933
175,1995,27936
175,1995,27948
175,1995,27949
175,1996,26640
175,1996,26642
175,1996,26889
175,1996,27144
175,1996,27147
175,1996,27218
175,1996,27238
175,1996,27239
175,1996,27240
175,1997,26484
175,1997,26485
175,1997,26486
175,1997,26487
175,1998,25606
175,1999,23819
175,1999,24110
175,1999,24885
175,1999,24911
175,1999,24913
175,1999,24930
175,1999,24933
175,1999,24938
175,2000,5061
175,2000,5062
175,2000,23055
175,2000,23073
175,2000,23330
175,2000,23384
175,2000,23402
175,2000,23403
175,2001,7281
175,2001,21632
175,2001,21754
175,2001,21757
175,2001,21898
175,2001,21900
175,2001,22096
175,2001,22097
175,2002,4858
175,2002,4908
175,2002,5142
175,2002,5437
175,2002,7310
175,2002,7311
175,2002,20345
175,2002,20346
175,2002,20459
175,2003,75
175,2003,76
175,2003,1408
175,2003,1410
175,2003,1497
175,2003,1498
175,2003,1502
175,2003,1503
175,2003,1505
175,2003,1506
175,2003,19256
175,2003,19259
175,2003,19270
175,2004,161
175,2004,162
175,2004,165
175,2004,166
175,2004,169
175,2004,170
175,2004,5436
175,2005,17438
175,2005,17463
175,2005,17464
175,2006,16975
175,2006,16976
175,2006,16996
175,2006,17002
175,2006,17003
175,2006,17004
175,2007,2458
175,2007,2459
175,2007,7298
175,2007,7299
175,2008,3264
175,2008,3266
175,2008,3269
175,2008,3288
175,2008,3290
175,2008,3293
175,2008,7297
175,2008,12698
175,2008,12699
175,2008,12700
175,2009,3246
175,2009,3249
175,2009,3250
175,2009,5045
175,2009,11522
175,2009,11575
175,2009,11922
175,2009,11941
175,2009,12023
175,2009,12024
175,2009,12025
175,2009,12026
175,2009,42114
175,2010,3253
175,2010,3255
175,2010,3257
175,2011,3918
175,2011,3926
175,2011,7636
175,2011,10155
175,2011,10264
175,2011,10265
175,2011,10266
175,2011,10267
175,2011,10268
175,2011,10269
175,2012,7630
175,2013,4599
175,2013,4602
175,2013,4603
175,2013,8712
175,2013,8718
175,2013,8732
175,2014,11132
175,2014,11134
175,2014,11558
175,2014,11663
175,2015,12355
175,2015,12665
175,2015,12688
175,2015,14415
175,2015,14418
175,2015,14425
175,2016,14604
175,2016,14605
175,2016,15898
175,2016,15960
175,2016,15967
175,2016,15979
175,2018,20522
175,2018,20536
175,2018,20580
175,2018,20816
175,2019,23140
175,2019,23142
175,2019,23176
175,2019,23861
175,2019,23978
175,2019,24139
175,2019,24149
175,2019,24167
175,2019,24287
175,2019,24508
175,2020,24945
175,2020,24947
175,2021,31004
175,2021,31102
175,2021,32055
175,2021,32059
175,2021,32090
175,2021,32140
175,2021,32451
175,2021,32508
175,2021,32555
175,2021,32594
175,2022,34790
175,2022,34853
175,2022,34909
175,2022,35385
175,2023,37466
175,2023,37577
175,2024,38635
175,2024,38690
175,2024,39084
175,2024,39139
175,2024,39347
175,2024,39496
175,2024,39549
175,2024,39640
175,2024,40241
175,2024,40242
175,2025,41132
175,2025,41187
175,2025,41694
175,2025,41777
175,2025,42275
175,2025,42276
175,2025,42370
175,2025,42482
175,2025,42758
181,1995,27200
181,1995,27201
181,1995,27203
181,1995,27207
181,1996,16517
181,1996,16520
181,1996,16522
181,1996,26705
181,1996,26727
181,1996,26731
181,1996,26738
181,1996,26772
181,1996,26886
181,1996,26888
181,1996,26953
181,1996,26954
181,1996,26955
181,1996,26956
181,1997,5244
181,1997,6804
181,1997,25814
181,1997,25817
181,1997,26209
181,1997,26210
181,1997,26211
181,1997,26212
181,1997,26213
181,1997,26214
181,1997,26215
181,1997,26216
181,1998,25043
181,1998,25172
181,1998,25275
181,1998,25314
181,1998,25315
181,1998,25316
181,1998,25317
181,1998,25318
181,1998,25319
181,1998,25320
181,1998,25321
181,1998,25322
181,1999,24106
181,1999,24580
181,1999,24581
181,1999,24618
181,1999,24622
181,1999,24623
181,2000,5293
181,2000,5294
181,2000,5897
181,2000,6432
181,2000,6433
181,2000,6434
181,2000,6442
181,2000,6443
181,2000,22338
181,2000,22341
181,2000,22351
181,2000,22353
181,2000,22473
181,2000,22788
181,2000,22789
181,2000,22790
181,2000,22791
181,2000,22792
181,2000,22793
181,2000,22794
181,2000,22795
181,2001,5282
181,2001,5881
181,2001,5887
181,2001,5921
181,2001,6223
181,2001,6224
181,2001,21468
181,2001,21728
181,2001,21729
181,2001,21730
181,2001,21731
181,2001,21732
181,2001,21733
181,2002,5402
181,2002,5731
181,2002,19847
181,2002,19891
181,2002,19915
181,2002,19916
181,2002,19918
181,2002,19938
181,2002,19988
181,2002,20046
181,2002,20108
181,2002,20109
181,2002,20110
181,2003,1497
181,2003,1498
181,2003,1501
181,2003,1504
181,2003,1507
181,2003,1508
181,2003,5394
181,2003,6357
181,2003,18891
181,2003,18892
181,2004,139
181,2004,140
181,2004,141
181,2004,142
181,2004,147
181,2004,148
181,2004,5866
181,2004,5868
181,2004,5982
181,2004,7214
181,2004,7230
181,2004,17785
181,2004,17786
181,2004,17790
181,2004,17945
181,2004,17963
181,2004,17964
181,2004,17965
181,2004,17966
181,2004,17967
181,2004,17968
181,2005,6199
181,2005,6343
181,2005,17257
181,2005,17452
181,2005,17462
181,2005,17465
181,2005,41537
181,2006,1556
181,2006,1557
181,2006,1560
181,2006,1562
181,2006,1564
181,2006,1566
181,2006,5255
181,2006,5384
181,2006,5702
181,2006,6197
181,2006,6335
181,2006,6339
181,2006,16962
181,2006,17000
181,2006,17001
181,2007,2470
181,2007,2471
181,2007,2489
181,2007,2492
181,2007,5243
181,2007,13443
181,2007,13445
181,2007,13571
181,2007,13576
181,2007,13579
181,2007,13606
181,2007,13615
181,2007,13643
181,2008,2542
181,2008,2545
181,2008,2547
181,2008,2549
181,2008,2550
181,2008,2552
181,2008,5235
181,2008,5241
181,2008,5685
181,2008,6169
181,2008,6178
181,2008,6304
181,2008,6320
181,2008,12310
181,2008,12454
181,2008,12466
181,2008,12497
181,2008,12693
181,2008,12710
181,2009,3203
181,2009,3206
181,2009,3208
181,2009,3209
181,2009,4852
181,2009,4873
181,2009,5607
181,2009,6693
181,2009,6695
181,2009,6935
181,2009,11520
181,2009,11521
181,2009,11853
181,2009,11939
181,2009,12012
181,2009,12026
181,2009,12039
181,2009,12109
181,2010,3214
181,2010,6813
181,2010,6939
181,2010,7178
181,2010,7262
181,2010,10738
181,2010,10850
181,2010,10857
181,2010,10939
181,2010,11087
181,2010,11088
181,2010,11098
181,2010,11099
181,2010,11119
181,2011,3932
181,2011,3950
181,2011,9808
181,2011,10110
181,2011,10124
181,2011,10195
181,2011,10222
181,2011,10224
181,2011,10280
181,2011,10310
181,2011,10319
181,2012,9107
181,2012,9428
181,2012,9479
181,2012,9505
181,2012,9507
181,2012,9560
181,2012,9570
181,2012,9577
181,2012,9641
181,2012,9642
181,2012,20683
181,2013,4569
181,2013,7953
181,2013,8685
181,2013,8767
181,2013,8994
181,2013,9323
181,2013,9379
181,2013,9403
181,2014,10003
181,2014,11686
181,2014,11731
181,2015,12805
181,2015,12868
181,2015,13083
181,2015,13141
181,2015,13167
181,2015,13677
181,2015,13778
181,2015,13952
181,2015,13965
181,2015,14072
181,2015,14218
181,2016,14800
181,2016,14878
181,2016,14937
181,2016,15452
181,2016,15481
181,2016,15558
181,2016,15700
181,2016,15717
181,2016,15765
181,2016,15828
181,2016,15916
181,2016,15977
181,2016,16051
181,2017,17025
181,2017,17101
181,2017,17597
181,2017,17627
181,2017,17702
181,2017,18039
181,2017,18044
181,2017,18048
181,2017,18127
181,2017,18328
181,2017,18407
181,2017,18507
181,2018,19532
181,2018,19564
181,2018,20570
181,2018,20643
181,2018,20780
181,2018,20911
181,2018,21193
181,2018,21280
181,2018,21715
181,2019,21788
181,2019,21826
181,2019,21878
181,2019,22523
181,2019,22594
181,2019,22646
181,2019,23182
181,2019,23273
181,2019,23660
181,2019,23661
181,2019,23664
181,2019,23718
181,2019,23734
181,2019,23853
181,2019,24017
181,2019,24022
181,2019,24154
181,2019,24272
181,2019,24370
181,2019,24495
181,2020,28939
181,2020,29002
181,2021,30284
181,2021,30386
181,2021,31033
181,2021,31035
181,2021,31125
181,2021,31710
181,2021,31804
181,2021,32065
181,2021,32183
181,2021,32462
181,2021,32566
181,2021,32648
181,2021,32690
181,2021,32702
181,2022,33186
181,2022,33233
181,2022,34106
181,2022,34210
181,2022,34938
181,2022,35563
181,2022,35590
181,2022,35913
181,2022,35914
181,2022,37189
181,2022,37190
181,2023,36521
181,2023,36635
181,2023,37005
181,2023,37410
181,2023,37443
181,2023,37631
181,2023,37658
181,2023,37804
181,2024,37865
181,2024,37880
181,2024,37982
181,2024,38106
181,2024,38156
181,2024,38290
181,2024,38615
181,2024,38754
181,2024,39028
181,2024,39159
181,2024,39382
181,2024,39449
181,2024,39588
181,2024,39654
181,2024,40163
181,2025,41135
181,2025,41693
181,2025,42277
181,2025,42278
181,2025,42369
181,2025,42485
181,2025,42759
181,2025,42783
181,2025,42792
181,2025,42808
181,2025,42816
181,2025,42840
183,1996,26824
183,1996,27119
183,1996,27233
183,1997,25921
183,1997,25926
183,1997,26382
183,1997,26383
183,1997,26472
183,1997,26473
183,2000,22694
183,2000,22697
183,2000,22833
183,2000,22835
183,2000,22974
183,2000,23039
183,2000,23040
183,2000,23319
183,2001,21607
183,2001,21611
183,2001,21851
183,2001,21853
183,2001,21919
183,2001,21920
183,2002,4870
183,2002,6301
183,2002,20377
183,2003,67
183,2003,68
183,2003,1408
183,2003,1409
183,2003,19245
183,2003,19281
183,2003,19282
183,2003,19283
183,2004,92
183,2004,93
183,2004,94
183,2004,99
183,2004,100
183,2004,17923
183,2005,17415
183,2005,17443
183,2005,17444
183,2005,17445
183,2006,1555
183,2006,1557
183,2006,1559
183,2006,1561
183,2006,1563
183,2006,1566
183,2006,5545
183,2006,16957
183,2006,16995
183,2006,16996
183,2006,16997
183,2007,2454
183,2007,2455
183,2007,4802
183,2007,13526
183,2007,13595
183,2007,13596
183,2008,3265
183,2008,3267
183,2008,3269
183,2008,4864
183,2008,12215
183,2009,3247
183,2009,3249
183,2009,3251
183,2009,11966
183,2009,12042
183,2009,12043
183,2010,7282
183,2010,10965
183,2010,10984
183,2010,10985
183,2010,11126
183,2011,3923
183,2011,3930
183,2011,7467
183,2011,7507
183,2011,9783
183,2011,9926
183,2011,10090
183,2011,10184
183,2011,10292
183,2011,10293
183,2011,10294
183,2012,8528
183,2012,8923
183,2012,9207
183,2012,9210
183,2012,9410
183,2012,9411
183,2012,9412
183,2012,9413
183,2013,4587
183,2013,4590
183,2013,4591
183,2013,8989
183,2013,9047
183,2014,11237
183,2014,11272
183,2014,11357
183,2014,11797
183,2014,11799
183,2014,11801
183,2015,12666
183,2015,12690
183,2015,13285
183,2015,13668
183,2015,13777
183,2015,14066
183,2015,14147
183,2015,14214
183,2016,14803
183,2016,14869
183,2016,15421
183,2016,15531
183,2016,15597
183,2016,15600
183,2016,15602
183,2016,15880
183,2016,15939
183,2016,15968
183,2016,15982
183,2016,16028
183,2017,17013
183,2017,17119
183,2017,17656
183,2017,18164
183,2017,18330
183,2017,18433
183,2017,18541
183,2017,18672
183,2017,18673
183,2017,18675
183,2018,19748
183,2018,20204
183,2018,20230
183,2018,20254
183,2018,20549
183,2018,21173
183,2018,21175
183,2018,21200
183,2019,22522
183,2019,22622
183,2019,23196
183,2019,23271
183,2019,23838
183,2019,23852
183,2019,23966
183,2019,24273
183,2019,24371
183,2019,24497
183,2021,30962
183,2021,31025
183,2021,31128
183,2021,32092
183,2021,32161
183,2022,35886
183,2023,36911
183,2023,36987
183,2023,37314
183,2023,37396
183,2023,37467
183,2023,37576
183,2023,37663
183,2023,37795
183,2024,38607
183,2024,38758
183,2024,39025
183,2024,39156
183,2024,40133
183,2024,40228
183,2024,40286
183,2024,40311
183,2025,41134
183,2025,41694
183,2025,42156
183,2025,42367
183,2025,42483
183,2025,42756
184,1996,26796
184,1996,26797
184,1997,25704
184,1997,25876
184,1997,25879
184,1997,26174
184,1997,26175
184,1997,26176
184,1997,26177
184,1998,25019
184,1998,25097
184,1998,25249
184,1998,25338
184,1998,25339
184,1999,23792
184,1999,24604
184,1999,24605
184,2000,22356
184,2000,22917
184,2003,69
184,2003,70
184,2003,1425
184,2003,1427
184,2003,1430
184,2003,1432
184,2003,1433
184,2003,1435
184,2004,137
184,2004,138
184,2004,143
184,2004,144
184,2004,147
184,2004,148
184,2004,18278
184,2005,5260
184,2005,17515
184,2006,5960
184,2006,14618
184,2006,16968
184,2006,16971
184,2006,17004
184,2006,17005
184,2006,17008
184,2006,17023
184,2007,2474
184,2007,2475
184,2007,2488
184,2007,2493
184,2007,6189
184,2007,13414
184,2007,13631
184,2008,3270
184,2008,3272
184,2008,3275
184,2008,3282
184,2008,3284
184,2008,3287
184,2008,3295
184,2008,3297
184,2008,5968
184,2009,6933
184,2010,3252
184,2010,3255
184,2010,3256
184,2010,6937
184,2010,7325
184,2010,7863
184,2010,7865
184,2010,10854
184,2011,3932
184,2011,3950
184,2011,3986
184,2011,3989
184,2011,3990
184,2011,3992
184,2011,3995
184,2011,10268
184,2011,10269
184,2011,10274
184,2011,10301
184,2011,10314
184,2012,3996
184,2012,8935
184,2012,9109
184,2012,9181
184,2012,9442
184,2012,9648
184,2013,4593
184,2013,4595
184,2013,4598
184,2013,8035
184,2013,8679
184,2013,9045
184,2014,10440
184,2014,10689
184,2014,11055
184,2014,11057
184,2014,11158
184,2015,12806
184,2015,12868
184,2015,13166
184,2015,13283
184,2015,13713
184,2015,13967
184,2015,14060
184,2015,14146
184,2016,14865
184,2016,14942
184,2016,15424
184,2016,15530
184,2016,15700
184,2016,15817
184,2016,15825
184,2016,15978
184,2016,16041
184,2017,17098
184,2017,17127
184,2017,17727
184,2017,18156
184,2017,18435
184,2017,18544
184,2018,19750
184,2018,20756
184,2018,20758
184,2018,20761
184,2018,20814
184,2018,21552
184,2018,21553
184,2018,21676
184,2019,23198
184,2019,23270
184,2019,23659
184,2019,23661
184,2019,23663
184,2019,23665
184,2019,23860
184,2019,23974
184,2019,24283
184,2019,24354
184,2019,24379
184,2019,24505
184,2020,27778
184,2020,28837
184,2020,28936
184,2021,29624
184,2021,29690
184,2021,30255
184,2021,30896
184,2021,30934
184,2021,31030
184,2021,31136
184,2021,32558
184,2022,34161
184,2022,34245
184,2022,34788
184,2022,34852
184,2022,34907
184,2022,34938
184,2022,35291
184,2022,35352
184,2022,35548
184,2023,36631
184,2023,36639
184,2023,36885
184,2023,36892
184,2023,36937
184,2023,37315
184,2023,37628
184,2023,37657
184,2023,37798
184,2024,37861
184,2024,37981
184,2024,38088
184,2024,38150
184,2024,38240
184,2024,38307
184,2024,38610
184,2024,38753
184,2024,39032
184,2024,39146
184,2024,39337
184,2024,39435
184,2024,39588
184,2024,39655
184,2024,40017
184,2024,40162
184,2025,41020
184,2025,41133
184,2025,41588
184,2025,41695
184,2025,42104
184,2025,42115
184,2025,42128
184,2025,42368
184,2025,42486
184,2025,42757
186,1995,27341
186,1995,27708
186,1995,27709
186,1995,27710
186,1995,27711
186,1995,27712
186,1995,27713
186,1995,27714
186,1996,16511
186,1996,16514
186,1996,16516
186,1996,26941
186,1996,27003
186,1996,27004
186,1996,27005
186,1996,27006
186,1996,27007
186,1996,27008
186,1996,27009
186,1996,27010
186,1996,27011
186,1996,27013
186,1996,27014
186,1996,27016
186,1996,27017
186,1996,27018
186,1996,27019
186,1997,25699
186,1997,25703
186,1997,25753
186,1997,25754
186,1997,25978
186,1997,26192
186,1997,26193
186,1997,26194
186,1997,26195
186,1997,26196
186,1997,26197
186,1997,26198
186,1997,26199
186,1997,26200
186,1997,26201
186,1997,26202
186,1998,25040
186,1998,25090
186,1998,25100
186,1998,25149
186,1998,25154
186,1998,25182
186,1998,25205
186,1998,25253
186,1998,25292
186,1998,25351
186,1998,25390
186,1998,25391
186,1998,25392
186,1998,25393
186,1998,25394
186,1998,25395
186,1998,25396
186,1998,25397
186,1998,25398
186,1998,27323
186,1998,27324
186,1999,23817
186,1999,24080
186,1999,24135
186,1999,24544
186,1999,24545
186,1999,24546
186,1999,24547
186,1999,24548
186,1999,24549
186,2000,5160
186,2000,5162
186,2000,5168
186,2000,5890
186,2000,6011
186,2000,16425
186,2000,16427
186,2000,16430
186,2000,22185
186,2000,22419
186,2000,22692
186,2000,22693
186,2000,22694
186,2000,22695
186,2000,22696
186,2000,22697
186,2000,22698
186,2000,22699
186,2000,22700
186,2000,22701
186,2000,22702
186,2000,22703
186,2000,22704
186,2000,22705
186,2001,5155
186,2001,5156
186,2001,5158
186,2001,21116
186,2001,21120
186,2001,21310
186,2001,21383
186,2001,21386
186,2001,21409
186,2001,21420
186,2001,21461
186,2001,21507
186,2001,21509
186,2001,21570
186,2001,21571
186,2001,21753
186,2001,21754
186,2001,21755
186,2001,21756
186,2001,21757
186,2001,21758
186,2001,21759
186,2001,21760
186,2002,5153
186,2002,5154
186,2002,19937
186,2002,20010
186,2002,20011
186,2002,20084
186,2002,20085
186,2002,20086
186,2002,20087
186,2002,20088
186,2002,20089
186,2003,1425
186,2003,1428
186,2003,1429
186,2003,1431
186,2003,1433
186,2003,1436
186,2003,5149
186,2003,5150
186,2003,5151
186,2003,19021
186,2003,19125
186,2004,127
186,2004,128
186,2004,129
186,2004,130
186,2004,133
186,2004,134
186,2004,5144
186,2004,5145
186,2004,5146
186,2004,5147
186,2004,5148
186,2004,16408
186,2004,16410
186,2004,16411
186,2004,17774
186,2004,18233
186,2004,18316
186,2004,18317
186,2004,18318
186,2004,18319
186,2004,18320
186,2005,5044
186,2005,5143
186,2005,27193
186,2006,4990
186,2006,5035
186,2006,5037
186,2006,5064
186,2006,5123
186,2006,5124
186,2006,16917
186,2006,16919
186,2006,16921
186,2006,16922
186,2006,16923
186,2007,1509
186,2007,1511
186,2007,1514
186,2007,2456
186,2007,2457
186,2007,2487
186,2007,2491
186,2007,5140
186,2007,5141
186,2007,13021
186,2007,13459
186,2007,13465
186,2007,13466
186,2007,13467
186,2007,13468
186,2007,13469
186,2007,13470
186,2007,13471
186,2007,13472
186,2007,13473
186,2008,2506
186,2008,2507
186,2008,2510
186,2008,2512
186,2008,2514
186,2008,2515
186,2008,4682
186,2008,5238
186,2008,5603
186,2008,12275
186,2008,12380
186,2008,12381
186,2008,12382
186,2008,12383
186,2008,12384
186,2008,12385
186,2008,12386
186,2008,12387
186,2008,12388
186,2009,3216
186,2009,3217
186,2009,3220
186,2009,3221
186,2009,4814
186,2009,4887
186,2009,5038
186,2009,6695
186,2009,6930
186,2009,37436
186,2010,3224
186,2010,3226
186,2010,10447
186,2010,10448
186,2010,10454
186,2010,10506
186,2010,10768
186,2010,10782
186,2010,10796
186,2010,10797
186,2010,10798
186,2010,10799
186,2011,3935
186,2011,3959
186,2011,3999
186,2011,4001
186,2011,4003
186,2011,4005
186,2011,4006
186,2011,7508
186,2011,7513
186,2011,7582
186,2011,9925
186,2012,4009
186,2012,5203
186,2012,5872
186,2012,7593
186,2012,8918
186,2012,9059
186,2012,9060
186,2012,9065
186,2012,9086
186,2012,9087
186,2012,9140
186,2012,9141
186,2012,9142
186,2012,9143
186,2013,4572
186,2013,4573
186,2013,6271
186,2013,7874
186,2013,7875
186,2013,8138
186,2013,8987
186,2013,9026
186,2013,9324
186,2013,9387
186,2014,10004
186,2014,10597
186,2014,11482
186,2014,11672
186,2014,11781
186,2014,11883
186,2014,11887
186,2014,11914
186,2014,11992
186,2014,11994
186,2014,12087
186,2014,12088
186,2015,12809
186,2015,12845
186,2015,13065
186,2015,13081
186,2015,13142
186,2015,13285
186,2015,13781
186,2015,13832
186,2015,14053
186,2015,14064
186,2015,14147
186,2016,14872
186,2016,14918
186,2016,15558
186,2016,15562
186,2016,15698
186,2016,15719
186,2016,15766
186,2016,15830
186,2016,15913
186,2016,16050
186,2016,16086
186,2016,16090
186,2016,16098
186,2016,16152
186,2016,16153
186,2016,16154
186,2016,16155
186,2017,17027
186,2017,17100
186,2017,17620
186,2017,17704
186,2017,17981
186,2017,18049
186,2017,18124
186,2017,18332
186,2017,18396
186,2018,19465
186,2018,19539
186,2018,20189
186,2018,20777
186,2018,20860
186,2018,21050
186,2018,21224
186,2018,21298
186,2018,21303
186,2018,21368
186,2018,21469
186,2019,21786
186,2019,21824
186,2019,21866
186,2019,21991
186,2019,22544
186,2019,22635
186,2019,23167
186,2019,23209
186,2019,23856
186,2019,23976
186,2019,24217
186,2019,24285
186,2019,24381
186,2019,24507
186,2019,41408
186,2021,30934
186,2021,30959
186,2021,31038
186,2021,31134
186,2021,31497
186,2021,32696
186,2021,32741
186,2021,32744
186,2021,32809
186,2021,32933
186,2021,32935
186,2021,32936
186,2022,32937
186,2022,34139
186,2022,34190
186,2022,34642
186,2022,34647
186,2022,34786
186,2022,34853
186,2022,34913
186,2022,35290
186,2022,35351
186,2022,35882
186,2022,35886
186,2022,35892
186,2022,35902
186,2022,35906
186,2023,35909
186,2023,35918
186,2023,35964
186,2023,35971
186,2023,36028
186,2023,36521
186,2023,36588
186,2023,36911
186,2023,36992
186,2023,37282
186,2023,37359
186,2023,37463
186,2023,37573
186,2023,37656
186,2023,37796
186,2024,37858
186,2024,38040
186,2024,38144
186,2024,38178
186,2024,38285
186,2024,38608
186,2024,38752
186,2024,39036
186,2024,39145
186,2024,39475
186,2024,39587
186,2024,39654
186,2024,40022
186,2024,40118
186,2024,40247
186,2024,40313
186,2024,40326
186,2024,40375
186,2024,40409
186,2024,40415
186,2025,40420
186,2025,40421
186,2025,41054
186,2025,41132
186,2025,41574
186,2025,41692
186,2025,42126
186,2025,42201
186,2025,42367
186,2025,42483
186,2025,42665
186,2025,42758
193,1996,26633
193,1996,26634
193,1996,26647
193,1996,26728
193,1996,26729
193,1996,26988
193,1996,26989
193,1997,25875
193,1997,25878
193,1997,26175
193,1997,26177
193,1997,26290
193,1997,26291
193,1997,26292
193,1997,26293
193,1998,25099
193,1998,25150
193,1998,25211
193,1998,25306
193,1998,25351
193,1998,25352
193,1998,25353
193,1999,23800
193,1999,24107
193,1999,24672
193,2000,22443
193,2000,22816
193,2000,22948
193,2000,22949
193,2000,22950
193,2001,21608
193,2001,21610
193,2001,21850
193,2001,21851
193,2001,21852
193,2001,21853
193,2003,65
193,2003,66
193,2003,1499
193,2003,1500
193,2003,1502
193,2003,1503
193,2003,1507
193,2003,1508
193,2004,161
193,2004,162
193,2004,167
193,2004,168
193,2004,171
193,2004,172
193,2004,5980
193,2004,6725
193,2004,16400
193,2004,16402
193,2004,16405
193,2004,18575
193,2005,5261
193,2005,5709
193,2007,2484
193,2007,2485
193,2007,2486
193,2007,2490
193,2007,13419
193,2007,13585
193,2008,2519
193,2008,2521
193,2008,2523
193,2008,2524
193,2008,2527
193,2008,2529
193,2008,3282
193,2008,3285
193,2008,3286
193,2008,6170
193,2008,12620
193,2008,12723
193,2009,3237
193,2009,3240
193,2009,3241
193,2009,4819
193,2009,4873
193,2009,11865
193,2009,12005
193,2010,3259
193,2010,3261
193,2010,3263
193,2010,7863
193,2010,7866
193,2011,3936
193,2011,3954
193,2011,9781
193,2011,10185
193,2011,10292
193,2012,7652
193,2012,8933
193,2012,9221
193,2012,9224
193,2012,9430
193,2012,9572
193,2012,9644
193,2012,9749
193,2013,4612
193,2013,4616
193,2014,10547
193,2014,10557
193,2014,10572
193,2015,13157
193,2015,13291
193,2015,13672
193,2015,13964
193,2015,14055
193,2015,14129
193,2015,14143
193,2015,14222
193,2016,14941
193,2016,15688
193,2016,15918
193,2016,15978
193,2017,17119
193,2017,17725
193,2017,18040
193,2017,18159
193,2017,18434
193,2017,18541
193,2018,19749
193,2018,21707
193,2018,21797
193,2019,21822
193,2019,21862
193,2019,21936
193,2019,23234
193,2019,23861
193,2019,23979
193,2019,24168
193,2019,24306
193,2019,24383
193,2019,24508
193,2021,30997
193,2021,31095
193,2022,34642
193,2022,34785
193,2022,34843
193,2022,34903
193,2023,36543
193,2023,36885
193,2023,36962
193,2023,37070
193,2023,37316
193,2023,37448
193,2023,37655
193,2023,37806
193,2024,38584
193,2024,38618
193,2024,38751
193,2024,38839
193,2024,39020
193,2024,39144
193,2025,41134
193,2025,41692
193,2025,42107
193,2025,42117
193,2025,42159
193,2025,42370
193,2025,42482
193,2025,42756
197,1996,16472
197,1996,16507
197,1996,16509
197,1996,16523
197,1996,16527
197,1996,16530
197,1996,26625
197,1996,26704
197,1996,26717
197,1996,26736
197,1996,26758
197,1996,26759
197,1996,26760
197,1996,26761
197,1996,26762
197,1996,26763
197,1996,26764
197,1996,26765
197,1996,26766
197,1996,26767
197,1996,26768
197,1996,26769
197,1996,26770
197,1996,26771
197,1996,26772
197,1996,38419
197,1997,25709
197,1997,25713
197,1997,25762
197,1997,25765
197,1997,25771
197,1997,25818
197,1997,25902
197,1997,25962
197,1997,26047
197,1997,26048
197,1997,26049
197,1997,26050
197,1997,26051
197,1997,26052
197,1997,26053
197,1997,26054
197,1997,26055
197,1997,26056
197,1997,26057
197,1997,26058
197,1998,25069
197,1998,25128
197,1998,25152
197,1998,25173
197,1998,25177
197,1998,25180
197,1998,25245
197,1998,25247
197,1998,25271
197,1998,25272
197,1998,25273
197,1998,25274
197,1998,25275
197,1998,25276
197,1998,25277
197,1998,25278
197,1998,25279
197,1998,25280
197,1999,23577
197,1999,23801
197,1999,23821
197,1999,24101
197,1999,24102
197,1999,24103
197,1999,24104
197,1999,24105
197,1999,24106
197,1999,24107
197,1999,24108
197,1999,24109
197,1999,24110
197,2000,4857
197,2000,4898
197,2000,4938
197,2000,5295
197,2000,5929
197,2000,6225
197,2000,22222
197,2000,22295
197,2000,22766
197,2000,22767
197,2000,22768
197,2001,6218
197,2001,21059
197,2001,21123
197,2001,21124
197,2001,21318
197,2001,21322
197,2001,21326
197,2001,21379
197,2001,21382
197,2001,21429
197,2001,21433
197,2001,21506
197,2001,21614
197,2001,21616
197,2001,21632
197,2001,21633
197,2001,21634
197,2001,21635
197,2001,21636
197,2001,21637
197,2001,21638
197,2001,21639
197,2001,21640
197,2001,38420
197,2002,6210
197,2002,19885
197,2002,19931
197,2002,19948
197,2002,20025
197,2002,20044
197,2002,20077
197,2003,1499
197,2003,1500
197,2003,1501
197,2003,1504
197,2003,1505
197,2003,1506
197,2003,5227
197,2003,5228
197,2003,18881
197,2003,18919
197,2003,18997
197,2003,18998
197,2003,18999
197,2003,19000
197,2004,127
197,2004,128
197,2004,131
197,2004,132
197,2004,135
197,2004,136
197,2004,5223
197,2004,5225
197,2004,5226
197,2004,16395
197,2004,16397
197,2004,16398
197,2004,18224
197,2004,18234
197,2004,18235
197,2004,18236
197,2004,18237
197,2004,18238
197,2004,18239
197,2004,18240
197,2004,18241
197,2004,18242
197,2005,6343
197,2005,17246
197,2005,17258
197,2005,17330
197,2005,17399
197,2005,17426
197,2005,17427
197,2005,17428
197,2005,17429
197,2005,17430
197,2006,1568
197,2006,1569
197,2006,1572
197,2006,1574
197,2006,1576
197,2006,1578
197,2006,5257
197,2006,13929
197,2006,14510
197,2006,14614
197,2006,16959
197,2006,16962
197,2007,1515
197,2007,1518
197,2007,1519
197,2007,2464
197,2007,2465
197,2007,5141
197,2007,13455
197,2007,13475
197,2007,13487
197,2007,13523
197,2007,13532
197,2007,13533
197,2007,13534
197,2007,13535
197,2007,13536
197,2007,13537
197,2007,13538
197,2007,13539
197,2007,13540
197,2007,13541
197,2007,13542
197,2008,2543
197,2008,2545
197,2008,2546
197,2008,2548
197,2008,2551
197,2008,2552
197,2008,2574
197,2008,2577
197,2008,2578
197,2008,2580
197,2008,5851
197,2008,6165
197,2008,12311
197,2008,12343
197,2008,12455
197,2008,12509
197,2008,12510
197,2008,12511
197,2009,2584
197,2009,2587
197,2009,2589
197,2009,2590
197,2009,3197
197,2009,3198
197,2009,6918
197,2009,11572
197,2009,11874
197,2009,11875
197,2009,11876
197,2009,11877
197,2009,11878
197,2009,11879
197,2009,11880
197,2010,3201
197,2010,3202
197,2010,10441
197,2010,10702
197,2010,10772
197,2010,10950
197,2010,10951
197,2010,10952
197,2010,10953
197,2010,10954
197,2010,10955
197,2010,10956
197,2011,3945
197,2011,3958
197,2011,3974
197,2011,3977
197,2011,3978
197,2011,3980
197,2011,3983
197,2011,7519
197,2011,7565
197,2011,9872
197,2011,9957
197,2011,10107
197,2011,10108
197,2011,10109
197,2011,10110
197,2012,3985
197,2012,4906
197,2012,5204
197,2012,7082
197,2012,7699
197,2012,7706
197,2012,8310
197,2012,9231
197,2012,9232
197,2012,9233
197,2013,4584
197,2013,4586
197,2013,7908
197,2013,7909
197,2013,7910
197,2013,7911
197,2013,7912
197,2013,8721
197,2013,8837
197,2013,8996
197,2013,9291
197,2013,9337
197,2013,9386
197,2013,12427
197,2013,12428
197,2013,12429
197,2014,10000
197,2014,10598
197,2014,10658
197,2014,11133
197,2014,11235
197,2014,11274
197,2014,11414
197,2014,11559
197,2014,11667
197,2014,11710
197,2014,11746
197,2014,11804
197,2014,11807
197,2014,11886
197,2014,12167
197,2015,12183
197,2015,12230
197,2015,12243
197,2015,12260
197,2015,12308
197,2015,12323
197,2015,13155
197,2015,13280
197,2015,13654
197,2015,13673
197,2015,13786
197,2015,13972
197,2015,14129
197,2015,14152
197,2015,14221
197,2016,14566
197,2016,14799
197,2016,14874
197,2016,14947
197,2016,15430
197,2016,15452
197,2016,15695
197,2016,15715
197,2016,15767
197,2016,15830
197,2016,15919
197,2016,16052
197,2016,16095
197,2017,17028
197,2017,17099
197,2017,17630
197,2017,17704
197,2017,18043
197,2017,18125
197,2017,18516
197,2017,18551
197,2017,18766
197,2017,18780
197,2017,18784
197,2017,18862
197,2018,18789
197,2018,18833
197,2018,19461
197,2018,19538
197,2018,20492
197,2018,20538
197,2018,20662
197,2018,20779
197,2018,20914
197,2018,21192
197,2018,21276
197,2018,40423
197,2019,21785
197,2019,21825
197,2019,21866
197,2019,22024
197,2019,22076
197,2019,22138
197,2019,22528
197,2019,22646
197,2019,23977
197,2019,24138
197,2019,24139
197,2019,24166
197,2019,24285
197,2019,24382
197,2019,24552
197,2019,24555
197,2019,24559
197,2020,28438
197,2020,28936
197,2020,29001
197,2021,29377
197,2021,30356
197,2021,30911
197,2021,30965
197,2021,31038
197,2021,31103
197,2021,31140
197,2021,31711
197,2021,31804
197,2021,32064
197,2021,32180
197,2021,32460
197,2021,32565
197,2021,32648
197,2021,32689
197,2021,32703
197,2021,32737
197,2022,33186
197,2022,33234
197,2022,34109
197,2022,34209
197,2022,34646
197,2022,34763
197,2022,35304
197,2022,35372
197,2022,35530
197,2022,35568
197,2022,35915
197,2023,35921
197,2023,35965
197,2023,35972
197,2023,36588
197,2023,36631
197,2023,37393
197,2023,37610
197,2023,37654
197,2023,37809
197,2023,37856
197,2023,38421
197,2024,37872
197,2024,37987
197,2024,38108
197,2024,38157
197,2024,38240
197,2024,38606
197,2024,38750
197,2024,39021
197,2024,39143
197,2024,39353
197,2024,39497
197,2024,39553
197,2024,39683
197,2024,40054
197,2024,40190
197,2024,40399
197,2024,40405
197,2024,40410
197,2025,41021
197,2025,41143
197,2025,41593
197,2025,41708
197,2025,42277
197,2025,42280
197,2025,42424
197,2025,42493
197,2025,42675
197,2025,42765
197,2025,42797
197,2025,42814
197,2025,42819
197,2025,42843
197,2025,42844
197,2025,42974
201,1995,27288
201,1995,27289
201,1995,27293
201,1996,16518
201,1996,16519
201,1996,16522
201,1996,26589
201,1996,26770
201,1996,26771
201,1996,26796
201,1996,26797
201,1997,25707
201,1997,25711
201,1997,25761
201,1997,25764
201,1997,26056
201,1997,26058
201,1997,26071
201,1997,26072
201,1997,26073
201,1997,26074
201,1997,26075
201,1997,26076
201,1997,26077
201,1997,26078
201,1998,25021
201,1998,25092
201,1998,25179
201,1998,25204
201,1998,25205
201,1998,25206
201,1998,25207
201,1998,25208
201,1998,25209
201,1998,25210
201,1998,25211
201,1999,23815
201,1999,23816
201,1999,23817
201,1999,23818
201,1999,23819
201,1999,23820
201,1999,23821
201,2000,5168
201,2000,16459
201,2000,16460
201,2000,16462
201,2000,22475
201,2000,22699
201,2000,22815
201,2000,22816
201,2001,21321
201,2001,21325
201,2001,21428
201,2001,21432
201,2001,21569
201,2001,21603
201,2001,21604
201,2001,21605
201,2001,21606
201,2001,21607
201,2001,21608
201,2001,21609
201,2001,21610
201,2001,21611
201,2001,21612
201,2001,21613
201,2001,21614
201,2001,21615
201,2001,21616
201,2001,21617
201,2001,22066
201,2002,20054
201,2002,20055
201,2003,1426
201,2003,1428
201,2003,1430
201,2003,1432
201,2003,1434
201,2003,1436
201,2003,18878
201,2003,18879
201,2003,18880
201,2003,18881
201,2004,89
201,2004,90
201,2004,91
201,2004,94
201,2004,98
201,2004,16401
201,2004,16403
201,2004,16405
201,2004,16413
201,2004,17923
201,2004,17924
201,2005,175
201,2005,176
201,2005,177
201,2005,178
201,2005,183
201,2005,184
201,2005,197
201,2005,198
201,2006,1597
201,2006,1600
201,2006,1602
201,2006,1604
201,2006,1605
201,2006,1607
201,2007,1522
201,2007,1523
201,2007,1526
201,2007,1536
201,2007,2454
201,2007,2455
201,2007,4802
201,2007,12952
201,2007,13011
201,2007,13341
201,2007,13415
201,2007,13466
201,2007,13503
201,2007,13605
201,2007,13633
201,2007,13634
201,2007,13644
201,2007,13648
201,2008,2530
201,2008,2533
201,2008,2534
201,2008,2536
201,2008,2539
201,2008,2541
201,2008,2554
201,2008,2556
201,2008,2559
201,2008,5602
201,2008,6171
201,2008,12358
201,2008,12711
201,2009,2563
201,2009,2565
201,2009,2566
201,2009,2568
201,2009,2572
201,2009,3198
201,2009,3199
201,2009,3200
201,2009,11952
201,2009,12055
201,2009,12056
201,2010,3202
201,2010,7240
201,2010,11016
201,2010,11256
201,2010,11260
201,2010,11261
201,2010,11262
201,2011,3937
201,2011,3952
201,2011,3986
201,2011,3988
201,2011,3991
201,2011,3993
201,2011,3995
201,2011,9845
201,2011,9869
201,2011,9941
201,2011,10072
201,2011,10076
201,2011,10208
201,2011,10223
201,2011,10225
201,2011,10237
201,2011,10312
201,2012,3997
201,2012,4022
201,2012,4024
201,2012,4028
201,2012,4030
201,2012,4032
201,2012,7082
201,2012,8473
201,2012,9233
201,2012,9480
201,2012,9483
201,2012,9562
201,2012,9563
201,2013,4034
201,2013,4583
201,2013,4586
201,2013,7945
201,2013,8043
201,2013,8122
201,2013,8174
201,2013,8772
201,2013,8834
201,2013,9033
201,2013,9326
201,2013,9382
201,2014,10000
201,2014,10602
201,2014,10610
201,2014,11092
201,2014,11204
201,2014,11238
201,2014,11350
201,2014,11485
201,2014,11559
201,2014,12085
201,2014,12090
201,2014,12092
201,2014,12165
201,2015,12179
201,2015,12226
201,2015,12238
201,2015,12255
201,2015,12796
201,2015,12851
201,2015,13177
201,2015,13281
201,2015,13670
201,2015,13783
201,2015,13970
201,2015,14149
201,2015,14224
201,2016,14674
201,2016,14871
201,2016,14943
201,2016,15458
201,2016,15687
201,2016,15696
201,2016,15717
201,2016,15768
201,2016,15829
201,2016,15914
201,2016,15983
201,2016,16048
201,2017,16326
201,2017,17025
201,2017,17103
201,2017,17620
201,2017,17701
201,2017,18046
201,2017,18128
201,2017,18516
201,2018,19481
201,2018,19586
201,2018,20154
201,2018,20231
201,2018,20570
201,2018,20661
201,2018,20845
201,2018,20913
201,2018,21156
201,2018,21273
201,2019,21823
201,2019,21862
201,2019,21935
201,2019,22023
201,2019,22562
201,2019,22634
201,2019,23157
201,2019,23201
201,2019,23273
201,2019,23858
201,2019,23961
201,2019,24159
201,2019,24277
201,2019,24353
201,2019,24375
201,2019,24500
201,2020,25444
201,2020,27778
201,2020,28382
201,2020,28438
201,2020,28939
201,2020,29030
201,2021,29938
201,2021,30357
201,2021,31037
201,2021,31104
201,2021,31138
201,2021,31773
201,2021,32110
201,2021,32220
201,2021,32541
201,2022,33200
201,2022,34163
201,2022,34249
201,2022,34790
201,2022,34854
201,2022,34913
201,2022,35302
201,2022,35390
201,2022,35529
201,2022,35591
201,2023,36490
201,2023,36587
201,2023,36882
201,2023,36937
201,2023,36962
201,2023,37017
201,2023,37337
201,2023,37402
201,2023,37548
201,2023,37612
201,2023,37655
201,2023,37794
201,2023,37852
201,2024,37877
201,2024,37982
201,2024,38107
201,2024,38155
201,2024,38285
201,2024,38316
201,2024,38620
201,2024,38749
201,2024,39020
201,2024,39161
201,2024,39350
201,2024,39500
201,2024,39552
201,2024,39683
201,2024,40055
201,2024,40189
201,2025,40667
201,2025,41022
201,2025,41149
201,2025,41593
201,2025,41704
201,2025,42106
201,2025,42117
201,2025,42158
201,2025,42214
201,2025,42361
201,2025,42450
201,2025,42693
201,2025,42746
204,1995,27711
204,1995,27714
204,1995,27777
204,1995,27844
204,1995,27877
204,1995,27878
204,1995,27879
204,1996,26825
204,1996,27018
204,1996,27119
204,1996,27120
204,1996,27121
204,1996,27122
204,1996,27123
204,1996,27124
204,1996,27125
204,1997,5117
204,1997,25877
204,1997,25880
204,1997,26174
204,1997,26176
204,1997,26201
204,1997,26292
204,1997,26293
204,1997,26307
204,1997,26334
204,1997,26385
204,1997,26392
204,1997,26409
204,1997,26432
204,1997,26433
204,1998,25151
204,1998,25352
204,1998,25393
204,1998,25482
204,1998,25484
204,1998,25509
204,1998,25510
204,1998,25511
204,1999,24546
204,1999,24549
204,1999,24704
204,1999,24779
204,1999,24823
204,1999,24824
204,1999,24825
204,2000,22417
204,2000,22978
204,2000,23042
204,2000,23046
204,2000,23058
204,2000,23071
204,2000,23072
204,2000,23073
204,2000,23074
204,2000,23075
204,2001,21372
204,2001,21375
204,2001,21998
204,2001,21999
204,2001,22000
204,2001,22001
204,2002,4858
204,2002,5154
204,2002,20088
204,2002,20336
204,2002,20345
204,2002,20346
204,2002,20347
204,2002,20348
204,2002,20349
204,2002,20350
204,2003,1474
204,2003,1476
204,2003,1478
204,2003,1480
204,2003,1482
204,2003,1483
204,2004,149
204,2004,150
204,2004,155
204,2004,156
204,2004,157
204,2004,158
204,2004,18554
204,2004,18555
204,2004,18556
204,2004,18557
204,2004,18558
204,2004,18559
204,2006,4990
204,2006,5035
204,2006,14615
204,2006,16984
204,2007,1515
204,2007,1517
204,2007,1520
204,2007,1533
204,2007,2464
204,2007,2465
204,2007,4649
204,2007,13470
204,2007,13472
204,2007,13481
204,2007,13492
204,2007,13551
204,2007,13552
204,2008,5604
204,2008,12276
204,2008,12380
204,2008,12381
204,2008,12385
204,2008,12386
204,2008,12415
204,2008,12431
204,2008,12432
204,2008,12435
204,2008,12436
204,2008,12619
204,2008,12620
204,2008,12621
204,2009,3204
204,2009,3205
204,2009,3208
204,2009,3209
204,2009,5611
204,2009,11864
204,2009,12005
204,2010,3213
204,2010,7158
204,2010,7162
204,2010,7239
204,2010,10444
204,2010,10503
204,2010,10504
204,2010,10813
204,2010,10816
204,2010,10979
204,2010,10991
204,2010,10992
204,2011,3922
204,2011,3929
204,2011,3940
204,2011,3956
204,2011,9800
204,2012,8887
204,2012,8888
204,2012,8899
204,2012,8917
204,2012,9066
204,2012,9068
204,2012,9140
204,2012,9209
204,2012,9222
204,2012,9223
204,2012,9224
204,2012,9225
204,2013,4584
204,2013,4585
204,2013,8984
204,2013,9033
204,2013,9326
204,2013,9386
204,2014,10009
204,2014,10722
204,2014,11270
204,2014,11674
204,2014,11786
204,2014,11820
204,2014,11885
204,2014,11911
204,2014,11993
204,2014,12044
204,2015,13051
204,2015,13081
204,2015,13777
204,2015,13962
204,2015,14053
204,2016,14869
204,2016,14945
204,2016,15481
204,2016,15559
204,2016,15564
204,2016,15831
204,2016,15897
204,2016,15972
204,2016,16089
204,2016,16093
204,2016,16099
204,2016,16150
204,2016,16151
204,2017,17013
204,2017,17121
204,2017,17722
204,2017,18158
204,2017,18430
204,2017,18538
204,2018,19728
204,2018,21048
204,2018,21202
204,2018,21296
204,2018,21301
204,2018,21369
204,2018,21470
204,2018,21699
204,2018,23229
204,2018,23230
204,2018,40419
204,2019,21795
204,2019,21857
204,2019,21904
204,2019,21990
204,2019,22073
204,2019,23167
204,2019,23225
204,2019,23856
204,2019,24165
204,2019,24284
204,2019,24382
204,2019,24507
204,2021,31029
204,2021,31098
204,2021,31140
204,2021,31501
204,2021,31714
204,2021,31806
204,2021,32068
204,2021,32182
204,2021,32459
204,2021,32562
204,2021,32699
204,2021,32743
204,2021,32765
204,2021,32814
204,2021,32933
204,2021,32935
204,2022,33188
204,2022,33236
204,2022,34107
204,2022,34208
204,2022,34662
204,2022,35279
204,2022,35371
204,2022,35885
204,2022,35894
204,2022,35904
204,2022,35908
204,2023,35911
204,2023,35917
204,2023,35960
204,2023,35971
204,2023,36028
204,2023,36901
204,2023,37005
204,2023,37380
204,2023,37458
204,2023,37564
204,2023,37612
204,2023,37662
204,2023,37793
204,2024,37940
204,2024,37985
204,2024,38132
204,2024,38164
204,2024,38619
204,2024,38748
204,2024,39019
204,2024,39160
204,2024,39346
204,2024,39475
204,2024,39622
204,2024,40253
204,2024,40318
204,2024,40373
204,2024,40380
204,2024,40408
204,2024,40414
204,2025,40420
204,2025,40421
204,2025,41131
204,2025,41185
204,2025,41697
204,2025,42366
204,2025,42481
204,2025,42782
206,1996,26694
206,1996,26696
206,1996,26884
206,1996,27183
206,1996,27184
206,1997,26071
206,1997,26076
206,1997,26330
206,1997,26332
206,1997,26420
206,1997,26421
206,2000,6227
206,2000,6228
206,2000,22445
206,2000,22948
206,2000,23118
206,2000,23119
206,2001,21637
206,2001,21638
206,2001,22028
206,2001,22029
206,2001,22030
206,2001,22031
206,2002,7251
206,2002,19892
206,2002,20047
206,2002,20109
206,2002,20319
206,2003,1450
206,2003,1451
206,2003,1454
206,2003,1456
206,2003,1457
206,2003,1460
206,2003,6357
206,2003,7152
206,2003,19061
206,2003,19144
206,2003,19236
206,2004,125
206,2004,126
206,2004,129
206,2004,130
206,2004,135
206,2004,136
206,2004,5984
206,2004,6725
206,2004,7210
206,2004,7214
206,2004,7230
206,2004,17943
206,2004,17947
206,2004,18236
206,2004,18245
206,2004,18255
206,2004,18275
206,2004,18280
206,2004,18299
206,2006,1544
206,2006,1545
206,2006,1548
206,2006,1550
206,2006,1552
206,2006,1554
206,2006,6948
206,2006,7212
206,2006,7217
206,2006,7226
206,2006,7227
206,2007,2472
206,2007,2473
206,2007,2487
206,2007,2491
206,2007,7232
206,2007,13541
206,2007,13621
206,2007,13625
206,2007,13636
206,2008,5214
206,2008,5215
206,2008,5216
206,2008,5218
206,2008,5686
206,2008,6168
206,2008,12416
206,2009,3173
206,2009,3175
206,2009,3178
206,2009,6799
206,2009,6801
206,2009,6933
206,2009,11880
206,2009,11981
206,2009,12014
206,2010,3180
206,2010,3182
206,2010,3184
206,2010,5042
206,2010,6937
206,2010,6947
206,2010,6975
206,2010,7039
206,2010,7044
206,2010,7150
206,2010,7178
206,2010,7257
206,2010,10443
206,2010,11013
206,2010,11068
206,2010,11084
206,2010,11085
206,2010,11103
206,2010,11308
206,2010,11330
206,2011,3939
206,2011,3960
206,2011,10221
206,2012,7626
206,2012,7699
206,2012,7706
206,2012,8489
206,2012,9178
206,2012,9248
206,2012,9282
206,2012,9553
206,2012,9578
206,2012,9581
206,2012,9588
206,2013,4580
206,2013,4582
206,2013,7903
206,2013,7933
206,2013,7954
206,2013,8982
206,2013,8992
206,2013,9325
206,2013,9384
206,2014,10007
206,2014,10217
206,2014,10379
206,2014,11205
206,2014,11484
206,2014,11666
206,2014,11671
206,2014,11694
206,2014,11744
206,2014,11802
206,2015,12263
206,2015,12406
206,2015,12668
206,2015,12721
206,2015,13169
206,2015,13293
206,2015,13652
206,2015,13670
206,2015,13788
206,2015,14050
206,2015,14148
206,2015,14224
206,2016,14876
206,2016,15425
206,2016,15533
206,2017,17016
206,2017,17127
206,2017,17726
206,2017,18160
206,2017,18436
206,2017,18544
206,2017,18755
206,2017,18767
206,2017,18782
206,2017,18786
206,2017,40447
206,2018,19751
206,2018,21194
206,2018,21276
206,2018,21715
206,2019,21791
206,2019,21858
206,2019,21904
206,2019,23716
206,2019,23734
206,2019,23855
206,2019,23971
206,2019,24015
206,2019,24018
206,2019,24021
206,2019,24159
206,2019,24376
206,2019,24501
206,2019,24552
206,2019,24556
206,2019,24560
206,2021,30996
206,2021,31104
206,2021,31137
206,2021,31183
206,2022,34789
206,2022,34851
206,2022,34910
206,2023,35920
206,2023,35961
206,2023,35968
206,2023,37466
206,2023,37577
206,2023,37670
206,2023,37799
206,2024,38606
206,2024,38750
206,2024,39038
206,2024,39155
206,2024,40241
206,2024,40242
206,2024,40249
206,2024,40322
206,2024,40402
206,2024,40406
206,2024,40412
206,2025,41142
206,2025,41698
206,2025,42376
206,2025,42480
206,2025,42755
206,2025,42791
214,1998,39852
214,1999,24954
214,2007,14456
214,2007,14457
214,2008,12898
214,2009,12103
214,2009,12116
214,2009,12123
214,2010,7043
214,2012,4827
214,2012,9610
214,2012,9636
214,2013,4606
214,2013,4607
214,2013,4609
214,2014,11163
214,2014,11165
214,2014,11168
214,2016,15597
214,2016,15599
214,2016,15601
214,2018,20529
214,2018,20533
214,2018,20543
214,2022,33617
214,2022,33715
214,2023,37720
214,2023,37833
214,2023,37838
214,2023,37841
214,2024,40377
214,2024,40401
229,2003,1409
229,2003,1410
229,2004,18317
229,2004,18582
229,2004,18632
229,2004,18645
229,2006,6897
229,2006,16987
229,2006,16994
229,2006,17011
229,2007,2468
229,2007,2469
229,2008,6717
229,2008,6892
229,2008,12476
229,2008,12763
229,2010,7278
229,2010,10982
229,2010,11076
229,2010,11312
229,2011,3917
229,2011,3924
229,2012,9548
229,2012,9552
229,2012,9585
229,2012,9600
229,2012,13084
229,2014,11489
229,2014,11492
229,2014,11493
229,2014,11499
229,2014,11677
229,2015,12663
229,2015,12686
229,2015,13163
229,2015,13280
229,2015,13679
229,2015,13958
229,2015,14049
229,2015,14152
229,2015,14212
229,2016,14944
229,2016,15386
229,2016,15423
229,2016,15456
229,2016,15880
229,2016,15939
229,2016,15952
229,2016,15954
229,2016,15957
229,2016,15959
229,2016,15964
229,2017,18671
229,2017,18673
229,2017,18674
229,2018,20811
229,2018,20812
229,2018,20813
229,2018,21050
229,2018,21106
229,2018,21225
229,2018,21299
229,2019,23200
229,2019,23281
229,2021,32696
229,2021,32708
229,2021,32740
229,2021,32745
229,2022,33199
229,2022,33216
229,2022,34939
229,2022,35032
229,2022,35384
229,2022,35512
229,2022,35514
229,2023,37467
229,2023,37576
229,2024,39349
229,2024,39494
229,2024,39545
229,2024,39682
229,2024,40247
229,2024,40288
229,2024,40314
229,2024,40325
229,2025,41133
229,2025,41186
229,2025,41701
229,2025,42372
229,2025,42484
229,2025,42757
230,1995,27758
230,1995,27760
230,1995,27763
230,1995,27878
230,1995,27907
230,1995,27908
230,1995,27909
230,1995,27910
230,1995,27911
230,1995,27912
230,1996,27007
230,1996,27010
230,1996,27091
230,1996,27093
230,1996,27123
230,1996,27169
230,1996,27202
230,1996,27204
230,1996,27205
230,1996,27206
230,1997,6359
230,1997,26197
230,1997,26406
230,1997,26453
230,1997,26454
230,1997,41521
230,1998,25390
230,1998,25457
230,1998,25548
230,1998,25549
230,1998,25551
230,1999,24547
230,1999,24824
230,1999,24903
230,1999,24904
230,2000,5058
230,2000,22293
230,2000,22701
230,2000,22973
230,2000,22977
230,2000,23041
230,2000,23317
230,2000,23318
230,2000,23319
230,2000,23320
230,2002,7095
230,2002,7096
230,2002,20334
230,2002,20349
230,2002,20421
230,2002,20422
230,2003,1406
230,2003,1407
230,2003,1486
230,2003,1487
230,2003,1489
230,2003,1491
230,2003,1494
230,2003,1496
230,2004,18222
230,2004,18316
230,2004,18554
230,2004,18580
230,2004,18611
230,2004,18618
230,2004,18633
230,2004,18636
230,2004,18639
230,2004,18645
230,2005,17363
230,2005,17407
230,2006,16916
230,2006,16918
230,2006,16920
230,2006,16923
230,2007,2460
230,2007,2461
230,2007,7093
230,2007,7094
230,2007,13460
230,2007,13473
230,2007,13512
230,2008,3289
230,2008,3290
230,2008,3292
230,2008,3294
230,2008,3296
230,2008,4647
230,2008,7092
230,2008,12278
230,2008,12409
230,2008,12410
230,2008,12411
230,2008,12413
230,2008,12433
230,2008,12611
230,2008,12621
230,2008,12674
230,2008,12675
230,2008,12723
230,2009,3231
230,2009,3234
230,2009,3235
230,2010,3253
230,2010,3254
230,2010,3256
230,2010,7864
230,2010,7865
230,2010,10814
230,2010,10978
230,2010,10991
230,2011,3921
230,2011,3925
230,2011,3944
230,2011,3947
230,2011,7508
230,2011,7513
230,2011,9890
230,2011,9982
230,2011,10135
230,2011,10251
230,2012,8916
230,2012,9091
230,2012,9141
230,2012,9222
230,2012,9546
230,2012,9547
230,2012,9548
230,2012,9549
230,2013,4588
230,2013,4590
230,2013,4592
230,2013,5781
230,2013,8037
230,2013,8773
230,2014,10542
230,2014,10551
230,2014,10569
230,2014,10722
230,2014,11236
230,2014,11271
230,2014,11492
230,2014,11494
230,2014,11498
230,2014,11500
230,2014,11882
230,2014,11888
230,2014,11914
230,2015,12844
230,2015,13161
230,2015,13271
230,2015,13289
230,2015,13654
230,2015,13678
230,2015,13757
230,2015,13963
230,2015,14054
230,2015,14133
230,2015,14141
230,2016,14938
230,2016,15028
230,2016,15555
230,2016,15560
230,2016,15563
230,2016,15962
230,2016,16046
230,2016,16089
230,2016,16094
230,2016,16100
230,2016,16152
230,2016,16153
230,2017,17012
230,2017,17117
230,2017,17717
230,2017,18045
230,2017,18332
230,2017,18425
230,2017,18454
230,2017,18534
230,2017,42112
230,2018,19464
230,2018,19723
230,2018,20158
230,2018,20763
230,2018,20843
230,2018,20917
230,2018,21104
230,2018,21201
230,2018,21296
230,2018,21300
230,2019,22522
230,2019,22630
230,2019,23269
230,2019,23839
230,2019,23851
230,2019,23975
230,2019,24164
230,2019,24351
230,2019,24379
230,2019,24504
230,2021,30923
230,2021,31094
230,2021,31136
230,2021,32596
230,2021,32653
230,2021,32697
230,2021,32708
230,2021,32741
230,2021,32810
230,2022,34640
230,2022,34788
230,2022,34848
230,2022,34911
230,2022,35280
230,2022,35337
230,2022,35882
230,2022,35893
230,2022,35899
230,2022,35907
230,2023,35911
230,2023,36464
230,2023,36524
230,2023,36917
230,2023,36989
230,2023,37445
230,2023,37470
230,2023,37580
230,2023,37669
230,2023,37800
230,2023,38554
230,2024,38615
230,2024,38754
230,2024,39029
230,2024,39154
230,2024,39549
230,2024,39640
230,2024,40164
230,2024,40244
230,2024,40252
230,2024,40308
230,2024,40374
230,2024,40380
230,2025,41138
230,2025,41696
230,2025,42281
230,2025,42369
230,2025,42485
230,2026,44212
