match_id,match_ref,match_url,error,status_code,failed_at_utc
100,100/,https://national-football-teams.com/matches/report/100/,HTTP 404,404,2026-04-16T08:56:09+00:00
10000,10000/,https://national-football-teams.com/matches/report/10000/,HTTP 404,404,2026-04-16T08:56:09+00:00
10001,10001/,https://national-football-teams.com/matches/report/10001/,HTTP 404,404,2026-04-16T08:56:09+00:00
10002,10002/,https://national-football-teams.com/matches/report/10002/,HTTP 404,404,2026-04-16T08:56:09+00:00
10003,10003/,https://national-football-teams.com/matches/report/10003/,HTTP 404,404,2026-04-16T08:56:09+00:00
10004,10004/,https://national-football-teams.com/matches/report/10004/,HTTP 404,404,2026-04-16T08:56:10+00:00
10005,10005/,https://national-football-teams.com/matches/report/10005/,HTTP 404,404,2026-04-16T08:56:10+00:00
10006,10006/,https://national-football-teams.com/matches/report/10006/,HTTP 404,404,2026-04-16T08:56:10+00:00
10007,10007/,https://national-football-teams.com/matches/report/10007/,HTTP 404,404,2026-04-16T08:56:10+00:00
10008,10008/,https://national-football-teams.com/matches/report/10008/,HTTP 404,404,2026-04-16T08:56:10+00:00
10009,10009/,https://national-football-teams.com/matches/report/10009/,HTTP 404,404,2026-04-16T08:56:10+00:00
10015,10015/,https://national-football-teams.com/matches/report/10015/,HTTP 404,404,2026-04-16T08:56:10+00:00
10038,10038/,https://national-football-teams.com/matches/report/10038/,HTTP 404,404,2026-04-16T08:56:10+00:00
10039,10039/,https://national-football-teams.com/matches/report/10039/,HTTP 404,404,2026-04-16T08:56:10+00:00
10043,10043/,https://national-football-teams.com/matches/report/10043/,HTTP 404,404,2026-04-16T08:56:10+00:00
10071,10071/,https://national-football-teams.com/matches/report/10071/,HTTP 404,404,2026-04-16T08:56:10+00:00
10072,10072/,https://national-football-teams.com/matches/report/10072/,HTTP 404,404,2026-04-16T08:56:10+00:00
10073,10073/,https://national-football-teams.com/matches/report/10073/,HTTP 404,404,2026-04-16T08:56:10+00:00
10074,10074/,https://national-football-teams.com/matches/report/10074/,HTTP 404,404,2026-04-16T08:56:10+00:00
10075,10075/,https://national-football-teams.com/matches/report/10075/,HTTP 404,404,2026-04-16T08:56:10+00:00
10076,10076/,https://national-football-teams.com/matches/report/10076/,HTTP 404,404,2026-04-16T08:56:10+00:00
10077,10077/,https://national-football-teams.com/matches/report/10077/,HTTP 404,404,2026-04-16T08:56:10+00:00
10078,10078/,https://national-football-teams.com/matches/report/10078/,HTTP 404,404,2026-04-16T08:56:10+00:00
10079,10079/,https://national-football-teams.com/matches/report/10079/,HTTP 404,404,2026-04-16T08:56:10+00:00
10090,10090/,https://national-football-teams.com/matches/report/10090/,HTTP 404,404,2026-04-16T08:56:10+00:00
10091,10091/,https://national-football-teams.com/matches/report/10091/,HTTP 404,404,2026-04-16T08:56:11+00:00
101,101/,https://national-football-teams.com/matches/report/101/,HTTP 404,404,2026-04-16T08:56:11+00:00
10107,10107/,https://national-football-teams.com/matches/report/10107/,HTTP 404,404,2026-04-16T08:56:11+00:00
10108,10108/,https://national-football-teams.com/matches/report/10108/,HTTP 404,404,2026-04-16T08:56:11+00:00
10109,10109/,https://national-football-teams.com/matches/report/10109/,HTTP 404,404,2026-04-16T08:56:11+00:00
10110,10110/,https://national-football-teams.com/matches/report/10110/,HTTP 404,404,2026-04-16T08:56:11+00:00
10115,10115/,https://national-football-teams.com/matches/report/10115/,HTTP 404,404,2026-04-16T08:56:11+00:00
10121,10121/,https://national-football-teams.com/matches/report/10121/,HTTP 404,404,2026-04-16T08:56:11+00:00
10122,10122/,https://national-football-teams.com/matches/report/10122/,HTTP 404,404,2026-04-16T08:56:11+00:00
10123,10123/,https://national-football-teams.com/matches/report/10123/,HTTP 404,404,2026-04-16T08:56:11+00:00
10124,10124/,https://national-football-teams.com/matches/report/10124/,HTTP 404,404,2026-04-16T08:56:11+00:00
10125,10125/,https://national-football-teams.com/matches/report/10125/,HTTP 404,404,2026-04-16T08:56:11+00:00
10132,10132/,https://national-football-teams.com/matches/report/10132/,HTTP 404,404,2026-04-16T08:56:11+00:00
10133,10133/,https://national-football-teams.com/matches/report/10133/,HTTP 404,404,2026-04-16T08:56:11+00:00
10134,10134/,https://national-football-teams.com/matches/report/10134/,HTTP 404,404,2026-04-16T08:56:11+00:00
10135,10135/,https://national-football-teams.com/matches/report/10135/,HTTP 404,404,2026-04-16T08:56:12+00:00
10136,10136/,https://national-football-teams.com/matches/report/10136/,HTTP 404,404,2026-04-16T08:56:12+00:00
10145,10145/,https://national-football-teams.com/matches/report/10145/,HTTP 404,404,2026-04-16T08:56:12+00:00
10152,10152/,https://national-football-teams.com/matches/report/10152/,HTTP 404,404,2026-04-16T08:56:12+00:00
10153,10153/,https://national-football-teams.com/matches/report/10153/,HTTP 404,404,2026-04-16T08:56:12+00:00
10154,10154/,https://national-football-teams.com/matches/report/10154/,HTTP 404,404,2026-04-16T08:56:12+00:00
10155,10155/,https://national-football-teams.com/matches/report/10155/,HTTP 404,404,2026-04-16T08:56:12+00:00
10156,10156/,https://national-football-teams.com/matches/report/10156/,HTTP 404,404,2026-04-16T08:56:12+00:00
10157,10157/,https://national-football-teams.com/matches/report/10157/,HTTP 404,404,2026-04-16T08:56:12+00:00
10158,10158/,https://national-football-teams.com/matches/report/10158/,HTTP 404,404,2026-04-16T08:56:12+00:00
10159,10159/,https://national-football-teams.com/matches/report/10159/,HTTP 404,404,2026-04-16T08:56:16+00:00
10183,10183/,https://national-football-teams.com/matches/report/10183/,HTTP 404,404,2026-04-16T08:56:16+00:00
10184,10184/,https://national-football-teams.com/matches/report/10184/,HTTP 404,404,2026-04-16T08:56:16+00:00
10185,10185/,https://national-football-teams.com/matches/report/10185/,HTTP 404,404,2026-04-16T08:56:16+00:00
10186,10186/,https://national-football-teams.com/matches/report/10186/,HTTP 404,404,2026-04-16T08:56:16+00:00
10187,10187/,https://national-football-teams.com/matches/report/10187/,HTTP 404,404,2026-04-16T08:56:17+00:00
10195,10195/,https://national-football-teams.com/matches/report/10195/,HTTP 404,404,2026-04-16T08:56:17+00:00
10196,10196/,https://national-football-teams.com/matches/report/10196/,HTTP 404,404,2026-04-16T08:56:17+00:00
102,102/,https://national-football-teams.com/matches/report/102/,HTTP 404,404,2026-04-16T08:56:17+00:00
10205,10205/,https://national-football-teams.com/matches/report/10205/,HTTP 404,404,2026-04-16T08:56:17+00:00
10206,10206/,https://national-football-teams.com/matches/report/10206/,HTTP 404,404,2026-04-16T08:56:17+00:00
10207,10207/,https://national-football-teams.com/matches/report/10207/,HTTP 404,404,2026-04-16T08:56:17+00:00
10208,10208/,https://national-football-teams.com/matches/report/10208/,HTTP 404,404,2026-04-16T08:56:17+00:00
10215,10215/,https://national-football-teams.com/matches/report/10215/,HTTP 404,404,2026-04-16T08:56:17+00:00
10216,10216/,https://national-football-teams.com/matches/report/10216/,HTTP 404,404,2026-04-16T08:56:17+00:00
10217,10217/,https://national-football-teams.com/matches/report/10217/,HTTP 404,404,2026-04-16T08:56:17+00:00
10218,10218/,https://national-football-teams.com/matches/report/10218/,HTTP 404,404,2026-04-16T08:56:17+00:00
10220,10220/,https://national-football-teams.com/matches/report/10220/,HTTP 404,404,2026-04-16T08:56:17+00:00
10221,10221/,https://national-football-teams.com/matches/report/10221/,HTTP 404,404,2026-04-16T08:56:17+00:00
10222,10222/,https://national-football-teams.com/matches/report/10222/,HTTP 404,404,2026-04-16T08:56:17+00:00
10223,10223/,https://national-football-teams.com/matches/report/10223/,HTTP 404,404,2026-04-16T08:56:17+00:00
10224,10224/,https://national-football-teams.com/matches/report/10224/,HTTP 404,404,2026-04-16T08:56:17+00:00
10225,10225/,https://national-football-teams.com/matches/report/10225/,HTTP 404,404,2026-04-16T08:56:17+00:00
10231,10231/,https://national-football-teams.com/matches/report/10231/,HTTP 404,404,2026-04-16T08:56:17+00:00
10232,10232/,https://national-football-teams.com/matches/report/10232/,HTTP 404,404,2026-04-16T08:56:17+00:00
10233,10233/,https://national-football-teams.com/matches/report/10233/,HTTP 404,404,2026-04-16T08:56:18+00:00
10234,10234/,https://national-football-teams.com/matches/report/10234/,HTTP 404,404,2026-04-16T08:56:18+00:00
10235,10235/,https://national-football-teams.com/matches/report/10235/,HTTP 404,404,2026-04-16T08:56:18+00:00
10236,10236/,https://national-football-teams.com/matches/report/10236/,HTTP 404,404,2026-04-16T08:56:18+00:00
10237,10237/,https://national-football-teams.com/matches/report/10237/,HTTP 404,404,2026-04-16T08:56:18+00:00
10238,10238/,https://national-football-teams.com/matches/report/10238/,HTTP 404,404,2026-04-16T08:56:18+00:00
10239,10239/,https://national-football-teams.com/matches/report/10239/,HTTP 404,404,2026-04-16T08:56:18+00:00
10240,10240/,https://national-football-teams.com/matches/report/10240/,HTTP 404,404,2026-04-16T08:56:18+00:00
10241,10241/,https://national-football-teams.com/matches/report/10241/,HTTP 404,404,2026-04-16T08:56:18+00:00
10242,10242/,https://national-football-teams.com/matches/report/10242/,HTTP 404,404,2026-04-16T08:56:18+00:00
10243,10243/,https://national-football-teams.com/matches/report/10243/,HTTP 404,404,2026-04-16T08:56:18+00:00
10244,10244/,https://national-football-teams.com/matches/report/10244/,HTTP 404,404,2026-04-16T08:56:18+00:00
10251,10251/,https://national-football-teams.com/matches/report/10251/,HTTP 404,404,2026-04-16T08:56:18+00:00
10252,10252/,https://national-football-teams.com/matches/report/10252/,HTTP 404,404,2026-04-16T08:56:18+00:00
10264,10264/,https://national-football-teams.com/matches/report/10264/,HTTP 404,404,2026-04-16T08:56:18+00:00
10265,10265/,https://national-football-teams.com/matches/report/10265/,HTTP 404,404,2026-04-16T08:56:18+00:00
10266,10266/,https://national-football-teams.com/matches/report/10266/,HTTP 404,404,2026-04-16T08:56:18+00:00
10267,10267/,https://national-football-teams.com/matches/report/10267/,HTTP 404,404,2026-04-16T08:56:18+00:00
10268,10268/,https://national-football-teams.com/matches/report/10268/,HTTP 404,404,2026-04-16T08:56:18+00:00
10269,10269/,https://national-football-teams.com/matches/report/10269/,HTTP 404,404,2026-04-16T08:56:18+00:00
10273,10273/,https://national-football-teams.com/matches/report/10273/,HTTP 404,404,2026-04-16T08:56:19+00:00
10274,10274/,https://national-football-teams.com/matches/report/10274/,HTTP 404,404,2026-04-16T08:56:19+00:00
10275,10275/,https://national-football-teams.com/matches/report/10275/,HTTP 404,404,2026-04-16T08:56:19+00:00
10276,10276/,https://national-football-teams.com/matches/report/10276/,HTTP 404,404,2026-04-16T08:56:19+00:00
10277,10277/,https://national-football-teams.com/matches/report/10277/,HTTP 404,404,2026-04-16T08:56:19+00:00
10278,10278/,https://national-football-teams.com/matches/report/10278/,HTTP 404,404,2026-04-16T08:56:19+00:00
10279,10279/,https://national-football-teams.com/matches/report/10279/,HTTP 404,404,2026-04-16T08:56:19+00:00
10280,10280/,https://national-football-teams.com/matches/report/10280/,HTTP 404,404,2026-04-16T08:56:19+00:00
10281,10281/,https://national-football-teams.com/matches/report/10281/,HTTP 404,404,2026-04-16T08:56:19+00:00
10282,10282/,https://national-football-teams.com/matches/report/10282/,HTTP 404,404,2026-04-16T08:56:19+00:00
10284,10284/,https://national-football-teams.com/matches/report/10284/,HTTP 404,404,2026-04-16T08:56:19+00:00
10285,10285/,https://national-football-teams.com/matches/report/10285/,HTTP 404,404,2026-04-16T08:56:19+00:00
10286,10286/,https://national-football-teams.com/matches/report/10286/,HTTP 404,404,2026-04-16T08:56:19+00:00
10287,10287/,https://national-football-teams.com/matches/report/10287/,HTTP 404,404,2026-04-16T08:56:19+00:00
10292,10292/,https://national-football-teams.com/matches/report/10292/,HTTP 404,404,2026-04-16T08:56:19+00:00
10293,10293/,https://national-football-teams.com/matches/report/10293/,HTTP 404,404,2026-04-16T08:56:19+00:00
10294,10294/,https://national-football-teams.com/matches/report/10294/,HTTP 404,404,2026-04-16T08:56:19+00:00
103,103/,https://national-football-teams.com/matches/report/103/,HTTP 404,404,2026-04-16T08:56:19+00:00
10300,10300/,https://national-football-teams.com/matches/report/10300/,HTTP 404,404,2026-04-16T08:56:19+00:00
10301,10301/,https://national-football-teams.com/matches/report/10301/,HTTP 404,404,2026-04-16T08:56:19+00:00
10302,10302/,https://national-football-teams.com/matches/report/10302/,HTTP 404,404,2026-04-16T08:56:19+00:00
10309,10309/,https://national-football-teams.com/matches/report/10309/,HTTP 404,404,2026-04-16T08:56:19+00:00
10310,10310/,https://national-football-teams.com/matches/report/10310/,HTTP 404,404,2026-04-16T08:56:19+00:00
10312,10312/,https://national-football-teams.com/matches/report/10312/,HTTP 404,404,2026-04-16T08:56:19+00:00
10314,10314/,https://national-football-teams.com/matches/report/10314/,HTTP 404,404,2026-04-16T08:56:19+00:00
10315,10315/,https://national-football-teams.com/matches/report/10315/,HTTP 404,404,2026-04-16T08:56:20+00:00
10316,10316/,https://national-football-teams.com/matches/report/10316/,HTTP 404,404,2026-04-16T08:56:20+00:00
10319,10319/,https://national-football-teams.com/matches/report/10319/,HTTP 404,404,2026-04-16T08:56:20+00:00
10335,10335/,https://national-football-teams.com/matches/report/10335/,HTTP 404,404,2026-04-16T08:56:20+00:00
10336,10336/,https://national-football-teams.com/matches/report/10336/,HTTP 404,404,2026-04-16T08:56:20+00:00
10337,10337/,https://national-football-teams.com/matches/report/10337/,HTTP 404,404,2026-04-16T08:56:20+00:00
10338,10338/,https://national-football-teams.com/matches/report/10338/,HTTP 404,404,2026-04-16T08:56:20+00:00
10339,10339/,https://national-football-teams.com/matches/report/10339/,HTTP 404,404,2026-04-16T08:56:20+00:00
10347,10347/,https://national-football-teams.com/matches/report/10347/,HTTP 404,404,2026-04-16T08:56:20+00:00
10377,10377/,https://national-football-teams.com/matches/report/10377/,HTTP 404,404,2026-04-16T08:56:20+00:00
10379,10379/,https://national-football-teams.com/matches/report/10379/,HTTP 404,404,2026-04-16T08:56:20+00:00
10385,10385/,https://national-football-teams.com/matches/report/10385/,HTTP 404,404,2026-04-16T08:56:20+00:00
104,104/,https://national-football-teams.com/matches/report/104/,HTTP 404,404,2026-04-16T08:56:20+00:00
10426,10426/,https://national-football-teams.com/matches/report/10426/,HTTP 404,404,2026-04-16T08:56:20+00:00
10431,10431/,https://national-football-teams.com/matches/report/10431/,HTTP 404,404,2026-04-16T08:56:20+00:00
10440,10440/,https://national-football-teams.com/matches/report/10440/,HTTP 404,404,2026-04-16T08:56:20+00:00
10441,10441/,https://national-football-teams.com/matches/report/10441/,HTTP 404,404,2026-04-16T08:56:20+00:00
10442,10442/,https://national-football-teams.com/matches/report/10442/,HTTP 404,404,2026-04-16T08:56:20+00:00
10443,10443/,https://national-football-teams.com/matches/report/10443/,HTTP 404,404,2026-04-16T08:56:20+00:00
10444,10444/,https://national-football-teams.com/matches/report/10444/,HTTP 404,404,2026-04-16T08:56:20+00:00
10445,10445/,https://national-football-teams.com/matches/report/10445/,HTTP 404,404,2026-04-16T08:56:21+00:00
10446,10446/,https://national-football-teams.com/matches/report/10446/,HTTP 404,404,2026-04-16T08:56:21+00:00
10447,10447/,https://national-football-teams.com/matches/report/10447/,HTTP 404,404,2026-04-16T08:56:21+00:00
10448,10448/,https://national-football-teams.com/matches/report/10448/,HTTP 404,404,2026-04-16T08:56:21+00:00
10454,10454/,https://national-football-teams.com/matches/report/10454/,HTTP 404,404,2026-04-16T08:56:21+00:00
10456,10456/,https://national-football-teams.com/matches/report/10456/,HTTP 404,404,2026-04-16T08:56:21+00:00
10465,10465/,https://national-football-teams.com/matches/report/10465/,HTTP 404,404,2026-04-16T08:56:21+00:00
10479,10479/,https://national-football-teams.com/matches/report/10479/,HTTP 404,404,2026-04-16T08:56:21+00:00
10480,10480/,https://national-football-teams.com/matches/report/10480/,HTTP 404,404,2026-04-16T08:56:21+00:00
10481,10481/,https://national-football-teams.com/matches/report/10481/,HTTP 404,404,2026-04-16T08:56:21+00:00
10482,10482/,https://national-football-teams.com/matches/report/10482/,HTTP 404,404,2026-04-16T08:56:21+00:00
10483,10483/,https://national-football-teams.com/matches/report/10483/,HTTP 404,404,2026-04-16T08:56:21+00:00
10484,10484/,https://national-football-teams.com/matches/report/10484/,HTTP 404,404,2026-04-16T08:56:21+00:00
10485,10485/,https://national-football-teams.com/matches/report/10485/,HTTP 404,404,2026-04-16T08:56:21+00:00
10486,10486/,https://national-football-teams.com/matches/report/10486/,HTTP 404,404,2026-04-16T08:56:21+00:00
10497,10497/,https://national-football-teams.com/matches/report/10497/,HTTP 404,404,2026-04-16T08:56:21+00:00
105,105/,https://national-football-teams.com/matches/report/105/,HTTP 404,404,2026-04-16T08:56:21+00:00
10501,10501/,https://national-football-teams.com/matches/report/10501/,HTTP 404,404,2026-04-16T08:56:21+00:00
10502,10502/,https://national-football-teams.com/matches/report/10502/,HTTP 404,404,2026-04-16T08:56:21+00:00
10503,10503/,https://national-football-teams.com/matches/report/10503/,HTTP 404,404,2026-04-16T08:56:21+00:00
10504,10504/,https://national-football-teams.com/matches/report/10504/,HTTP 404,404,2026-04-16T08:56:21+00:00
10505,10505/,https://national-football-teams.com/matches/report/10505/,HTTP 404,404,2026-04-16T08:56:21+00:00
10506,10506/,https://national-football-teams.com/matches/report/10506/,HTTP 404,404,2026-04-16T08:56:21+00:00
10507,10507/,https://national-football-teams.com/matches/report/10507/,HTTP 404,404,2026-04-16T08:56:21+00:00
10515,10515/,https://national-football-teams.com/matches/report/10515/,HTTP 404,404,2026-04-16T08:56:21+00:00
10522,10522/,https://national-football-teams.com/matches/report/10522/,HTTP 404,404,2026-04-16T08:56:22+00:00
10523,10523/,https://national-football-teams.com/matches/report/10523/,HTTP 404,404,2026-04-16T08:56:22+00:00
10524,10524/,https://national-football-teams.com/matches/report/10524/,HTTP 404,404,2026-04-16T08:56:22+00:00
10525,10525/,https://national-football-teams.com/matches/report/10525/,HTTP 404,404,2026-04-16T08:56:22+00:00
10526,10526/,https://national-football-teams.com/matches/report/10526/,HTTP 404,404,2026-04-16T08:56:22+00:00
10528,10528/,https://national-football-teams.com/matches/report/10528/,HTTP 404,404,2026-04-16T08:56:22+00:00
10529,10529/,https://national-football-teams.com/matches/report/10529/,HTTP 404,404,2026-04-16T08:56:22+00:00
10530,10530/,https://national-football-teams.com/matches/report/10530/,HTTP 404,404,2026-04-16T08:56:22+00:00
10531,10531/,https://national-football-teams.com/matches/report/10531/,HTTP 404,404,2026-04-16T08:56:22+00:00
10532,10532/,https://national-football-teams.com/matches/report/10532/,HTTP 404,404,2026-04-16T08:56:22+00:00
10533,10533/,https://national-football-teams.com/matches/report/10533/,HTTP 404,404,2026-04-16T08:56:22+00:00
10534,10534/,https://national-football-teams.com/matches/report/10534/,HTTP 404,404,2026-04-16T08:56:22+00:00
10535,10535/,https://national-football-teams.com/matches/report/10535/,HTTP 404,404,2026-04-16T08:56:22+00:00
10539,10539/,https://national-football-teams.com/matches/report/10539/,HTTP 404,404,2026-04-16T08:56:22+00:00
10541,10541/,https://national-football-teams.com/matches/report/10541/,HTTP 404,404,2026-04-16T08:56:22+00:00
10542,10542/,https://national-football-teams.com/matches/report/10542/,HTTP 404,404,2026-04-16T08:56:22+00:00
10547,10547/,https://national-football-teams.com/matches/report/10547/,HTTP 404,404,2026-04-16T08:56:22+00:00
10548,10548/,https://national-football-teams.com/matches/report/10548/,HTTP 404,404,2026-04-16T08:56:22+00:00
10551,10551/,https://national-football-teams.com/matches/report/10551/,HTTP 404,404,2026-04-16T08:56:22+00:00
10552,10552/,https://national-football-teams.com/matches/report/10552/,HTTP 404,404,2026-04-16T08:56:22+00:00
10556,10556/,https://national-football-teams.com/matches/report/10556/,HTTP 404,404,2026-04-16T08:56:23+00:00
10557,10557/,https://national-football-teams.com/matches/report/10557/,HTTP 404,404,2026-04-16T08:56:23+00:00
10568,10568/,https://national-football-teams.com/matches/report/10568/,HTTP 404,404,2026-04-16T08:56:23+00:00
10569,10569/,https://national-football-teams.com/matches/report/10569/,HTTP 404,404,2026-04-16T08:56:23+00:00
10571,10571/,https://national-football-teams.com/matches/report/10571/,HTTP 404,404,2026-04-16T08:56:23+00:00
10572,10572/,https://national-football-teams.com/matches/report/10572/,HTTP 404,404,2026-04-16T08:56:23+00:00
10573,10573/,https://national-football-teams.com/matches/report/10573/,HTTP 404,404,2026-04-16T08:56:23+00:00
10576,10576/,https://national-football-teams.com/matches/report/10576/,HTTP 404,404,2026-04-16T08:56:23+00:00
10578,10578/,https://national-football-teams.com/matches/report/10578/,HTTP 404,404,2026-04-16T08:56:23+00:00
10584,10584/,https://national-football-teams.com/matches/report/10584/,HTTP 404,404,2026-04-16T08:56:23+00:00
10586,10586/,https://national-football-teams.com/matches/report/10586/,HTTP 404,404,2026-04-16T08:56:23+00:00
10592,10592/,https://national-football-teams.com/matches/report/10592/,HTTP 404,404,2026-04-16T08:56:23+00:00
10597,10597/,https://national-football-teams.com/matches/report/10597/,HTTP 404,404,2026-04-16T08:56:23+00:00
10598,10598/,https://national-football-teams.com/matches/report/10598/,HTTP 404,404,2026-04-16T08:56:23+00:00
106,106/,https://national-football-teams.com/matches/report/106/,HTTP 404,404,2026-04-16T08:56:23+00:00
10602,10602/,https://national-football-teams.com/matches/report/10602/,HTTP 404,404,2026-04-16T08:56:24+00:00
10603,10603/,https://national-football-teams.com/matches/report/10603/,HTTP 404,404,2026-04-16T08:56:24+00:00
10604,10604/,https://national-football-teams.com/matches/report/10604/,HTTP 404,404,2026-04-16T08:56:24+00:00
10607,10607/,https://national-football-teams.com/matches/report/10607/,HTTP 404,404,2026-04-16T08:56:24+00:00
10610,10610/,https://national-football-teams.com/matches/report/10610/,HTTP 404,404,2026-04-16T08:56:24+00:00
10612,10612/,https://national-football-teams.com/matches/report/10612/,HTTP 404,404,2026-04-16T08:56:24+00:00
10618,10618/,https://national-football-teams.com/matches/report/10618/,HTTP 404,404,2026-04-16T08:56:24+00:00
10623,10623/,https://national-football-teams.com/matches/report/10623/,HTTP 404,404,2026-04-16T08:56:24+00:00
10654,10654/,https://national-football-teams.com/matches/report/10654/,HTTP 404,404,2026-04-16T08:56:24+00:00
10658,10658/,https://national-football-teams.com/matches/report/10658/,HTTP 404,404,2026-04-16T08:56:24+00:00
10677,10677/,https://national-football-teams.com/matches/report/10677/,HTTP 404,404,2026-04-16T08:56:24+00:00
10678,10678/,https://national-football-teams.com/matches/report/10678/,HTTP 404,404,2026-04-16T08:56:24+00:00
10679,10679/,https://national-football-teams.com/matches/report/10679/,HTTP 404,404,2026-04-16T08:56:24+00:00
10689,10689/,https://national-football-teams.com/matches/report/10689/,HTTP 404,404,2026-04-16T08:56:24+00:00
10697,10697/,https://national-football-teams.com/matches/report/10697/,HTTP 404,404,2026-04-16T08:56:24+00:00
10698,10698/,https://national-football-teams.com/matches/report/10698/,HTTP 404,404,2026-04-16T08:56:24+00:00
107,107/,https://national-football-teams.com/matches/report/107/,HTTP 404,404,2026-04-16T08:56:24+00:00
10702,10702/,https://national-football-teams.com/matches/report/10702/,HTTP 404,404,2026-04-16T08:56:24+00:00
10717,10717/,https://national-football-teams.com/matches/report/10717/,HTTP 404,404,2026-04-16T08:56:24+00:00
10718,10718/,https://national-football-teams.com/matches/report/10718/,HTTP 404,404,2026-04-16T08:56:24+00:00
10719,10719/,https://national-football-teams.com/matches/report/10719/,HTTP 404,404,2026-04-16T08:56:25+00:00
10720,10720/,https://national-football-teams.com/matches/report/10720/,HTTP 404,404,2026-04-16T08:56:25+00:00
10721,10721/,https://national-football-teams.com/matches/report/10721/,HTTP 404,404,2026-04-16T08:56:25+00:00
10722,10722/,https://national-football-teams.com/matches/report/10722/,HTTP 404,404,2026-04-16T08:56:25+00:00
10735,10735/,https://national-football-teams.com/matches/report/10735/,HTTP 404,404,2026-04-16T08:56:25+00:00
10738,10738/,https://national-football-teams.com/matches/report/10738/,HTTP 404,404,2026-04-16T08:56:25+00:00
10739,10739/,https://national-football-teams.com/matches/report/10739/,HTTP 404,404,2026-04-16T08:56:25+00:00
10740,10740/,https://national-football-teams.com/matches/report/10740/,HTTP 404,404,2026-04-16T08:56:25+00:00
10741,10741/,https://national-football-teams.com/matches/report/10741/,HTTP 404,404,2026-04-16T08:56:25+00:00
10742,10742/,https://national-football-teams.com/matches/report/10742/,HTTP 404,404,2026-04-16T08:56:25+00:00
10743,10743/,https://national-football-teams.com/matches/report/10743/,HTTP 404,404,2026-04-16T08:56:26+00:00
10744,10744/,https://national-football-teams.com/matches/report/10744/,HTTP 404,404,2026-04-16T08:56:26+00:00
10745,10745/,https://national-football-teams.com/matches/report/10745/,HTTP 404,404,2026-04-16T08:56:26+00:00
10746,10746/,https://national-football-teams.com/matches/report/10746/,HTTP 404,404,2026-04-16T08:56:26+00:00
10747,10747/,https://national-football-teams.com/matches/report/10747/,HTTP 404,404,2026-04-16T08:56:26+00:00
10748,10748/,https://national-football-teams.com/matches/report/10748/,HTTP 404,404,2026-04-16T08:56:26+00:00
10749,10749/,https://national-football-teams.com/matches/report/10749/,HTTP 404,404,2026-04-16T08:56:26+00:00
10750,10750/,https://national-football-teams.com/matches/report/10750/,HTTP 404,404,2026-04-16T08:56:26+00:00
10752,10752/,https://national-football-teams.com/matches/report/10752/,HTTP 404,404,2026-04-16T08:56:26+00:00
10767,10767/,https://national-football-teams.com/matches/report/10767/,HTTP 404,404,2026-04-16T08:56:26+00:00
10768,10768/,https://national-football-teams.com/matches/report/10768/,HTTP 404,404,2026-04-16T08:56:27+00:00
10771,10771/,https://national-football-teams.com/matches/report/10771/,HTTP 404,404,2026-04-16T08:56:27+00:00
10772,10772/,https://national-football-teams.com/matches/report/10772/,HTTP 404,404,2026-04-16T08:56:27+00:00
10780,10780/,https://national-football-teams.com/matches/report/10780/,HTTP 404,404,2026-04-16T08:56:27+00:00
10781,10781/,https://national-football-teams.com/matches/report/10781/,HTTP 404,404,2026-04-16T08:56:27+00:00
10782,10782/,https://national-football-teams.com/matches/report/10782/,HTTP 404,404,2026-04-16T08:56:27+00:00
10783,10783/,https://national-football-teams.com/matches/report/10783/,HTTP 404,404,2026-04-16T08:56:27+00:00
10784,10784/,https://national-football-teams.com/matches/report/10784/,HTTP 404,404,2026-04-16T08:56:27+00:00
10791,10791/,https://national-football-teams.com/matches/report/10791/,HTTP 404,404,2026-04-16T08:56:27+00:00
10796,10796/,https://national-football-teams.com/matches/report/10796/,HTTP 404,404,2026-04-16T08:56:27+00:00
10797,10797/,https://national-football-teams.com/matches/report/10797/,HTTP 404,404,2026-04-16T08:56:27+00:00
10798,10798/,https://national-football-teams.com/matches/report/10798/,HTTP 404,404,2026-04-16T08:56:27+00:00
10799,10799/,https://national-football-teams.com/matches/report/10799/,HTTP 404,404,2026-04-16T08:56:27+00:00
108,108/,https://national-football-teams.com/matches/report/108/,HTTP 404,404,2026-04-16T08:56:27+00:00
10813,10813/,https://national-football-teams.com/matches/report/10813/,HTTP 404,404,2026-04-16T08:56:27+00:00
10814,10814/,https://national-football-teams.com/matches/report/10814/,HTTP 404,404,2026-04-16T08:56:27+00:00
10815,10815/,https://national-football-teams.com/matches/report/10815/,HTTP 404,404,2026-04-16T08:56:27+00:00
10816,10816/,https://national-football-teams.com/matches/report/10816/,HTTP 404,404,2026-04-16T08:56:27+00:00
10817,10817/,https://national-football-teams.com/matches/report/10817/,HTTP 404,404,2026-04-16T08:56:27+00:00
10819,10819/,https://national-football-teams.com/matches/report/10819/,HTTP 404,404,2026-04-16T08:56:27+00:00
10830,10830/,https://national-football-teams.com/matches/report/10830/,HTTP 404,404,2026-04-16T08:56:28+00:00
10846,10846/,https://national-football-teams.com/matches/report/10846/,HTTP 404,404,2026-04-16T08:56:28+00:00
10847,10847/,https://national-football-teams.com/matches/report/10847/,HTTP 404,404,2026-04-16T08:56:28+00:00
10848,10848/,https://national-football-teams.com/matches/report/10848/,HTTP 404,404,2026-04-16T08:56:28+00:00
10849,10849/,https://national-football-teams.com/matches/report/10849/,HTTP 404,404,2026-04-16T08:56:28+00:00
10850,10850/,https://national-football-teams.com/matches/report/10850/,HTTP 404,404,2026-04-16T08:56:28+00:00
10851,10851/,https://national-football-teams.com/matches/report/10851/,HTTP 404,404,2026-04-16T08:56:28+00:00
10852,10852/,https://national-football-teams.com/matches/report/10852/,HTTP 404,404,2026-04-16T08:56:28+00:00
10853,10853/,https://national-football-teams.com/matches/report/10853/,HTTP 404,404,2026-04-16T08:56:28+00:00
10854,10854/,https://national-football-teams.com/matches/report/10854/,HTTP 404,404,2026-04-16T08:56:28+00:00
10855,10855/,https://national-football-teams.com/matches/report/10855/,HTTP 404,404,2026-04-16T08:56:28+00:00
10856,10856/,https://national-football-teams.com/matches/report/10856/,HTTP 404,404,2026-04-16T08:56:28+00:00
10857,10857/,https://national-football-teams.com/matches/report/10857/,HTTP 404,404,2026-04-16T08:56:28+00:00
109,109/,https://national-football-teams.com/matches/report/109/,HTTP 404,404,2026-04-16T08:56:28+00:00
10919,10919/,https://national-football-teams.com/matches/report/10919/,HTTP 404,404,2026-04-16T08:56:28+00:00
10927,10927/,https://national-football-teams.com/matches/report/10927/,HTTP 404,404,2026-04-16T08:56:28+00:00
10928,10928/,https://national-football-teams.com/matches/report/10928/,HTTP 404,404,2026-04-16T08:56:28+00:00
10929,10929/,https://national-football-teams.com/matches/report/10929/,HTTP 404,404,2026-04-16T08:56:28+00:00
10930,10930/,https://national-football-teams.com/matches/report/10930/,HTTP 404,404,2026-04-16T08:56:28+00:00
10931,10931/,https://national-football-teams.com/matches/report/10931/,HTTP 404,404,2026-04-16T08:56:28+00:00
10932,10932/,https://national-football-teams.com/matches/report/10932/,HTTP 404,404,2026-04-16T08:56:28+00:00
10933,10933/,https://national-football-teams.com/matches/report/10933/,HTTP 404,404,2026-04-16T08:56:28+00:00
10939,10939/,https://national-football-teams.com/matches/report/10939/,HTTP 404,404,2026-04-16T08:56:28+00:00
10940,10940/,https://national-football-teams.com/matches/report/10940/,HTTP 404,404,2026-04-16T08:56:28+00:00
10947,10947/,https://national-football-teams.com/matches/report/10947/,HTTP 404,404,2026-04-16T08:56:28+00:00
10948,10948/,https://national-football-teams.com/matches/report/10948/,HTTP 404,404,2026-04-16T08:56:29+00:00
10950,10950/,https://national-football-teams.com/matches/report/10950/,HTTP 404,404,2026-04-16T08:56:29+00:00
10951,10951/,https://national-football-teams.com/matches/report/10951/,HTTP 404,404,2026-04-16T08:56:29+00:00
10952,10952/,https://national-football-teams.com/matches/report/10952/,HTTP 404,404,2026-04-16T08:56:29+00:00
10953,10953/,https://national-football-teams.com/matches/report/10953/,HTTP 404,404,2026-04-16T08:56:29+00:00
10954,10954/,https://national-football-teams.com/matches/report/10954/,HTTP 404,404,2026-04-16T08:56:29+00:00
10955,10955/,https://national-football-teams.com/matches/report/10955/,HTTP 404,404,2026-04-16T08:56:29+00:00
10956,10956/,https://national-football-teams.com/matches/report/10956/,HTTP 404,404,2026-04-16T08:56:29+00:00
10964,10964/,https://national-football-teams.com/matches/report/10964/,HTTP 404,404,2026-04-16T08:56:29+00:00
10965,10965/,https://national-football-teams.com/matches/report/10965/,HTTP 404,404,2026-04-16T08:56:29+00:00
10966,10966/,https://national-football-teams.com/matches/report/10966/,HTTP 404,404,2026-04-16T08:56:36+00:00
10967,10967/,https://national-football-teams.com/matches/report/10967/,HTTP 404,404,2026-04-16T08:56:36+00:00
10978,10978/,https://national-football-teams.com/matches/report/10978/,HTTP 404,404,2026-04-16T08:56:36+00:00
10979,10979/,https://national-football-teams.com/matches/report/10979/,HTTP 404,404,2026-04-16T08:56:36+00:00
10980,10980/,https://national-football-teams.com/matches/report/10980/,HTTP 404,404,2026-04-16T08:56:36+00:00
10981,10981/,https://national-football-teams.com/matches/report/10981/,HTTP 404,404,2026-04-16T08:56:36+00:00
10982,10982/,https://national-football-teams.com/matches/report/10982/,HTTP 404,404,2026-04-16T08:56:36+00:00
10983,10983/,https://national-football-teams.com/matches/report/10983/,HTTP 404,404,2026-04-16T08:56:36+00:00
10984,10984/,https://national-football-teams.com/matches/report/10984/,HTTP 404,404,2026-04-16T08:56:36+00:00
10985,10985/,https://national-football-teams.com/matches/report/10985/,HTTP 404,404,2026-04-16T08:56:36+00:00
10991,10991/,https://national-football-teams.com/matches/report/10991/,HTTP 404,404,2026-04-16T08:56:37+00:00
10992,10992/,https://national-football-teams.com/matches/report/10992/,HTTP 404,404,2026-04-16T08:56:37+00:00
110,110/,https://national-football-teams.com/matches/report/110/,HTTP 404,404,2026-04-16T08:56:37+00:00
11008,11008/,https://national-football-teams.com/matches/report/11008/,HTTP 404,404,2026-04-16T08:56:37+00:00
11009,11009/,https://national-football-teams.com/matches/report/11009/,HTTP 404,404,2026-04-16T08:56:37+00:00
11010,11010/,https://national-football-teams.com/matches/report/11010/,HTTP 404,404,2026-04-16T08:56:37+00:00
11011,11011/,https://national-football-teams.com/matches/report/11011/,HTTP 404,404,2026-04-16T08:56:37+00:00
11012,11012/,https://national-football-teams.com/matches/report/11012/,HTTP 404,404,2026-04-16T08:56:37+00:00
11013,11013/,https://national-football-teams.com/matches/report/11013/,HTTP 404,404,2026-04-16T08:56:37+00:00
11014,11014/,https://national-football-teams.com/matches/report/11014/,HTTP 404,404,2026-04-16T08:56:37+00:00
11015,11015/,https://national-football-teams.com/matches/report/11015/,HTTP 404,404,2026-04-16T08:56:38+00:00
11016,11016/,https://national-football-teams.com/matches/report/11016/,HTTP 404,404,2026-04-16T08:56:38+00:00
11017,11017/,https://national-football-teams.com/matches/report/11017/,HTTP 404,404,2026-04-16T08:56:38+00:00
11018,11018/,https://national-football-teams.com/matches/report/11018/,HTTP 404,404,2026-04-16T08:56:38+00:00
11055,11055/,https://national-football-teams.com/matches/report/11055/,HTTP 404,404,2026-04-16T08:56:38+00:00
11057,11057/,https://national-football-teams.com/matches/report/11057/,HTTP 404,404,2026-04-16T08:56:38+00:00
11067,11067/,https://national-football-teams.com/matches/report/11067/,HTTP 404,404,2026-04-16T08:56:38+00:00
11068,11068/,https://national-football-teams.com/matches/report/11068/,HTTP 404,404,2026-04-16T08:56:38+00:00
11069,11069/,https://national-football-teams.com/matches/report/11069/,HTTP 404,404,2026-04-16T08:56:38+00:00
11070,11070/,https://national-football-teams.com/matches/report/11070/,HTTP 404,404,2026-04-16T08:56:38+00:00
11071,11071/,https://national-football-teams.com/matches/report/11071/,HTTP 404,404,2026-04-16T08:56:38+00:00
11072,11072/,https://national-football-teams.com/matches/report/11072/,HTTP 404,404,2026-04-16T08:56:38+00:00
11073,11073/,https://national-football-teams.com/matches/report/11073/,HTTP 404,404,2026-04-16T08:56:38+00:00
11076,11076/,https://national-football-teams.com/matches/report/11076/,HTTP 404,404,2026-04-16T08:56:38+00:00
11077,11077/,https://national-football-teams.com/matches/report/11077/,HTTP 404,404,2026-04-16T08:56:38+00:00
11083,11083/,https://national-football-teams.com/matches/report/11083/,HTTP 404,404,2026-04-16T08:56:38+00:00
11084,11084/,https://national-football-teams.com/matches/report/11084/,HTTP 404,404,2026-04-16T08:56:38+00:00
11085,11085/,https://national-football-teams.com/matches/report/11085/,HTTP 404,404,2026-04-16T08:56:38+00:00
11086,11086/,https://national-football-teams.com/matches/report/11086/,HTTP 404,404,2026-04-16T08:56:38+00:00
11087,11087/,https://national-football-teams.com/matches/report/11087/,HTTP 404,404,2026-04-16T08:56:38+00:00
11088,11088/,https://national-football-teams.com/matches/report/11088/,HTTP 404,404,2026-04-16T08:56:39+00:00
11089,11089/,https://national-football-teams.com/matches/report/11089/,HTTP 404,404,2026-04-16T08:56:39+00:00
11091,11091/,https://national-football-teams.com/matches/report/11091/,HTTP 404,404,2026-04-16T08:56:39+00:00
11092,11092/,https://national-football-teams.com/matches/report/11092/,HTTP 404,404,2026-04-16T08:56:39+00:00
11098,11098/,https://national-football-teams.com/matches/report/11098/,HTTP 404,404,2026-04-16T08:56:39+00:00
11099,11099/,https://national-football-teams.com/matches/report/11099/,HTTP 404,404,2026-04-16T08:57:05+00:00
111,111/,https://national-football-teams.com/matches/report/111/,HTTP 404,404,2026-04-16T08:57:05+00:00
11100,11100/,https://national-football-teams.com/matches/report/11100/,HTTP 404,404,2026-04-16T08:57:05+00:00
11101,11101/,https://national-football-teams.com/matches/report/11101/,HTTP 404,404,2026-04-16T08:57:05+00:00
11102,11102/,https://national-football-teams.com/matches/report/11102/,HTTP 404,404,2026-04-16T08:57:05+00:00
11103,11103/,https://national-football-teams.com/matches/report/11103/,HTTP 404,404,2026-04-16T08:57:06+00:00
11104,11104/,https://national-football-teams.com/matches/report/11104/,HTTP 404,404,2026-04-16T08:57:06+00:00
11110,11110/,https://national-football-teams.com/matches/report/11110/,HTTP 404,404,2026-04-16T08:57:06+00:00
11111,11111/,https://national-football-teams.com/matches/report/11111/,HTTP 404,404,2026-04-16T08:57:06+00:00
11112,11112/,https://national-football-teams.com/matches/report/11112/,HTTP 404,404,2026-04-16T08:57:06+00:00
11113,11113/,https://national-football-teams.com/matches/report/11113/,HTTP 404,404,2026-04-16T08:57:06+00:00
11114,11114/,https://national-football-teams.com/matches/report/11114/,HTTP 404,404,2026-04-16T08:57:06+00:00
11116,11116/,https://national-football-teams.com/matches/report/11116/,HTTP 404,404,2026-04-16T08:57:06+00:00
11118,11118/,https://national-football-teams.com/matches/report/11118/,HTTP 404,404,2026-04-16T08:57:06+00:00
11119,11119/,https://national-football-teams.com/matches/report/11119/,HTTP 404,404,2026-04-16T08:57:06+00:00
11120,11120/,https://national-football-teams.com/matches/report/11120/,HTTP 404,404,2026-04-16T08:57:06+00:00
11121,11121/,https://national-football-teams.com/matches/report/11121/,HTTP 404,404,2026-04-16T08:57:06+00:00
11126,11126/,https://national-football-teams.com/matches/report/11126/,HTTP 404,404,2026-04-16T08:57:06+00:00
11127,11127/,https://national-football-teams.com/matches/report/11127/,HTTP 404,404,2026-04-16T08:57:06+00:00
11132,11132/,https://national-football-teams.com/matches/report/11132/,HTTP 404,404,2026-04-16T08:57:06+00:00
11133,11133/,https://national-football-teams.com/matches/report/11133/,HTTP 404,404,2026-04-16T08:57:06+00:00
11134,11134/,https://national-football-teams.com/matches/report/11134/,HTTP 404,404,2026-04-16T08:57:06+00:00
11144,11144/,https://national-football-teams.com/matches/report/11144/,HTTP 404,404,2026-04-16T08:57:06+00:00
11148,11148/,https://national-football-teams.com/matches/report/11148/,HTTP 404,404,2026-04-16T08:57:06+00:00
11152,11152/,https://national-football-teams.com/matches/report/11152/,HTTP 404,404,2026-04-16T08:57:06+00:00
11156,11156/,https://national-football-teams.com/matches/report/11156/,HTTP 404,404,2026-04-16T08:57:07+00:00
11157,11157/,https://national-football-teams.com/matches/report/11157/,HTTP 404,404,2026-04-16T08:57:07+00:00
11158,11158/,https://national-football-teams.com/matches/report/11158/,HTTP 404,404,2026-04-16T08:57:07+00:00
11159,11159/,https://national-football-teams.com/matches/report/11159/,HTTP 404,404,2026-04-16T08:57:07+00:00
11160,11160/,https://national-football-teams.com/matches/report/11160/,HTTP 404,404,2026-04-16T08:57:07+00:00
11163,11163/,https://national-football-teams.com/matches/report/11163/,HTTP 404,404,2026-04-16T08:57:07+00:00
11164,11164/,https://national-football-teams.com/matches/report/11164/,HTTP 404,404,2026-04-16T08:57:07+00:00
11165,11165/,https://national-football-teams.com/matches/report/11165/,HTTP 404,404,2026-04-16T08:57:07+00:00
11166,11166/,https://national-football-teams.com/matches/report/11166/,HTTP 404,404,2026-04-16T08:57:07+00:00
11167,11167/,https://national-football-teams.com/matches/report/11167/,HTTP 404,404,2026-04-16T08:57:07+00:00
11168,11168/,https://national-football-teams.com/matches/report/11168/,HTTP 404,404,2026-04-16T08:57:07+00:00
11169,11169/,https://national-football-teams.com/matches/report/11169/,HTTP 404,404,2026-04-16T08:57:07+00:00
11193,11193/,https://national-football-teams.com/matches/report/11193/,HTTP 404,404,2026-04-16T08:57:07+00:00
112,112/,https://national-football-teams.com/matches/report/112/,HTTP 404,404,2026-04-16T08:57:07+00:00
11203,11203/,https://national-football-teams.com/matches/report/11203/,HTTP 404,404,2026-04-16T08:57:07+00:00
11204,11204/,https://national-football-teams.com/matches/report/11204/,HTTP 404,404,2026-04-16T08:57:07+00:00
11205,11205/,https://national-football-teams.com/matches/report/11205/,HTTP 404,404,2026-04-16T08:57:07+00:00
11206,11206/,https://national-football-teams.com/matches/report/11206/,HTTP 404,404,2026-04-16T08:57:07+00:00
11207,11207/,https://national-football-teams.com/matches/report/11207/,HTTP 404,404,2026-04-16T08:57:07+00:00
11208,11208/,https://national-football-teams.com/matches/report/11208/,HTTP 404,404,2026-04-16T08:57:07+00:00
11235,11235/,https://national-football-teams.com/matches/report/11235/,HTTP 404,404,2026-04-16T08:57:08+00:00
11236,11236/,https://national-football-teams.com/matches/report/11236/,HTTP 404,404,2026-04-16T08:57:08+00:00
11237,11237/,https://national-football-teams.com/matches/report/11237/,HTTP 404,404,2026-04-16T08:57:08+00:00
11238,11238/,https://national-football-teams.com/matches/report/11238/,HTTP 404,404,2026-04-16T08:57:08+00:00
11245,11245/,https://national-football-teams.com/matches/report/11245/,HTTP 404,404,2026-04-16T08:57:08+00:00
11256,11256/,https://national-football-teams.com/matches/report/11256/,HTTP 404,404,2026-04-16T08:57:08+00:00
11260,11260/,https://national-football-teams.com/matches/report/11260/,HTTP 404,404,2026-04-16T08:57:08+00:00
11261,11261/,https://national-football-teams.com/matches/report/11261/,HTTP 404,404,2026-04-16T08:57:08+00:00
11262,11262/,https://national-football-teams.com/matches/report/11262/,HTTP 404,404,2026-04-16T08:57:08+00:00
11270,11270/,https://national-football-teams.com/matches/report/11270/,HTTP 404,404,2026-04-16T08:57:08+00:00
11271,11271/,https://national-football-teams.com/matches/report/11271/,HTTP 404,404,2026-04-16T08:57:09+00:00
11272,11272/,https://national-football-teams.com/matches/report/11272/,HTTP 404,404,2026-04-16T08:57:09+00:00
11274,11274/,https://national-football-teams.com/matches/report/11274/,HTTP 404,404,2026-04-16T08:57:09+00:00
11275,11275/,https://national-football-teams.com/matches/report/11275/,HTTP 404,404,2026-04-16T08:57:09+00:00
11276,11276/,https://national-football-teams.com/matches/report/11276/,HTTP 404,404,2026-04-16T08:57:09+00:00
11278,11278/,https://national-football-teams.com/matches/report/11278/,HTTP 404,404,2026-04-16T08:57:09+00:00
11279,11279/,https://national-football-teams.com/matches/report/11279/,HTTP 404,404,2026-04-16T08:57:09+00:00
11280,11280/,https://national-football-teams.com/matches/report/11280/,HTTP 404,404,2026-04-16T08:57:09+00:00
113,113/,https://national-football-teams.com/matches/report/113/,HTTP 404,404,2026-04-16T08:57:09+00:00
11308,11308/,https://national-football-teams.com/matches/report/11308/,HTTP 404,404,2026-04-16T08:57:09+00:00
11312,11312/,https://national-football-teams.com/matches/report/11312/,HTTP 404,404,2026-04-16T08:57:09+00:00
11330,11330/,https://national-football-teams.com/matches/report/11330/,HTTP 404,404,2026-04-16T08:57:09+00:00
11339,11339/,https://national-football-teams.com/matches/report/11339/,HTTP 404,404,2026-04-16T08:57:09+00:00
11349,11349/,https://national-football-teams.com/matches/report/11349/,HTTP 404,404,2026-04-16T08:57:09+00:00
11350,11350/,https://national-football-teams.com/matches/report/11350/,HTTP 404,404,2026-04-16T08:57:09+00:00
11357,11357/,https://national-football-teams.com/matches/report/11357/,HTTP 404,404,2026-04-16T08:57:09+00:00
114,114/,https://national-football-teams.com/matches/report/114/,HTTP 404,404,2026-04-16T08:57:09+00:00
11412,11412/,https://national-football-teams.com/matches/report/11412/,HTTP 404,404,2026-04-16T08:57:09+00:00
11413,11413/,https://national-football-teams.com/matches/report/11413/,HTTP 404,404,2026-04-16T08:57:09+00:00
11414,11414/,https://national-football-teams.com/matches/report/11414/,HTTP 404,404,2026-04-16T08:57:09+00:00
11415,11415/,https://national-football-teams.com/matches/report/11415/,HTTP 404,404,2026-04-16T08:57:10+00:00
11416,11416/,https://national-football-teams.com/matches/report/11416/,HTTP 404,404,2026-04-16T08:57:10+00:00
11440,11440/,https://national-football-teams.com/matches/report/11440/,HTTP 404,404,2026-04-16T08:57:10+00:00
11443,11443/,https://national-football-teams.com/matches/report/11443/,HTTP 404,404,2026-04-16T08:57:10+00:00
11444,11444/,https://national-football-teams.com/matches/report/11444/,HTTP 404,404,2026-04-16T08:57:10+00:00
11445,11445/,https://national-football-teams.com/matches/report/11445/,HTTP 404,404,2026-04-16T08:57:10+00:00
11446,11446/,https://national-football-teams.com/matches/report/11446/,HTTP 404,404,2026-04-16T08:57:10+00:00
11447,11447/,https://national-football-teams.com/matches/report/11447/,HTTP 404,404,2026-04-16T08:57:10+00:00
11448,11448/,https://national-football-teams.com/matches/report/11448/,HTTP 404,404,2026-04-16T08:57:10+00:00
11481,11481/,https://national-football-teams.com/matches/report/11481/,HTTP 404,404,2026-04-16T08:57:10+00:00
11482,11482/,https://national-football-teams.com/matches/report/11482/,HTTP 404,404,2026-04-16T08:57:10+00:00
11483,11483/,https://national-football-teams.com/matches/report/11483/,HTTP 404,404,2026-04-16T08:57:10+00:00
11484,11484/,https://national-football-teams.com/matches/report/11484/,HTTP 404,404,2026-04-16T08:57:10+00:00
11485,11485/,https://national-football-teams.com/matches/report/11485/,HTTP 404,404,2026-04-16T08:57:10+00:00
11486,11486/,https://national-football-teams.com/matches/report/11486/,HTTP 404,404,2026-04-16T08:57:10+00:00
11487,11487/,https://national-football-teams.com/matches/report/11487/,HTTP 404,404,2026-04-16T08:57:10+00:00
11488,11488/,https://national-football-teams.com/matches/report/11488/,HTTP 404,404,2026-04-16T08:57:10+00:00
11489,11489/,https://national-football-teams.com/matches/report/11489/,HTTP 404,404,2026-04-16T08:57:10+00:00
11490,11490/,https://national-football-teams.com/matches/report/11490/,HTTP 404,404,2026-04-16T08:57:10+00:00
11491,11491/,https://national-football-teams.com/matches/report/11491/,HTTP 404,404,2026-04-16T08:57:10+00:00
11492,11492/,https://national-football-teams.com/matches/report/11492/,HTTP 404,404,2026-04-16T08:57:10+00:00
11493,11493/,https://national-football-teams.com/matches/report/11493/,HTTP 404,404,2026-04-16T08:57:10+00:00
11494,11494/,https://national-football-teams.com/matches/report/11494/,HTTP 404,404,2026-04-16T08:57:10+00:00
11495,11495/,https://national-football-teams.com/matches/report/11495/,HTTP 404,404,2026-04-16T08:57:10+00:00
11496,11496/,https://national-football-teams.com/matches/report/11496/,HTTP 404,404,2026-04-16T08:57:10+00:00
11497,11497/,https://national-football-teams.com/matches/report/11497/,HTTP 404,404,2026-04-16T08:57:11+00:00
11498,11498/,https://national-football-teams.com/matches/report/11498/,HTTP 404,404,2026-04-16T08:57:11+00:00
11499,11499/,https://national-football-teams.com/matches/report/11499/,HTTP 404,404,2026-04-16T08:57:11+00:00
115,115/,https://national-football-teams.com/matches/report/115/,HTTP 404,404,2026-04-16T08:57:11+00:00
11500,11500/,https://national-football-teams.com/matches/report/11500/,HTTP 404,404,2026-04-16T08:57:11+00:00
11501,11501/,https://national-football-teams.com/matches/report/11501/,HTTP 404,404,2026-04-16T08:57:11+00:00
11520,11520/,https://national-football-teams.com/matches/report/11520/,HTTP 404,404,2026-04-16T08:57:11+00:00
11521,11521/,https://national-football-teams.com/matches/report/11521/,HTTP 404,404,2026-04-16T08:57:11+00:00
11522,11522/,https://national-football-teams.com/matches/report/11522/,HTTP 404,404,2026-04-16T08:57:11+00:00
11523,11523/,https://national-football-teams.com/matches/report/11523/,HTTP 404,404,2026-04-16T08:57:11+00:00
11524,11524/,https://national-football-teams.com/matches/report/11524/,HTTP 404,404,2026-04-16T08:57:11+00:00
11525,11525/,https://national-football-teams.com/matches/report/11525/,HTTP 404,404,2026-04-16T08:57:11+00:00
11527,11527/,https://national-football-teams.com/matches/report/11527/,HTTP 404,404,2026-04-16T08:57:11+00:00
11537,11537/,https://national-football-teams.com/matches/report/11537/,HTTP 404,404,2026-04-16T08:57:11+00:00
11551,11551/,https://national-football-teams.com/matches/report/11551/,HTTP 404,404,2026-04-16T08:57:11+00:00
11552,11552/,https://national-football-teams.com/matches/report/11552/,HTTP 404,404,2026-04-16T08:57:11+00:00
11553,11553/,https://national-football-teams.com/matches/report/11553/,HTTP 404,404,2026-04-16T08:57:11+00:00
11554,11554/,https://national-football-teams.com/matches/report/11554/,HTTP 404,404,2026-04-16T08:57:11+00:00
11555,11555/,https://national-football-teams.com/matches/report/11555/,HTTP 404,404,2026-04-16T08:57:11+00:00
11556,11556/,https://national-football-teams.com/matches/report/11556/,HTTP 404,404,2026-04-16T08:57:11+00:00
11557,11557/,https://national-football-teams.com/matches/report/11557/,HTTP 404,404,2026-04-16T08:57:12+00:00
11558,11558/,https://national-football-teams.com/matches/report/11558/,HTTP 404,404,2026-04-16T08:57:12+00:00
11559,11559/,https://national-football-teams.com/matches/report/11559/,HTTP 404,404,2026-04-16T08:57:12+00:00
11564,11564/,https://national-football-teams.com/matches/report/11564/,HTTP 404,404,2026-04-16T08:57:12+00:00
11567,11567/,https://national-football-teams.com/matches/report/11567/,HTTP 404,404,2026-04-16T08:57:12+00:00
11572,11572/,https://national-football-teams.com/matches/report/11572/,HTTP 404,404,2026-04-16T08:57:12+00:00
11573,11573/,https://national-football-teams.com/matches/report/11573/,HTTP 404,404,2026-04-16T08:57:12+00:00
11575,11575/,https://national-football-teams.com/matches/report/11575/,HTTP 404,404,2026-04-16T08:57:12+00:00
11576,11576/,https://national-football-teams.com/matches/report/11576/,HTTP 404,404,2026-04-16T08:57:12+00:00
11577,11577/,https://national-football-teams.com/matches/report/11577/,HTTP 404,404,2026-04-16T08:57:12+00:00
11596,11596/,https://national-football-teams.com/matches/report/11596/,HTTP 404,404,2026-04-16T08:57:12+00:00
11599,11599/,https://national-football-teams.com/matches/report/11599/,HTTP 404,404,2026-04-16T08:57:12+00:00
116,116/,https://national-football-teams.com/matches/report/116/,HTTP 404,404,2026-04-16T08:57:12+00:00
11601,11601/,https://national-football-teams.com/matches/report/11601/,HTTP 404,404,2026-04-16T08:57:12+00:00
11608,11608/,https://national-football-teams.com/matches/report/11608/,HTTP 404,404,2026-04-16T08:57:12+00:00
11611,11611/,https://national-football-teams.com/matches/report/11611/,HTTP 404,404,2026-04-16T08:57:12+00:00
11613,11613/,https://national-football-teams.com/matches/report/11613/,HTTP 404,404,2026-04-16T08:57:12+00:00
11614,11614/,https://national-football-teams.com/matches/report/11614/,HTTP 404,404,2026-04-16T08:57:12+00:00
11617,11617/,https://national-football-teams.com/matches/report/11617/,HTTP 404,404,2026-04-16T08:57:12+00:00
11619,11619/,https://national-football-teams.com/matches/report/11619/,HTTP 404,404,2026-04-16T08:57:12+00:00
11635,11635/,https://national-football-teams.com/matches/report/11635/,HTTP 404,404,2026-04-16T08:57:12+00:00
11636,11636/,https://national-football-teams.com/matches/report/11636/,HTTP 404,404,2026-04-16T08:57:12+00:00
11637,11637/,https://national-football-teams.com/matches/report/11637/,HTTP 404,404,2026-04-16T08:57:12+00:00
11650,11650/,https://national-football-teams.com/matches/report/11650/,HTTP 404,404,2026-04-16T08:57:12+00:00
11656,11656/,https://national-football-teams.com/matches/report/11656/,HTTP 404,404,2026-04-16T08:57:12+00:00
11657,11657/,https://national-football-teams.com/matches/report/11657/,HTTP 404,404,2026-04-16T08:57:13+00:00
11658,11658/,https://national-football-teams.com/matches/report/11658/,HTTP 404,404,2026-04-16T08:57:13+00:00
11659,11659/,https://national-football-teams.com/matches/report/11659/,HTTP 404,404,2026-04-16T08:57:13+00:00
11660,11660/,https://national-football-teams.com/matches/report/11660/,HTTP 404,404,2026-04-16T08:57:13+00:00
11661,11661/,https://national-football-teams.com/matches/report/11661/,HTTP 404,404,2026-04-16T08:57:13+00:00
11662,11662/,https://national-football-teams.com/matches/report/11662/,HTTP 404,404,2026-04-16T08:57:13+00:00
11663,11663/,https://national-football-teams.com/matches/report/11663/,HTTP 404,404,2026-04-16T08:57:13+00:00
11664,11664/,https://national-football-teams.com/matches/report/11664/,HTTP 404,404,2026-04-16T08:57:13+00:00
11665,11665/,https://national-football-teams.com/matches/report/11665/,HTTP 404,404,2026-04-16T08:57:13+00:00
11666,11666/,https://national-football-teams.com/matches/report/11666/,HTTP 404,404,2026-04-16T08:57:13+00:00
11667,11667/,https://national-football-teams.com/matches/report/11667/,HTTP 404,404,2026-04-16T08:57:13+00:00
11668,11668/,https://national-football-teams.com/matches/report/11668/,HTTP 404,404,2026-04-16T08:57:13+00:00
11669,11669/,https://national-football-teams.com/matches/report/11669/,HTTP 404,404,2026-04-16T08:57:13+00:00
11670,11670/,https://national-football-teams.com/matches/report/11670/,HTTP 404,404,2026-04-16T08:57:13+00:00
11671,11671/,https://national-football-teams.com/matches/report/11671/,HTTP 404,404,2026-04-16T08:57:13+00:00
11672,11672/,https://national-football-teams.com/matches/report/11672/,HTTP 404,404,2026-04-16T08:57:13+00:00
11674,11674/,https://national-football-teams.com/matches/report/11674/,HTTP 404,404,2026-04-16T08:57:13+00:00
11677,11677/,https://national-football-teams.com/matches/report/11677/,HTTP 404,404,2026-04-16T08:57:13+00:00
11686,11686/,https://national-football-teams.com/matches/report/11686/,HTTP 404,404,2026-04-16T08:57:13+00:00
11687,11687/,https://national-football-teams.com/matches/report/11687/,HTTP 404,404,2026-04-16T08:57:13+00:00
11693,11693/,https://national-football-teams.com/matches/report/11693/,HTTP 404,404,2026-04-16T08:57:14+00:00
11694,11694/,https://national-football-teams.com/matches/report/11694/,HTTP 404,404,2026-04-16T08:57:14+00:00
117,117/,https://national-football-teams.com/matches/report/117/,HTTP 404,404,2026-04-16T08:57:14+00:00
11704,11704/,https://national-football-teams.com/matches/report/11704/,HTTP 404,404,2026-04-16T08:57:14+00:00
11705,11705/,https://national-football-teams.com/matches/report/11705/,HTTP 404,404,2026-04-16T08:57:14+00:00
11709,11709/,https://national-football-teams.com/matches/report/11709/,HTTP 404,404,2026-04-16T08:57:14+00:00
11710,11710/,https://national-football-teams.com/matches/report/11710/,HTTP 404,404,2026-04-16T08:57:14+00:00
11711,11711/,https://national-football-teams.com/matches/report/11711/,HTTP 404,404,2026-04-16T08:57:14+00:00
11731,11731/,https://national-football-teams.com/matches/report/11731/,HTTP 404,404,2026-04-16T08:57:14+00:00
11744,11744/,https://national-football-teams.com/matches/report/11744/,HTTP 404,404,2026-04-16T08:57:14+00:00
11745,11745/,https://national-football-teams.com/matches/report/11745/,HTTP 404,404,2026-04-16T08:57:14+00:00
11746,11746/,https://national-football-teams.com/matches/report/11746/,HTTP 404,404,2026-04-16T08:57:14+00:00
11747,11747/,https://national-football-teams.com/matches/report/11747/,HTTP 404,404,2026-04-16T08:57:14+00:00
11750,11750/,https://national-football-teams.com/matches/report/11750/,HTTP 404,404,2026-04-16T08:57:14+00:00
11751,11751/,https://national-football-teams.com/matches/report/11751/,HTTP 404,404,2026-04-16T08:57:14+00:00
11762,11762/,https://national-football-teams.com/matches/report/11762/,HTTP 404,404,2026-04-16T08:57:14+00:00
11765,11765/,https://national-football-teams.com/matches/report/11765/,HTTP 404,404,2026-04-16T08:57:14+00:00
11781,11781/,https://national-football-teams.com/matches/report/11781/,HTTP 404,404,2026-04-16T08:57:14+00:00
11782,11782/,https://national-football-teams.com/matches/report/11782/,HTTP 404,404,2026-04-16T08:57:14+00:00
11785,11785/,https://national-football-teams.com/matches/report/11785/,HTTP 404,404,2026-04-16T08:57:14+00:00
11786,11786/,https://national-football-teams.com/matches/report/11786/,HTTP 404,404,2026-04-16T08:57:15+00:00
11787,11787/,https://national-football-teams.com/matches/report/11787/,HTTP 404,404,2026-04-16T08:57:15+00:00
11796,11796/,https://national-football-teams.com/matches/report/11796/,HTTP 404,404,2026-04-16T08:57:15+00:00
11797,11797/,https://national-football-teams.com/matches/report/11797/,HTTP 404,404,2026-04-16T08:57:15+00:00
11798,11798/,https://national-football-teams.com/matches/report/11798/,HTTP 404,404,2026-04-16T08:57:15+00:00
11799,11799/,https://national-football-teams.com/matches/report/11799/,HTTP 404,404,2026-04-16T08:57:15+00:00
118,118/,https://national-football-teams.com/matches/report/118/,HTTP 404,404,2026-04-16T08:57:15+00:00
11800,11800/,https://national-football-teams.com/matches/report/11800/,HTTP 404,404,2026-04-16T08:57:15+00:00
11801,11801/,https://national-football-teams.com/matches/report/11801/,HTTP 404,404,2026-04-16T08:57:15+00:00
11802,11802/,https://national-football-teams.com/matches/report/11802/,HTTP 404,404,2026-04-16T08:57:15+00:00
11803,11803/,https://national-football-teams.com/matches/report/11803/,HTTP 404,404,2026-04-16T08:57:15+00:00
11804,11804/,https://national-football-teams.com/matches/report/11804/,HTTP 404,404,2026-04-16T08:57:15+00:00
11805,11805/,https://national-football-teams.com/matches/report/11805/,HTTP 404,404,2026-04-16T08:57:15+00:00
11806,11806/,https://national-football-teams.com/matches/report/11806/,HTTP 404,404,2026-04-16T08:57:15+00:00
11807,11807/,https://national-football-teams.com/matches/report/11807/,HTTP 404,404,2026-04-16T08:57:15+00:00
11812,11812/,https://national-football-teams.com/matches/report/11812/,HTTP 404,404,2026-04-16T08:57:15+00:00
11813,11813/,https://national-football-teams.com/matches/report/11813/,HTTP 404,404,2026-04-16T08:57:15+00:00
11819,11819/,https://national-football-teams.com/matches/report/11819/,HTTP 404,404,2026-04-16T08:57:15+00:00
11820,11820/,https://national-football-teams.com/matches/report/11820/,HTTP 404,404,2026-04-16T08:57:15+00:00
11845,11845/,https://national-football-teams.com/matches/report/11845/,HTTP 404,404,2026-04-16T08:57:15+00:00
11848,11848/,https://national-football-teams.com/matches/report/11848/,HTTP 404,404,2026-04-16T08:57:15+00:00
11849,11849/,https://national-football-teams.com/matches/report/11849/,HTTP 404,404,2026-04-16T08:57:15+00:00
11850,11850/,https://national-football-teams.com/matches/report/11850/,HTTP 404,404,2026-04-16T08:57:15+00:00
11851,11851/,https://national-football-teams.com/matches/report/11851/,HTTP 404,404,2026-04-16T08:57:15+00:00
11852,11852/,https://national-football-teams.com/matches/report/11852/,HTTP 404,404,2026-04-16T08:57:15+00:00
11853,11853/,https://national-football-teams.com/matches/report/11853/,HTTP 404,404,2026-04-16T08:57:16+00:00
11854,11854/,https://national-football-teams.com/matches/report/11854/,HTTP 404,404,2026-04-16T08:57:16+00:00
11855,11855/,https://national-football-teams.com/matches/report/11855/,HTTP 404,404,2026-04-16T08:57:16+00:00
11863,11863/,https://national-football-teams.com/matches/report/11863/,HTTP 404,404,2026-04-16T08:57:16+00:00
11864,11864/,https://national-football-teams.com/matches/report/11864/,HTTP 404,404,2026-04-16T08:57:16+00:00
11865,11865/,https://national-football-teams.com/matches/report/11865/,HTTP 404,404,2026-04-16T08:57:16+00:00
11866,11866/,https://national-football-teams.com/matches/report/11866/,HTTP 404,404,2026-04-16T08:57:16+00:00
11874,11874/,https://national-football-teams.com/matches/report/11874/,HTTP 404,404,2026-04-16T08:57:16+00:00
11875,11875/,https://national-football-teams.com/matches/report/11875/,HTTP 404,404,2026-04-16T08:57:16+00:00
11876,11876/,https://national-football-teams.com/matches/report/11876/,HTTP 404,404,2026-04-16T08:57:16+00:00
11877,11877/,https://national-football-teams.com/matches/report/11877/,HTTP 404,404,2026-04-16T08:57:16+00:00
11878,11878/,https://national-football-teams.com/matches/report/11878/,HTTP 404,404,2026-04-16T08:57:16+00:00
11879,11879/,https://national-football-teams.com/matches/report/11879/,HTTP 404,404,2026-04-16T08:57:16+00:00
11880,11880/,https://national-football-teams.com/matches/report/11880/,HTTP 404,404,2026-04-16T08:57:16+00:00
11882,11882/,https://national-football-teams.com/matches/report/11882/,HTTP 404,404,2026-04-16T08:57:16+00:00
11883,11883/,https://national-football-teams.com/matches/report/11883/,HTTP 404,404,2026-04-16T08:57:16+00:00
11884,11884/,https://national-football-teams.com/matches/report/11884/,HTTP 404,404,2026-04-16T08:57:16+00:00
11885,11885/,https://national-football-teams.com/matches/report/11885/,HTTP 404,404,2026-04-16T08:57:16+00:00
11886,11886/,https://national-football-teams.com/matches/report/11886/,HTTP 404,404,2026-04-16T08:57:16+00:00
11887,11887/,https://national-football-teams.com/matches/report/11887/,HTTP 404,404,2026-04-16T08:57:16+00:00
11888,11888/,https://national-football-teams.com/matches/report/11888/,HTTP 404,404,2026-04-16T08:57:17+00:00
11889,11889/,https://national-football-teams.com/matches/report/11889/,HTTP 404,404,2026-04-16T08:57:17+00:00
119,119/,https://national-football-teams.com/matches/report/119/,HTTP 404,404,2026-04-16T08:57:17+00:00
11911,11911/,https://national-football-teams.com/matches/report/11911/,HTTP 404,404,2026-04-16T08:57:17+00:00
11912,11912/,https://national-football-teams.com/matches/report/11912/,HTTP 404,404,2026-04-16T08:57:17+00:00
11913,11913/,https://national-football-teams.com/matches/report/11913/,HTTP 404,404,2026-04-16T08:57:17+00:00
11914,11914/,https://national-football-teams.com/matches/report/11914/,HTTP 404,404,2026-04-16T08:57:17+00:00
11921,11921/,https://national-football-teams.com/matches/report/11921/,HTTP 404,404,2026-04-16T08:57:17+00:00
11922,11922/,https://national-football-teams.com/matches/report/11922/,HTTP 404,404,2026-04-16T08:57:17+00:00
11929,11929/,https://national-football-teams.com/matches/report/11929/,HTTP 404,404,2026-04-16T08:57:17+00:00
11930,11930/,https://national-football-teams.com/matches/report/11930/,HTTP 404,404,2026-04-16T08:57:17+00:00
11935,11935/,https://national-football-teams.com/matches/report/11935/,HTTP 404,404,2026-04-16T08:57:17+00:00
11936,11936/,https://national-football-teams.com/matches/report/11936/,HTTP 404,404,2026-04-16T08:57:17+00:00
11939,11939/,https://national-football-teams.com/matches/report/11939/,HTTP 404,404,2026-04-16T08:57:17+00:00
11940,11940/,https://national-football-teams.com/matches/report/11940/,HTTP 404,404,2026-04-16T08:57:17+00:00
11941,11941/,https://national-football-teams.com/matches/report/11941/,HTTP 404,404,2026-04-16T08:57:17+00:00
11942,11942/,https://national-football-teams.com/matches/report/11942/,HTTP 404,404,2026-04-16T08:57:17+00:00
11948,11948/,https://national-football-teams.com/matches/report/11948/,HTTP 404,404,2026-04-16T08:57:17+00:00
11949,11949/,https://national-football-teams.com/matches/report/11949/,HTTP 404,404,2026-04-16T08:57:17+00:00
11950,11950/,https://national-football-teams.com/matches/report/11950/,HTTP 404,404,2026-04-16T08:57:17+00:00
11951,11951/,https://national-football-teams.com/matches/report/11951/,HTTP 404,404,2026-04-16T08:57:17+00:00
11952,11952/,https://national-football-teams.com/matches/report/11952/,HTTP 404,404,2026-04-16T08:57:17+00:00
11953,11953/,https://national-football-teams.com/matches/report/11953/,HTTP 404,404,2026-04-16T08:57:17+00:00
11954,11954/,https://national-football-teams.com/matches/report/11954/,HTTP 404,404,2026-04-16T08:57:17+00:00
11955,11955/,https://national-football-teams.com/matches/report/11955/,HTTP 404,404,2026-04-16T08:57:17+00:00
11956,11956/,https://national-football-teams.com/matches/report/11956/,HTTP 404,404,2026-04-16T08:57:18+00:00
11957,11957/,https://national-football-teams.com/matches/report/11957/,HTTP 404,404,2026-04-16T08:57:18+00:00
11958,11958/,https://national-football-teams.com/matches/report/11958/,HTTP 404,404,2026-04-16T08:57:18+00:00
11964,11964/,https://national-football-teams.com/matches/report/11964/,HTTP 404,404,2026-04-16T08:57:18+00:00
11965,11965/,https://national-football-teams.com/matches/report/11965/,HTTP 404,404,2026-04-16T08:57:18+00:00
11966,11966/,https://national-football-teams.com/matches/report/11966/,HTTP 404,404,2026-04-16T08:57:18+00:00
11971,11971/,https://national-football-teams.com/matches/report/11971/,HTTP 404,404,2026-04-16T08:57:18+00:00
11977,11977/,https://national-football-teams.com/matches/report/11977/,HTTP 404,404,2026-04-16T08:57:18+00:00
11978,11978/,https://national-football-teams.com/matches/report/11978/,HTTP 404,404,2026-04-16T08:57:18+00:00
11979,11979/,https://national-football-teams.com/matches/report/11979/,HTTP 404,404,2026-04-16T08:57:18+00:00
11980,11980/,https://national-football-teams.com/matches/report/11980/,HTTP 404,404,2026-04-16T08:57:18+00:00
11981,11981/,https://national-football-teams.com/matches/report/11981/,HTTP 404,404,2026-04-16T08:57:18+00:00
11982,11982/,https://national-football-teams.com/matches/report/11982/,HTTP 404,404,2026-04-16T08:57:18+00:00
11992,11992/,https://national-football-teams.com/matches/report/11992/,HTTP 404,404,2026-04-16T08:57:18+00:00
11993,11993/,https://national-football-teams.com/matches/report/11993/,HTTP 404,404,2026-04-16T08:57:18+00:00
11994,11994/,https://national-football-teams.com/matches/report/11994/,HTTP 404,404,2026-04-16T08:57:18+00:00
11996,11996/,https://national-football-teams.com/matches/report/11996/,HTTP 404,404,2026-04-16T08:57:18+00:00
11997,11997/,https://national-football-teams.com/matches/report/11997/,HTTP 404,404,2026-04-16T08:57:18+00:00
120,120/,https://national-football-teams.com/matches/report/120/,HTTP 404,404,2026-04-16T08:57:18+00:00
12001,12001/,https://national-football-teams.com/matches/report/12001/,HTTP 404,404,2026-04-16T08:57:18+00:00
12002,12002/,https://national-football-teams.com/matches/report/12002/,HTTP 404,404,2026-04-16T08:57:19+00:00
12003,12003/,https://national-football-teams.com/matches/report/12003/,HTTP 404,404,2026-04-16T08:57:19+00:00
12005,12005/,https://national-football-teams.com/matches/report/12005/,HTTP 404,404,2026-04-16T08:57:19+00:00
12006,12006/,https://national-football-teams.com/matches/report/12006/,HTTP 404,404,2026-04-16T08:57:19+00:00
12007,12007/,https://national-football-teams.com/matches/report/12007/,HTTP 404,404,2026-04-16T08:57:19+00:00
12008,12008/,https://national-football-teams.com/matches/report/12008/,HTTP 404,404,2026-04-16T08:57:19+00:00
12009,12009/,https://national-football-teams.com/matches/report/12009/,HTTP 404,404,2026-04-16T08:57:19+00:00
12010,12010/,https://national-football-teams.com/matches/report/12010/,HTTP 404,404,2026-04-16T08:57:19+00:00
12011,12011/,https://national-football-teams.com/matches/report/12011/,HTTP 404,404,2026-04-16T08:57:19+00:00
12012,12012/,https://national-football-teams.com/matches/report/12012/,HTTP 404,404,2026-04-16T08:57:19+00:00
12013,12013/,https://national-football-teams.com/matches/report/12013/,HTTP 404,404,2026-04-16T08:57:19+00:00
12014,12014/,https://national-football-teams.com/matches/report/12014/,HTTP 404,404,2026-04-16T08:57:19+00:00
12017,12017/,https://national-football-teams.com/matches/report/12017/,HTTP 404,404,2026-04-16T08:57:19+00:00
12023,12023/,https://national-football-teams.com/matches/report/12023/,HTTP 404,404,2026-04-16T08:57:19+00:00
12024,12024/,https://national-football-teams.com/matches/report/12024/,HTTP 404,404,2026-04-16T08:57:19+00:00
12025,12025/,https://national-football-teams.com/matches/report/12025/,HTTP 404,404,2026-04-16T08:57:19+00:00
12026,12026/,https://national-football-teams.com/matches/report/12026/,HTTP 404,404,2026-04-16T08:57:19+00:00
12033,12033/,https://national-football-teams.com/matches/report/12033/,HTTP 404,404,2026-04-16T08:57:19+00:00
12034,12034/,https://national-football-teams.com/matches/report/12034/,HTTP 404,404,2026-04-16T08:57:19+00:00
12035,12035/,https://national-football-teams.com/matches/report/12035/,HTTP 404,404,2026-04-16T08:57:19+00:00
12036,12036/,https://national-football-teams.com/matches/report/12036/,HTTP 404,404,2026-04-16T08:57:19+00:00
12037,12037/,https://national-football-teams.com/matches/report/12037/,HTTP 404,404,2026-04-16T08:57:19+00:00
12039,12039/,https://national-football-teams.com/matches/report/12039/,HTTP 404,404,2026-04-16T08:57:19+00:00
12042,12042/,https://national-football-teams.com/matches/report/12042/,HTTP 404,404,2026-04-16T08:57:19+00:00
12043,12043/,https://national-football-teams.com/matches/report/12043/,HTTP 404,404,2026-04-16T08:57:19+00:00
12044,12044/,https://national-football-teams.com/matches/report/12044/,HTTP 404,404,2026-04-16T08:57:20+00:00
12052,12052/,https://national-football-teams.com/matches/report/12052/,HTTP 404,404,2026-04-16T08:57:20+00:00
12053,12053/,https://national-football-teams.com/matches/report/12053/,HTTP 404,404,2026-04-16T08:57:20+00:00
12055,12055/,https://national-football-teams.com/matches/report/12055/,HTTP 404,404,2026-04-16T08:57:20+00:00
12056,12056/,https://national-football-teams.com/matches/report/12056/,HTTP 404,404,2026-04-16T08:57:20+00:00
12058,12058/,https://national-football-teams.com/matches/report/12058/,HTTP 404,404,2026-04-16T08:57:21+00:00
12061,12061/,https://national-football-teams.com/matches/report/12061/,HTTP 404,404,2026-04-16T08:57:21+00:00
12062,12062/,https://national-football-teams.com/matches/report/12062/,HTTP 404,404,2026-04-16T08:57:21+00:00
12063,12063/,https://national-football-teams.com/matches/report/12063/,HTTP 404,404,2026-04-16T08:57:21+00:00
12064,12064/,https://national-football-teams.com/matches/report/12064/,HTTP 404,404,2026-04-16T08:57:21+00:00
12066,12066/,https://national-football-teams.com/matches/report/12066/,HTTP 404,404,2026-04-16T08:57:22+00:00
12083,12083/,https://national-football-teams.com/matches/report/12083/,HTTP 404,404,2026-04-16T08:57:22+00:00
12084,12084/,https://national-football-teams.com/matches/report/12084/,HTTP 404,404,2026-04-16T08:57:22+00:00
12085,12085/,https://national-football-teams.com/matches/report/12085/,HTTP 404,404,2026-04-16T08:57:22+00:00
12086,12086/,https://national-football-teams.com/matches/report/12086/,HTTP 404,404,2026-04-16T08:57:22+00:00
12087,12087/,https://national-football-teams.com/matches/report/12087/,HTTP 404,404,2026-04-16T08:57:22+00:00
12088,12088/,https://national-football-teams.com/matches/report/12088/,HTTP 404,404,2026-04-16T08:57:22+00:00
12089,12089/,https://national-football-teams.com/matches/report/12089/,HTTP 404,404,2026-04-16T08:57:22+00:00
12090,12090/,https://national-football-teams.com/matches/report/12090/,HTTP 404,404,2026-04-16T08:57:22+00:00
12091,12091/,https://national-football-teams.com/matches/report/12091/,HTTP 404,404,2026-04-16T08:57:22+00:00
12092,12092/,https://national-football-teams.com/matches/report/12092/,HTTP 404,404,2026-04-16T08:57:22+00:00
12093,12093/,https://national-football-teams.com/matches/report/12093/,HTTP 404,404,2026-04-16T08:57:22+00:00
121,121/,https://national-football-teams.com/matches/report/121/,HTTP 404,404,2026-04-16T08:57:22+00:00
12103,12103/,https://national-football-teams.com/matches/report/12103/,HTTP 404,404,2026-04-16T08:57:22+00:00
12104,12104/,https://national-football-teams.com/matches/report/12104/,HTTP 404,404,2026-04-16T08:57:22+00:00
12105,12105/,https://national-football-teams.com/matches/report/12105/,HTTP 404,404,2026-04-16T08:57:22+00:00
12109,12109/,https://national-football-teams.com/matches/report/12109/,HTTP 404,404,2026-04-16T08:57:22+00:00
12115,12115/,https://national-football-teams.com/matches/report/12115/,HTTP 404,404,2026-04-16T08:57:22+00:00
12116,12116/,https://national-football-teams.com/matches/report/12116/,HTTP 404,404,2026-04-16T08:57:22+00:00
12122,12122/,https://national-football-teams.com/matches/report/12122/,HTTP 404,404,2026-04-16T08:57:22+00:00
12123,12123/,https://national-football-teams.com/matches/report/12123/,HTTP 404,404,2026-04-16T08:57:22+00:00
12126,12126/,https://national-football-teams.com/matches/report/12126/,HTTP 404,404,2026-04-16T08:57:22+00:00
12130,12130/,https://national-football-teams.com/matches/report/12130/,HTTP 404,404,2026-04-16T08:57:22+00:00
12165,12165/,https://national-football-teams.com/matches/report/12165/,HTTP 404,404,2026-04-16T08:57:22+00:00
12166,12166/,https://national-football-teams.com/matches/report/12166/,HTTP 404,404,2026-04-16T08:57:22+00:00
12167,12167/,https://national-football-teams.com/matches/report/12167/,HTTP 404,404,2026-04-16T08:57:23+00:00
12168,12168/,https://national-football-teams.com/matches/report/12168/,HTTP 404,404,2026-04-16T08:57:23+00:00
12170,12170/,https://national-football-teams.com/matches/report/12170/,HTTP 404,404,2026-04-16T08:57:23+00:00
12171,12171/,https://national-football-teams.com/matches/report/12171/,HTTP 404,404,2026-04-16T08:57:23+00:00
12172,12172/,https://national-football-teams.com/matches/report/12172/,HTTP 404,404,2026-04-16T08:57:23+00:00
12173,12173/,https://national-football-teams.com/matches/report/12173/,HTTP 404,404,2026-04-16T08:57:23+00:00
12177,12177/,https://national-football-teams.com/matches/report/12177/,HTTP 404,404,2026-04-16T08:57:23+00:00
12178,12178/,https://national-football-teams.com/matches/report/12178/,HTTP 404,404,2026-04-16T08:57:23+00:00
12179,12179/,https://national-football-teams.com/matches/report/12179/,HTTP 404,404,2026-04-16T08:57:23+00:00
12180,12180/,https://national-football-teams.com/matches/report/12180/,HTTP 404,404,2026-04-16T08:57:23+00:00
12183,12183/,https://national-football-teams.com/matches/report/12183/,HTTP 404,404,2026-04-16T08:57:23+00:00
12184,12184/,https://national-football-teams.com/matches/report/12184/,HTTP 404,404,2026-04-16T08:57:23+00:00
12186,12186/,https://national-football-teams.com/matches/report/12186/,HTTP 404,404,2026-04-16T08:57:23+00:00
12187,12187/,https://national-football-teams.com/matches/report/12187/,HTTP 404,404,2026-04-16T08:57:23+00:00
122,122/,https://national-football-teams.com/matches/report/122/,HTTP 404,404,2026-04-16T08:57:23+00:00
12200,12200/,https://national-football-teams.com/matches/report/12200/,HTTP 404,404,2026-04-16T08:57:23+00:00
12201,12201/,https://national-football-teams.com/matches/report/12201/,HTTP 404,404,2026-04-16T08:57:23+00:00
12203,12203/,https://national-football-teams.com/matches/report/12203/,HTTP 404,404,2026-04-16T08:57:23+00:00
12204,12204/,https://national-football-teams.com/matches/report/12204/,HTTP 404,404,2026-04-16T08:57:23+00:00
12209,12209/,https://national-football-teams.com/matches/report/12209/,HTTP 404,404,2026-04-16T08:57:23+00:00
12210,12210/,https://national-football-teams.com/matches/report/12210/,HTTP 404,404,2026-04-16T08:57:24+00:00
12211,12211/,https://national-football-teams.com/matches/report/12211/,HTTP 404,404,2026-04-16T08:57:24+00:00
12212,12212/,https://national-football-teams.com/matches/report/12212/,HTTP 404,404,2026-04-16T08:57:24+00:00
12213,12213/,https://national-football-teams.com/matches/report/12213/,HTTP 404,404,2026-04-16T08:57:24+00:00
12214,12214/,https://national-football-teams.com/matches/report/12214/,HTTP 404,404,2026-04-16T08:57:24+00:00
12215,12215/,https://national-football-teams.com/matches/report/12215/,HTTP 404,404,2026-04-16T08:57:24+00:00
12220,12220/,https://national-football-teams.com/matches/report/12220/,HTTP 404,404,2026-04-16T08:57:24+00:00
12225,12225/,https://national-football-teams.com/matches/report/12225/,HTTP 404,404,2026-04-16T08:57:24+00:00
12226,12226/,https://national-football-teams.com/matches/report/12226/,HTTP 404,404,2026-04-16T08:57:24+00:00
12230,12230/,https://national-football-teams.com/matches/report/12230/,HTTP 404,404,2026-04-16T08:57:24+00:00
12231,12231/,https://national-football-teams.com/matches/report/12231/,HTTP 404,404,2026-04-16T08:57:24+00:00
12233,12233/,https://national-football-teams.com/matches/report/12233/,HTTP 404,404,2026-04-16T08:57:24+00:00
12234,12234/,https://national-football-teams.com/matches/report/12234/,HTTP 404,404,2026-04-16T08:57:24+00:00
12238,12238/,https://national-football-teams.com/matches/report/12238/,HTTP 404,404,2026-04-16T08:57:24+00:00
12239,12239/,https://national-football-teams.com/matches/report/12239/,HTTP 404,404,2026-04-16T08:57:24+00:00
12243,12243/,https://national-football-teams.com/matches/report/12243/,HTTP 404,404,2026-04-16T08:57:24+00:00
12244,12244/,https://national-football-teams.com/matches/report/12244/,HTTP 404,404,2026-04-16T08:57:24+00:00
12249,12249/,https://national-football-teams.com/matches/report/12249/,HTTP 404,404,2026-04-16T08:57:24+00:00
12250,12250/,https://national-football-teams.com/matches/report/12250/,HTTP 404,404,2026-04-16T08:57:24+00:00
12255,12255/,https://national-football-teams.com/matches/report/12255/,HTTP 404,404,2026-04-16T08:57:24+00:00
12256,12256/,https://national-football-teams.com/matches/report/12256/,HTTP 404,404,2026-04-16T08:57:24+00:00
12259,12259/,https://national-football-teams.com/matches/report/12259/,HTTP 404,404,2026-04-16T08:57:24+00:00
12260,12260/,https://national-football-teams.com/matches/report/12260/,HTTP 404,404,2026-04-16T08:57:24+00:00
12263,12263/,https://national-football-teams.com/matches/report/12263/,HTTP 404,404,2026-04-16T08:57:24+00:00
12272,12272/,https://national-football-teams.com/matches/report/12272/,HTTP 404,404,2026-04-16T08:57:24+00:00
12275,12275/,https://national-football-teams.com/matches/report/12275/,HTTP 404,404,2026-04-16T08:57:25+00:00
12276,12276/,https://national-football-teams.com/matches/report/12276/,HTTP 404,404,2026-04-16T08:57:25+00:00
12277,12277/,https://national-football-teams.com/matches/report/12277/,HTTP 404,404,2026-04-16T08:57:25+00:00
12278,12278/,https://national-football-teams.com/matches/report/12278/,HTTP 404,404,2026-04-16T08:57:25+00:00
12279,12279/,https://national-football-teams.com/matches/report/12279/,HTTP 404,404,2026-04-16T08:57:25+00:00
12280,12280/,https://national-football-teams.com/matches/report/12280/,HTTP 404,404,2026-04-16T08:57:25+00:00
123,123/,https://national-football-teams.com/matches/report/123/,HTTP 404,404,2026-04-16T08:57:25+00:00
12308,12308/,https://national-football-teams.com/matches/report/12308/,HTTP 404,404,2026-04-16T08:57:25+00:00
12310,12310/,https://national-football-teams.com/matches/report/12310/,HTTP 404,404,2026-04-16T08:57:25+00:00
12311,12311/,https://national-football-teams.com/matches/report/12311/,HTTP 404,404,2026-04-16T08:57:25+00:00
12312,12312/,https://national-football-teams.com/matches/report/12312/,HTTP 404,404,2026-04-16T08:57:25+00:00
12313,12313/,https://national-football-teams.com/matches/report/12313/,HTTP 404,404,2026-04-16T08:57:25+00:00
12314,12314/,https://national-football-teams.com/matches/report/12314/,HTTP 404,404,2026-04-16T08:57:25+00:00
12315,12315/,https://national-football-teams.com/matches/report/12315/,HTTP 404,404,2026-04-16T08:57:25+00:00
12316,12316/,https://national-football-teams.com/matches/report/12316/,HTTP 404,404,2026-04-16T08:57:25+00:00
12317,12317/,https://national-football-teams.com/matches/report/12317/,HTTP 404,404,2026-04-16T08:57:25+00:00
12318,12318/,https://national-football-teams.com/matches/report/12318/,HTTP 404,404,2026-04-16T08:57:25+00:00
12319,12319/,https://national-football-teams.com/matches/report/12319/,HTTP 404,404,2026-04-16T08:57:25+00:00
12321,12321/,https://national-football-teams.com/matches/report/12321/,HTTP 404,404,2026-04-16T08:57:25+00:00
12323,12323/,https://national-football-teams.com/matches/report/12323/,HTTP 404,404,2026-04-16T08:57:25+00:00
12324,12324/,https://national-football-teams.com/matches/report/12324/,HTTP 404,404,2026-04-16T08:57:26+00:00
12339,12339/,https://national-football-teams.com/matches/report/12339/,HTTP 404,404,2026-04-16T08:57:26+00:00
12340,12340/,https://national-football-teams.com/matches/report/12340/,HTTP 404,404,2026-04-16T08:57:26+00:00
12341,12341/,https://national-football-teams.com/matches/report/12341/,HTTP 404,404,2026-04-16T08:57:26+00:00
12343,12343/,https://national-football-teams.com/matches/report/12343/,HTTP 404,404,2026-04-16T08:57:26+00:00
12352,12352/,https://national-football-teams.com/matches/report/12352/,HTTP 404,404,2026-04-16T08:57:26+00:00
12355,12355/,https://national-football-teams.com/matches/report/12355/,HTTP 404,404,2026-04-16T08:57:26+00:00
12357,12357/,https://national-football-teams.com/matches/report/12357/,HTTP 404,404,2026-04-16T08:57:26+00:00
12358,12358/,https://national-football-teams.com/matches/report/12358/,HTTP 404,404,2026-04-16T08:57:26+00:00
12359,12359/,https://national-football-teams.com/matches/report/12359/,HTTP 404,404,2026-04-16T08:57:26+00:00
12360,12360/,https://national-football-teams.com/matches/report/12360/,HTTP 404,404,2026-04-16T08:57:26+00:00
12361,12361/,https://national-football-teams.com/matches/report/12361/,HTTP 404,404,2026-04-16T08:57:26+00:00
12362,12362/,https://national-football-teams.com/matches/report/12362/,HTTP 404,404,2026-04-16T08:57:26+00:00
12380,12380/,https://national-football-teams.com/matches/report/12380/,HTTP 404,404,2026-04-16T08:57:26+00:00
12381,12381/,https://national-football-teams.com/matches/report/12381/,HTTP 404,404,2026-04-16T08:57:26+00:00
12382,12382/,https://national-football-teams.com/matches/report/12382/,HTTP 404,404,2026-04-16T08:57:26+00:00
12383,12383/,https://national-football-teams.com/matches/report/12383/,HTTP 404,404,2026-04-16T08:57:26+00:00
12384,12384/,https://national-football-teams.com/matches/report/12384/,HTTP 404,404,2026-04-16T08:57:26+00:00
12385,12385/,https://national-football-teams.com/matches/report/12385/,HTTP 404,404,2026-04-16T08:57:26+00:00
12386,12386/,https://national-football-teams.com/matches/report/12386/,HTTP 404,404,2026-04-16T08:57:26+00:00
12387,12387/,https://national-football-teams.com/matches/report/12387/,HTTP 404,404,2026-04-16T08:57:26+00:00
12388,12388/,https://national-football-teams.com/matches/report/12388/,HTTP 404,404,2026-04-16T08:57:26+00:00
12398,12398/,https://national-football-teams.com/matches/report/12398/,HTTP 404,404,2026-04-16T08:57:26+00:00
124,124/,https://national-football-teams.com/matches/report/124/,HTTP 404,404,2026-04-16T08:57:26+00:00
12404,12404/,https://national-football-teams.com/matches/report/12404/,HTTP 404,404,2026-04-16T08:57:26+00:00
12406,12406/,https://national-football-teams.com/matches/report/12406/,HTTP 404,404,2026-04-16T08:57:27+00:00
12408,12408/,https://national-football-teams.com/matches/report/12408/,HTTP 404,404,2026-04-16T08:57:27+00:00
12409,12409/,https://national-football-teams.com/matches/report/12409/,HTTP 404,404,2026-04-16T08:57:27+00:00
12410,12410/,https://national-football-teams.com/matches/report/12410/,HTTP 404,404,2026-04-16T08:57:27+00:00
12411,12411/,https://national-football-teams.com/matches/report/12411/,HTTP 404,404,2026-04-16T08:57:27+00:00
12412,12412/,https://national-football-teams.com/matches/report/12412/,HTTP 404,404,2026-04-16T08:57:27+00:00
12413,12413/,https://national-football-teams.com/matches/report/12413/,HTTP 404,404,2026-04-16T08:57:27+00:00
12414,12414/,https://national-football-teams.com/matches/report/12414/,HTTP 404,404,2026-04-16T08:57:27+00:00
12415,12415/,https://national-football-teams.com/matches/report/12415/,HTTP 404,404,2026-04-16T08:57:27+00:00
12416,12416/,https://national-football-teams.com/matches/report/12416/,HTTP 404,404,2026-04-16T08:57:27+00:00
12427,12427/,https://national-football-teams.com/matches/report/12427/,HTTP 404,404,2026-04-16T08:57:27+00:00
12428,12428/,https://national-football-teams.com/matches/report/12428/,HTTP 404,404,2026-04-16T08:57:27+00:00
12429,12429/,https://national-football-teams.com/matches/report/12429/,HTTP 404,404,2026-04-16T08:57:27+00:00
12431,12431/,https://national-football-teams.com/matches/report/12431/,HTTP 404,404,2026-04-16T08:57:27+00:00
12432,12432/,https://national-football-teams.com/matches/report/12432/,HTTP 404,404,2026-04-16T08:57:27+00:00
12433,12433/,https://national-football-teams.com/matches/report/12433/,HTTP 404,404,2026-04-16T08:57:27+00:00
12434,12434/,https://national-football-teams.com/matches/report/12434/,HTTP 404,404,2026-04-16T08:57:27+00:00
12435,12435/,https://national-football-teams.com/matches/report/12435/,HTTP 404,404,2026-04-16T08:57:27+00:00
12436,12436/,https://national-football-teams.com/matches/report/12436/,HTTP 404,404,2026-04-16T08:57:27+00:00
12437,12437/,https://national-football-teams.com/matches/report/12437/,HTTP 404,404,2026-04-16T08:57:27+00:00
12438,12438/,https://national-football-teams.com/matches/report/12438/,HTTP 404,404,2026-04-16T08:57:28+00:00
12439,12439/,https://national-football-teams.com/matches/report/12439/,HTTP 404,404,2026-04-16T08:57:28+00:00
12451,12451/,https://national-football-teams.com/matches/report/12451/,HTTP 404,404,2026-04-16T08:57:28+00:00
12452,12452/,https://national-football-teams.com/matches/report/12452/,HTTP 404,404,2026-04-16T08:57:28+00:00
12453,12453/,https://national-football-teams.com/matches/report/12453/,HTTP 404,404,2026-04-16T08:57:28+00:00
12454,12454/,https://national-football-teams.com/matches/report/12454/,HTTP 404,404,2026-04-16T08:57:28+00:00
12455,12455/,https://national-football-teams.com/matches/report/12455/,HTTP 404,404,2026-04-16T08:57:28+00:00
12466,12466/,https://national-football-teams.com/matches/report/12466/,HTTP 404,404,2026-04-16T08:57:28+00:00
12473,12473/,https://national-football-teams.com/matches/report/12473/,HTTP 404,404,2026-04-16T08:57:28+00:00
12474,12474/,https://national-football-teams.com/matches/report/12474/,HTTP 404,404,2026-04-16T08:57:28+00:00
12475,12475/,https://national-football-teams.com/matches/report/12475/,HTTP 404,404,2026-04-16T08:57:28+00:00
12476,12476/,https://national-football-teams.com/matches/report/12476/,HTTP 404,404,2026-04-16T08:57:28+00:00
12493,12493/,https://national-football-teams.com/matches/report/12493/,HTTP 404,404,2026-04-16T08:57:28+00:00
12494,12494/,https://national-football-teams.com/matches/report/12494/,HTTP 404,404,2026-04-16T08:57:28+00:00
12495,12495/,https://national-football-teams.com/matches/report/12495/,HTTP 404,404,2026-04-16T08:57:28+00:00
12496,12496/,https://national-football-teams.com/matches/report/12496/,HTTP 404,404,2026-04-16T08:57:29+00:00
12497,12497/,https://national-football-teams.com/matches/report/12497/,HTTP 404,404,2026-04-16T08:57:29+00:00
12498,12498/,https://national-football-teams.com/matches/report/12498/,HTTP 404,404,2026-04-16T08:57:29+00:00
12499,12499/,https://national-football-teams.com/matches/report/12499/,HTTP 404,404,2026-04-16T08:57:29+00:00
125,125/,https://national-football-teams.com/matches/report/125/,HTTP 404,404,2026-04-16T08:57:29+00:00
12500,12500/,https://national-football-teams.com/matches/report/12500/,HTTP 404,404,2026-04-16T08:57:29+00:00
12501,12501/,https://national-football-teams.com/matches/report/12501/,HTTP 404,404,2026-04-16T08:57:29+00:00
12502,12502/,https://national-football-teams.com/matches/report/12502/,HTTP 404,404,2026-04-16T08:57:29+00:00
12503,12503/,https://national-football-teams.com/matches/report/12503/,HTTP 404,404,2026-04-16T08:57:29+00:00
12509,12509/,https://national-football-teams.com/matches/report/12509/,HTTP 404,404,2026-04-16T08:57:29+00:00
12510,12510/,https://national-football-teams.com/matches/report/12510/,HTTP 404,404,2026-04-16T08:57:29+00:00
12511,12511/,https://national-football-teams.com/matches/report/12511/,HTTP 404,404,2026-04-16T08:57:29+00:00
12531,12531/,https://national-football-teams.com/matches/report/12531/,HTTP 404,404,2026-04-16T08:57:29+00:00
12532,12532/,https://national-football-teams.com/matches/report/12532/,HTTP 404,404,2026-04-16T08:57:29+00:00
12535,12535/,https://national-football-teams.com/matches/report/12535/,HTTP 404,404,2026-04-16T08:57:29+00:00
12536,12536/,https://national-football-teams.com/matches/report/12536/,HTTP 404,404,2026-04-16T08:57:30+00:00
12538,12538/,https://national-football-teams.com/matches/report/12538/,HTTP 404,404,2026-04-16T08:57:30+00:00
12540,12540/,https://national-football-teams.com/matches/report/12540/,HTTP 404,404,2026-04-16T08:57:30+00:00
12543,12543/,https://national-football-teams.com/matches/report/12543/,HTTP 404,404,2026-04-16T08:57:30+00:00
12545,12545/,https://national-football-teams.com/matches/report/12545/,HTTP 404,404,2026-04-16T08:57:30+00:00
12547,12547/,https://national-football-teams.com/matches/report/12547/,HTTP 404,404,2026-04-16T08:57:30+00:00
12560,12560/,https://national-football-teams.com/matches/report/12560/,HTTP 404,404,2026-04-16T08:57:30+00:00
12562,12562/,https://national-football-teams.com/matches/report/12562/,HTTP 404,404,2026-04-16T08:57:30+00:00
12564,12564/,https://national-football-teams.com/matches/report/12564/,HTTP 404,404,2026-04-16T08:57:30+00:00
12572,12572/,https://national-football-teams.com/matches/report/12572/,HTTP 404,404,2026-04-16T08:57:30+00:00
12573,12573/,https://national-football-teams.com/matches/report/12573/,HTTP 404,404,2026-04-16T08:57:30+00:00
12576,12576/,https://national-football-teams.com/matches/report/12576/,HTTP 404,404,2026-04-16T08:57:30+00:00
12578,12578/,https://national-football-teams.com/matches/report/12578/,HTTP 404,404,2026-04-16T08:57:30+00:00
12580,12580/,https://national-football-teams.com/matches/report/12580/,HTTP 404,404,2026-04-16T08:57:30+00:00
12588,12588/,https://national-football-teams.com/matches/report/12588/,HTTP 404,404,2026-04-16T08:57:30+00:00
12590,12590/,https://national-football-teams.com/matches/report/12590/,HTTP 404,404,2026-04-16T08:57:30+00:00
12593,12593/,https://national-football-teams.com/matches/report/12593/,HTTP 404,404,2026-04-16T08:57:30+00:00
126,126/,https://national-football-teams.com/matches/report/126/,HTTP 404,404,2026-04-16T08:57:30+00:00
12611,12611/,https://national-football-teams.com/matches/report/12611/,HTTP 404,404,2026-04-16T08:57:30+00:00
12619,12619/,https://national-football-teams.com/matches/report/12619/,HTTP 404,404,2026-04-16T08:57:30+00:00
12620,12620/,https://national-football-teams.com/matches/report/12620/,HTTP 404,404,2026-04-16T08:57:30+00:00
12621,12621/,https://national-football-teams.com/matches/report/12621/,HTTP 404,404,2026-04-16T08:57:30+00:00
12622,12622/,https://national-football-teams.com/matches/report/12622/,HTTP 404,404,2026-04-16T08:57:30+00:00
12628,12628/,https://national-football-teams.com/matches/report/12628/,HTTP 404,404,2026-04-16T08:57:30+00:00
12634,12634/,https://national-football-teams.com/matches/report/12634/,HTTP 404,404,2026-04-16T08:57:30+00:00
12649,12649/,https://national-football-teams.com/matches/report/12649/,HTTP 404,404,2026-04-16T08:57:31+00:00
12650,12650/,https://national-football-teams.com/matches/report/12650/,HTTP 404,404,2026-04-16T08:57:31+00:00
12660,12660/,https://national-football-teams.com/matches/report/12660/,HTTP 404,404,2026-04-16T08:57:31+00:00
12663,12663/,https://national-football-teams.com/matches/report/12663/,HTTP 404,404,2026-04-16T08:57:31+00:00
12664,12664/,https://national-football-teams.com/matches/report/12664/,HTTP 404,404,2026-04-16T08:57:31+00:00
12665,12665/,https://national-football-teams.com/matches/report/12665/,HTTP 404,404,2026-04-16T08:57:31+00:00
12666,12666/,https://national-football-teams.com/matches/report/12666/,HTTP 404,404,2026-04-16T08:57:31+00:00
12667,12667/,https://national-football-teams.com/matches/report/12667/,HTTP 404,404,2026-04-16T08:57:31+00:00
12668,12668/,https://national-football-teams.com/matches/report/12668/,HTTP 404,404,2026-04-16T08:57:31+00:00
12674,12674/,https://national-football-teams.com/matches/report/12674/,HTTP 404,404,2026-04-16T08:57:31+00:00
12675,12675/,https://national-football-teams.com/matches/report/12675/,HTTP 404,404,2026-04-16T08:57:32+00:00
12680,12680/,https://national-football-teams.com/matches/report/12680/,HTTP 404,404,2026-04-16T08:57:32+00:00
12686,12686/,https://national-football-teams.com/matches/report/12686/,HTTP 404,404,2026-04-16T08:57:32+00:00
12687,12687/,https://national-football-teams.com/matches/report/12687/,HTTP 404,404,2026-04-16T08:57:32+00:00
12688,12688/,https://national-football-teams.com/matches/report/12688/,HTTP 404,404,2026-04-16T08:57:32+00:00
12689,12689/,https://national-football-teams.com/matches/report/12689/,HTTP 404,404,2026-04-16T08:57:32+00:00
12690,12690/,https://national-football-teams.com/matches/report/12690/,HTTP 404,404,2026-04-16T08:57:32+00:00
12693,12693/,https://national-football-teams.com/matches/report/12693/,HTTP 404,404,2026-04-16T08:57:32+00:00
12694,12694/,https://national-football-teams.com/matches/report/12694/,HTTP 404,404,2026-04-16T08:57:32+00:00
12698,12698/,https://national-football-teams.com/matches/report/12698/,HTTP 404,404,2026-04-16T08:57:32+00:00
12699,12699/,https://national-football-teams.com/matches/report/12699/,HTTP 404,404,2026-04-16T08:57:32+00:00
127,127/,https://national-football-teams.com/matches/report/127/,HTTP 404,404,2026-04-16T08:57:32+00:00
12700,12700/,https://national-football-teams.com/matches/report/12700/,HTTP 404,404,2026-04-16T08:57:32+00:00
12710,12710/,https://national-football-teams.com/matches/report/12710/,HTTP 404,404,2026-04-16T08:57:32+00:00
12711,12711/,https://national-football-teams.com/matches/report/12711/,HTTP 404,404,2026-04-16T08:57:32+00:00
12721,12721/,https://national-football-teams.com/matches/report/12721/,HTTP 404,404,2026-04-16T08:57:32+00:00
12723,12723/,https://national-football-teams.com/matches/report/12723/,HTTP 404,404,2026-04-16T08:57:32+00:00
12739,12739/,https://national-football-teams.com/matches/report/12739/,HTTP 404,404,2026-04-16T08:57:32+00:00
12749,12749/,https://national-football-teams.com/matches/report/12749/,HTTP 404,404,2026-04-16T08:57:32+00:00
12753,12753/,https://national-football-teams.com/matches/report/12753/,HTTP 404,404,2026-04-16T08:57:32+00:00
12760,12760/,https://national-football-teams.com/matches/report/12760/,HTTP 404,404,2026-04-16T08:57:33+00:00
12761,12761/,https://national-football-teams.com/matches/report/12761/,HTTP 404,404,2026-04-16T08:57:33+00:00
12763,12763/,https://national-football-teams.com/matches/report/12763/,HTTP 404,404,2026-04-16T08:57:33+00:00
12784,12784/,https://national-football-teams.com/matches/report/12784/,HTTP 404,404,2026-04-16T08:57:33+00:00
12796,12796/,https://national-football-teams.com/matches/report/12796/,HTTP 404,404,2026-04-16T08:57:33+00:00
128,128/,https://national-football-teams.com/matches/report/128/,HTTP 404,404,2026-04-16T08:57:33+00:00
12805,12805/,https://national-football-teams.com/matches/report/12805/,HTTP 404,404,2026-04-16T08:57:33+00:00
12806,12806/,https://national-football-teams.com/matches/report/12806/,HTTP 404,404,2026-04-16T08:57:33+00:00
12807,12807/,https://national-football-teams.com/matches/report/12807/,HTTP 404,404,2026-04-16T08:57:33+00:00
12808,12808/,https://national-football-teams.com/matches/report/12808/,HTTP 404,404,2026-04-16T08:57:33+00:00
12809,12809/,https://national-football-teams.com/matches/report/12809/,HTTP 404,404,2026-04-16T08:57:33+00:00
12819,12819/,https://national-football-teams.com/matches/report/12819/,HTTP 404,404,2026-04-16T08:57:33+00:00
12823,12823/,https://national-football-teams.com/matches/report/12823/,HTTP 404,404,2026-04-16T08:57:33+00:00
12825,12825/,https://national-football-teams.com/matches/report/12825/,HTTP 404,404,2026-04-16T08:57:33+00:00
12837,12837/,https://national-football-teams.com/matches/report/12837/,HTTP 404,404,2026-04-16T08:57:33+00:00
12838,12838/,https://national-football-teams.com/matches/report/12838/,HTTP 404,404,2026-04-16T08:57:33+00:00
12844,12844/,https://national-football-teams.com/matches/report/12844/,HTTP 404,404,2026-04-16T08:57:33+00:00
12845,12845/,https://national-football-teams.com/matches/report/12845/,HTTP 404,404,2026-04-16T08:57:33+00:00
12846,12846/,https://national-football-teams.com/matches/report/12846/,HTTP 404,404,2026-04-16T08:57:33+00:00
12847,12847/,https://national-football-teams.com/matches/report/12847/,HTTP 404,404,2026-04-16T08:57:33+00:00
12848,12848/,https://national-football-teams.com/matches/report/12848/,HTTP 404,404,2026-04-16T08:57:34+00:00
12850,12850/,https://national-football-teams.com/matches/report/12850/,HTTP 404,404,2026-04-16T08:57:34+00:00
12851,12851/,https://national-football-teams.com/matches/report/12851/,HTTP 404,404,2026-04-16T08:57:34+00:00
12852,12852/,https://national-football-teams.com/matches/report/12852/,HTTP 404,404,2026-04-16T08:57:34+00:00
12861,12861/,https://national-football-teams.com/matches/report/12861/,HTTP 404,404,2026-04-16T08:57:34+00:00
12862,12862/,https://national-football-teams.com/matches/report/12862/,HTTP 404,404,2026-04-16T08:57:34+00:00
12863,12863/,https://national-football-teams.com/matches/report/12863/,HTTP 404,404,2026-04-16T08:57:34+00:00
12866,12866/,https://national-football-teams.com/matches/report/12866/,HTTP 404,404,2026-04-16T08:57:34+00:00
12868,12868/,https://national-football-teams.com/matches/report/12868/,HTTP 404,404,2026-04-16T08:57:34+00:00
12898,12898/,https://national-football-teams.com/matches/report/12898/,HTTP 404,404,2026-04-16T08:57:34+00:00
129,129/,https://national-football-teams.com/matches/report/129/,HTTP 404,404,2026-04-16T08:57:34+00:00
12913,12913/,https://national-football-teams.com/matches/report/12913/,HTTP 404,404,2026-04-16T08:57:34+00:00
12923,12923/,https://national-football-teams.com/matches/report/12923/,HTTP 404,404,2026-04-16T08:57:34+00:00
12924,12924/,https://national-football-teams.com/matches/report/12924/,HTTP 404,404,2026-04-16T08:57:34+00:00
12925,12925/,https://national-football-teams.com/matches/report/12925/,HTTP 404,404,2026-04-16T08:57:34+00:00
12926,12926/,https://national-football-teams.com/matches/report/12926/,HTTP 404,404,2026-04-16T08:57:34+00:00
12927,12927/,https://national-football-teams.com/matches/report/12927/,HTTP 404,404,2026-04-16T08:57:34+00:00
12928,12928/,https://national-football-teams.com/matches/report/12928/,HTTP 404,404,2026-04-16T08:57:34+00:00
12929,12929/,https://national-football-teams.com/matches/report/12929/,HTTP 404,404,2026-04-16T08:57:34+00:00
12952,12952/,https://national-football-teams.com/matches/report/12952/,HTTP 404,404,2026-04-16T08:57:34+00:00
12953,12953/,https://national-football-teams.com/matches/report/12953/,HTTP 404,404,2026-04-16T08:57:34+00:00
12954,12954/,https://national-football-teams.com/matches/report/12954/,HTTP 404,404,2026-04-16T08:57:34+00:00
12955,12955/,https://national-football-teams.com/matches/report/12955/,HTTP 404,404,2026-04-16T08:57:34+00:00
12956,12956/,https://national-football-teams.com/matches/report/12956/,HTTP 404,404,2026-04-16T08:57:34+00:00
12957,12957/,https://national-football-teams.com/matches/report/12957/,HTTP 404,404,2026-04-16T08:57:34+00:00
12965,12965/,https://national-football-teams.com/matches/report/12965/,HTTP 404,404,2026-04-16T08:57:35+00:00
12966,12966/,https://national-football-teams.com/matches/report/12966/,HTTP 404,404,2026-04-16T08:57:35+00:00
12967,12967/,https://national-football-teams.com/matches/report/12967/,HTTP 404,404,2026-04-16T08:57:35+00:00
12968,12968/,https://national-football-teams.com/matches/report/12968/,HTTP 404,404,2026-04-16T08:57:35+00:00
12969,12969/,https://national-football-teams.com/matches/report/12969/,HTTP 404,404,2026-04-16T08:57:35+00:00
12974,12974/,https://national-football-teams.com/matches/report/12974/,HTTP 404,404,2026-04-16T08:57:35+00:00
130,130/,https://national-football-teams.com/matches/report/130/,HTTP 404,404,2026-04-16T08:57:35+00:00
13011,13011/,https://national-football-teams.com/matches/report/13011/,HTTP 404,404,2026-04-16T08:57:35+00:00
13021,13021/,https://national-football-teams.com/matches/report/13021/,HTTP 404,404,2026-04-16T08:57:35+00:00
13024,13024/,https://national-football-teams.com/matches/report/13024/,HTTP 404,404,2026-04-16T08:57:35+00:00
13025,13025/,https://national-football-teams.com/matches/report/13025/,HTTP 404,404,2026-04-16T08:57:35+00:00
13026,13026/,https://national-football-teams.com/matches/report/13026/,HTTP 404,404,2026-04-16T08:57:35+00:00
13051,13051/,https://national-football-teams.com/matches/report/13051/,HTTP 404,404,2026-04-16T08:57:35+00:00
13065,13065/,https://national-football-teams.com/matches/report/13065/,HTTP 404,404,2026-04-16T08:57:35+00:00
13081,13081/,https://national-football-teams.com/matches/report/13081/,HTTP 404,404,2026-04-16T08:57:35+00:00
13083,13083/,https://national-football-teams.com/matches/report/13083/,HTTP 404,404,2026-04-16T08:57:35+00:00
13084,13084/,https://national-football-teams.com/matches/report/13084/,HTTP 404,404,2026-04-16T08:57:35+00:00
131,131/,https://national-football-teams.com/matches/report/131/,HTTP 404,404,2026-04-16T08:57:35+00:00
13102,13102/,https://national-football-teams.com/matches/report/13102/,HTTP 404,404,2026-04-16T08:57:35+00:00
13103,13103/,https://national-football-teams.com/matches/report/13103/,HTTP 404,404,2026-04-16T08:57:35+00:00
13104,13104/,https://national-football-teams.com/matches/report/13104/,HTTP 404,404,2026-04-16T08:57:36+00:00
13105,13105/,https://national-football-teams.com/matches/report/13105/,HTTP 404,404,2026-04-16T08:57:36+00:00
13107,13107/,https://national-football-teams.com/matches/report/13107/,HTTP 404,404,2026-04-16T08:57:36+00:00
13108,13108/,https://national-football-teams.com/matches/report/13108/,HTTP 404,404,2026-04-16T08:57:36+00:00
13109,13109/,https://national-football-teams.com/matches/report/13109/,HTTP 404,404,2026-04-16T08:57:36+00:00
13114,13114/,https://national-football-teams.com/matches/report/13114/,HTTP 404,404,2026-04-16T08:57:36+00:00
13140,13140/,https://national-football-teams.com/matches/report/13140/,HTTP 404,404,2026-04-16T08:57:36+00:00
13141,13141/,https://national-football-teams.com/matches/report/13141/,HTTP 404,404,2026-04-16T08:57:36+00:00
13142,13142/,https://national-football-teams.com/matches/report/13142/,HTTP 404,404,2026-04-16T08:57:36+00:00
13155,13155/,https://national-football-teams.com/matches/report/13155/,HTTP 404,404,2026-04-16T08:57:36+00:00
13156,13156/,https://national-football-teams.com/matches/report/13156/,HTTP 404,404,2026-04-16T08:57:36+00:00
13157,13157/,https://national-football-teams.com/matches/report/13157/,HTTP 404,404,2026-04-16T08:57:36+00:00
13158,13158/,https://national-football-teams.com/matches/report/13158/,HTTP 404,404,2026-04-16T08:57:36+00:00
13159,13159/,https://national-football-teams.com/matches/report/13159/,HTTP 404,404,2026-04-16T08:57:36+00:00
13160,13160/,https://national-football-teams.com/matches/report/13160/,HTTP 404,404,2026-04-16T08:57:36+00:00
13161,13161/,https://national-football-teams.com/matches/report/13161/,HTTP 404,404,2026-04-16T08:57:36+00:00
13162,13162/,https://national-football-teams.com/matches/report/13162/,HTTP 404,404,2026-04-16T08:57:36+00:00
13163,13163/,https://national-football-teams.com/matches/report/13163/,HTTP 404,404,2026-04-16T08:57:36+00:00
13164,13164/,https://national-football-teams.com/matches/report/13164/,HTTP 404,404,2026-04-16T08:57:36+00:00
13165,13165/,https://national-football-teams.com/matches/report/13165/,HTTP 404,404,2026-04-16T08:57:36+00:00
13166,13166/,https://national-football-teams.com/matches/report/13166/,HTTP 404,404,2026-04-16T08:57:36+00:00
13167,13167/,https://national-football-teams.com/matches/report/13167/,HTTP 404,404,2026-04-16T08:57:36+00:00
13168,13168/,https://national-football-teams.com/matches/report/13168/,HTTP 404,404,2026-04-16T08:57:36+00:00
13169,13169/,https://national-football-teams.com/matches/report/13169/,HTTP 404,404,2026-04-16T08:57:36+00:00
13170,13170/,https://national-football-teams.com/matches/report/13170/,HTTP 404,404,2026-04-16T08:57:36+00:00
13177,13177/,https://national-football-teams.com/matches/report/13177/,HTTP 404,404,2026-04-16T08:57:37+00:00
132,132/,https://national-football-teams.com/matches/report/132/,HTTP 404,404,2026-04-16T08:57:37+00:00
13271,13271/,https://national-football-teams.com/matches/report/13271/,HTTP 404,404,2026-04-16T08:57:37+00:00
13272,13272/,https://national-football-teams.com/matches/report/13272/,HTTP 404,404,2026-04-16T08:57:37+00:00
13273,13273/,https://national-football-teams.com/matches/report/13273/,HTTP 404,404,2026-04-16T08:57:37+00:00
13279,13279/,https://national-football-teams.com/matches/report/13279/,HTTP 404,404,2026-04-16T08:57:37+00:00
13280,13280/,https://national-football-teams.com/matches/report/13280/,HTTP 404,404,2026-04-16T08:57:37+00:00
13281,13281/,https://national-football-teams.com/matches/report/13281/,HTTP 404,404,2026-04-16T08:57:37+00:00
13282,13282/,https://national-football-teams.com/matches/report/13282/,HTTP 404,404,2026-04-16T08:57:37+00:00
13283,13283/,https://national-football-teams.com/matches/report/13283/,HTTP 404,404,2026-04-16T08:57:37+00:00
13284,13284/,https://national-football-teams.com/matches/report/13284/,HTTP 404,404,2026-04-16T08:57:37+00:00
13285,13285/,https://national-football-teams.com/matches/report/13285/,HTTP 404,404,2026-04-16T08:57:37+00:00
13286,13286/,https://national-football-teams.com/matches/report/13286/,HTTP 404,404,2026-04-16T08:57:37+00:00
13287,13287/,https://national-football-teams.com/matches/report/13287/,HTTP 404,404,2026-04-16T08:57:37+00:00
13288,13288/,https://national-football-teams.com/matches/report/13288/,HTTP 404,404,2026-04-16T08:57:37+00:00
13289,13289/,https://national-football-teams.com/matches/report/13289/,HTTP 404,404,2026-04-16T08:57:37+00:00
13290,13290/,https://national-football-teams.com/matches/report/13290/,HTTP 404,404,2026-04-16T08:57:37+00:00
13291,13291/,https://national-football-teams.com/matches/report/13291/,HTTP 404,404,2026-04-16T08:57:37+00:00
13292,13292/,https://national-football-teams.com/matches/report/13292/,HTTP 404,404,2026-04-16T08:57:37+00:00
13293,13293/,https://national-football-teams.com/matches/report/13293/,HTTP 404,404,2026-04-16T08:57:37+00:00
13295,13295/,https://national-football-teams.com/matches/report/13295/,HTTP 404,404,2026-04-16T08:57:38+00:00
13298,13298/,https://national-football-teams.com/matches/report/13298/,HTTP 404,404,2026-04-16T08:57:38+00:00
133,133/,https://national-football-teams.com/matches/report/133/,HTTP 404,404,2026-04-16T08:57:38+00:00
13338,13338/,https://national-football-teams.com/matches/report/13338/,HTTP 404,404,2026-04-16T08:57:38+00:00
13341,13341/,https://national-football-teams.com/matches/report/13341/,HTTP 404,404,2026-04-16T08:57:38+00:00
13342,13342/,https://national-football-teams.com/matches/report/13342/,HTTP 404,404,2026-04-16T08:57:38+00:00
134,134/,https://national-football-teams.com/matches/report/134/,HTTP 404,404,2026-04-16T08:57:38+00:00
13414,13414/,https://national-football-teams.com/matches/report/13414/,HTTP 404,404,2026-04-16T08:57:38+00:00
13415,13415/,https://national-football-teams.com/matches/report/13415/,HTTP 404,404,2026-04-16T08:57:38+00:00
13417,13417/,https://national-football-teams.com/matches/report/13417/,HTTP 404,404,2026-04-16T08:57:38+00:00
13418,13418/,https://national-football-teams.com/matches/report/13418/,HTTP 404,404,2026-04-16T08:57:38+00:00
13419,13419/,https://national-football-teams.com/matches/report/13419/,HTTP 404,404,2026-04-16T08:57:38+00:00
13423,13423/,https://national-football-teams.com/matches/report/13423/,HTTP 404,404,2026-04-16T08:57:38+00:00
13436,13436/,https://national-football-teams.com/matches/report/13436/,HTTP 404,404,2026-04-16T08:57:38+00:00
13438,13438/,https://national-football-teams.com/matches/report/13438/,HTTP 404,404,2026-04-16T08:57:38+00:00
13439,13439/,https://national-football-teams.com/matches/report/13439/,HTTP 404,404,2026-04-16T08:57:38+00:00
13440,13440/,https://national-football-teams.com/matches/report/13440/,HTTP 404,404,2026-04-16T08:57:38+00:00
13441,13441/,https://national-football-teams.com/matches/report/13441/,HTTP 404,404,2026-04-16T08:57:38+00:00
13443,13443/,https://national-football-teams.com/matches/report/13443/,HTTP 404,404,2026-04-16T08:57:38+00:00
13444,13444/,https://national-football-teams.com/matches/report/13444/,HTTP 404,404,2026-04-16T08:57:38+00:00
13445,13445/,https://national-football-teams.com/matches/report/13445/,HTTP 404,404,2026-04-16T08:57:38+00:00
13446,13446/,https://national-football-teams.com/matches/report/13446/,HTTP 404,404,2026-04-16T08:57:38+00:00
13447,13447/,https://national-football-teams.com/matches/report/13447/,HTTP 404,404,2026-04-16T08:57:38+00:00
13452,13452/,https://national-football-teams.com/matches/report/13452/,HTTP 404,404,2026-04-16T08:57:38+00:00
13455,13455/,https://national-football-teams.com/matches/report/13455/,HTTP 404,404,2026-04-16T08:57:38+00:00
13456,13456/,https://national-football-teams.com/matches/report/13456/,HTTP 404,404,2026-04-16T08:57:39+00:00
13457,13457/,https://national-football-teams.com/matches/report/13457/,HTTP 404,404,2026-04-16T08:57:39+00:00
13458,13458/,https://national-football-teams.com/matches/report/13458/,HTTP 404,404,2026-04-16T08:57:39+00:00
13459,13459/,https://national-football-teams.com/matches/report/13459/,HTTP 404,404,2026-04-16T08:57:39+00:00
13460,13460/,https://national-football-teams.com/matches/report/13460/,HTTP 404,404,2026-04-16T08:57:39+00:00
13461,13461/,https://national-football-teams.com/matches/report/13461/,HTTP 404,404,2026-04-16T08:57:39+00:00
13465,13465/,https://national-football-teams.com/matches/report/13465/,HTTP 404,404,2026-04-16T08:57:39+00:00
13466,13466/,https://national-football-teams.com/matches/report/13466/,HTTP 404,404,2026-04-16T08:57:39+00:00
13467,13467/,https://national-football-teams.com/matches/report/13467/,HTTP 404,404,2026-04-16T08:57:39+00:00
13468,13468/,https://national-football-teams.com/matches/report/13468/,HTTP 404,404,2026-04-16T08:57:39+00:00
13469,13469/,https://national-football-teams.com/matches/report/13469/,HTTP 404,404,2026-04-16T08:57:39+00:00
13470,13470/,https://national-football-teams.com/matches/report/13470/,HTTP 404,404,2026-04-16T08:57:39+00:00
13471,13471/,https://national-football-teams.com/matches/report/13471/,HTTP 404,404,2026-04-16T08:57:39+00:00
13472,13472/,https://national-football-teams.com/matches/report/13472/,HTTP 404,404,2026-04-16T08:57:39+00:00
13473,13473/,https://national-football-teams.com/matches/report/13473/,HTTP 404,404,2026-04-16T08:57:39+00:00
13475,13475/,https://national-football-teams.com/matches/report/13475/,HTTP 404,404,2026-04-16T08:57:39+00:00
13477,13477/,https://national-football-teams.com/matches/report/13477/,HTTP 404,404,2026-04-16T08:57:39+00:00
13478,13478/,https://national-football-teams.com/matches/report/13478/,HTTP 404,404,2026-04-16T08:57:39+00:00
13479,13479/,https://national-football-teams.com/matches/report/13479/,HTTP 404,404,2026-04-16T08:57:39+00:00
13480,13480/,https://national-football-teams.com/matches/report/13480/,HTTP 404,404,2026-04-16T08:57:39+00:00
13481,13481/,https://national-football-teams.com/matches/report/13481/,HTTP 404,404,2026-04-16T08:57:40+00:00
13482,13482/,https://national-football-teams.com/matches/report/13482/,HTTP 404,404,2026-04-16T08:57:40+00:00
13487,13487/,https://national-football-teams.com/matches/report/13487/,HTTP 404,404,2026-04-16T08:57:40+00:00
13488,13488/,https://national-football-teams.com/matches/report/13488/,HTTP 404,404,2026-04-16T08:57:40+00:00
13489,13489/,https://national-football-teams.com/matches/report/13489/,HTTP 404,404,2026-04-16T08:57:40+00:00
13490,13490/,https://national-football-teams.com/matches/report/13490/,HTTP 404,404,2026-04-16T08:57:40+00:00
13491,13491/,https://national-football-teams.com/matches/report/13491/,HTTP 404,404,2026-04-16T08:57:40+00:00
13492,13492/,https://national-football-teams.com/matches/report/13492/,HTTP 404,404,2026-04-16T08:57:40+00:00
13493,13493/,https://national-football-teams.com/matches/report/13493/,HTTP 404,404,2026-04-16T08:57:40+00:00
13494,13494/,https://national-football-teams.com/matches/report/13494/,HTTP 404,404,2026-04-16T08:57:40+00:00
13495,13495/,https://national-football-teams.com/matches/report/13495/,HTTP 404,404,2026-04-16T08:57:40+00:00
135,135/,https://national-football-teams.com/matches/report/135/,HTTP 404,404,2026-04-16T08:57:40+00:00
13501,13501/,https://national-football-teams.com/matches/report/13501/,HTTP 404,404,2026-04-16T08:57:40+00:00
13503,13503/,https://national-football-teams.com/matches/report/13503/,HTTP 404,404,2026-04-16T08:57:40+00:00
13504,13504/,https://national-football-teams.com/matches/report/13504/,HTTP 404,404,2026-04-16T08:57:40+00:00
13505,13505/,https://national-football-teams.com/matches/report/13505/,HTTP 404,404,2026-04-16T08:57:40+00:00
13512,13512/,https://national-football-teams.com/matches/report/13512/,HTTP 404,404,2026-04-16T08:57:40+00:00
13518,13518/,https://national-football-teams.com/matches/report/13518/,HTTP 404,404,2026-04-16T08:57:40+00:00
13519,13519/,https://national-football-teams.com/matches/report/13519/,HTTP 404,404,2026-04-16T08:57:40+00:00
13520,13520/,https://national-football-teams.com/matches/report/13520/,HTTP 404,404,2026-04-16T08:57:40+00:00
13521,13521/,https://national-football-teams.com/matches/report/13521/,HTTP 404,404,2026-04-16T08:57:40+00:00
13522,13522/,https://national-football-teams.com/matches/report/13522/,HTTP 404,404,2026-04-16T08:57:40+00:00
13523,13523/,https://national-football-teams.com/matches/report/13523/,HTTP 404,404,2026-04-16T08:57:40+00:00
13524,13524/,https://national-football-teams.com/matches/report/13524/,HTTP 404,404,2026-04-16T08:57:40+00:00
13525,13525/,https://national-football-teams.com/matches/report/13525/,HTTP 404,404,2026-04-16T08:57:40+00:00
13526,13526/,https://national-football-teams.com/matches/report/13526/,HTTP 404,404,2026-04-16T08:57:41+00:00
13527,13527/,https://national-football-teams.com/matches/report/13527/,HTTP 404,404,2026-04-16T08:57:41+00:00
13528,13528/,https://national-football-teams.com/matches/report/13528/,HTTP 404,404,2026-04-16T08:57:41+00:00
13532,13532/,https://national-football-teams.com/matches/report/13532/,HTTP 404,404,2026-04-16T08:57:41+00:00
13533,13533/,https://national-football-teams.com/matches/report/13533/,HTTP 404,404,2026-04-16T08:57:41+00:00
13534,13534/,https://national-football-teams.com/matches/report/13534/,HTTP 404,404,2026-04-16T08:57:41+00:00
13535,13535/,https://national-football-teams.com/matches/report/13535/,HTTP 404,404,2026-04-16T08:57:41+00:00
13536,13536/,https://national-football-teams.com/matches/report/13536/,HTTP 404,404,2026-04-16T08:57:41+00:00
13537,13537/,https://national-football-teams.com/matches/report/13537/,HTTP 404,404,2026-04-16T08:57:41+00:00
13538,13538/,https://national-football-teams.com/matches/report/13538/,HTTP 404,404,2026-04-16T08:57:41+00:00
13539,13539/,https://national-football-teams.com/matches/report/13539/,HTTP 404,404,2026-04-16T08:57:41+00:00
13540,13540/,https://national-football-teams.com/matches/report/13540/,HTTP 404,404,2026-04-16T08:57:41+00:00
13541,13541/,https://national-football-teams.com/matches/report/13541/,HTTP 404,404,2026-04-16T08:57:41+00:00
13542,13542/,https://national-football-teams.com/matches/report/13542/,HTTP 404,404,2026-04-16T08:57:41+00:00
13551,13551/,https://national-football-teams.com/matches/report/13551/,HTTP 404,404,2026-04-16T08:57:41+00:00
13552,13552/,https://national-football-teams.com/matches/report/13552/,HTTP 404,404,2026-04-16T08:57:41+00:00
13562,13562/,https://national-football-teams.com/matches/report/13562/,HTTP 404,404,2026-04-16T08:57:41+00:00
13563,13563/,https://national-football-teams.com/matches/report/13563/,HTTP 404,404,2026-04-16T08:57:41+00:00
13564,13564/,https://national-football-teams.com/matches/report/13564/,HTTP 404,404,2026-04-16T08:57:41+00:00
13565,13565/,https://national-football-teams.com/matches/report/13565/,HTTP 404,404,2026-04-16T08:57:41+00:00
13566,13566/,https://national-football-teams.com/matches/report/13566/,HTTP 404,404,2026-04-16T08:57:42+00:00
13569,13569/,https://national-football-teams.com/matches/report/13569/,HTTP 404,404,2026-04-16T08:57:42+00:00
13570,13570/,https://national-football-teams.com/matches/report/13570/,HTTP 404,404,2026-04-16T08:57:42+00:00
13571,13571/,https://national-football-teams.com/matches/report/13571/,HTTP 404,404,2026-04-16T08:57:42+00:00
13575,13575/,https://national-football-teams.com/matches/report/13575/,HTTP 404,404,2026-04-16T08:57:42+00:00
13576,13576/,https://national-football-teams.com/matches/report/13576/,HTTP 404,404,2026-04-16T08:57:42+00:00
13578,13578/,https://national-football-teams.com/matches/report/13578/,HTTP 404,404,2026-04-16T08:57:42+00:00
13579,13579/,https://national-football-teams.com/matches/report/13579/,HTTP 404,404,2026-04-16T08:57:42+00:00
13580,13580/,https://national-football-teams.com/matches/report/13580/,HTTP 404,404,2026-04-16T08:57:42+00:00
13581,13581/,https://national-football-teams.com/matches/report/13581/,HTTP 404,404,2026-04-16T08:57:42+00:00
13583,13583/,https://national-football-teams.com/matches/report/13583/,HTTP 404,404,2026-04-16T08:57:43+00:00
13584,13584/,https://national-football-teams.com/matches/report/13584/,HTTP 404,404,2026-04-16T08:57:43+00:00
13585,13585/,https://national-football-teams.com/matches/report/13585/,HTTP 404,404,2026-04-16T08:57:43+00:00
13586,13586/,https://national-football-teams.com/matches/report/13586/,HTTP 404,404,2026-04-16T08:57:43+00:00
13587,13587/,https://national-football-teams.com/matches/report/13587/,HTTP 404,404,2026-04-16T08:57:43+00:00
13595,13595/,https://national-football-teams.com/matches/report/13595/,HTTP 404,404,2026-04-16T08:57:43+00:00
13596,13596/,https://national-football-teams.com/matches/report/13596/,HTTP 404,404,2026-04-16T08:57:43+00:00
136,136/,https://national-football-teams.com/matches/report/136/,HTTP 404,404,2026-04-16T08:57:43+00:00
13605,13605/,https://national-football-teams.com/matches/report/13605/,HTTP 404,404,2026-04-16T08:57:43+00:00
13606,13606/,https://national-football-teams.com/matches/report/13606/,HTTP 404,404,2026-04-16T08:57:43+00:00
13607,13607/,https://national-football-teams.com/matches/report/13607/,HTTP 404,404,2026-04-16T08:57:43+00:00
13608,13608/,https://national-football-teams.com/matches/report/13608/,HTTP 404,404,2026-04-16T08:57:43+00:00
13614,13614/,https://national-football-teams.com/matches/report/13614/,HTTP 404,404,2026-04-16T08:57:43+00:00
13615,13615/,https://national-football-teams.com/matches/report/13615/,HTTP 404,404,2026-04-16T08:57:43+00:00
13616,13616/,https://national-football-teams.com/matches/report/13616/,HTTP 404,404,2026-04-16T08:57:43+00:00
13620,13620/,https://national-football-teams.com/matches/report/13620/,HTTP 404,404,2026-04-16T08:57:43+00:00
13621,13621/,https://national-football-teams.com/matches/report/13621/,HTTP 404,404,2026-04-16T08:57:43+00:00
13623,13623/,https://national-football-teams.com/matches/report/13623/,HTTP 404,404,2026-04-16T08:57:43+00:00
13624,13624/,https://national-football-teams.com/matches/report/13624/,HTTP 404,404,2026-04-16T08:57:43+00:00
13625,13625/,https://national-football-teams.com/matches/report/13625/,HTTP 404,404,2026-04-16T08:57:43+00:00
13631,13631/,https://national-football-teams.com/matches/report/13631/,HTTP 404,404,2026-04-16T08:57:43+00:00
13632,13632/,https://national-football-teams.com/matches/report/13632/,HTTP 404,404,2026-04-16T08:57:43+00:00
13633,13633/,https://national-football-teams.com/matches/report/13633/,HTTP 404,404,2026-04-16T08:57:43+00:00
13634,13634/,https://national-football-teams.com/matches/report/13634/,HTTP 404,404,2026-04-16T08:57:43+00:00
13636,13636/,https://national-football-teams.com/matches/report/13636/,HTTP 404,404,2026-04-16T08:57:43+00:00
13643,13643/,https://national-football-teams.com/matches/report/13643/,HTTP 404,404,2026-04-16T08:57:44+00:00
13644,13644/,https://national-football-teams.com/matches/report/13644/,HTTP 404,404,2026-04-16T08:57:44+00:00
13648,13648/,https://national-football-teams.com/matches/report/13648/,HTTP 404,404,2026-04-16T08:57:44+00:00
13650,13650/,https://national-football-teams.com/matches/report/13650/,HTTP 404,404,2026-04-16T08:57:44+00:00
13652,13652/,https://national-football-teams.com/matches/report/13652/,HTTP 404,404,2026-04-16T08:57:44+00:00
13654,13654/,https://national-football-teams.com/matches/report/13654/,HTTP 404,404,2026-04-16T08:57:44+00:00
13656,13656/,https://national-football-teams.com/matches/report/13656/,HTTP 404,404,2026-04-16T08:57:44+00:00
13657,13657/,https://national-football-teams.com/matches/report/13657/,HTTP 404,404,2026-04-16T08:57:44+00:00
13660,13660/,https://national-football-teams.com/matches/report/13660/,HTTP 404,404,2026-04-16T08:57:44+00:00
13661,13661/,https://national-football-teams.com/matches/report/13661/,HTTP 404,404,2026-04-16T08:57:44+00:00
13665,13665/,https://national-football-teams.com/matches/report/13665/,HTTP 404,404,2026-04-16T08:57:44+00:00
13666,13666/,https://national-football-teams.com/matches/report/13666/,HTTP 404,404,2026-04-16T08:57:44+00:00
13667,13667/,https://national-football-teams.com/matches/report/13667/,HTTP 404,404,2026-04-16T08:57:44+00:00
13668,13668/,https://national-football-teams.com/matches/report/13668/,HTTP 404,404,2026-04-16T08:57:44+00:00
13669,13669/,https://national-football-teams.com/matches/report/13669/,HTTP 404,404,2026-04-16T08:57:44+00:00
13670,13670/,https://national-football-teams.com/matches/report/13670/,HTTP 404,404,2026-04-16T08:57:44+00:00
13671,13671/,https://national-football-teams.com/matches/report/13671/,HTTP 404,404,2026-04-16T08:57:44+00:00
13672,13672/,https://national-football-teams.com/matches/report/13672/,HTTP 404,404,2026-04-16T08:57:44+00:00
13673,13673/,https://national-football-teams.com/matches/report/13673/,HTTP 404,404,2026-04-16T08:57:44+00:00
13674,13674/,https://national-football-teams.com/matches/report/13674/,HTTP 404,404,2026-04-16T08:57:44+00:00
13675,13675/,https://national-football-teams.com/matches/report/13675/,HTTP 404,404,2026-04-16T08:57:45+00:00
13676,13676/,https://national-football-teams.com/matches/report/13676/,HTTP 404,404,2026-04-16T08:57:45+00:00
13677,13677/,https://national-football-teams.com/matches/report/13677/,HTTP 404,404,2026-04-16T08:57:45+00:00
13678,13678/,https://national-football-teams.com/matches/report/13678/,HTTP 404,404,2026-04-16T08:57:45+00:00
13679,13679/,https://national-football-teams.com/matches/report/13679/,HTTP 404,404,2026-04-16T08:57:45+00:00
137,137/,https://national-football-teams.com/matches/report/137/,HTTP 404,404,2026-04-16T08:57:45+00:00
13712,13712/,https://national-football-teams.com/matches/report/13712/,HTTP 404,404,2026-04-16T08:57:45+00:00
13713,13713/,https://national-football-teams.com/matches/report/13713/,HTTP 404,404,2026-04-16T08:57:45+00:00
13757,13757/,https://national-football-teams.com/matches/report/13757/,HTTP 404,404,2026-04-16T08:57:45+00:00
13776,13776/,https://national-football-teams.com/matches/report/13776/,HTTP 404,404,2026-04-16T08:57:45+00:00
13777,13777/,https://national-football-teams.com/matches/report/13777/,HTTP 404,404,2026-04-16T08:57:45+00:00
13778,13778/,https://national-football-teams.com/matches/report/13778/,HTTP 404,404,2026-04-16T08:57:45+00:00
13779,13779/,https://national-football-teams.com/matches/report/13779/,HTTP 404,404,2026-04-16T08:57:45+00:00
13780,13780/,https://national-football-teams.com/matches/report/13780/,HTTP 404,404,2026-04-16T08:57:45+00:00
13781,13781/,https://national-football-teams.com/matches/report/13781/,HTTP 404,404,2026-04-16T08:57:45+00:00
13782,13782/,https://national-football-teams.com/matches/report/13782/,HTTP 404,404,2026-04-16T08:57:45+00:00
13783,13783/,https://national-football-teams.com/matches/report/13783/,HTTP 404,404,2026-04-16T08:57:45+00:00
13784,13784/,https://national-football-teams.com/matches/report/13784/,HTTP 404,404,2026-04-16T08:57:45+00:00
13785,13785/,https://national-football-teams.com/matches/report/13785/,HTTP 404,404,2026-04-16T08:57:45+00:00
13786,13786/,https://national-football-teams.com/matches/report/13786/,HTTP 404,404,2026-04-16T08:57:45+00:00
13787,13787/,https://national-football-teams.com/matches/report/13787/,HTTP 404,404,2026-04-16T08:57:46+00:00
13788,13788/,https://national-football-teams.com/matches/report/13788/,HTTP 404,404,2026-04-16T08:57:46+00:00
138,138/,https://national-football-teams.com/matches/report/138/,HTTP 404,404,2026-04-16T08:57:46+00:00
13805,13805/,https://national-football-teams.com/matches/report/13805/,HTTP 404,404,2026-04-16T08:57:46+00:00
13832,13832/,https://national-football-teams.com/matches/report/13832/,HTTP 404,404,2026-04-16T08:57:46+00:00
13834,13834/,https://national-football-teams.com/matches/report/13834/,HTTP 404,404,2026-04-16T08:57:46+00:00
13860,13860/,https://national-football-teams.com/matches/report/13860/,HTTP 404,404,2026-04-16T08:57:46+00:00
13869,13869/,https://national-football-teams.com/matches/report/13869/,HTTP 404,404,2026-04-16T08:57:46+00:00
13878,13878/,https://national-football-teams.com/matches/report/13878/,HTTP 404,404,2026-04-16T08:57:46+00:00
13879,13879/,https://national-football-teams.com/matches/report/13879/,HTTP 404,404,2026-04-16T08:57:46+00:00
13880,13880/,https://national-football-teams.com/matches/report/13880/,HTTP 404,404,2026-04-16T08:57:46+00:00
13881,13881/,https://national-football-teams.com/matches/report/13881/,HTTP 404,404,2026-04-16T08:57:46+00:00
13882,13882/,https://national-football-teams.com/matches/report/13882/,HTTP 404,404,2026-04-16T08:57:46+00:00
13883,13883/,https://national-football-teams.com/matches/report/13883/,HTTP 404,404,2026-04-16T08:57:46+00:00
13884,13884/,https://national-football-teams.com/matches/report/13884/,HTTP 404,404,2026-04-16T08:57:46+00:00
13885,13885/,https://national-football-teams.com/matches/report/13885/,HTTP 404,404,2026-04-16T08:57:46+00:00
13886,13886/,https://national-football-teams.com/matches/report/13886/,HTTP 404,404,2026-04-16T08:57:46+00:00
13899,13899/,https://national-football-teams.com/matches/report/13899/,HTTP 404,404,2026-04-16T08:57:46+00:00
139,139/,https://national-football-teams.com/matches/report/139/,HTTP 404,404,2026-04-16T08:57:46+00:00
13905,13905/,https://national-football-teams.com/matches/report/13905/,HTTP 404,404,2026-04-16T08:57:46+00:00
13914,13914/,https://national-football-teams.com/matches/report/13914/,HTTP 404,404,2026-04-16T08:57:46+00:00
13929,13929/,https://national-football-teams.com/matches/report/13929/,HTTP 404,404,2026-04-16T08:57:46+00:00
13935,13935/,https://national-football-teams.com/matches/report/13935/,HTTP 404,404,2026-04-16T08:57:46+00:00
13941,13941/,https://national-football-teams.com/matches/report/13941/,HTTP 404,404,2026-04-16T08:57:46+00:00
13952,13952/,https://national-football-teams.com/matches/report/13952/,HTTP 404,404,2026-04-16T08:57:46+00:00
13953,13953/,https://national-football-teams.com/matches/report/13953/,HTTP 404,404,2026-04-16T08:57:47+00:00
13958,13958/,https://national-football-teams.com/matches/report/13958/,HTTP 404,404,2026-04-16T08:57:47+00:00
13959,13959/,https://national-football-teams.com/matches/report/13959/,HTTP 404,404,2026-04-16T08:57:47+00:00
13960,13960/,https://national-football-teams.com/matches/report/13960/,HTTP 404,404,2026-04-16T08:57:47+00:00
13961,13961/,https://national-football-teams.com/matches/report/13961/,HTTP 404,404,2026-04-16T08:57:47+00:00
13962,13962/,https://national-football-teams.com/matches/report/13962/,HTTP 404,404,2026-04-16T08:57:47+00:00
13963,13963/,https://national-football-teams.com/matches/report/13963/,HTTP 404,404,2026-04-16T08:57:47+00:00
13964,13964/,https://national-football-teams.com/matches/report/13964/,HTTP 404,404,2026-04-16T08:57:47+00:00
13965,13965/,https://national-football-teams.com/matches/report/13965/,HTTP 404,404,2026-04-16T08:57:47+00:00
13966,13966/,https://national-football-teams.com/matches/report/13966/,HTTP 404,404,2026-04-16T08:57:47+00:00
13967,13967/,https://national-football-teams.com/matches/report/13967/,HTTP 404,404,2026-04-16T08:57:47+00:00
13968,13968/,https://national-football-teams.com/matches/report/13968/,HTTP 404,404,2026-04-16T08:57:47+00:00
13969,13969/,https://national-football-teams.com/matches/report/13969/,HTTP 404,404,2026-04-16T08:57:47+00:00
13970,13970/,https://national-football-teams.com/matches/report/13970/,HTTP 404,404,2026-04-16T08:57:47+00:00
13971,13971/,https://national-football-teams.com/matches/report/13971/,HTTP 404,404,2026-04-16T08:57:47+00:00
13972,13972/,https://national-football-teams.com/matches/report/13972/,HTTP 404,404,2026-04-16T08:57:47+00:00
140,140/,https://national-football-teams.com/matches/report/140/,HTTP 404,404,2026-04-16T08:57:47+00:00
14049,14049/,https://national-football-teams.com/matches/report/14049/,HTTP 404,404,2026-04-16T08:57:47+00:00
1405,1405/,https://national-football-teams.com/matches/report/1405/,HTTP 404,404,2026-04-16T08:57:47+00:00
14050,14050/,https://national-football-teams.com/matches/report/14050/,HTTP 404,404,2026-04-16T08:57:47+00:00
14051,14051/,https://national-football-teams.com/matches/report/14051/,HTTP 404,404,2026-04-16T08:57:48+00:00
14052,14052/,https://national-football-teams.com/matches/report/14052/,HTTP 404,404,2026-04-16T08:57:48+00:00
14053,14053/,https://national-football-teams.com/matches/report/14053/,HTTP 404,404,2026-04-16T08:57:48+00:00
14054,14054/,https://national-football-teams.com/matches/report/14054/,HTTP 404,404,2026-04-16T08:57:48+00:00
14055,14055/,https://national-football-teams.com/matches/report/14055/,HTTP 404,404,2026-04-16T08:57:48+00:00
14056,14056/,https://national-football-teams.com/matches/report/14056/,HTTP 404,404,2026-04-16T08:57:48+00:00
14057,14057/,https://national-football-teams.com/matches/report/14057/,HTTP 404,404,2026-04-16T08:57:48+00:00
14058,14058/,https://national-football-teams.com/matches/report/14058/,HTTP 404,404,2026-04-16T08:57:48+00:00
14059,14059/,https://national-football-teams.com/matches/report/14059/,HTTP 404,404,2026-04-16T08:57:48+00:00
1406,1406/,https://national-football-teams.com/matches/report/1406/,HTTP 404,404,2026-04-16T08:57:48+00:00
14060,14060/,https://national-football-teams.com/matches/report/14060/,HTTP 404,404,2026-04-16T08:57:48+00:00
14062,14062/,https://national-football-teams.com/matches/report/14062/,HTTP 404,404,2026-04-16T08:57:48+00:00
14064,14064/,https://national-football-teams.com/matches/report/14064/,HTTP 404,404,2026-04-16T08:57:48+00:00
14066,14066/,https://national-football-teams.com/matches/report/14066/,HTTP 404,404,2026-04-16T08:57:48+00:00
1407,1407/,https://national-football-teams.com/matches/report/1407/,HTTP 404,404,2026-04-16T08:57:48+00:00
14072,14072/,https://national-football-teams.com/matches/report/14072/,HTTP 404,404,2026-04-16T08:57:48+00:00
14073,14073/,https://national-football-teams.com/matches/report/14073/,HTTP 404,404,2026-04-16T08:57:48+00:00
1408,1408/,https://national-football-teams.com/matches/report/1408/,HTTP 404,404,2026-04-16T08:57:48+00:00
1409,1409/,https://national-football-teams.com/matches/report/1409/,HTTP 404,404,2026-04-16T08:57:48+00:00
14092,14092/,https://national-football-teams.com/matches/report/14092/,HTTP 404,404,2026-04-16T08:57:48+00:00
14098,14098/,https://national-football-teams.com/matches/report/14098/,HTTP 404,404,2026-04-16T08:57:48+00:00
141,141/,https://national-football-teams.com/matches/report/141/,HTTP 404,404,2026-04-16T08:57:48+00:00
1410,1410/,https://national-football-teams.com/matches/report/1410/,HTTP 404,404,2026-04-16T08:57:48+00:00
1411,1411/,https://national-football-teams.com/matches/report/1411/,HTTP 404,404,2026-04-16T08:57:48+00:00
1412,1412/,https://national-football-teams.com/matches/report/1412/,HTTP 404,404,2026-04-16T08:57:48+00:00
14127,14127/,https://national-football-teams.com/matches/report/14127/,HTTP 404,404,2026-04-16T08:57:49+00:00
14128,14128/,https://national-football-teams.com/matches/report/14128/,HTTP 404,404,2026-04-16T08:57:49+00:00
14129,14129/,https://national-football-teams.com/matches/report/14129/,HTTP 404,404,2026-04-16T08:57:49+00:00
1413,1413/,https://national-football-teams.com/matches/report/1413/,HTTP 404,404,2026-04-16T08:57:49+00:00
14133,14133/,https://national-football-teams.com/matches/report/14133/,HTTP 404,404,2026-04-16T08:57:49+00:00
14139,14139/,https://national-football-teams.com/matches/report/14139/,HTTP 404,404,2026-04-16T08:57:49+00:00
1414,1414/,https://national-football-teams.com/matches/report/1414/,HTTP 404,404,2026-04-16T08:57:49+00:00
14140,14140/,https://national-football-teams.com/matches/report/14140/,HTTP 404,404,2026-04-16T08:57:49+00:00
14141,14141/,https://national-football-teams.com/matches/report/14141/,HTTP 404,404,2026-04-16T08:57:49+00:00
14142,14142/,https://national-football-teams.com/matches/report/14142/,HTTP 404,404,2026-04-16T08:57:49+00:00
14143,14143/,https://national-football-teams.com/matches/report/14143/,HTTP 404,404,2026-04-16T08:57:49+00:00
14144,14144/,https://national-football-teams.com/matches/report/14144/,HTTP 404,404,2026-04-16T08:57:49+00:00
14145,14145/,https://national-football-teams.com/matches/report/14145/,HTTP 404,404,2026-04-16T08:57:49+00:00
14146,14146/,https://national-football-teams.com/matches/report/14146/,HTTP 404,404,2026-04-16T08:57:49+00:00
14147,14147/,https://national-football-teams.com/matches/report/14147/,HTTP 404,404,2026-04-16T08:57:49+00:00
14148,14148/,https://national-football-teams.com/matches/report/14148/,HTTP 404,404,2026-04-16T08:57:49+00:00
14149,14149/,https://national-football-teams.com/matches/report/14149/,HTTP 404,404,2026-04-16T08:57:49+00:00
1415,1415/,https://national-football-teams.com/matches/report/1415/,HTTP 404,404,2026-04-16T08:57:49+00:00
14150,14150/,https://national-football-teams.com/matches/report/14150/,HTTP 404,404,2026-04-16T08:57:49+00:00
14151,14151/,https://national-football-teams.com/matches/report/14151/,HTTP 404,404,2026-04-16T08:57:49+00:00
14152,14152/,https://national-football-teams.com/matches/report/14152/,HTTP 404,404,2026-04-16T08:57:50+00:00
14153,14153/,https://national-football-teams.com/matches/report/14153/,HTTP 404,404,2026-04-16T08:57:50+00:00
1416,1416/,https://national-football-teams.com/matches/report/1416/,HTTP 404,404,2026-04-16T08:57:50+00:00
14163,14163/,https://national-football-teams.com/matches/report/14163/,HTTP 404,404,2026-04-16T08:57:50+00:00
14165,14165/,https://national-football-teams.com/matches/report/14165/,HTTP 404,404,2026-04-16T08:57:50+00:00
1417,1417/,https://national-football-teams.com/matches/report/1417/,HTTP 404,404,2026-04-16T08:57:50+00:00
14179,14179/,https://national-football-teams.com/matches/report/14179/,HTTP 404,404,2026-04-16T08:57:50+00:00
1418,1418/,https://national-football-teams.com/matches/report/1418/,HTTP 404,404,2026-04-16T08:57:50+00:00
1419,1419/,https://national-football-teams.com/matches/report/1419/,HTTP 404,404,2026-04-16T08:57:50+00:00
142,142/,https://national-football-teams.com/matches/report/142/,HTTP 404,404,2026-04-16T08:57:50+00:00
1420,1420/,https://national-football-teams.com/matches/report/1420/,HTTP 404,404,2026-04-16T08:57:50+00:00
1421,1421/,https://national-football-teams.com/matches/report/1421/,HTTP 404,404,2026-04-16T08:57:50+00:00
14211,14211/,https://national-football-teams.com/matches/report/14211/,HTTP 404,404,2026-04-16T08:57:50+00:00
14212,14212/,https://national-football-teams.com/matches/report/14212/,HTTP 404,404,2026-04-16T08:57:50+00:00
14213,14213/,https://national-football-teams.com/matches/report/14213/,HTTP 404,404,2026-04-16T08:57:50+00:00
14214,14214/,https://national-football-teams.com/matches/report/14214/,HTTP 404,404,2026-04-16T08:57:50+00:00
14215,14215/,https://national-football-teams.com/matches/report/14215/,HTTP 404,404,2026-04-16T08:57:50+00:00
14216,14216/,https://national-football-teams.com/matches/report/14216/,HTTP 404,404,2026-04-16T08:57:50+00:00
14217,14217/,https://national-football-teams.com/matches/report/14217/,HTTP 404,404,2026-04-16T08:57:50+00:00
14218,14218/,https://national-football-teams.com/matches/report/14218/,HTTP 404,404,2026-04-16T08:57:50+00:00
14219,14219/,https://national-football-teams.com/matches/report/14219/,HTTP 404,404,2026-04-16T08:57:51+00:00
1422,1422/,https://national-football-teams.com/matches/report/1422/,HTTP 404,404,2026-04-16T08:57:51+00:00
14220,14220/,https://national-football-teams.com/matches/report/14220/,HTTP 404,404,2026-04-16T08:57:51+00:00
14221,14221/,https://national-football-teams.com/matches/report/14221/,HTTP 404,404,2026-04-16T08:57:51+00:00
14222,14222/,https://national-football-teams.com/matches/report/14222/,HTTP 404,404,2026-04-16T08:57:51+00:00
14223,14223/,https://national-football-teams.com/matches/report/14223/,HTTP 404,404,2026-04-16T08:57:51+00:00
14224,14224/,https://national-football-teams.com/matches/report/14224/,HTTP 404,404,2026-04-16T08:57:51+00:00
1423,1423/,https://national-football-teams.com/matches/report/1423/,HTTP 404,404,2026-04-16T08:57:51+00:00
1424,1424/,https://national-football-teams.com/matches/report/1424/,HTTP 404,404,2026-04-16T08:57:51+00:00
1425,1425/,https://national-football-teams.com/matches/report/1425/,HTTP 404,404,2026-04-16T08:57:51+00:00
1426,1426/,https://national-football-teams.com/matches/report/1426/,HTTP 404,404,2026-04-16T08:57:51+00:00
14261,14261/,https://national-football-teams.com/matches/report/14261/,HTTP 404,404,2026-04-16T08:57:51+00:00
1427,1427/,https://national-football-teams.com/matches/report/1427/,HTTP 404,404,2026-04-16T08:57:51+00:00
14276,14276/,https://national-football-teams.com/matches/report/14276/,HTTP 404,404,2026-04-16T08:57:51+00:00
1428,1428/,https://national-football-teams.com/matches/report/1428/,HTTP 404,404,2026-04-16T08:57:51+00:00
14281,14281/,https://national-football-teams.com/matches/report/14281/,HTTP 404,404,2026-04-16T08:57:51+00:00
1429,1429/,https://national-football-teams.com/matches/report/1429/,HTTP 404,404,2026-04-16T08:57:51+00:00
14293,14293/,https://national-football-teams.com/matches/report/14293/,HTTP 404,404,2026-04-16T08:57:51+00:00
14294,14294/,https://national-football-teams.com/matches/report/14294/,HTTP 404,404,2026-04-16T08:57:51+00:00
143,143/,https://national-football-teams.com/matches/report/143/,HTTP 404,404,2026-04-16T08:57:51+00:00
1430,1430/,https://national-football-teams.com/matches/report/1430/,HTTP 404,404,2026-04-16T08:57:51+00:00
1431,1431/,https://national-football-teams.com/matches/report/1431/,HTTP 404,404,2026-04-16T08:57:51+00:00
1432,1432/,https://national-football-teams.com/matches/report/1432/,HTTP 404,404,2026-04-16T08:57:51+00:00
1433,1433/,https://national-football-teams.com/matches/report/1433/,HTTP 404,404,2026-04-16T08:57:51+00:00
14336,14336/,https://national-football-teams.com/matches/report/14336/,HTTP 404,404,2026-04-16T08:57:51+00:00
14339,14339/,https://national-football-teams.com/matches/report/14339/,HTTP 404,404,2026-04-16T08:57:52+00:00
1434,1434/,https://national-football-teams.com/matches/report/1434/,HTTP 404,404,2026-04-16T08:57:52+00:00
14340,14340/,https://national-football-teams.com/matches/report/14340/,HTTP 404,404,2026-04-16T08:57:52+00:00
14344,14344/,https://national-football-teams.com/matches/report/14344/,HTTP 404,404,2026-04-16T08:57:52+00:00
14345,14345/,https://national-football-teams.com/matches/report/14345/,HTTP 404,404,2026-04-16T08:57:52+00:00
1435,1435/,https://national-football-teams.com/matches/report/1435/,HTTP 404,404,2026-04-16T08:57:52+00:00
1436,1436/,https://national-football-teams.com/matches/report/1436/,HTTP 404,404,2026-04-16T08:57:52+00:00
14361,14361/,https://national-football-teams.com/matches/report/14361/,HTTP 404,404,2026-04-16T08:57:52+00:00
14366,14366/,https://national-football-teams.com/matches/report/14366/,HTTP 404,404,2026-04-16T08:57:52+00:00
14369,14369/,https://national-football-teams.com/matches/report/14369/,HTTP 404,404,2026-04-16T08:57:52+00:00
1437,1437/,https://national-football-teams.com/matches/report/1437/,HTTP 404,404,2026-04-16T08:57:52+00:00
14372,14372/,https://national-football-teams.com/matches/report/14372/,HTTP 404,404,2026-04-16T08:57:52+00:00
14377,14377/,https://national-football-teams.com/matches/report/14377/,HTTP 404,404,2026-04-16T08:57:52+00:00
1438,1438/,https://national-football-teams.com/matches/report/1438/,HTTP 404,404,2026-04-16T08:57:52+00:00
1439,1439/,https://national-football-teams.com/matches/report/1439/,HTTP 404,404,2026-04-16T08:57:52+00:00
144,144/,https://national-football-teams.com/matches/report/144/,HTTP 404,404,2026-04-16T08:57:53+00:00
1440,1440/,https://national-football-teams.com/matches/report/1440/,HTTP 404,404,2026-04-16T08:57:53+00:00
1441,1441/,https://national-football-teams.com/matches/report/1441/,HTTP 404,404,2026-04-16T08:57:53+00:00
14415,14415/,https://national-football-teams.com/matches/report/14415/,HTTP 404,404,2026-04-16T08:57:53+00:00
14416,14416/,https://national-football-teams.com/matches/report/14416/,HTTP 404,404,2026-04-16T08:57:53+00:00
14417,14417/,https://national-football-teams.com/matches/report/14417/,HTTP 404,404,2026-04-16T08:57:53+00:00
14418,14418/,https://national-football-teams.com/matches/report/14418/,HTTP 404,404,2026-04-16T08:57:53+00:00
14419,14419/,https://national-football-teams.com/matches/report/14419/,HTTP 404,404,2026-04-16T08:57:53+00:00
1442,1442/,https://national-football-teams.com/matches/report/1442/,HTTP 404,404,2026-04-16T08:57:53+00:00
14420,14420/,https://national-football-teams.com/matches/report/14420/,HTTP 404,404,2026-04-16T08:57:53+00:00
14421,14421/,https://national-football-teams.com/matches/report/14421/,HTTP 404,404,2026-04-16T08:57:53+00:00
14422,14422/,https://national-football-teams.com/matches/report/14422/,HTTP 404,404,2026-04-16T08:57:53+00:00
14423,14423/,https://national-football-teams.com/matches/report/14423/,HTTP 404,404,2026-04-16T08:57:53+00:00
14424,14424/,https://national-football-teams.com/matches/report/14424/,HTTP 404,404,2026-04-16T08:57:53+00:00
14425,14425/,https://national-football-teams.com/matches/report/14425/,HTTP 404,404,2026-04-16T08:57:53+00:00
14426,14426/,https://national-football-teams.com/matches/report/14426/,HTTP 404,404,2026-04-16T08:57:54+00:00
1443,1443/,https://national-football-teams.com/matches/report/1443/,HTTP 404,404,2026-04-16T08:57:54+00:00
1444,1444/,https://national-football-teams.com/matches/report/1444/,HTTP 404,404,2026-04-16T08:57:54+00:00
1445,1445/,https://national-football-teams.com/matches/report/1445/,HTTP 404,404,2026-04-16T08:57:54+00:00
14453,14453/,https://national-football-teams.com/matches/report/14453/,HTTP 404,404,2026-04-16T08:57:54+00:00
14454,14454/,https://national-football-teams.com/matches/report/14454/,HTTP 404,404,2026-04-16T08:57:54+00:00
14455,14455/,https://national-football-teams.com/matches/report/14455/,HTTP 404,404,2026-04-16T08:57:54+00:00
14456,14456/,https://national-football-teams.com/matches/report/14456/,HTTP 404,404,2026-04-16T08:57:54+00:00
14457,14457/,https://national-football-teams.com/matches/report/14457/,HTTP 404,404,2026-04-16T08:57:54+00:00
1446,1446/,https://national-football-teams.com/matches/report/1446/,HTTP 404,404,2026-04-16T08:57:54+00:00
14464,14464/,https://national-football-teams.com/matches/report/14464/,HTTP 404,404,2026-04-16T08:57:54+00:00
1447,1447/,https://national-football-teams.com/matches/report/1447/,HTTP 404,404,2026-04-16T08:57:54+00:00
14473,14473/,https://national-football-teams.com/matches/report/14473/,HTTP 404,404,2026-04-16T08:57:54+00:00
14475,14475/,https://national-football-teams.com/matches/report/14475/,HTTP 404,404,2026-04-16T08:57:54+00:00
14479,14479/,https://national-football-teams.com/matches/report/14479/,HTTP 404,404,2026-04-16T08:57:54+00:00
1448,1448/,https://national-football-teams.com/matches/report/1448/,HTTP 404,404,2026-04-16T08:57:54+00:00
14481,14481/,https://national-football-teams.com/matches/report/14481/,HTTP 404,404,2026-04-16T08:57:54+00:00
14483,14483/,https://national-football-teams.com/matches/report/14483/,HTTP 404,404,2026-04-16T08:57:54+00:00
14484,14484/,https://national-football-teams.com/matches/report/14484/,HTTP 404,404,2026-04-16T08:57:54+00:00
14489,14489/,https://national-football-teams.com/matches/report/14489/,HTTP 404,404,2026-04-16T08:57:54+00:00
1449,1449/,https://national-football-teams.com/matches/report/1449/,HTTP 404,404,2026-04-16T08:57:55+00:00
14490,14490/,https://national-football-teams.com/matches/report/14490/,HTTP 404,404,2026-04-16T08:57:55+00:00
14491,14491/,https://national-football-teams.com/matches/report/14491/,HTTP 404,404,2026-04-16T08:57:55+00:00
14496,14496/,https://national-football-teams.com/matches/report/14496/,HTTP 404,404,2026-04-16T08:57:55+00:00
145,145/,https://national-football-teams.com/matches/report/145/,HTTP 404,404,2026-04-16T08:57:55+00:00
1450,1450/,https://national-football-teams.com/matches/report/1450/,HTTP 404,404,2026-04-16T08:57:55+00:00
14508,14508/,https://national-football-teams.com/matches/report/14508/,HTTP 404,404,2026-04-16T08:57:55+00:00
14509,14509/,https://national-football-teams.com/matches/report/14509/,HTTP 404,404,2026-04-16T08:57:55+00:00
1451,1451/,https://national-football-teams.com/matches/report/1451/,HTTP 404,404,2026-04-16T08:57:55+00:00
14510,14510/,https://national-football-teams.com/matches/report/14510/,HTTP 404,404,2026-04-16T08:57:55+00:00
1452,1452/,https://national-football-teams.com/matches/report/1452/,HTTP 404,404,2026-04-16T08:57:55+00:00
1453,1453/,https://national-football-teams.com/matches/report/1453/,HTTP 404,404,2026-04-16T08:57:55+00:00
1454,1454/,https://national-football-teams.com/matches/report/1454/,HTTP 404,404,2026-04-16T08:57:55+00:00
1455,1455/,https://national-football-teams.com/matches/report/1455/,HTTP 404,404,2026-04-16T08:57:55+00:00
1456,1456/,https://national-football-teams.com/matches/report/1456/,HTTP 404,404,2026-04-16T08:57:55+00:00
14566,14566/,https://national-football-teams.com/matches/report/14566/,HTTP 404,404,2026-04-16T08:57:55+00:00
1457,1457/,https://national-football-teams.com/matches/report/1457/,HTTP 404,404,2026-04-16T08:57:55+00:00
14572,14572/,https://national-football-teams.com/matches/report/14572/,HTTP 404,404,2026-04-16T08:57:55+00:00
1458,1458/,https://national-football-teams.com/matches/report/1458/,HTTP 404,404,2026-04-16T08:57:55+00:00
1459,1459/,https://national-football-teams.com/matches/report/1459/,HTTP 404,404,2026-04-16T08:57:55+00:00
14597,14597/,https://national-football-teams.com/matches/report/14597/,HTTP 404,404,2026-04-16T08:57:55+00:00
146,146/,https://national-football-teams.com/matches/report/146/,HTTP 404,404,2026-04-16T08:57:55+00:00
1460,1460/,https://national-football-teams.com/matches/report/1460/,HTTP 404,404,2026-04-16T08:57:55+00:00
14604,14604/,https://national-football-teams.com/matches/report/14604/,HTTP 404,404,2026-04-16T08:57:55+00:00
14605,14605/,https://national-football-teams.com/matches/report/14605/,HTTP 404,404,2026-04-16T08:57:55+00:00
14606,14606/,https://national-football-teams.com/matches/report/14606/,HTTP 404,404,2026-04-16T08:57:56+00:00
14607,14607/,https://national-football-teams.com/matches/report/14607/,HTTP 404,404,2026-04-16T08:57:56+00:00
14609,14609/,https://national-football-teams.com/matches/report/14609/,HTTP 404,404,2026-04-16T08:57:56+00:00
1461,1461/,https://national-football-teams.com/matches/report/1461/,HTTP 404,404,2026-04-16T08:57:56+00:00
14610,14610/,https://national-football-teams.com/matches/report/14610/,HTTP 404,404,2026-04-16T08:57:56+00:00
14611,14611/,https://national-football-teams.com/matches/report/14611/,HTTP 404,404,2026-04-16T08:57:56+00:00
14612,14612/,https://national-football-teams.com/matches/report/14612/,HTTP 404,404,2026-04-16T08:57:56+00:00
14613,14613/,https://national-football-teams.com/matches/report/14613/,HTTP 404,404,2026-04-16T08:57:56+00:00
14614,14614/,https://national-football-teams.com/matches/report/14614/,HTTP 404,404,2026-04-16T08:57:56+00:00
14615,14615/,https://national-football-teams.com/matches/report/14615/,HTTP 404,404,2026-04-16T08:57:56+00:00
14616,14616/,https://national-football-teams.com/matches/report/14616/,HTTP 404,404,2026-04-16T08:57:56+00:00
14617,14617/,https://national-football-teams.com/matches/report/14617/,HTTP 404,404,2026-04-16T08:57:56+00:00
14618,14618/,https://national-football-teams.com/matches/report/14618/,HTTP 404,404,2026-04-16T08:57:56+00:00
14619,14619/,https://national-football-teams.com/matches/report/14619/,HTTP 404,404,2026-04-16T08:57:56+00:00
1462,1462/,https://national-football-teams.com/matches/report/1462/,HTTP 404,404,2026-04-16T08:57:56+00:00
1463,1463/,https://national-football-teams.com/matches/report/1463/,HTTP 404,404,2026-04-16T08:57:56+00:00
14631,14631/,https://national-football-teams.com/matches/report/14631/,HTTP 404,404,2026-04-16T08:57:56+00:00
1464,1464/,https://national-football-teams.com/matches/report/1464/,HTTP 404,404,2026-04-16T08:57:56+00:00
1465,1465/,https://national-football-teams.com/matches/report/1465/,HTTP 404,404,2026-04-16T08:57:56+00:00
1466,1466/,https://national-football-teams.com/matches/report/1466/,HTTP 404,404,2026-04-16T08:57:56+00:00
1467,1467/,https://national-football-teams.com/matches/report/1467/,HTTP 404,404,2026-04-16T08:57:57+00:00
14674,14674/,https://national-football-teams.com/matches/report/14674/,HTTP 404,404,2026-04-16T08:57:57+00:00
1468,1468/,https://national-football-teams.com/matches/report/1468/,HTTP 404,404,2026-04-16T08:57:57+00:00
1469,1469/,https://national-football-teams.com/matches/report/1469/,HTTP 404,404,2026-04-16T08:57:57+00:00
147,147/,https://national-football-teams.com/matches/report/147/,HTTP 404,404,2026-04-16T08:57:57+00:00
1470,1470/,https://national-football-teams.com/matches/report/1470/,HTTP 404,404,2026-04-16T08:57:57+00:00
1471,1471/,https://national-football-teams.com/matches/report/1471/,HTTP 404,404,2026-04-16T08:57:57+00:00
1472,1472/,https://national-football-teams.com/matches/report/1472/,HTTP 404,404,2026-04-16T08:57:57+00:00
1473,1473/,https://national-football-teams.com/matches/report/1473/,HTTP 404,404,2026-04-16T08:57:57+00:00
1474,1474/,https://national-football-teams.com/matches/report/1474/,HTTP 404,404,2026-04-16T08:57:57+00:00
1475,1475/,https://national-football-teams.com/matches/report/1475/,HTTP 404,404,2026-04-16T08:57:57+00:00
1476,1476/,https://national-football-teams.com/matches/report/1476/,HTTP 404,404,2026-04-16T08:57:57+00:00
1477,1477/,https://national-football-teams.com/matches/report/1477/,HTTP 404,404,2026-04-16T08:57:57+00:00
1478,1478/,https://national-football-teams.com/matches/report/1478/,HTTP 404,404,2026-04-16T08:57:57+00:00
1479,1479/,https://national-football-teams.com/matches/report/1479/,HTTP 404,404,2026-04-16T08:57:57+00:00
14799,14799/,https://national-football-teams.com/matches/report/14799/,HTTP 404,404,2026-04-16T08:57:57+00:00
148,148/,https://national-football-teams.com/matches/report/148/,HTTP 404,404,2026-04-16T08:57:57+00:00
1480,1480/,https://national-football-teams.com/matches/report/1480/,HTTP 404,404,2026-04-16T08:57:57+00:00
14800,14800/,https://national-football-teams.com/matches/report/14800/,HTTP 404,404,2026-04-16T08:57:57+00:00
14803,14803/,https://national-football-teams.com/matches/report/14803/,HTTP 404,404,2026-04-16T08:57:57+00:00
1481,1481/,https://national-football-teams.com/matches/report/1481/,HTTP 404,404,2026-04-16T08:57:57+00:00
1482,1482/,https://national-football-teams.com/matches/report/1482/,HTTP 404,404,2026-04-16T08:57:57+00:00
1483,1483/,https://national-football-teams.com/matches/report/1483/,HTTP 404,404,2026-04-16T08:57:57+00:00
1484,1484/,https://national-football-teams.com/matches/report/1484/,HTTP 404,404,2026-04-16T08:57:57+00:00
1485,1485/,https://national-football-teams.com/matches/report/1485/,HTTP 404,404,2026-04-16T08:57:57+00:00
14856,14856/,https://national-football-teams.com/matches/report/14856/,HTTP 404,404,2026-04-16T08:57:58+00:00
1486,1486/,https://national-football-teams.com/matches/report/1486/,HTTP 404,404,2026-04-16T08:57:58+00:00
14865,14865/,https://national-football-teams.com/matches/report/14865/,HTTP 404,404,2026-04-16T08:57:58+00:00
14866,14866/,https://national-football-teams.com/matches/report/14866/,HTTP 404,404,2026-04-16T08:57:58+00:00
14867,14867/,https://national-football-teams.com/matches/report/14867/,HTTP 404,404,2026-04-16T08:57:58+00:00
14868,14868/,https://national-football-teams.com/matches/report/14868/,HTTP 404,404,2026-04-16T08:57:58+00:00
14869,14869/,https://national-football-teams.com/matches/report/14869/,HTTP 404,404,2026-04-16T08:57:58+00:00
1487,1487/,https://national-football-teams.com/matches/report/1487/,HTTP 404,404,2026-04-16T08:57:58+00:00
14870,14870/,https://national-football-teams.com/matches/report/14870/,HTTP 404,404,2026-04-16T08:57:58+00:00
14871,14871/,https://national-football-teams.com/matches/report/14871/,HTTP 404,404,2026-04-16T08:57:58+00:00
14872,14872/,https://national-football-teams.com/matches/report/14872/,HTTP 404,404,2026-04-16T08:57:58+00:00
14873,14873/,https://national-football-teams.com/matches/report/14873/,HTTP 404,404,2026-04-16T08:57:58+00:00
14874,14874/,https://national-football-teams.com/matches/report/14874/,HTTP 404,404,2026-04-16T08:57:58+00:00
14875,14875/,https://national-football-teams.com/matches/report/14875/,HTTP 404,404,2026-04-16T08:57:58+00:00
14876,14876/,https://national-football-teams.com/matches/report/14876/,HTTP 404,404,2026-04-16T08:57:58+00:00
14877,14877/,https://national-football-teams.com/matches/report/14877/,HTTP 404,404,2026-04-16T08:57:58+00:00
14878,14878/,https://national-football-teams.com/matches/report/14878/,HTTP 404,404,2026-04-16T08:57:58+00:00
14879,14879/,https://national-football-teams.com/matches/report/14879/,HTTP 404,404,2026-04-16T08:57:58+00:00
1488,1488/,https://national-football-teams.com/matches/report/1488/,HTTP 404,404,2026-04-16T08:57:58+00:00
1489,1489/,https://national-football-teams.com/matches/report/1489/,HTTP 404,404,2026-04-16T08:57:58+00:00
149,149/,https://national-football-teams.com/matches/report/149/,HTTP 404,404,2026-04-16T08:57:59+00:00
1490,1490/,https://national-football-teams.com/matches/report/1490/,HTTP 404,404,2026-04-16T08:57:59+00:00
1491,1491/,https://national-football-teams.com/matches/report/1491/,HTTP 404,404,2026-04-16T08:57:59+00:00
14918,14918/,https://national-football-teams.com/matches/report/14918/,HTTP 404,404,2026-04-16T08:57:59+00:00
1492,1492/,https://national-football-teams.com/matches/report/1492/,HTTP 404,404,2026-04-16T08:57:59+00:00
1493,1493/,https://national-football-teams.com/matches/report/1493/,HTTP 404,404,2026-04-16T08:57:59+00:00
14935,14935/,https://national-football-teams.com/matches/report/14935/,HTTP 404,404,2026-04-16T08:57:59+00:00
14936,14936/,https://national-football-teams.com/matches/report/14936/,HTTP 404,404,2026-04-16T08:57:59+00:00
14937,14937/,https://national-football-teams.com/matches/report/14937/,HTTP 404,404,2026-04-16T08:57:59+00:00
14938,14938/,https://national-football-teams.com/matches/report/14938/,HTTP 404,404,2026-04-16T08:57:59+00:00
14939,14939/,https://national-football-teams.com/matches/report/14939/,HTTP 404,404,2026-04-16T08:57:59+00:00
1494,1494/,https://national-football-teams.com/matches/report/1494/,HTTP 404,404,2026-04-16T08:57:59+00:00
14940,14940/,https://national-football-teams.com/matches/report/14940/,HTTP 404,404,2026-04-16T08:57:59+00:00
14941,14941/,https://national-football-teams.com/matches/report/14941/,HTTP 404,404,2026-04-16T08:57:59+00:00
14942,14942/,https://national-football-teams.com/matches/report/14942/,HTTP 404,404,2026-04-16T08:57:59+00:00
14943,14943/,https://national-football-teams.com/matches/report/14943/,HTTP 404,404,2026-04-16T08:57:59+00:00
14944,14944/,https://national-football-teams.com/matches/report/14944/,HTTP 404,404,2026-04-16T08:57:59+00:00
14945,14945/,https://national-football-teams.com/matches/report/14945/,HTTP 404,404,2026-04-16T08:57:59+00:00
14946,14946/,https://national-football-teams.com/matches/report/14946/,HTTP 404,404,2026-04-16T08:57:59+00:00
14947,14947/,https://national-football-teams.com/matches/report/14947/,HTTP 404,404,2026-04-16T08:57:59+00:00
14948,14948/,https://national-football-teams.com/matches/report/14948/,HTTP 404,404,2026-04-16T08:57:59+00:00
1495,1495/,https://national-football-teams.com/matches/report/1495/,HTTP 404,404,2026-04-16T08:57:59+00:00
1496,1496/,https://national-football-teams.com/matches/report/1496/,HTTP 404,404,2026-04-16T08:57:59+00:00
1497,1497/,https://national-football-teams.com/matches/report/1497/,HTTP 404,404,2026-04-16T08:57:59+00:00
1498,1498/,https://national-football-teams.com/matches/report/1498/,HTTP 404,404,2026-04-16T08:57:59+00:00
1499,1499/,https://national-football-teams.com/matches/report/1499/,HTTP 404,404,2026-04-16T08:58:00+00:00
150,150/,https://national-football-teams.com/matches/report/150/,HTTP 404,404,2026-04-16T08:58:00+00:00
1500,1500/,https://national-football-teams.com/matches/report/1500/,HTTP 404,404,2026-04-16T08:58:00+00:00
1501,1501/,https://national-football-teams.com/matches/report/1501/,HTTP 404,404,2026-04-16T08:58:00+00:00
1502,1502/,https://national-football-teams.com/matches/report/1502/,HTTP 404,404,2026-04-16T08:58:00+00:00
15028,15028/,https://national-football-teams.com/matches/report/15028/,HTTP 404,404,2026-04-16T08:58:00+00:00
1503,1503/,https://national-football-teams.com/matches/report/1503/,HTTP 404,404,2026-04-16T08:58:00+00:00
15033,15033/,https://national-football-teams.com/matches/report/15033/,HTTP 404,404,2026-04-16T08:58:00+00:00
1504,1504/,https://national-football-teams.com/matches/report/1504/,HTTP 404,404,2026-04-16T08:58:00+00:00
1505,1505/,https://national-football-teams.com/matches/report/1505/,HTTP 404,404,2026-04-16T08:58:00+00:00
1506,1506/,https://national-football-teams.com/matches/report/1506/,HTTP 404,404,2026-04-16T08:58:00+00:00
1507,1507/,https://national-football-teams.com/matches/report/1507/,HTTP 404,404,2026-04-16T08:58:00+00:00
1508,1508/,https://national-football-teams.com/matches/report/1508/,HTTP 404,404,2026-04-16T08:58:00+00:00
1509,1509/,https://national-football-teams.com/matches/report/1509/,HTTP 404,404,2026-04-16T08:58:00+00:00
151,151/,https://national-football-teams.com/matches/report/151/,HTTP 404,404,2026-04-16T08:58:00+00:00
1510,1510/,https://national-football-teams.com/matches/report/1510/,HTTP 404,404,2026-04-16T08:58:00+00:00
1511,1511/,https://national-football-teams.com/matches/report/1511/,HTTP 404,404,2026-04-16T08:58:00+00:00
1512,1512/,https://national-football-teams.com/matches/report/1512/,HTTP 404,404,2026-04-16T08:58:00+00:00
1513,1513/,https://national-football-teams.com/matches/report/1513/,HTTP 404,404,2026-04-16T08:58:00+00:00
1514,1514/,https://national-football-teams.com/matches/report/1514/,HTTP 404,404,2026-04-16T08:58:00+00:00
1515,1515/,https://national-football-teams.com/matches/report/1515/,HTTP 404,404,2026-04-16T08:58:01+00:00
1516,1516/,https://national-football-teams.com/matches/report/1516/,HTTP 404,404,2026-04-16T08:58:01+00:00
1517,1517/,https://national-football-teams.com/matches/report/1517/,HTTP 404,404,2026-04-16T08:58:01+00:00
1518,1518/,https://national-football-teams.com/matches/report/1518/,HTTP 404,404,2026-04-16T08:58:01+00:00
1519,1519/,https://national-football-teams.com/matches/report/1519/,HTTP 404,404,2026-04-16T08:58:01+00:00
152,152/,https://national-football-teams.com/matches/report/152/,HTTP 404,404,2026-04-16T08:58:01+00:00
1520,1520/,https://national-football-teams.com/matches/report/1520/,HTTP 404,404,2026-04-16T08:58:01+00:00
1521,1521/,https://national-football-teams.com/matches/report/1521/,HTTP 404,404,2026-04-16T08:58:01+00:00
1522,1522/,https://national-football-teams.com/matches/report/1522/,HTTP 404,404,2026-04-16T08:58:01+00:00
1523,1523/,https://national-football-teams.com/matches/report/1523/,HTTP 404,404,2026-04-16T08:58:01+00:00
1524,1524/,https://national-football-teams.com/matches/report/1524/,HTTP 404,404,2026-04-16T08:58:01+00:00
1525,1525/,https://national-football-teams.com/matches/report/1525/,HTTP 404,404,2026-04-16T08:58:01+00:00
1526,1526/,https://national-football-teams.com/matches/report/1526/,HTTP 404,404,2026-04-16T08:58:01+00:00
1527,1527/,https://national-football-teams.com/matches/report/1527/,HTTP 404,404,2026-04-16T08:58:01+00:00
1528,1528/,https://national-football-teams.com/matches/report/1528/,HTTP 404,404,2026-04-16T08:58:01+00:00
1529,1529/,https://national-football-teams.com/matches/report/1529/,HTTP 404,404,2026-04-16T08:58:01+00:00
153,153/,https://national-football-teams.com/matches/report/153/,HTTP 404,404,2026-04-16T08:58:01+00:00
1530,1530/,https://national-football-teams.com/matches/report/1530/,HTTP 404,404,2026-04-16T08:58:01+00:00
1531,1531/,https://national-football-teams.com/matches/report/1531/,HTTP 404,404,2026-04-16T08:58:01+00:00
1532,1532/,https://national-football-teams.com/matches/report/1532/,HTTP 404,404,2026-04-16T08:58:01+00:00
1533,1533/,https://national-football-teams.com/matches/report/1533/,HTTP 404,404,2026-04-16T08:58:01+00:00
1534,1534/,https://national-football-teams.com/matches/report/1534/,HTTP 404,404,2026-04-16T08:58:01+00:00
1535,1535/,https://national-football-teams.com/matches/report/1535/,HTTP 404,404,2026-04-16T08:58:01+00:00
1536,1536/,https://national-football-teams.com/matches/report/1536/,HTTP 404,404,2026-04-16T08:58:01+00:00
15365,15365/,https://national-football-teams.com/matches/report/15365/,HTTP 404,404,2026-04-16T08:58:01+00:00
1537,1537/,https://national-football-teams.com/matches/report/1537/,HTTP 404,404,2026-04-16T08:58:02+00:00
1538,1538/,https://national-football-teams.com/matches/report/1538/,HTTP 404,404,2026-04-16T08:58:02+00:00
15386,15386/,https://national-football-teams.com/matches/report/15386/,HTTP 404,404,2026-04-16T08:58:02+00:00
1539,1539/,https://national-football-teams.com/matches/report/1539/,HTTP 404,404,2026-04-16T08:58:02+00:00
15391,15391/,https://national-football-teams.com/matches/report/15391/,HTTP 404,404,2026-04-16T08:58:02+00:00
15396,15396/,https://national-football-teams.com/matches/report/15396/,HTTP 404,404,2026-04-16T08:58:02+00:00
154,154/,https://national-football-teams.com/matches/report/154/,HTTP 404,404,2026-04-16T08:58:02+00:00
1540,1540/,https://national-football-teams.com/matches/report/1540/,HTTP 404,404,2026-04-16T08:58:02+00:00
15408,15408/,https://national-football-teams.com/matches/report/15408/,HTTP 404,404,2026-04-16T08:58:02+00:00
1541,1541/,https://national-football-teams.com/matches/report/1541/,HTTP 404,404,2026-04-16T08:58:02+00:00
15418,15418/,https://national-football-teams.com/matches/report/15418/,HTTP 404,404,2026-04-16T08:58:02+00:00
1542,1542/,https://national-football-teams.com/matches/report/1542/,HTTP 404,404,2026-04-16T08:58:02+00:00
15421,15421/,https://national-football-teams.com/matches/report/15421/,HTTP 404,404,2026-04-16T08:58:02+00:00
15422,15422/,https://national-football-teams.com/matches/report/15422/,HTTP 404,404,2026-04-16T08:58:02+00:00
15423,15423/,https://national-football-teams.com/matches/report/15423/,HTTP 404,404,2026-04-16T08:58:02+00:00
15424,15424/,https://national-football-teams.com/matches/report/15424/,HTTP 404,404,2026-04-16T08:58:02+00:00
15425,15425/,https://national-football-teams.com/matches/report/15425/,HTTP 404,404,2026-04-16T08:58:02+00:00
1543,1543/,https://national-football-teams.com/matches/report/1543/,HTTP 404,404,2026-04-16T08:58:02+00:00
15430,15430/,https://national-football-teams.com/matches/report/15430/,HTTP 404,404,2026-04-16T08:58:02+00:00
15431,15431/,https://national-football-teams.com/matches/report/15431/,HTTP 404,404,2026-04-16T08:58:02+00:00
15436,15436/,https://national-football-teams.com/matches/report/15436/,HTTP 404,404,2026-04-16T08:58:03+00:00
1544,1544/,https://national-football-teams.com/matches/report/1544/,HTTP 404,404,2026-04-16T08:58:03+00:00
15447,15447/,https://national-football-teams.com/matches/report/15447/,HTTP 404,404,2026-04-16T08:58:03+00:00
1545,1545/,https://national-football-teams.com/matches/report/1545/,HTTP 404,404,2026-04-16T08:58:03+00:00
15452,15452/,https://national-football-teams.com/matches/report/15452/,HTTP 404,404,2026-04-16T08:58:03+00:00
15456,15456/,https://national-football-teams.com/matches/report/15456/,HTTP 404,404,2026-04-16T08:58:03+00:00
15457,15457/,https://national-football-teams.com/matches/report/15457/,HTTP 404,404,2026-04-16T08:58:03+00:00
15458,15458/,https://national-football-teams.com/matches/report/15458/,HTTP 404,404,2026-04-16T08:58:03+00:00
15459,15459/,https://national-football-teams.com/matches/report/15459/,HTTP 404,404,2026-04-16T08:58:03+00:00
1546,1546/,https://national-football-teams.com/matches/report/1546/,HTTP 404,404,2026-04-16T08:58:03+00:00
15461,15461/,https://national-football-teams.com/matches/report/15461/,HTTP 404,404,2026-04-16T08:58:03+00:00
1547,1547/,https://national-football-teams.com/matches/report/1547/,HTTP 404,404,2026-04-16T08:58:03+00:00
1548,1548/,https://national-football-teams.com/matches/report/1548/,HTTP 404,404,2026-04-16T08:58:03+00:00
15481,15481/,https://national-football-teams.com/matches/report/15481/,HTTP 404,404,2026-04-16T08:58:03+00:00
1549,1549/,https://national-football-teams.com/matches/report/1549/,HTTP 404,404,2026-04-16T08:58:03+00:00
155,155/,https://national-football-teams.com/matches/report/155/,HTTP 404,404,2026-04-16T08:58:03+00:00
1550,1550/,https://national-football-teams.com/matches/report/1550/,HTTP 404,404,2026-04-16T08:58:03+00:00
1551,1551/,https://national-football-teams.com/matches/report/1551/,HTTP 404,404,2026-04-16T08:58:03+00:00
1552,1552/,https://national-football-teams.com/matches/report/1552/,HTTP 404,404,2026-04-16T08:58:03+00:00
15527,15527/,https://national-football-teams.com/matches/report/15527/,HTTP 404,404,2026-04-16T08:58:03+00:00
15529,15529/,https://national-football-teams.com/matches/report/15529/,HTTP 404,404,2026-04-16T08:58:03+00:00
1553,1553/,https://national-football-teams.com/matches/report/1553/,HTTP 404,404,2026-04-16T08:58:03+00:00
15530,15530/,https://national-football-teams.com/matches/report/15530/,HTTP 404,404,2026-04-16T08:58:03+00:00
15531,15531/,https://national-football-teams.com/matches/report/15531/,HTTP 404,404,2026-04-16T08:58:03+00:00
15532,15532/,https://national-football-teams.com/matches/report/15532/,HTTP 404,404,2026-04-16T08:58:03+00:00
15533,15533/,https://national-football-teams.com/matches/report/15533/,HTTP 404,404,2026-04-16T08:58:04+00:00
1554,1554/,https://national-football-teams.com/matches/report/1554/,HTTP 404,404,2026-04-16T08:58:04+00:00
1555,1555/,https://national-football-teams.com/matches/report/1555/,HTTP 404,404,2026-04-16T08:58:04+00:00
15555,15555/,https://national-football-teams.com/matches/report/15555/,HTTP 404,404,2026-04-16T08:58:04+00:00
15558,15558/,https://national-football-teams.com/matches/report/15558/,HTTP 404,404,2026-04-16T08:58:04+00:00
15559,15559/,https://national-football-teams.com/matches/report/15559/,HTTP 404,404,2026-04-16T08:58:04+00:00
1556,1556/,https://national-football-teams.com/matches/report/1556/,HTTP 404,404,2026-04-16T08:58:04+00:00
15560,15560/,https://national-football-teams.com/matches/report/15560/,HTTP 404,404,2026-04-16T08:58:04+00:00
15562,15562/,https://national-football-teams.com/matches/report/15562/,HTTP 404,404,2026-04-16T08:58:04+00:00
15563,15563/,https://national-football-teams.com/matches/report/15563/,HTTP 404,404,2026-04-16T08:58:04+00:00
15564,15564/,https://national-football-teams.com/matches/report/15564/,HTTP 404,404,2026-04-16T08:58:04+00:00
15566,15566/,https://national-football-teams.com/matches/report/15566/,HTTP 404,404,2026-04-16T08:58:04+00:00
1557,1557/,https://national-football-teams.com/matches/report/1557/,HTTP 404,404,2026-04-16T08:58:04+00:00
1558,1558/,https://national-football-teams.com/matches/report/1558/,HTTP 404,404,2026-04-16T08:58:04+00:00
1559,1559/,https://national-football-teams.com/matches/report/1559/,HTTP 404,404,2026-04-16T08:58:04+00:00
15594,15594/,https://national-football-teams.com/matches/report/15594/,HTTP 404,404,2026-04-16T08:58:04+00:00
15595,15595/,https://national-football-teams.com/matches/report/15595/,HTTP 404,404,2026-04-16T08:58:04+00:00
15596,15596/,https://national-football-teams.com/matches/report/15596/,HTTP 404,404,2026-04-16T08:58:04+00:00
15597,15597/,https://national-football-teams.com/matches/report/15597/,HTTP 404,404,2026-04-16T08:58:04+00:00
15599,15599/,https://national-football-teams.com/matches/report/15599/,HTTP 404,404,2026-04-16T08:58:04+00:00
156,156/,https://national-football-teams.com/matches/report/156/,HTTP 404,404,2026-04-16T08:58:05+00:00
1560,1560/,https://national-football-teams.com/matches/report/1560/,HTTP 404,404,2026-04-16T08:58:05+00:00
15600,15600/,https://national-football-teams.com/matches/report/15600/,HTTP 404,404,2026-04-16T08:58:05+00:00
15601,15601/,https://national-football-teams.com/matches/report/15601/,HTTP 404,404,2026-04-16T08:58:05+00:00
15602,15602/,https://national-football-teams.com/matches/report/15602/,HTTP 404,404,2026-04-16T08:58:05+00:00
1561,1561/,https://national-football-teams.com/matches/report/1561/,HTTP 404,404,2026-04-16T08:58:05+00:00
1562,1562/,https://national-football-teams.com/matches/report/1562/,HTTP 404,404,2026-04-16T08:58:05+00:00
1563,1563/,https://national-football-teams.com/matches/report/1563/,HTTP 404,404,2026-04-16T08:58:05+00:00
15635,15635/,https://national-football-teams.com/matches/report/15635/,HTTP 404,404,2026-04-16T08:58:05+00:00
15638,15638/,https://national-football-teams.com/matches/report/15638/,HTTP 404,404,2026-04-16T08:58:05+00:00
15639,15639/,https://national-football-teams.com/matches/report/15639/,HTTP 404,404,2026-04-16T08:58:05+00:00
1564,1564/,https://national-football-teams.com/matches/report/1564/,HTTP 404,404,2026-04-16T08:58:05+00:00
15641,15641/,https://national-football-teams.com/matches/report/15641/,HTTP 404,404,2026-04-16T08:58:05+00:00
15644,15644/,https://national-football-teams.com/matches/report/15644/,HTTP 404,404,2026-04-16T08:58:05+00:00
15645,15645/,https://national-football-teams.com/matches/report/15645/,HTTP 404,404,2026-04-16T08:58:05+00:00
15647,15647/,https://national-football-teams.com/matches/report/15647/,HTTP 404,404,2026-04-16T08:58:05+00:00
15649,15649/,https://national-football-teams.com/matches/report/15649/,HTTP 404,404,2026-04-16T08:58:05+00:00
1565,1565/,https://national-football-teams.com/matches/report/1565/,HTTP 404,404,2026-04-16T08:58:05+00:00
1566,1566/,https://national-football-teams.com/matches/report/1566/,HTTP 404,404,2026-04-16T08:58:05+00:00
1567,1567/,https://national-football-teams.com/matches/report/1567/,HTTP 404,404,2026-04-16T08:58:05+00:00
1568,1568/,https://national-football-teams.com/matches/report/1568/,HTTP 404,404,2026-04-16T08:58:05+00:00
15686,15686/,https://national-football-teams.com/matches/report/15686/,HTTP 404,404,2026-04-16T08:58:05+00:00
15687,15687/,https://national-football-teams.com/matches/report/15687/,HTTP 404,404,2026-04-16T08:58:05+00:00
15688,15688/,https://national-football-teams.com/matches/report/15688/,HTTP 404,404,2026-04-16T08:58:05+00:00
15689,15689/,https://national-football-teams.com/matches/report/15689/,HTTP 404,404,2026-04-16T08:58:05+00:00
1569,1569/,https://national-football-teams.com/matches/report/1569/,HTTP 404,404,2026-04-16T08:58:07+00:00
15691,15691/,https://national-football-teams.com/matches/report/15691/,HTTP 404,404,2026-04-16T08:58:07+00:00
15692,15692/,https://national-football-teams.com/matches/report/15692/,HTTP 404,404,2026-04-16T08:58:07+00:00
15693,15693/,https://national-football-teams.com/matches/report/15693/,HTTP 404,404,2026-04-16T08:58:07+00:00
15694,15694/,https://national-football-teams.com/matches/report/15694/,HTTP 404,404,2026-04-16T08:58:07+00:00
15695,15695/,https://national-football-teams.com/matches/report/15695/,HTTP 404,404,2026-04-16T08:58:07+00:00
15696,15696/,https://national-football-teams.com/matches/report/15696/,HTTP 404,404,2026-04-16T08:58:07+00:00
15697,15697/,https://national-football-teams.com/matches/report/15697/,HTTP 404,404,2026-04-16T08:58:07+00:00
15698,15698/,https://national-football-teams.com/matches/report/15698/,HTTP 404,404,2026-04-16T08:58:07+00:00
157,157/,https://national-football-teams.com/matches/report/157/,HTTP 404,404,2026-04-16T08:58:07+00:00
1570,1570/,https://national-football-teams.com/matches/report/1570/,HTTP 404,404,2026-04-16T08:58:07+00:00
15700,15700/,https://national-football-teams.com/matches/report/15700/,HTTP 404,404,2026-04-16T08:58:07+00:00
15703,15703/,https://national-football-teams.com/matches/report/15703/,HTTP 404,404,2026-04-16T08:58:07+00:00
1571,1571/,https://national-football-teams.com/matches/report/1571/,HTTP 404,404,2026-04-16T08:58:07+00:00
15710,15710/,https://national-football-teams.com/matches/report/15710/,HTTP 404,404,2026-04-16T08:58:07+00:00
15714,15714/,https://national-football-teams.com/matches/report/15714/,HTTP 404,404,2026-04-16T08:58:07+00:00
15715,15715/,https://national-football-teams.com/matches/report/15715/,HTTP 404,404,2026-04-16T08:58:07+00:00
15716,15716/,https://national-football-teams.com/matches/report/15716/,HTTP 404,404,2026-04-16T08:58:07+00:00
15717,15717/,https://national-football-teams.com/matches/report/15717/,HTTP 404,404,2026-04-16T08:58:07+00:00
15718,15718/,https://national-football-teams.com/matches/report/15718/,HTTP 404,404,2026-04-16T08:58:07+00:00
15719,15719/,https://national-football-teams.com/matches/report/15719/,HTTP 404,404,2026-04-16T08:58:07+00:00
1572,1572/,https://national-football-teams.com/matches/report/1572/,HTTP 404,404,2026-04-16T08:58:07+00:00
15729,15729/,https://national-football-teams.com/matches/report/15729/,HTTP 404,404,2026-04-16T08:58:07+00:00
1573,1573/,https://national-football-teams.com/matches/report/1573/,HTTP 404,404,2026-04-16T08:58:07+00:00
1574,1574/,https://national-football-teams.com/matches/report/1574/,HTTP 404,404,2026-04-16T08:58:07+00:00
1575,1575/,https://national-football-teams.com/matches/report/1575/,HTTP 404,404,2026-04-16T08:58:08+00:00
1576,1576/,https://national-football-teams.com/matches/report/1576/,HTTP 404,404,2026-04-16T08:58:08+00:00
15763,15763/,https://national-football-teams.com/matches/report/15763/,HTTP 404,404,2026-04-16T08:58:08+00:00
15764,15764/,https://national-football-teams.com/matches/report/15764/,HTTP 404,404,2026-04-16T08:58:08+00:00
15765,15765/,https://national-football-teams.com/matches/report/15765/,HTTP 404,404,2026-04-16T08:58:08+00:00
15766,15766/,https://national-football-teams.com/matches/report/15766/,HTTP 404,404,2026-04-16T08:58:08+00:00
15767,15767/,https://national-football-teams.com/matches/report/15767/,HTTP 404,404,2026-04-16T08:58:08+00:00
15768,15768/,https://national-football-teams.com/matches/report/15768/,HTTP 404,404,2026-04-16T08:58:08+00:00
1577,1577/,https://national-football-teams.com/matches/report/1577/,HTTP 404,404,2026-04-16T08:58:08+00:00
1578,1578/,https://national-football-teams.com/matches/report/1578/,HTTP 404,404,2026-04-16T08:58:08+00:00
15782,15782/,https://national-football-teams.com/matches/report/15782/,HTTP 404,404,2026-04-16T08:58:08+00:00
15783,15783/,https://national-football-teams.com/matches/report/15783/,HTTP 404,404,2026-04-16T08:58:08+00:00
15784,15784/,https://national-football-teams.com/matches/report/15784/,HTTP 404,404,2026-04-16T08:58:08+00:00
15786,15786/,https://national-football-teams.com/matches/report/15786/,HTTP 404,404,2026-04-16T08:58:08+00:00
15787,15787/,https://national-football-teams.com/matches/report/15787/,HTTP 404,404,2026-04-16T08:58:08+00:00
1579,1579/,https://national-football-teams.com/matches/report/1579/,HTTP 404,404,2026-04-16T08:58:08+00:00
158,158/,https://national-football-teams.com/matches/report/158/,HTTP 404,404,2026-04-16T08:58:08+00:00
1580,1580/,https://national-football-teams.com/matches/report/1580/,HTTP 404,404,2026-04-16T08:58:08+00:00
1581,1581/,https://national-football-teams.com/matches/report/1581/,HTTP 404,404,2026-04-16T08:58:08+00:00
15814,15814/,https://national-football-teams.com/matches/report/15814/,HTTP 404,404,2026-04-16T08:58:08+00:00
15815,15815/,https://national-football-teams.com/matches/report/15815/,HTTP 404,404,2026-04-16T08:58:09+00:00
15816,15816/,https://national-football-teams.com/matches/report/15816/,HTTP 404,404,2026-04-16T08:58:09+00:00
15817,15817/,https://national-football-teams.com/matches/report/15817/,HTTP 404,404,2026-04-16T08:58:09+00:00
1582,1582/,https://national-football-teams.com/matches/report/1582/,HTTP 404,404,2026-04-16T08:58:09+00:00
15820,15820/,https://national-football-teams.com/matches/report/15820/,HTTP 404,404,2026-04-16T08:58:09+00:00
15821,15821/,https://national-football-teams.com/matches/report/15821/,HTTP 404,404,2026-04-16T08:58:09+00:00
15822,15822/,https://national-football-teams.com/matches/report/15822/,HTTP 404,404,2026-04-16T08:58:09+00:00
15825,15825/,https://national-football-teams.com/matches/report/15825/,HTTP 404,404,2026-04-16T08:58:09+00:00
15826,15826/,https://national-football-teams.com/matches/report/15826/,HTTP 404,404,2026-04-16T08:58:09+00:00
15827,15827/,https://national-football-teams.com/matches/report/15827/,HTTP 404,404,2026-04-16T08:58:09+00:00
15828,15828/,https://national-football-teams.com/matches/report/15828/,HTTP 404,404,2026-04-16T08:58:09+00:00
15829,15829/,https://national-football-teams.com/matches/report/15829/,HTTP 404,404,2026-04-16T08:58:09+00:00
1583,1583/,https://national-football-teams.com/matches/report/1583/,HTTP 404,404,2026-04-16T08:58:09+00:00
15830,15830/,https://national-football-teams.com/matches/report/15830/,HTTP 404,404,2026-04-16T08:58:09+00:00
15831,15831/,https://national-football-teams.com/matches/report/15831/,HTTP 404,404,2026-04-16T08:58:09+00:00
15832,15832/,https://national-football-teams.com/matches/report/15832/,HTTP 404,404,2026-04-16T08:58:09+00:00
1584,1584/,https://national-football-teams.com/matches/report/1584/,HTTP 404,404,2026-04-16T08:58:09+00:00
1585,1585/,https://national-football-teams.com/matches/report/1585/,HTTP 404,404,2026-04-16T08:58:09+00:00
15859,15859/,https://national-football-teams.com/matches/report/15859/,HTTP 404,404,2026-04-16T08:58:09+00:00
1586,1586/,https://national-football-teams.com/matches/report/1586/,HTTP 404,404,2026-04-16T08:58:09+00:00
15860,15860/,https://national-football-teams.com/matches/report/15860/,HTTP 404,404,2026-04-16T08:58:09+00:00
15861,15861/,https://national-football-teams.com/matches/report/15861/,HTTP 404,404,2026-04-16T08:58:09+00:00
15862,15862/,https://national-football-teams.com/matches/report/15862/,HTTP 404,404,2026-04-16T08:58:09+00:00
15864,15864/,https://national-football-teams.com/matches/report/15864/,HTTP 404,404,2026-04-16T08:58:09+00:00
1587,1587/,https://national-football-teams.com/matches/report/1587/,HTTP 404,404,2026-04-16T08:58:09+00:00
1588,1588/,https://national-football-teams.com/matches/report/1588/,HTTP 404,404,2026-04-16T08:58:10+00:00
15880,15880/,https://national-football-teams.com/matches/report/15880/,HTTP 404,404,2026-04-16T08:58:10+00:00
1589,1589/,https://national-football-teams.com/matches/report/1589/,HTTP 404,404,2026-04-16T08:58:10+00:00
15897,15897/,https://national-football-teams.com/matches/report/15897/,HTTP 404,404,2026-04-16T08:58:10+00:00
15898,15898/,https://national-football-teams.com/matches/report/15898/,HTTP 404,404,2026-04-16T08:58:10+00:00
159,159/,https://national-football-teams.com/matches/report/159/,HTTP 404,404,2026-04-16T08:58:10+00:00
1590,1590/,https://national-football-teams.com/matches/report/1590/,HTTP 404,404,2026-04-16T08:58:10+00:00
1591,1591/,https://national-football-teams.com/matches/report/1591/,HTTP 404,404,2026-04-16T08:58:10+00:00
15910,15910/,https://national-football-teams.com/matches/report/15910/,HTTP 404,404,2026-04-16T08:58:10+00:00
15911,15911/,https://national-football-teams.com/matches/report/15911/,HTTP 404,404,2026-04-16T08:58:10+00:00
15912,15912/,https://national-football-teams.com/matches/report/15912/,HTTP 404,404,2026-04-16T08:58:10+00:00
15913,15913/,https://national-football-teams.com/matches/report/15913/,HTTP 404,404,2026-04-16T08:58:10+00:00
15914,15914/,https://national-football-teams.com/matches/report/15914/,HTTP 404,404,2026-04-16T08:58:10+00:00
15915,15915/,https://national-football-teams.com/matches/report/15915/,HTTP 404,404,2026-04-16T08:58:10+00:00
15916,15916/,https://national-football-teams.com/matches/report/15916/,HTTP 404,404,2026-04-16T08:58:10+00:00
15917,15917/,https://national-football-teams.com/matches/report/15917/,HTTP 404,404,2026-04-16T08:58:10+00:00
15918,15918/,https://national-football-teams.com/matches/report/15918/,HTTP 404,404,2026-04-16T08:58:10+00:00
15919,15919/,https://national-football-teams.com/matches/report/15919/,HTTP 404,404,2026-04-16T08:58:10+00:00
1592,1592/,https://national-football-teams.com/matches/report/1592/,HTTP 404,404,2026-04-16T08:58:10+00:00
1593,1593/,https://national-football-teams.com/matches/report/1593/,HTTP 404,404,2026-04-16T08:58:10+00:00
15938,15938/,https://national-football-teams.com/matches/report/15938/,HTTP 404,404,2026-04-16T08:58:11+00:00
15939,15939/,https://national-football-teams.com/matches/report/15939/,HTTP 404,404,2026-04-16T08:58:11+00:00
1594,1594/,https://national-football-teams.com/matches/report/1594/,HTTP 404,404,2026-04-16T08:58:11+00:00
15940,15940/,https://national-football-teams.com/matches/report/15940/,HTTP 404,404,2026-04-16T08:58:11+00:00
15941,15941/,https://national-football-teams.com/matches/report/15941/,HTTP 404,404,2026-04-16T08:58:11+00:00
15942,15942/,https://national-football-teams.com/matches/report/15942/,HTTP 404,404,2026-04-16T08:58:11+00:00
15943,15943/,https://national-football-teams.com/matches/report/15943/,HTTP 404,404,2026-04-16T08:58:11+00:00
1595,1595/,https://national-football-teams.com/matches/report/1595/,HTTP 404,404,2026-04-16T08:58:11+00:00
15952,15952/,https://national-football-teams.com/matches/report/15952/,HTTP 404,404,2026-04-16T08:58:11+00:00
15953,15953/,https://national-football-teams.com/matches/report/15953/,HTTP 404,404,2026-04-16T08:58:11+00:00
15954,15954/,https://national-football-teams.com/matches/report/15954/,HTTP 404,404,2026-04-16T08:58:11+00:00
15955,15955/,https://national-football-teams.com/matches/report/15955/,HTTP 404,404,2026-04-16T08:58:11+00:00
15956,15956/,https://national-football-teams.com/matches/report/15956/,HTTP 404,404,2026-04-16T08:58:11+00:00
15957,15957/,https://national-football-teams.com/matches/report/15957/,HTTP 404,404,2026-04-16T08:58:11+00:00
15959,15959/,https://national-football-teams.com/matches/report/15959/,HTTP 404,404,2026-04-16T08:58:11+00:00
1596,1596/,https://national-football-teams.com/matches/report/1596/,HTTP 404,404,2026-04-16T08:58:11+00:00
15960,15960/,https://national-football-teams.com/matches/report/15960/,HTTP 404,404,2026-04-16T08:58:11+00:00
15961,15961/,https://national-football-teams.com/matches/report/15961/,HTTP 404,404,2026-04-16T08:58:11+00:00
15962,15962/,https://national-football-teams.com/matches/report/15962/,HTTP 404,404,2026-04-16T08:58:11+00:00
15964,15964/,https://national-football-teams.com/matches/report/15964/,HTTP 404,404,2026-04-16T08:58:11+00:00
15965,15965/,https://national-football-teams.com/matches/report/15965/,HTTP 404,404,2026-04-16T08:58:11+00:00
15966,15966/,https://national-football-teams.com/matches/report/15966/,HTTP 404,404,2026-04-16T08:58:11+00:00
15967,15967/,https://national-football-teams.com/matches/report/15967/,HTTP 404,404,2026-04-16T08:58:11+00:00
15968,15968/,https://national-football-teams.com/matches/report/15968/,HTTP 404,404,2026-04-16T08:58:11+00:00
15969,15969/,https://national-football-teams.com/matches/report/15969/,HTTP 404,404,2026-04-16T08:58:11+00:00
1597,1597/,https://national-football-teams.com/matches/report/1597/,HTTP 404,404,2026-04-16T08:58:12+00:00
15972,15972/,https://national-football-teams.com/matches/report/15972/,HTTP 404,404,2026-04-16T08:58:12+00:00
15974,15974/,https://national-football-teams.com/matches/report/15974/,HTTP 404,404,2026-04-16T08:58:12+00:00
15977,15977/,https://national-football-teams.com/matches/report/15977/,HTTP 404,404,2026-04-16T08:58:12+00:00
15978,15978/,https://national-football-teams.com/matches/report/15978/,HTTP 404,404,2026-04-16T08:58:12+00:00
15979,15979/,https://national-football-teams.com/matches/report/15979/,HTTP 404,404,2026-04-16T08:58:12+00:00
1598,1598/,https://national-football-teams.com/matches/report/1598/,HTTP 404,404,2026-04-16T08:58:12+00:00
15980,15980/,https://national-football-teams.com/matches/report/15980/,HTTP 404,404,2026-04-16T08:58:12+00:00
15981,15981/,https://national-football-teams.com/matches/report/15981/,HTTP 404,404,2026-04-16T08:58:12+00:00
15982,15982/,https://national-football-teams.com/matches/report/15982/,HTTP 404,404,2026-04-16T08:58:12+00:00
15983,15983/,https://national-football-teams.com/matches/report/15983/,HTTP 404,404,2026-04-16T08:58:12+00:00
15989,15989/,https://national-football-teams.com/matches/report/15989/,HTTP 404,404,2026-04-16T08:58:12+00:00
1599,1599/,https://national-football-teams.com/matches/report/1599/,HTTP 404,404,2026-04-16T08:58:12+00:00
15990,15990/,https://national-football-teams.com/matches/report/15990/,HTTP 404,404,2026-04-16T08:58:12+00:00
15991,15991/,https://national-football-teams.com/matches/report/15991/,HTTP 404,404,2026-04-16T08:58:12+00:00
15992,15992/,https://national-football-teams.com/matches/report/15992/,HTTP 404,404,2026-04-16T08:58:12+00:00
160,160/,https://national-football-teams.com/matches/report/160/,HTTP 404,404,2026-04-16T08:58:12+00:00
1600,1600/,https://national-football-teams.com/matches/report/1600/,HTTP 404,404,2026-04-16T08:58:12+00:00
1601,1601/,https://national-football-teams.com/matches/report/1601/,HTTP 404,404,2026-04-16T08:58:12+00:00
1602,1602/,https://national-football-teams.com/matches/report/1602/,HTTP 404,404,2026-04-16T08:58:12+00:00
16026,16026/,https://national-football-teams.com/matches/report/16026/,HTTP 404,404,2026-04-16T08:58:13+00:00
16027,16027/,https://national-football-teams.com/matches/report/16027/,HTTP 404,404,2026-04-16T08:58:13+00:00
16028,16028/,https://national-football-teams.com/matches/report/16028/,HTTP 404,404,2026-04-16T08:58:13+00:00
16029,16029/,https://national-football-teams.com/matches/report/16029/,HTTP 404,404,2026-04-16T08:58:13+00:00
1603,1603/,https://national-football-teams.com/matches/report/1603/,HTTP 404,404,2026-04-16T08:58:13+00:00
1604,1604/,https://national-football-teams.com/matches/report/1604/,HTTP 404,404,2026-04-16T08:58:13+00:00
16041,16041/,https://national-football-teams.com/matches/report/16041/,HTTP 404,404,2026-04-16T08:58:13+00:00
16042,16042/,https://national-football-teams.com/matches/report/16042/,HTTP 404,404,2026-04-16T08:58:13+00:00
16045,16045/,https://national-football-teams.com/matches/report/16045/,HTTP 404,404,2026-04-16T08:58:13+00:00
16046,16046/,https://national-football-teams.com/matches/report/16046/,HTTP 404,404,2026-04-16T08:58:13+00:00
16047,16047/,https://national-football-teams.com/matches/report/16047/,HTTP 404,404,2026-04-16T08:58:13+00:00
16048,16048/,https://national-football-teams.com/matches/report/16048/,HTTP 404,404,2026-04-16T08:58:13+00:00
16049,16049/,https://national-football-teams.com/matches/report/16049/,HTTP 404,404,2026-04-16T08:58:13+00:00
1605,1605/,https://national-football-teams.com/matches/report/1605/,HTTP 404,404,2026-04-16T08:58:13+00:00
16050,16050/,https://national-football-teams.com/matches/report/16050/,HTTP 404,404,2026-04-16T08:58:13+00:00
16051,16051/,https://national-football-teams.com/matches/report/16051/,HTTP 404,404,2026-04-16T08:58:13+00:00
16052,16052/,https://national-football-teams.com/matches/report/16052/,HTTP 404,404,2026-04-16T08:58:13+00:00
1606,1606/,https://national-football-teams.com/matches/report/1606/,HTTP 404,404,2026-04-16T08:58:13+00:00
1607,1607/,https://national-football-teams.com/matches/report/1607/,HTTP 404,404,2026-04-16T08:58:13+00:00
16073,16073/,https://national-football-teams.com/matches/report/16073/,HTTP 404,404,2026-04-16T08:58:13+00:00
16077,16077/,https://national-football-teams.com/matches/report/16077/,HTTP 404,404,2026-04-16T08:58:13+00:00
16079,16079/,https://national-football-teams.com/matches/report/16079/,HTTP 404,404,2026-04-16T08:58:13+00:00
1608,1608/,https://national-football-teams.com/matches/report/1608/,HTTP 404,404,2026-04-16T08:58:13+00:00
16080,16080/,https://national-football-teams.com/matches/report/16080/,HTTP 404,404,2026-04-16T08:58:13+00:00
16081,16081/,https://national-football-teams.com/matches/report/16081/,HTTP 404,404,2026-04-16T08:58:13+00:00
16086,16086/,https://national-football-teams.com/matches/report/16086/,HTTP 404,404,2026-04-16T08:58:14+00:00
16087,16087/,https://national-football-teams.com/matches/report/16087/,HTTP 404,404,2026-04-16T08:58:14+00:00
16088,16088/,https://national-football-teams.com/matches/report/16088/,HTTP 404,404,2026-04-16T08:58:14+00:00
16089,16089/,https://national-football-teams.com/matches/report/16089/,HTTP 404,404,2026-04-16T08:58:14+00:00
16090,16090/,https://national-football-teams.com/matches/report/16090/,HTTP 404,404,2026-04-16T08:58:14+00:00
16091,16091/,https://national-football-teams.com/matches/report/16091/,HTTP 404,404,2026-04-16T08:58:14+00:00
16093,16093/,https://national-football-teams.com/matches/report/16093/,HTTP 404,404,2026-04-16T08:58:14+00:00
16094,16094/,https://national-football-teams.com/matches/report/16094/,HTTP 404,404,2026-04-16T08:58:14+00:00
16095,16095/,https://national-football-teams.com/matches/report/16095/,HTTP 404,404,2026-04-16T08:58:14+00:00
16096,16096/,https://national-football-teams.com/matches/report/16096/,HTTP 404,404,2026-04-16T08:58:14+00:00
16097,16097/,https://national-football-teams.com/matches/report/16097/,HTTP 404,404,2026-04-16T08:58:14+00:00
16098,16098/,https://national-football-teams.com/matches/report/16098/,HTTP 404,404,2026-04-16T08:58:14+00:00
16099,16099/,https://national-football-teams.com/matches/report/16099/,HTTP 404,404,2026-04-16T08:58:14+00:00
161,161/,https://national-football-teams.com/matches/report/161/,HTTP 404,404,2026-04-16T08:58:14+00:00
16100,16100/,https://national-football-teams.com/matches/report/16100/,HTTP 404,404,2026-04-16T08:58:14+00:00
16150,16150/,https://national-football-teams.com/matches/report/16150/,HTTP 404,404,2026-04-16T08:58:14+00:00
16151,16151/,https://national-football-teams.com/matches/report/16151/,HTTP 404,404,2026-04-16T08:58:14+00:00
16152,16152/,https://national-football-teams.com/matches/report/16152/,HTTP 404,404,2026-04-16T08:58:14+00:00
16153,16153/,https://national-football-teams.com/matches/report/16153/,HTTP 404,404,2026-04-16T08:58:14+00:00
16154,16154/,https://national-football-teams.com/matches/report/16154/,HTTP 404,404,2026-04-16T08:58:14+00:00
16155,16155/,https://national-football-teams.com/matches/report/16155/,HTTP 404,404,2026-04-16T08:58:15+00:00
162,162/,https://national-football-teams.com/matches/report/162/,HTTP 404,404,2026-04-16T08:58:15+00:00
16265,16265/,https://national-football-teams.com/matches/report/16265/,HTTP 404,404,2026-04-16T08:58:15+00:00
16267,16267/,https://national-football-teams.com/matches/report/16267/,HTTP 404,404,2026-04-16T08:58:15+00:00
16273,16273/,https://national-football-teams.com/matches/report/16273/,HTTP 404,404,2026-04-16T08:58:15+00:00
16274,16274/,https://national-football-teams.com/matches/report/16274/,HTTP 404,404,2026-04-16T08:58:15+00:00
16295,16295/,https://national-football-teams.com/matches/report/16295/,HTTP 404,404,2026-04-16T08:58:15+00:00
163,163/,https://national-football-teams.com/matches/report/163/,HTTP 404,404,2026-04-16T08:58:15+00:00
16326,16326/,https://national-football-teams.com/matches/report/16326/,HTTP 404,404,2026-04-16T08:58:15+00:00
16348,16348/,https://national-football-teams.com/matches/report/16348/,HTTP 404,404,2026-04-16T08:58:15+00:00
16388,16388/,https://national-football-teams.com/matches/report/16388/,HTTP 404,404,2026-04-16T08:58:15+00:00
16389,16389/,https://national-football-teams.com/matches/report/16389/,HTTP 404,404,2026-04-16T08:58:15+00:00
16390,16390/,https://national-football-teams.com/matches/report/16390/,HTTP 404,404,2026-04-16T08:58:15+00:00
16391,16391/,https://national-football-teams.com/matches/report/16391/,HTTP 404,404,2026-04-16T08:58:15+00:00
16392,16392/,https://national-football-teams.com/matches/report/16392/,HTTP 404,404,2026-04-16T08:58:15+00:00
16393,16393/,https://national-football-teams.com/matches/report/16393/,HTTP 404,404,2026-04-16T08:58:15+00:00
16394,16394/,https://national-football-teams.com/matches/report/16394/,HTTP 404,404,2026-04-16T08:58:15+00:00
16395,16395/,https://national-football-teams.com/matches/report/16395/,HTTP 404,404,2026-04-16T08:58:15+00:00
16396,16396/,https://national-football-teams.com/matches/report/16396/,HTTP 404,404,2026-04-16T08:58:15+00:00
16397,16397/,https://national-football-teams.com/matches/report/16397/,HTTP 404,404,2026-04-16T08:58:15+00:00
16398,16398/,https://national-football-teams.com/matches/report/16398/,HTTP 404,404,2026-04-16T08:58:15+00:00
16399,16399/,https://national-football-teams.com/matches/report/16399/,HTTP 404,404,2026-04-16T08:58:15+00:00
164,164/,https://national-football-teams.com/matches/report/164/,HTTP 404,404,2026-04-16T08:58:15+00:00
16400,16400/,https://national-football-teams.com/matches/report/16400/,HTTP 404,404,2026-04-16T08:58:15+00:00
16401,16401/,https://national-football-teams.com/matches/report/16401/,HTTP 404,404,2026-04-16T08:58:15+00:00
16402,16402/,https://national-football-teams.com/matches/report/16402/,HTTP 404,404,2026-04-16T08:58:16+00:00
16403,16403/,https://national-football-teams.com/matches/report/16403/,HTTP 404,404,2026-04-16T08:58:16+00:00
16404,16404/,https://national-football-teams.com/matches/report/16404/,HTTP 404,404,2026-04-16T08:58:16+00:00
16405,16405/,https://national-football-teams.com/matches/report/16405/,HTTP 404,404,2026-04-16T08:58:16+00:00
16407,16407/,https://national-football-teams.com/matches/report/16407/,HTTP 404,404,2026-04-16T08:58:16+00:00
16408,16408/,https://national-football-teams.com/matches/report/16408/,HTTP 404,404,2026-04-16T08:58:16+00:00
16409,16409/,https://national-football-teams.com/matches/report/16409/,HTTP 404,404,2026-04-16T08:58:16+00:00
16410,16410/,https://national-football-teams.com/matches/report/16410/,HTTP 404,404,2026-04-16T08:58:16+00:00
16411,16411/,https://national-football-teams.com/matches/report/16411/,HTTP 404,404,2026-04-16T08:58:16+00:00
16412,16412/,https://national-football-teams.com/matches/report/16412/,HTTP 404,404,2026-04-16T08:58:16+00:00
16413,16413/,https://national-football-teams.com/matches/report/16413/,HTTP 404,404,2026-04-16T08:58:16+00:00
16414,16414/,https://national-football-teams.com/matches/report/16414/,HTTP 404,404,2026-04-16T08:58:16+00:00
16415,16415/,https://national-football-teams.com/matches/report/16415/,HTTP 404,404,2026-04-16T08:58:16+00:00
16416,16416/,https://national-football-teams.com/matches/report/16416/,HTTP 404,404,2026-04-16T08:58:16+00:00
16417,16417/,https://national-football-teams.com/matches/report/16417/,HTTP 404,404,2026-04-16T08:58:16+00:00
16418,16418/,https://national-football-teams.com/matches/report/16418/,HTTP 404,404,2026-04-16T08:58:16+00:00
16419,16419/,https://national-football-teams.com/matches/report/16419/,HTTP 404,404,2026-04-16T08:58:16+00:00
16420,16420/,https://national-football-teams.com/matches/report/16420/,HTTP 404,404,2026-04-16T08:58:16+00:00
16425,16425/,https://national-football-teams.com/matches/report/16425/,HTTP 404,404,2026-04-16T08:58:16+00:00
16426,16426/,https://national-football-teams.com/matches/report/16426/,HTTP 404,404,2026-04-16T08:58:16+00:00
16427,16427/,https://national-football-teams.com/matches/report/16427/,HTTP 404,404,2026-04-16T08:58:17+00:00
16428,16428/,https://national-football-teams.com/matches/report/16428/,HTTP 404,404,2026-04-16T08:58:17+00:00
16429,16429/,https://national-football-teams.com/matches/report/16429/,HTTP 404,404,2026-04-16T08:58:17+00:00
16430,16430/,https://national-football-teams.com/matches/report/16430/,HTTP 404,404,2026-04-16T08:58:17+00:00
16431,16431/,https://national-football-teams.com/matches/report/16431/,HTTP 404,404,2026-04-16T08:58:17+00:00
16453,16453/,https://national-football-teams.com/matches/report/16453/,HTTP 404,404,2026-04-16T08:58:18+00:00
16454,16454/,https://national-football-teams.com/matches/report/16454/,HTTP 404,404,2026-04-16T08:58:18+00:00
16455,16455/,https://national-football-teams.com/matches/report/16455/,HTTP 404,404,2026-04-16T08:58:18+00:00
16456,16456/,https://national-football-teams.com/matches/report/16456/,HTTP 404,404,2026-04-16T08:58:18+00:00
16457,16457/,https://national-football-teams.com/matches/report/16457/,HTTP 404,404,2026-04-16T08:58:18+00:00
16458,16458/,https://national-football-teams.com/matches/report/16458/,HTTP 404,404,2026-04-16T08:58:18+00:00
16459,16459/,https://national-football-teams.com/matches/report/16459/,HTTP 404,404,2026-04-16T08:58:18+00:00
16460,16460/,https://national-football-teams.com/matches/report/16460/,HTTP 404,404,2026-04-16T08:58:18+00:00
16461,16461/,https://national-football-teams.com/matches/report/16461/,HTTP 404,404,2026-04-16T08:58:18+00:00
16462,16462/,https://national-football-teams.com/matches/report/16462/,HTTP 404,404,2026-04-16T08:58:18+00:00
16463,16463/,https://national-football-teams.com/matches/report/16463/,HTTP 404,404,2026-04-16T08:58:18+00:00
16464,16464/,https://national-football-teams.com/matches/report/16464/,HTTP 404,404,2026-04-16T08:58:18+00:00
16465,16465/,https://national-football-teams.com/matches/report/16465/,HTTP 404,404,2026-04-16T08:58:18+00:00
16466,16466/,https://national-football-teams.com/matches/report/16466/,HTTP 404,404,2026-04-16T08:58:18+00:00
16467,16467/,https://national-football-teams.com/matches/report/16467/,HTTP 404,404,2026-04-16T08:58:18+00:00
16468,16468/,https://national-football-teams.com/matches/report/16468/,HTTP 404,404,2026-04-16T08:58:18+00:00
16469,16469/,https://national-football-teams.com/matches/report/16469/,HTTP 404,404,2026-04-16T08:58:18+00:00
16470,16470/,https://national-football-teams.com/matches/report/16470/,HTTP 404,404,2026-04-16T08:58:18+00:00
16471,16471/,https://national-football-teams.com/matches/report/16471/,HTTP 404,404,2026-04-16T08:58:18+00:00
16472,16472/,https://national-football-teams.com/matches/report/16472/,HTTP 404,404,2026-04-16T08:58:18+00:00
165,165/,https://national-football-teams.com/matches/report/165/,HTTP 404,404,2026-04-16T08:58:19+00:00
16506,16506/,https://national-football-teams.com/matches/report/16506/,HTTP 404,404,2026-04-16T08:58:19+00:00
16507,16507/,https://national-football-teams.com/matches/report/16507/,HTTP 404,404,2026-04-16T08:58:19+00:00
16508,16508/,https://national-football-teams.com/matches/report/16508/,HTTP 404,404,2026-04-16T08:58:19+00:00
16509,16509/,https://national-football-teams.com/matches/report/16509/,HTTP 404,404,2026-04-16T08:58:19+00:00
16510,16510/,https://national-football-teams.com/matches/report/16510/,HTTP 404,404,2026-04-16T08:58:19+00:00
16511,16511/,https://national-football-teams.com/matches/report/16511/,HTTP 404,404,2026-04-16T08:58:19+00:00
16512,16512/,https://national-football-teams.com/matches/report/16512/,HTTP 404,404,2026-04-16T08:58:19+00:00
16513,16513/,https://national-football-teams.com/matches/report/16513/,HTTP 404,404,2026-04-16T08:58:19+00:00
16514,16514/,https://national-football-teams.com/matches/report/16514/,HTTP 404,404,2026-04-16T08:58:19+00:00
16515,16515/,https://national-football-teams.com/matches/report/16515/,HTTP 404,404,2026-04-16T08:58:19+00:00
16516,16516/,https://national-football-teams.com/matches/report/16516/,HTTP 404,404,2026-04-16T08:58:19+00:00
16517,16517/,https://national-football-teams.com/matches/report/16517/,HTTP 404,404,2026-04-16T08:58:19+00:00
16518,16518/,https://national-football-teams.com/matches/report/16518/,HTTP 404,404,2026-04-16T08:58:19+00:00
16519,16519/,https://national-football-teams.com/matches/report/16519/,HTTP 404,404,2026-04-16T08:58:19+00:00
16520,16520/,https://national-football-teams.com/matches/report/16520/,HTTP 404,404,2026-04-16T08:58:19+00:00
16521,16521/,https://national-football-teams.com/matches/report/16521/,HTTP 404,404,2026-04-16T08:58:19+00:00
16522,16522/,https://national-football-teams.com/matches/report/16522/,HTTP 404,404,2026-04-16T08:58:19+00:00
16523,16523/,https://national-football-teams.com/matches/report/16523/,HTTP 404,404,2026-04-16T08:58:19+00:00
16524,16524/,https://national-football-teams.com/matches/report/16524/,HTTP 404,404,2026-04-16T08:58:19+00:00
16525,16525/,https://national-football-teams.com/matches/report/16525/,HTTP 404,404,2026-04-16T08:58:19+00:00
16526,16526/,https://national-football-teams.com/matches/report/16526/,HTTP 404,404,2026-04-16T08:58:19+00:00
16527,16527/,https://national-football-teams.com/matches/report/16527/,HTTP 404,404,2026-04-16T08:58:19+00:00
16528,16528/,https://national-football-teams.com/matches/report/16528/,HTTP 404,404,2026-04-16T08:58:19+00:00
16529,16529/,https://national-football-teams.com/matches/report/16529/,HTTP 404,404,2026-04-16T08:58:19+00:00
16530,16530/,https://national-football-teams.com/matches/report/16530/,HTTP 404,404,2026-04-16T08:58:20+00:00
166,166/,https://national-football-teams.com/matches/report/166/,HTTP 404,404,2026-04-16T08:58:20+00:00
167,167/,https://national-football-teams.com/matches/report/167/,HTTP 404,404,2026-04-16T08:58:20+00:00
168,168/,https://national-football-teams.com/matches/report/168/,HTTP 404,404,2026-04-16T08:58:20+00:00
16809,16809/,https://national-football-teams.com/matches/report/16809/,HTTP 404,404,2026-04-16T08:58:20+00:00
16811,16811/,https://national-football-teams.com/matches/report/16811/,HTTP 404,404,2026-04-16T08:58:20+00:00
16820,16820/,https://national-football-teams.com/matches/report/16820/,HTTP 404,404,2026-04-16T08:58:20+00:00
16822,16822/,https://national-football-teams.com/matches/report/16822/,HTTP 404,404,2026-04-16T08:58:20+00:00
16824,16824/,https://national-football-teams.com/matches/report/16824/,HTTP 404,404,2026-04-16T08:58:20+00:00
16836,16836/,https://national-football-teams.com/matches/report/16836/,HTTP 404,404,2026-04-16T08:58:20+00:00
16837,16837/,https://national-football-teams.com/matches/report/16837/,HTTP 404,404,2026-04-16T08:58:20+00:00
16845,16845/,https://national-football-teams.com/matches/report/16845/,HTTP 404,404,2026-04-16T08:58:20+00:00
169,169/,https://national-football-teams.com/matches/report/169/,HTTP 404,404,2026-04-16T08:58:20+00:00
16910,16910/,https://national-football-teams.com/matches/report/16910/,HTTP 404,404,2026-04-16T08:58:20+00:00
16911,16911/,https://national-football-teams.com/matches/report/16911/,HTTP 404,404,2026-04-16T08:58:20+00:00
16912,16912/,https://national-football-teams.com/matches/report/16912/,HTTP 404,404,2026-04-16T08:58:20+00:00
16913,16913/,https://national-football-teams.com/matches/report/16913/,HTTP 404,404,2026-04-16T08:58:20+00:00
16914,16914/,https://national-football-teams.com/matches/report/16914/,HTTP 404,404,2026-04-16T08:58:20+00:00
16915,16915/,https://national-football-teams.com/matches/report/16915/,HTTP 404,404,2026-04-16T08:58:20+00:00
16916,16916/,https://national-football-teams.com/matches/report/16916/,HTTP 404,404,2026-04-16T08:58:20+00:00
16917,16917/,https://national-football-teams.com/matches/report/16917/,HTTP 404,404,2026-04-16T08:58:21+00:00
16918,16918/,https://national-football-teams.com/matches/report/16918/,HTTP 404,404,2026-04-16T08:58:21+00:00
16919,16919/,https://national-football-teams.com/matches/report/16919/,HTTP 404,404,2026-04-16T08:58:21+00:00
16920,16920/,https://national-football-teams.com/matches/report/16920/,HTTP 404,404,2026-04-16T08:58:21+00:00
16921,16921/,https://national-football-teams.com/matches/report/16921/,HTTP 404,404,2026-04-16T08:58:21+00:00
16922,16922/,https://national-football-teams.com/matches/report/16922/,HTTP 404,404,2026-04-16T08:58:21+00:00
16923,16923/,https://national-football-teams.com/matches/report/16923/,HTTP 404,404,2026-04-16T08:58:21+00:00
16955,16955/,https://national-football-teams.com/matches/report/16955/,HTTP 404,404,2026-04-16T08:58:21+00:00
16956,16956/,https://national-football-teams.com/matches/report/16956/,HTTP 404,404,2026-04-16T08:58:21+00:00
16957,16957/,https://national-football-teams.com/matches/report/16957/,HTTP 404,404,2026-04-16T08:58:21+00:00
16958,16958/,https://national-football-teams.com/matches/report/16958/,HTTP 404,404,2026-04-16T08:58:21+00:00
16959,16959/,https://national-football-teams.com/matches/report/16959/,HTTP 404,404,2026-04-16T08:58:21+00:00
16960,16960/,https://national-football-teams.com/matches/report/16960/,HTTP 404,404,2026-04-16T08:58:21+00:00
16961,16961/,https://national-football-teams.com/matches/report/16961/,HTTP 404,404,2026-04-16T08:58:21+00:00
16962,16962/,https://national-football-teams.com/matches/report/16962/,HTTP 404,404,2026-04-16T08:58:21+00:00
16963,16963/,https://national-football-teams.com/matches/report/16963/,HTTP 404,404,2026-04-16T08:58:21+00:00
16964,16964/,https://national-football-teams.com/matches/report/16964/,HTTP 404,404,2026-04-16T08:58:21+00:00
16965,16965/,https://national-football-teams.com/matches/report/16965/,HTTP 404,404,2026-04-16T08:58:21+00:00
16966,16966/,https://national-football-teams.com/matches/report/16966/,HTTP 404,404,2026-04-16T08:58:21+00:00
16967,16967/,https://national-football-teams.com/matches/report/16967/,HTTP 404,404,2026-04-16T08:58:21+00:00
16968,16968/,https://national-football-teams.com/matches/report/16968/,HTTP 404,404,2026-04-16T08:58:22+00:00
16969,16969/,https://national-football-teams.com/matches/report/16969/,HTTP 404,404,2026-04-16T08:58:22+00:00
16970,16970/,https://national-football-teams.com/matches/report/16970/,HTTP 404,404,2026-04-16T08:58:22+00:00
16971,16971/,https://national-football-teams.com/matches/report/16971/,HTTP 404,404,2026-04-16T08:58:22+00:00
16972,16972/,https://national-football-teams.com/matches/report/16972/,HTTP 404,404,2026-04-16T08:58:22+00:00
16973,16973/,https://national-football-teams.com/matches/report/16973/,HTTP 404,404,2026-04-16T08:58:22+00:00
16974,16974/,https://national-football-teams.com/matches/report/16974/,HTTP 404,404,2026-04-16T08:58:22+00:00
16975,16975/,https://national-football-teams.com/matches/report/16975/,HTTP 404,404,2026-04-16T08:58:22+00:00
16976,16976/,https://national-football-teams.com/matches/report/16976/,HTTP 404,404,2026-04-16T08:58:22+00:00
16977,16977/,https://national-football-teams.com/matches/report/16977/,HTTP 404,404,2026-04-16T08:58:22+00:00
16978,16978/,https://national-football-teams.com/matches/report/16978/,HTTP 404,404,2026-04-16T08:58:22+00:00
16979,16979/,https://national-football-teams.com/matches/report/16979/,HTTP 404,404,2026-04-16T08:58:22+00:00
16980,16980/,https://national-football-teams.com/matches/report/16980/,HTTP 404,404,2026-04-16T08:58:22+00:00
16981,16981/,https://national-football-teams.com/matches/report/16981/,HTTP 404,404,2026-04-16T08:58:22+00:00
16982,16982/,https://national-football-teams.com/matches/report/16982/,HTTP 404,404,2026-04-16T08:58:22+00:00
16983,16983/,https://national-football-teams.com/matches/report/16983/,HTTP 404,404,2026-04-16T08:58:22+00:00
16984,16984/,https://national-football-teams.com/matches/report/16984/,HTTP 404,404,2026-04-16T08:58:22+00:00
16985,16985/,https://national-football-teams.com/matches/report/16985/,HTTP 404,404,2026-04-16T08:58:22+00:00
16987,16987/,https://national-football-teams.com/matches/report/16987/,HTTP 404,404,2026-04-16T08:58:22+00:00
16988,16988/,https://national-football-teams.com/matches/report/16988/,HTTP 404,404,2026-04-16T08:58:22+00:00
16989,16989/,https://national-football-teams.com/matches/report/16989/,HTTP 404,404,2026-04-16T08:58:22+00:00
16990,16990/,https://national-football-teams.com/matches/report/16990/,HTTP 404,404,2026-04-16T08:58:22+00:00
16991,16991/,https://national-football-teams.com/matches/report/16991/,HTTP 404,404,2026-04-16T08:58:22+00:00
16992,16992/,https://national-football-teams.com/matches/report/16992/,HTTP 404,404,2026-04-16T08:58:22+00:00
16993,16993/,https://national-football-teams.com/matches/report/16993/,HTTP 404,404,2026-04-16T08:58:22+00:00
16994,16994/,https://national-football-teams.com/matches/report/16994/,HTTP 404,404,2026-04-16T08:58:23+00:00
16995,16995/,https://national-football-teams.com/matches/report/16995/,HTTP 404,404,2026-04-16T08:58:23+00:00
16996,16996/,https://national-football-teams.com/matches/report/16996/,HTTP 404,404,2026-04-16T08:58:23+00:00
16997,16997/,https://national-football-teams.com/matches/report/16997/,HTTP 404,404,2026-04-16T08:58:23+00:00
16999,16999/,https://national-football-teams.com/matches/report/16999/,HTTP 404,404,2026-04-16T08:58:23+00:00
170,170/,https://national-football-teams.com/matches/report/170/,HTTP 404,404,2026-04-16T08:58:23+00:00
17000,17000/,https://national-football-teams.com/matches/report/17000/,HTTP 404,404,2026-04-16T08:58:23+00:00
17001,17001/,https://national-football-teams.com/matches/report/17001/,HTTP 404,404,2026-04-16T08:58:23+00:00
17002,17002/,https://national-football-teams.com/matches/report/17002/,HTTP 404,404,2026-04-16T08:58:23+00:00
17003,17003/,https://national-football-teams.com/matches/report/17003/,HTTP 404,404,2026-04-16T08:58:23+00:00
17004,17004/,https://national-football-teams.com/matches/report/17004/,HTTP 404,404,2026-04-16T08:58:23+00:00
17005,17005/,https://national-football-teams.com/matches/report/17005/,HTTP 404,404,2026-04-16T08:58:23+00:00
17006,17006/,https://national-football-teams.com/matches/report/17006/,HTTP 404,404,2026-04-16T08:58:23+00:00
17007,17007/,https://national-football-teams.com/matches/report/17007/,HTTP 404,404,2026-04-16T08:58:23+00:00
17008,17008/,https://national-football-teams.com/matches/report/17008/,HTTP 404,404,2026-04-16T08:58:23+00:00
17009,17009/,https://national-football-teams.com/matches/report/17009/,HTTP 404,404,2026-04-16T08:58:23+00:00
17010,17010/,https://national-football-teams.com/matches/report/17010/,HTTP 404,404,2026-04-16T08:58:23+00:00
17011,17011/,https://national-football-teams.com/matches/report/17011/,HTTP 404,404,2026-04-16T08:58:23+00:00
17012,17012/,https://national-football-teams.com/matches/report/17012/,HTTP 404,404,2026-04-16T08:58:23+00:00
17013,17013/,https://national-football-teams.com/matches/report/17013/,HTTP 404,404,2026-04-16T08:58:23+00:00
17014,17014/,https://national-football-teams.com/matches/report/17014/,HTTP 404,404,2026-04-16T08:58:24+00:00
17015,17015/,https://national-football-teams.com/matches/report/17015/,HTTP 404,404,2026-04-16T08:58:24+00:00
17016,17016/,https://national-football-teams.com/matches/report/17016/,HTTP 404,404,2026-04-16T08:58:24+00:00
17022,17022/,https://national-football-teams.com/matches/report/17022/,HTTP 404,404,2026-04-16T08:58:24+00:00
17023,17023/,https://national-football-teams.com/matches/report/17023/,HTTP 404,404,2026-04-16T08:58:24+00:00
17024,17024/,https://national-football-teams.com/matches/report/17024/,HTTP 404,404,2026-04-16T08:58:24+00:00
17025,17025/,https://national-football-teams.com/matches/report/17025/,HTTP 404,404,2026-04-16T08:58:24+00:00
17026,17026/,https://national-football-teams.com/matches/report/17026/,HTTP 404,404,2026-04-16T08:58:24+00:00
17027,17027/,https://national-football-teams.com/matches/report/17027/,HTTP 404,404,2026-04-16T08:58:24+00:00
17028,17028/,https://national-football-teams.com/matches/report/17028/,HTTP 404,404,2026-04-16T08:58:24+00:00
17029,17029/,https://national-football-teams.com/matches/report/17029/,HTTP 404,404,2026-04-16T08:58:24+00:00
17050,17050/,https://national-football-teams.com/matches/report/17050/,HTTP 404,404,2026-04-16T08:58:24+00:00
17051,17051/,https://national-football-teams.com/matches/report/17051/,HTTP 404,404,2026-04-16T08:58:24+00:00
17098,17098/,https://national-football-teams.com/matches/report/17098/,HTTP 404,404,2026-04-16T08:58:24+00:00
17099,17099/,https://national-football-teams.com/matches/report/17099/,HTTP 404,404,2026-04-16T08:58:24+00:00
171,171/,https://national-football-teams.com/matches/report/171/,HTTP 404,404,2026-04-16T08:58:24+00:00
17100,17100/,https://national-football-teams.com/matches/report/17100/,HTTP 404,404,2026-04-16T08:58:24+00:00
17101,17101/,https://national-football-teams.com/matches/report/17101/,HTTP 404,404,2026-04-16T08:58:24+00:00
17102,17102/,https://national-football-teams.com/matches/report/17102/,HTTP 404,404,2026-04-16T08:58:24+00:00
17103,17103/,https://national-football-teams.com/matches/report/17103/,HTTP 404,404,2026-04-16T08:58:24+00:00
17104,17104/,https://national-football-teams.com/matches/report/17104/,HTTP 404,404,2026-04-16T08:58:24+00:00
17117,17117/,https://national-football-teams.com/matches/report/17117/,HTTP 404,404,2026-04-16T08:58:24+00:00
17118,17118/,https://national-football-teams.com/matches/report/17118/,HTTP 404,404,2026-04-16T08:58:24+00:00
17119,17119/,https://national-football-teams.com/matches/report/17119/,HTTP 404,404,2026-04-16T08:58:24+00:00
17120,17120/,https://national-football-teams.com/matches/report/17120/,HTTP 404,404,2026-04-16T08:58:24+00:00
17121,17121/,https://national-football-teams.com/matches/report/17121/,HTTP 404,404,2026-04-16T08:58:25+00:00
17122,17122/,https://national-football-teams.com/matches/report/17122/,HTTP 404,404,2026-04-16T08:58:25+00:00
17123,17123/,https://national-football-teams.com/matches/report/17123/,HTTP 404,404,2026-04-16T08:58:25+00:00
17124,17124/,https://national-football-teams.com/matches/report/17124/,HTTP 404,404,2026-04-16T08:58:25+00:00
17125,17125/,https://national-football-teams.com/matches/report/17125/,HTTP 404,404,2026-04-16T08:58:25+00:00
17126,17126/,https://national-football-teams.com/matches/report/17126/,HTTP 404,404,2026-04-16T08:58:25+00:00
17127,17127/,https://national-football-teams.com/matches/report/17127/,HTTP 404,404,2026-04-16T08:58:25+00:00
172,172/,https://national-football-teams.com/matches/report/172/,HTTP 404,404,2026-04-16T08:58:25+00:00
17211,17211/,https://national-football-teams.com/matches/report/17211/,HTTP 404,404,2026-04-16T08:58:25+00:00
17238,17238/,https://national-football-teams.com/matches/report/17238/,HTTP 404,404,2026-04-16T08:58:25+00:00
17242,17242/,https://national-football-teams.com/matches/report/17242/,HTTP 404,404,2026-04-16T08:58:25+00:00
17246,17246/,https://national-football-teams.com/matches/report/17246/,HTTP 404,404,2026-04-16T08:58:25+00:00
17257,17257/,https://national-football-teams.com/matches/report/17257/,HTTP 404,404,2026-04-16T08:58:25+00:00
17258,17258/,https://national-football-teams.com/matches/report/17258/,HTTP 404,404,2026-04-16T08:58:25+00:00
17259,17259/,https://national-football-teams.com/matches/report/17259/,HTTP 404,404,2026-04-16T08:58:25+00:00
17260,17260/,https://national-football-teams.com/matches/report/17260/,HTTP 404,404,2026-04-16T08:58:25+00:00
17261,17261/,https://national-football-teams.com/matches/report/17261/,HTTP 404,404,2026-04-16T08:58:25+00:00
17262,17262/,https://national-football-teams.com/matches/report/17262/,HTTP 404,404,2026-04-16T08:58:25+00:00
17263,17263/,https://national-football-teams.com/matches/report/17263/,HTTP 404,404,2026-04-16T08:58:25+00:00
17264,17264/,https://national-football-teams.com/matches/report/17264/,HTTP 404,404,2026-04-16T08:58:25+00:00
17265,17265/,https://national-football-teams.com/matches/report/17265/,HTTP 404,404,2026-04-16T08:58:26+00:00
17271,17271/,https://national-football-teams.com/matches/report/17271/,HTTP 404,404,2026-04-16T08:58:26+00:00
17272,17272/,https://national-football-teams.com/matches/report/17272/,HTTP 404,404,2026-04-16T08:58:26+00:00
17273,17273/,https://national-football-teams.com/matches/report/17273/,HTTP 404,404,2026-04-16T08:58:26+00:00
17274,17274/,https://national-football-teams.com/matches/report/17274/,HTTP 404,404,2026-04-16T08:58:26+00:00
17275,17275/,https://national-football-teams.com/matches/report/17275/,HTTP 404,404,2026-04-16T08:58:26+00:00
17280,17280/,https://national-football-teams.com/matches/report/17280/,HTTP 404,404,2026-04-16T08:58:26+00:00
17287,17287/,https://national-football-teams.com/matches/report/17287/,HTTP 404,404,2026-04-16T08:58:26+00:00
17291,17291/,https://national-football-teams.com/matches/report/17291/,HTTP 404,404,2026-04-16T08:58:26+00:00
173,173/,https://national-football-teams.com/matches/report/173/,HTTP 404,404,2026-04-16T08:58:26+00:00
17300,17300/,https://national-football-teams.com/matches/report/17300/,HTTP 404,404,2026-04-16T08:58:26+00:00
17304,17304/,https://national-football-teams.com/matches/report/17304/,HTTP 404,404,2026-04-16T08:58:26+00:00
17311,17311/,https://national-football-teams.com/matches/report/17311/,HTTP 404,404,2026-04-16T08:58:26+00:00
17312,17312/,https://national-football-teams.com/matches/report/17312/,HTTP 404,404,2026-04-16T08:58:26+00:00
17313,17313/,https://national-football-teams.com/matches/report/17313/,HTTP 404,404,2026-04-16T08:58:26+00:00
17314,17314/,https://national-football-teams.com/matches/report/17314/,HTTP 404,404,2026-04-16T08:58:26+00:00
17315,17315/,https://national-football-teams.com/matches/report/17315/,HTTP 404,404,2026-04-16T08:58:26+00:00
17316,17316/,https://national-football-teams.com/matches/report/17316/,HTTP 404,404,2026-04-16T08:58:26+00:00
17317,17317/,https://national-football-teams.com/matches/report/17317/,HTTP 404,404,2026-04-16T08:58:26+00:00
17318,17318/,https://national-football-teams.com/matches/report/17318/,HTTP 404,404,2026-04-16T08:58:26+00:00
17319,17319/,https://national-football-teams.com/matches/report/17319/,HTTP 404,404,2026-04-16T08:58:26+00:00
17320,17320/,https://national-football-teams.com/matches/report/17320/,HTTP 404,404,2026-04-16T08:58:26+00:00
17326,17326/,https://national-football-teams.com/matches/report/17326/,HTTP 404,404,2026-04-16T08:58:26+00:00
17327,17327/,https://national-football-teams.com/matches/report/17327/,HTTP 404,404,2026-04-16T08:58:26+00:00
17328,17328/,https://national-football-teams.com/matches/report/17328/,HTTP 404,404,2026-04-16T08:58:26+00:00
17330,17330/,https://national-football-teams.com/matches/report/17330/,HTTP 404,404,2026-04-16T08:58:27+00:00
17343,17343/,https://national-football-teams.com/matches/report/17343/,HTTP 404,404,2026-04-16T08:58:27+00:00
17344,17344/,https://national-football-teams.com/matches/report/17344/,HTTP 404,404,2026-04-16T08:58:27+00:00
17345,17345/,https://national-football-teams.com/matches/report/17345/,HTTP 404,404,2026-04-16T08:58:27+00:00
17346,17346/,https://national-football-teams.com/matches/report/17346/,HTTP 404,404,2026-04-16T08:58:27+00:00
17347,17347/,https://national-football-teams.com/matches/report/17347/,HTTP 404,404,2026-04-16T08:58:28+00:00
17348,17348/,https://national-football-teams.com/matches/report/17348/,HTTP 404,404,2026-04-16T08:58:28+00:00
17349,17349/,https://national-football-teams.com/matches/report/17349/,HTTP 404,404,2026-04-16T08:58:28+00:00
17350,17350/,https://national-football-teams.com/matches/report/17350/,HTTP 404,404,2026-04-16T08:58:28+00:00
17351,17351/,https://national-football-teams.com/matches/report/17351/,HTTP 404,404,2026-04-16T08:58:28+00:00
17352,17352/,https://national-football-teams.com/matches/report/17352/,HTTP 404,404,2026-04-16T08:58:28+00:00
17353,17353/,https://national-football-teams.com/matches/report/17353/,HTTP 404,404,2026-04-16T08:58:28+00:00
17354,17354/,https://national-football-teams.com/matches/report/17354/,HTTP 404,404,2026-04-16T08:58:28+00:00
17355,17355/,https://national-football-teams.com/matches/report/17355/,HTTP 404,404,2026-04-16T08:58:28+00:00
17356,17356/,https://national-football-teams.com/matches/report/17356/,HTTP 404,404,2026-04-16T08:58:28+00:00
17357,17357/,https://national-football-teams.com/matches/report/17357/,HTTP 404,404,2026-04-16T08:58:28+00:00
17358,17358/,https://national-football-teams.com/matches/report/17358/,HTTP 404,404,2026-04-16T08:58:28+00:00
17359,17359/,https://national-football-teams.com/matches/report/17359/,HTTP 404,404,2026-04-16T08:58:28+00:00
17360,17360/,https://national-football-teams.com/matches/report/17360/,HTTP 404,404,2026-04-16T08:58:28+00:00
17362,17362/,https://national-football-teams.com/matches/report/17362/,HTTP 404,404,2026-04-16T08:58:28+00:00
17363,17363/,https://national-football-teams.com/matches/report/17363/,HTTP 404,404,2026-04-16T08:58:29+00:00
17364,17364/,https://national-football-teams.com/matches/report/17364/,HTTP 404,404,2026-04-16T08:58:29+00:00
17365,17365/,https://national-football-teams.com/matches/report/17365/,HTTP 404,404,2026-04-16T08:58:29+00:00
17366,17366/,https://national-football-teams.com/matches/report/17366/,HTTP 404,404,2026-04-16T08:58:29+00:00
17367,17367/,https://national-football-teams.com/matches/report/17367/,HTTP 404,404,2026-04-16T08:58:29+00:00
17368,17368/,https://national-football-teams.com/matches/report/17368/,HTTP 404,404,2026-04-16T08:58:29+00:00
17369,17369/,https://national-football-teams.com/matches/report/17369/,HTTP 404,404,2026-04-16T08:58:29+00:00
17399,17399/,https://national-football-teams.com/matches/report/17399/,HTTP 404,404,2026-04-16T08:58:29+00:00
174,174/,https://national-football-teams.com/matches/report/174/,HTTP 404,404,2026-04-16T08:58:29+00:00
17400,17400/,https://national-football-teams.com/matches/report/17400/,HTTP 404,404,2026-04-16T08:58:29+00:00
17401,17401/,https://national-football-teams.com/matches/report/17401/,HTTP 404,404,2026-04-16T08:58:29+00:00
17407,17407/,https://national-football-teams.com/matches/report/17407/,HTTP 404,404,2026-04-16T08:58:29+00:00
17408,17408/,https://national-football-teams.com/matches/report/17408/,HTTP 404,404,2026-04-16T08:58:29+00:00
17409,17409/,https://national-football-teams.com/matches/report/17409/,HTTP 404,404,2026-04-16T08:58:29+00:00
17410,17410/,https://national-football-teams.com/matches/report/17410/,HTTP 404,404,2026-04-16T08:58:29+00:00
17411,17411/,https://national-football-teams.com/matches/report/17411/,HTTP 404,404,2026-04-16T08:58:29+00:00
17412,17412/,https://national-football-teams.com/matches/report/17412/,HTTP 404,404,2026-04-16T08:58:29+00:00
17413,17413/,https://national-football-teams.com/matches/report/17413/,HTTP 404,404,2026-04-16T08:58:29+00:00
17414,17414/,https://national-football-teams.com/matches/report/17414/,HTTP 404,404,2026-04-16T08:58:29+00:00
17415,17415/,https://national-football-teams.com/matches/report/17415/,HTTP 404,404,2026-04-16T08:58:29+00:00
17416,17416/,https://national-football-teams.com/matches/report/17416/,HTTP 404,404,2026-04-16T08:58:29+00:00
17417,17417/,https://national-football-teams.com/matches/report/17417/,HTTP 404,404,2026-04-16T08:58:29+00:00
17426,17426/,https://national-football-teams.com/matches/report/17426/,HTTP 404,404,2026-04-16T08:58:29+00:00
17427,17427/,https://national-football-teams.com/matches/report/17427/,HTTP 404,404,2026-04-16T08:58:29+00:00
17428,17428/,https://national-football-teams.com/matches/report/17428/,HTTP 404,404,2026-04-16T08:58:29+00:00
17429,17429/,https://national-football-teams.com/matches/report/17429/,HTTP 404,404,2026-04-16T08:58:30+00:00
17430,17430/,https://national-football-teams.com/matches/report/17430/,HTTP 404,404,2026-04-16T08:58:30+00:00
17431,17431/,https://national-football-teams.com/matches/report/17431/,HTTP 404,404,2026-04-16T08:58:30+00:00
17432,17432/,https://national-football-teams.com/matches/report/17432/,HTTP 404,404,2026-04-16T08:58:30+00:00
17433,17433/,https://national-football-teams.com/matches/report/17433/,HTTP 404,404,2026-04-16T08:58:30+00:00
17434,17434/,https://national-football-teams.com/matches/report/17434/,HTTP 404,404,2026-04-16T08:58:30+00:00
17435,17435/,https://national-football-teams.com/matches/report/17435/,HTTP 404,404,2026-04-16T08:58:30+00:00
17436,17436/,https://national-football-teams.com/matches/report/17436/,HTTP 404,404,2026-04-16T08:58:30+00:00
17437,17437/,https://national-football-teams.com/matches/report/17437/,HTTP 404,404,2026-04-16T08:58:30+00:00
17438,17438/,https://national-football-teams.com/matches/report/17438/,HTTP 404,404,2026-04-16T08:58:30+00:00
17439,17439/,https://national-football-teams.com/matches/report/17439/,HTTP 404,404,2026-04-16T08:58:30+00:00
17440,17440/,https://national-football-teams.com/matches/report/17440/,HTTP 404,404,2026-04-16T08:58:30+00:00
17441,17441/,https://national-football-teams.com/matches/report/17441/,HTTP 404,404,2026-04-16T08:58:30+00:00
17442,17442/,https://national-football-teams.com/matches/report/17442/,HTTP 404,404,2026-04-16T08:58:30+00:00
17443,17443/,https://national-football-teams.com/matches/report/17443/,HTTP 404,404,2026-04-16T08:58:30+00:00
17444,17444/,https://national-football-teams.com/matches/report/17444/,HTTP 404,404,2026-04-16T08:58:30+00:00
17445,17445/,https://national-football-teams.com/matches/report/17445/,HTTP 404,404,2026-04-16T08:58:30+00:00
17446,17446/,https://national-football-teams.com/matches/report/17446/,HTTP 404,404,2026-04-16T08:58:30+00:00
17448,17448/,https://national-football-teams.com/matches/report/17448/,HTTP 404,404,2026-04-16T08:58:30+00:00
17449,17449/,https://national-football-teams.com/matches/report/17449/,HTTP 404,404,2026-04-16T08:58:30+00:00
17450,17450/,https://national-football-teams.com/matches/report/17450/,HTTP 404,404,2026-04-16T08:58:31+00:00
17451,17451/,https://national-football-teams.com/matches/report/17451/,HTTP 404,404,2026-04-16T08:58:31+00:00
17452,17452/,https://national-football-teams.com/matches/report/17452/,HTTP 404,404,2026-04-16T08:58:31+00:00
17453,17453/,https://national-football-teams.com/matches/report/17453/,HTTP 404,404,2026-04-16T08:58:31+00:00
17457,17457/,https://national-football-teams.com/matches/report/17457/,HTTP 404,404,2026-04-16T08:58:31+00:00
17459,17459/,https://national-football-teams.com/matches/report/17459/,HTTP 404,404,2026-04-16T08:58:31+00:00
17460,17460/,https://national-football-teams.com/matches/report/17460/,HTTP 404,404,2026-04-16T08:58:31+00:00
17461,17461/,https://national-football-teams.com/matches/report/17461/,HTTP 404,404,2026-04-16T08:58:31+00:00
17462,17462/,https://national-football-teams.com/matches/report/17462/,HTTP 404,404,2026-04-16T08:58:31+00:00
17463,17463/,https://national-football-teams.com/matches/report/17463/,HTTP 404,404,2026-04-16T08:58:31+00:00
17464,17464/,https://national-football-teams.com/matches/report/17464/,HTTP 404,404,2026-04-16T08:58:31+00:00
17465,17465/,https://national-football-teams.com/matches/report/17465/,HTTP 404,404,2026-04-16T08:58:31+00:00
17466,17466/,https://national-football-teams.com/matches/report/17466/,HTTP 404,404,2026-04-16T08:58:31+00:00
17467,17467/,https://national-football-teams.com/matches/report/17467/,HTTP 404,404,2026-04-16T08:58:31+00:00
175,175/,https://national-football-teams.com/matches/report/175/,HTTP 404,404,2026-04-16T08:58:31+00:00
17515,17515/,https://national-football-teams.com/matches/report/17515/,HTTP 404,404,2026-04-16T08:58:31+00:00
17527,17527/,https://national-football-teams.com/matches/report/17527/,HTTP 404,404,2026-04-16T08:58:31+00:00
17528,17528/,https://national-football-teams.com/matches/report/17528/,HTTP 404,404,2026-04-16T08:58:31+00:00
17546,17546/,https://national-football-teams.com/matches/report/17546/,HTTP 404,404,2026-04-16T08:58:31+00:00
17595,17595/,https://national-football-teams.com/matches/report/17595/,HTTP 404,404,2026-04-16T08:58:31+00:00
17597,17597/,https://national-football-teams.com/matches/report/17597/,HTTP 404,404,2026-04-16T08:58:31+00:00
176,176/,https://national-football-teams.com/matches/report/176/,HTTP 404,404,2026-04-16T08:58:31+00:00
17613,17613/,https://national-football-teams.com/matches/report/17613/,HTTP 404,404,2026-04-16T08:58:31+00:00
17619,17619/,https://national-football-teams.com/matches/report/17619/,HTTP 404,404,2026-04-16T08:58:31+00:00
17620,17620/,https://national-football-teams.com/matches/report/17620/,HTTP 404,404,2026-04-16T08:58:31+00:00
17622,17622/,https://national-football-teams.com/matches/report/17622/,HTTP 404,404,2026-04-16T08:58:32+00:00
17627,17627/,https://national-football-teams.com/matches/report/17627/,HTTP 404,404,2026-04-16T08:58:32+00:00
17628,17628/,https://national-football-teams.com/matches/report/17628/,HTTP 404,404,2026-04-16T08:58:32+00:00
17629,17629/,https://national-football-teams.com/matches/report/17629/,HTTP 404,404,2026-04-16T08:58:32+00:00
17630,17630/,https://national-football-teams.com/matches/report/17630/,HTTP 404,404,2026-04-16T08:58:32+00:00
17633,17633/,https://national-football-teams.com/matches/report/17633/,HTTP 404,404,2026-04-16T08:58:32+00:00
17637,17637/,https://national-football-teams.com/matches/report/17637/,HTTP 404,404,2026-04-16T08:58:32+00:00
17638,17638/,https://national-football-teams.com/matches/report/17638/,HTTP 404,404,2026-04-16T08:58:32+00:00
17656,17656/,https://national-football-teams.com/matches/report/17656/,HTTP 404,404,2026-04-16T08:58:32+00:00
177,177/,https://national-football-teams.com/matches/report/177/,HTTP 404,404,2026-04-16T08:58:32+00:00
17701,17701/,https://national-football-teams.com/matches/report/17701/,HTTP 404,404,2026-04-16T08:58:32+00:00
17702,17702/,https://national-football-teams.com/matches/report/17702/,HTTP 404,404,2026-04-16T08:58:32+00:00
17703,17703/,https://national-football-teams.com/matches/report/17703/,HTTP 404,404,2026-04-16T08:58:32+00:00
17704,17704/,https://national-football-teams.com/matches/report/17704/,HTTP 404,404,2026-04-16T08:58:32+00:00
17705,17705/,https://national-football-teams.com/matches/report/17705/,HTTP 404,404,2026-04-16T08:58:32+00:00
17711,17711/,https://national-football-teams.com/matches/report/17711/,HTTP 404,404,2026-04-16T08:58:32+00:00
17712,17712/,https://national-football-teams.com/matches/report/17712/,HTTP 404,404,2026-04-16T08:58:32+00:00
17717,17717/,https://national-football-teams.com/matches/report/17717/,HTTP 404,404,2026-04-16T08:58:32+00:00
17718,17718/,https://national-football-teams.com/matches/report/17718/,HTTP 404,404,2026-04-16T08:58:32+00:00
17719,17719/,https://national-football-teams.com/matches/report/17719/,HTTP 404,404,2026-04-16T08:58:32+00:00
17720,17720/,https://national-football-teams.com/matches/report/17720/,HTTP 404,404,2026-04-16T08:58:33+00:00
17721,17721/,https://national-football-teams.com/matches/report/17721/,HTTP 404,404,2026-04-16T08:58:33+00:00
17722,17722/,https://national-football-teams.com/matches/report/17722/,HTTP 404,404,2026-04-16T08:58:33+00:00
17723,17723/,https://national-football-teams.com/matches/report/17723/,HTTP 404,404,2026-04-16T08:58:33+00:00
17724,17724/,https://national-football-teams.com/matches/report/17724/,HTTP 404,404,2026-04-16T08:58:33+00:00
17725,17725/,https://national-football-teams.com/matches/report/17725/,HTTP 404,404,2026-04-16T08:58:33+00:00
17726,17726/,https://national-football-teams.com/matches/report/17726/,HTTP 404,404,2026-04-16T08:58:33+00:00
17727,17727/,https://national-football-teams.com/matches/report/17727/,HTTP 404,404,2026-04-16T08:58:33+00:00
17728,17728/,https://national-football-teams.com/matches/report/17728/,HTTP 404,404,2026-04-16T08:58:33+00:00
17729,17729/,https://national-football-teams.com/matches/report/17729/,HTTP 404,404,2026-04-16T08:58:33+00:00
17730,17730/,https://national-football-teams.com/matches/report/17730/,HTTP 404,404,2026-04-16T08:58:33+00:00
17743,17743/,https://national-football-teams.com/matches/report/17743/,HTTP 404,404,2026-04-16T08:58:33+00:00
17746,17746/,https://national-football-teams.com/matches/report/17746/,HTTP 404,404,2026-04-16T08:58:33+00:00
17750,17750/,https://national-football-teams.com/matches/report/17750/,HTTP 404,404,2026-04-16T08:58:33+00:00
17770,17770/,https://national-football-teams.com/matches/report/17770/,HTTP 404,404,2026-04-16T08:58:33+00:00
17772,17772/,https://national-football-teams.com/matches/report/17772/,HTTP 404,404,2026-04-16T08:58:33+00:00
17773,17773/,https://national-football-teams.com/matches/report/17773/,HTTP 404,404,2026-04-16T08:58:33+00:00
17774,17774/,https://national-football-teams.com/matches/report/17774/,HTTP 404,404,2026-04-16T08:58:33+00:00
17781,17781/,https://national-football-teams.com/matches/report/17781/,HTTP 404,404,2026-04-16T08:58:33+00:00
17782,17782/,https://national-football-teams.com/matches/report/17782/,HTTP 404,404,2026-04-16T08:58:33+00:00
17783,17783/,https://national-football-teams.com/matches/report/17783/,HTTP 404,404,2026-04-16T08:58:33+00:00
17784,17784/,https://national-football-teams.com/matches/report/17784/,HTTP 404,404,2026-04-16T08:58:33+00:00
17785,17785/,https://national-football-teams.com/matches/report/17785/,HTTP 404,404,2026-04-16T08:58:33+00:00
17786,17786/,https://national-football-teams.com/matches/report/17786/,HTTP 404,404,2026-04-16T08:58:33+00:00
17788,17788/,https://national-football-teams.com/matches/report/17788/,HTTP 404,404,2026-04-16T08:58:33+00:00
17789,17789/,https://national-football-teams.com/matches/report/17789/,HTTP 404,404,2026-04-16T08:58:34+00:00
17790,17790/,https://national-football-teams.com/matches/report/17790/,HTTP 404,404,2026-04-16T08:58:34+00:00
17791,17791/,https://national-football-teams.com/matches/report/17791/,HTTP 404,404,2026-04-16T08:58:34+00:00
178,178/,https://national-football-teams.com/matches/report/178/,HTTP 404,404,2026-04-16T08:58:34+00:00
17856,17856/,https://national-football-teams.com/matches/report/17856/,HTTP 404,404,2026-04-16T08:58:34+00:00
17857,17857/,https://national-football-teams.com/matches/report/17857/,HTTP 404,404,2026-04-16T08:58:34+00:00
17858,17858/,https://national-football-teams.com/matches/report/17858/,HTTP 404,404,2026-04-16T08:58:34+00:00
17859,17859/,https://national-football-teams.com/matches/report/17859/,HTTP 404,404,2026-04-16T08:58:34+00:00
17860,17860/,https://national-football-teams.com/matches/report/17860/,HTTP 404,404,2026-04-16T08:58:34+00:00
17861,17861/,https://national-football-teams.com/matches/report/17861/,HTTP 404,404,2026-04-16T08:58:34+00:00
17862,17862/,https://national-football-teams.com/matches/report/17862/,HTTP 404,404,2026-04-16T08:58:34+00:00
17863,17863/,https://national-football-teams.com/matches/report/17863/,HTTP 404,404,2026-04-16T08:58:34+00:00
17885,17885/,https://national-football-teams.com/matches/report/17885/,HTTP 404,404,2026-04-16T08:58:34+00:00
17886,17886/,https://national-football-teams.com/matches/report/17886/,HTTP 404,404,2026-04-16T08:58:34+00:00
17887,17887/,https://national-football-teams.com/matches/report/17887/,HTTP 404,404,2026-04-16T08:58:34+00:00
17888,17888/,https://national-football-teams.com/matches/report/17888/,HTTP 404,404,2026-04-16T08:58:34+00:00
17889,17889/,https://national-football-teams.com/matches/report/17889/,HTTP 404,404,2026-04-16T08:58:34+00:00
17890,17890/,https://national-football-teams.com/matches/report/17890/,HTTP 404,404,2026-04-16T08:58:34+00:00
179,179/,https://national-football-teams.com/matches/report/179/,HTTP 404,404,2026-04-16T08:58:34+00:00
17906,17906/,https://national-football-teams.com/matches/report/17906/,HTTP 404,404,2026-04-16T08:58:34+00:00
17907,17907/,https://national-football-teams.com/matches/report/17907/,HTTP 404,404,2026-04-16T08:58:35+00:00
17909,17909/,https://national-football-teams.com/matches/report/17909/,HTTP 404,404,2026-04-16T08:58:35+00:00
17910,17910/,https://national-football-teams.com/matches/report/17910/,HTTP 404,404,2026-04-16T08:58:35+00:00
17911,17911/,https://national-football-teams.com/matches/report/17911/,HTTP 404,404,2026-04-16T08:58:35+00:00
17923,17923/,https://national-football-teams.com/matches/report/17923/,HTTP 404,404,2026-04-16T08:58:35+00:00
17924,17924/,https://national-football-teams.com/matches/report/17924/,HTTP 404,404,2026-04-16T08:58:35+00:00
17940,17940/,https://national-football-teams.com/matches/report/17940/,HTTP 404,404,2026-04-16T08:58:35+00:00
17941,17941/,https://national-football-teams.com/matches/report/17941/,HTTP 404,404,2026-04-16T08:58:35+00:00
17942,17942/,https://national-football-teams.com/matches/report/17942/,HTTP 404,404,2026-04-16T08:58:35+00:00
17943,17943/,https://national-football-teams.com/matches/report/17943/,HTTP 404,404,2026-04-16T08:58:35+00:00
17944,17944/,https://national-football-teams.com/matches/report/17944/,HTTP 404,404,2026-04-16T08:58:35+00:00
17945,17945/,https://national-football-teams.com/matches/report/17945/,HTTP 404,404,2026-04-16T08:58:35+00:00
17946,17946/,https://national-football-teams.com/matches/report/17946/,HTTP 404,404,2026-04-16T08:58:35+00:00
17947,17947/,https://national-football-teams.com/matches/report/17947/,HTTP 404,404,2026-04-16T08:58:35+00:00
17948,17948/,https://national-football-teams.com/matches/report/17948/,HTTP 404,404,2026-04-16T08:58:35+00:00
17963,17963/,https://national-football-teams.com/matches/report/17963/,HTTP 404,404,2026-04-16T08:58:35+00:00
17964,17964/,https://national-football-teams.com/matches/report/17964/,HTTP 404,404,2026-04-16T08:58:35+00:00
17965,17965/,https://national-football-teams.com/matches/report/17965/,HTTP 404,404,2026-04-16T08:58:35+00:00
17966,17966/,https://national-football-teams.com/matches/report/17966/,HTTP 404,404,2026-04-16T08:58:35+00:00
17967,17967/,https://national-football-teams.com/matches/report/17967/,HTTP 404,404,2026-04-16T08:58:35+00:00
17968,17968/,https://national-football-teams.com/matches/report/17968/,HTTP 404,404,2026-04-16T08:58:35+00:00
17980,17980/,https://national-football-teams.com/matches/report/17980/,HTTP 404,404,2026-04-16T08:58:35+00:00
17981,17981/,https://national-football-teams.com/matches/report/17981/,HTTP 404,404,2026-04-16T08:58:35+00:00
17993,17993/,https://national-football-teams.com/matches/report/17993/,HTTP 404,404,2026-04-16T08:58:35+00:00
17994,17994/,https://national-football-teams.com/matches/report/17994/,HTTP 404,404,2026-04-16T08:58:35+00:00
180,180/,https://national-football-teams.com/matches/report/180/,HTTP 404,404,2026-04-16T08:58:36+00:00
18036,18036/,https://national-football-teams.com/matches/report/18036/,HTTP 404,404,2026-04-16T08:58:36+00:00
18037,18037/,https://national-football-teams.com/matches/report/18037/,HTTP 404,404,2026-04-16T08:58:36+00:00
18039,18039/,https://national-football-teams.com/matches/report/18039/,HTTP 404,404,2026-04-16T08:58:36+00:00
18040,18040/,https://national-football-teams.com/matches/report/18040/,HTTP 404,404,2026-04-16T08:58:36+00:00
18041,18041/,https://national-football-teams.com/matches/report/18041/,HTTP 404,404,2026-04-16T08:58:36+00:00
18043,18043/,https://national-football-teams.com/matches/report/18043/,HTTP 404,404,2026-04-16T08:58:36+00:00
18044,18044/,https://national-football-teams.com/matches/report/18044/,HTTP 404,404,2026-04-16T08:58:36+00:00
18045,18045/,https://national-football-teams.com/matches/report/18045/,HTTP 404,404,2026-04-16T08:58:36+00:00
18046,18046/,https://national-football-teams.com/matches/report/18046/,HTTP 404,404,2026-04-16T08:58:36+00:00
18047,18047/,https://national-football-teams.com/matches/report/18047/,HTTP 404,404,2026-04-16T08:58:36+00:00
18048,18048/,https://national-football-teams.com/matches/report/18048/,HTTP 404,404,2026-04-16T08:58:36+00:00
18049,18049/,https://national-football-teams.com/matches/report/18049/,HTTP 404,404,2026-04-16T08:58:36+00:00
18050,18050/,https://national-football-teams.com/matches/report/18050/,HTTP 404,404,2026-04-16T08:58:36+00:00
18068,18068/,https://national-football-teams.com/matches/report/18068/,HTTP 404,404,2026-04-16T08:58:36+00:00
181,181/,https://national-football-teams.com/matches/report/181/,HTTP 404,404,2026-04-16T08:58:36+00:00
18107,18107/,https://national-football-teams.com/matches/report/18107/,HTTP 404,404,2026-04-16T08:58:36+00:00
18109,18109/,https://national-football-teams.com/matches/report/18109/,HTTP 404,404,2026-04-16T08:58:36+00:00
18124,18124/,https://national-football-teams.com/matches/report/18124/,HTTP 404,404,2026-04-16T08:58:36+00:00
18125,18125/,https://national-football-teams.com/matches/report/18125/,HTTP 404,404,2026-04-16T08:58:36+00:00
18126,18126/,https://national-football-teams.com/matches/report/18126/,HTTP 404,404,2026-04-16T08:58:37+00:00
18127,18127/,https://national-football-teams.com/matches/report/18127/,HTTP 404,404,2026-04-16T08:58:37+00:00
18128,18128/,https://national-football-teams.com/matches/report/18128/,HTTP 404,404,2026-04-16T08:58:37+00:00
18129,18129/,https://national-football-teams.com/matches/report/18129/,HTTP 404,404,2026-04-16T08:58:37+00:00
18155,18155/,https://national-football-teams.com/matches/report/18155/,HTTP 404,404,2026-04-16T08:58:37+00:00
18156,18156/,https://national-football-teams.com/matches/report/18156/,HTTP 404,404,2026-04-16T08:58:37+00:00
18157,18157/,https://national-football-teams.com/matches/report/18157/,HTTP 404,404,2026-04-16T08:58:37+00:00
18158,18158/,https://national-football-teams.com/matches/report/18158/,HTTP 404,404,2026-04-16T08:58:37+00:00
18159,18159/,https://national-football-teams.com/matches/report/18159/,HTTP 404,404,2026-04-16T08:58:37+00:00
18160,18160/,https://national-football-teams.com/matches/report/18160/,HTTP 404,404,2026-04-16T08:58:37+00:00
18161,18161/,https://national-football-teams.com/matches/report/18161/,HTTP 404,404,2026-04-16T08:58:37+00:00
18162,18162/,https://national-football-teams.com/matches/report/18162/,HTTP 404,404,2026-04-16T08:58:37+00:00
18163,18163/,https://national-football-teams.com/matches/report/18163/,HTTP 404,404,2026-04-16T08:58:37+00:00
18164,18164/,https://national-football-teams.com/matches/report/18164/,HTTP 404,404,2026-04-16T08:58:37+00:00
18165,18165/,https://national-football-teams.com/matches/report/18165/,HTTP 404,404,2026-04-16T08:58:37+00:00
182,182/,https://national-football-teams.com/matches/report/182/,HTTP 404,404,2026-04-16T08:58:37+00:00
18216,18216/,https://national-football-teams.com/matches/report/18216/,HTTP 404,404,2026-04-16T08:58:37+00:00
18217,18217/,https://national-football-teams.com/matches/report/18217/,HTTP 404,404,2026-04-16T08:58:37+00:00
18218,18218/,https://national-football-teams.com/matches/report/18218/,HTTP 404,404,2026-04-16T08:58:37+00:00
18219,18219/,https://national-football-teams.com/matches/report/18219/,HTTP 404,404,2026-04-16T08:58:37+00:00
18220,18220/,https://national-football-teams.com/matches/report/18220/,HTTP 404,404,2026-04-16T08:58:38+00:00
18221,18221/,https://national-football-teams.com/matches/report/18221/,HTTP 404,404,2026-04-16T08:58:38+00:00
18222,18222/,https://national-football-teams.com/matches/report/18222/,HTTP 404,404,2026-04-16T08:58:38+00:00
18223,18223/,https://national-football-teams.com/matches/report/18223/,HTTP 404,404,2026-04-16T08:58:38+00:00
18224,18224/,https://national-football-teams.com/matches/report/18224/,HTTP 404,404,2026-04-16T08:58:38+00:00
18230,18230/,https://national-football-teams.com/matches/report/18230/,HTTP 404,404,2026-04-16T08:58:38+00:00
18233,18233/,https://national-football-teams.com/matches/report/18233/,HTTP 404,404,2026-04-16T08:58:38+00:00
18234,18234/,https://national-football-teams.com/matches/report/18234/,HTTP 404,404,2026-04-16T08:58:38+00:00
18235,18235/,https://national-football-teams.com/matches/report/18235/,HTTP 404,404,2026-04-16T08:58:38+00:00
18236,18236/,https://national-football-teams.com/matches/report/18236/,HTTP 404,404,2026-04-16T08:58:38+00:00
18237,18237/,https://national-football-teams.com/matches/report/18237/,HTTP 404,404,2026-04-16T08:58:39+00:00
18238,18238/,https://national-football-teams.com/matches/report/18238/,HTTP 404,404,2026-04-16T08:58:39+00:00
18239,18239/,https://national-football-teams.com/matches/report/18239/,HTTP 404,404,2026-04-16T08:58:39+00:00
18240,18240/,https://national-football-teams.com/matches/report/18240/,HTTP 404,404,2026-04-16T08:58:39+00:00
18241,18241/,https://national-football-teams.com/matches/report/18241/,HTTP 404,404,2026-04-16T08:58:39+00:00
18242,18242/,https://national-football-teams.com/matches/report/18242/,HTTP 404,404,2026-04-16T08:58:39+00:00
18245,18245/,https://national-football-teams.com/matches/report/18245/,HTTP 404,404,2026-04-16T08:58:39+00:00
18246,18246/,https://national-football-teams.com/matches/report/18246/,HTTP 404,404,2026-04-16T08:58:39+00:00
18247,18247/,https://national-football-teams.com/matches/report/18247/,HTTP 404,404,2026-04-16T08:58:39+00:00
18248,18248/,https://national-football-teams.com/matches/report/18248/,HTTP 404,404,2026-04-16T08:58:39+00:00
18249,18249/,https://national-football-teams.com/matches/report/18249/,HTTP 404,404,2026-04-16T08:58:39+00:00
18250,18250/,https://national-football-teams.com/matches/report/18250/,HTTP 404,404,2026-04-16T08:58:39+00:00
18251,18251/,https://national-football-teams.com/matches/report/18251/,HTTP 404,404,2026-04-16T08:58:39+00:00
18254,18254/,https://national-football-teams.com/matches/report/18254/,HTTP 404,404,2026-04-16T08:58:39+00:00
18255,18255/,https://national-football-teams.com/matches/report/18255/,HTTP 404,404,2026-04-16T08:58:39+00:00
18256,18256/,https://national-football-teams.com/matches/report/18256/,HTTP 404,404,2026-04-16T08:58:39+00:00
18274,18274/,https://national-football-teams.com/matches/report/18274/,HTTP 404,404,2026-04-16T08:58:39+00:00
18275,18275/,https://national-football-teams.com/matches/report/18275/,HTTP 404,404,2026-04-16T08:58:39+00:00
18276,18276/,https://national-football-teams.com/matches/report/18276/,HTTP 404,404,2026-04-16T08:58:39+00:00
18277,18277/,https://national-football-teams.com/matches/report/18277/,HTTP 404,404,2026-04-16T08:58:39+00:00
18278,18278/,https://national-football-teams.com/matches/report/18278/,HTTP 404,404,2026-04-16T08:58:40+00:00
18279,18279/,https://national-football-teams.com/matches/report/18279/,HTTP 404,404,2026-04-16T08:58:40+00:00
18280,18280/,https://national-football-teams.com/matches/report/18280/,HTTP 404,404,2026-04-16T08:58:40+00:00
18281,18281/,https://national-football-teams.com/matches/report/18281/,HTTP 404,404,2026-04-16T08:58:40+00:00
18288,18288/,https://national-football-teams.com/matches/report/18288/,HTTP 404,404,2026-04-16T08:58:40+00:00
18289,18289/,https://national-football-teams.com/matches/report/18289/,HTTP 404,404,2026-04-16T08:58:40+00:00
18290,18290/,https://national-football-teams.com/matches/report/18290/,HTTP 404,404,2026-04-16T08:58:40+00:00
18291,18291/,https://national-football-teams.com/matches/report/18291/,HTTP 404,404,2026-04-16T08:58:40+00:00
18297,18297/,https://national-football-teams.com/matches/report/18297/,HTTP 404,404,2026-04-16T08:58:40+00:00
18298,18298/,https://national-football-teams.com/matches/report/18298/,HTTP 404,404,2026-04-16T08:58:40+00:00
18299,18299/,https://national-football-teams.com/matches/report/18299/,HTTP 404,404,2026-04-16T08:58:40+00:00
183,183/,https://national-football-teams.com/matches/report/183/,HTTP 404,404,2026-04-16T08:58:40+00:00
18300,18300/,https://national-football-teams.com/matches/report/18300/,HTTP 404,404,2026-04-16T08:58:40+00:00
18316,18316/,https://national-football-teams.com/matches/report/18316/,HTTP 404,404,2026-04-16T08:58:40+00:00
18317,18317/,https://national-football-teams.com/matches/report/18317/,HTTP 404,404,2026-04-16T08:58:40+00:00
18318,18318/,https://national-football-teams.com/matches/report/18318/,HTTP 404,404,2026-04-16T08:58:40+00:00
18319,18319/,https://national-football-teams.com/matches/report/18319/,HTTP 404,404,2026-04-16T08:58:40+00:00
18320,18320/,https://national-football-teams.com/matches/report/18320/,HTTP 404,404,2026-04-16T08:58:40+00:00
18328,18328/,https://national-football-teams.com/matches/report/18328/,HTTP 404,404,2026-04-16T08:58:40+00:00
18329,18329/,https://national-football-teams.com/matches/report/18329/,HTTP 404,404,2026-04-16T08:58:40+00:00
18330,18330/,https://national-football-teams.com/matches/report/18330/,HTTP 404,404,2026-04-16T08:58:41+00:00
18331,18331/,https://national-football-teams.com/matches/report/18331/,HTTP 404,404,2026-04-16T08:58:41+00:00
18332,18332/,https://national-football-teams.com/matches/report/18332/,HTTP 404,404,2026-04-16T08:58:41+00:00
18333,18333/,https://national-football-teams.com/matches/report/18333/,HTTP 404,404,2026-04-16T08:58:41+00:00
18334,18334/,https://national-football-teams.com/matches/report/18334/,HTTP 404,404,2026-04-16T08:58:41+00:00
18335,18335/,https://national-football-teams.com/matches/report/18335/,HTTP 404,404,2026-04-16T08:58:41+00:00
18350,18350/,https://national-football-teams.com/matches/report/18350/,HTTP 404,404,2026-04-16T08:58:41+00:00
18383,18383/,https://national-football-teams.com/matches/report/18383/,HTTP 404,404,2026-04-16T08:58:41+00:00
18384,18384/,https://national-football-teams.com/matches/report/18384/,HTTP 404,404,2026-04-16T08:58:41+00:00
18396,18396/,https://national-football-teams.com/matches/report/18396/,HTTP 404,404,2026-04-16T08:58:41+00:00
184,184/,https://national-football-teams.com/matches/report/184/,HTTP 404,404,2026-04-16T08:58:41+00:00
18407,18407/,https://national-football-teams.com/matches/report/18407/,HTTP 404,404,2026-04-16T08:58:41+00:00
18425,18425/,https://national-football-teams.com/matches/report/18425/,HTTP 404,404,2026-04-16T08:58:41+00:00
18426,18426/,https://national-football-teams.com/matches/report/18426/,HTTP 404,404,2026-04-16T08:58:41+00:00
18427,18427/,https://national-football-teams.com/matches/report/18427/,HTTP 404,404,2026-04-16T08:58:41+00:00
18428,18428/,https://national-football-teams.com/matches/report/18428/,HTTP 404,404,2026-04-16T08:58:41+00:00
18429,18429/,https://national-football-teams.com/matches/report/18429/,HTTP 404,404,2026-04-16T08:58:41+00:00
18430,18430/,https://national-football-teams.com/matches/report/18430/,HTTP 404,404,2026-04-16T08:58:41+00:00
18431,18431/,https://national-football-teams.com/matches/report/18431/,HTTP 404,404,2026-04-16T08:58:41+00:00
18432,18432/,https://national-football-teams.com/matches/report/18432/,HTTP 404,404,2026-04-16T08:58:41+00:00
18433,18433/,https://national-football-teams.com/matches/report/18433/,HTTP 404,404,2026-04-16T08:58:42+00:00
18434,18434/,https://national-football-teams.com/matches/report/18434/,HTTP 404,404,2026-04-16T08:58:42+00:00
18435,18435/,https://national-football-teams.com/matches/report/18435/,HTTP 404,404,2026-04-16T08:58:42+00:00
18436,18436/,https://national-football-teams.com/matches/report/18436/,HTTP 404,404,2026-04-16T08:58:42+00:00
18438,18438/,https://national-football-teams.com/matches/report/18438/,HTTP 404,404,2026-04-16T08:58:42+00:00
18443,18443/,https://national-football-teams.com/matches/report/18443/,HTTP 404,404,2026-04-16T08:58:42+00:00
18444,18444/,https://national-football-teams.com/matches/report/18444/,HTTP 404,404,2026-04-16T08:58:42+00:00
18446,18446/,https://national-football-teams.com/matches/report/18446/,HTTP 404,404,2026-04-16T08:58:42+00:00
18447,18447/,https://national-football-teams.com/matches/report/18447/,HTTP 404,404,2026-04-16T08:58:42+00:00
18453,18453/,https://national-football-teams.com/matches/report/18453/,HTTP 404,404,2026-04-16T08:58:42+00:00
18454,18454/,https://national-football-teams.com/matches/report/18454/,HTTP 404,404,2026-04-16T08:58:42+00:00
18457,18457/,https://national-football-teams.com/matches/report/18457/,HTTP 404,404,2026-04-16T08:58:42+00:00
18461,18461/,https://national-football-teams.com/matches/report/18461/,HTTP 404,404,2026-04-16T08:58:42+00:00
18464,18464/,https://national-football-teams.com/matches/report/18464/,HTTP 404,404,2026-04-16T08:58:42+00:00
18466,18466/,https://national-football-teams.com/matches/report/18466/,HTTP 404,404,2026-04-16T08:58:42+00:00
18468,18468/,https://national-football-teams.com/matches/report/18468/,HTTP 404,404,2026-04-16T08:58:42+00:00
18469,18469/,https://national-football-teams.com/matches/report/18469/,HTTP 404,404,2026-04-16T08:58:42+00:00
18470,18470/,https://national-football-teams.com/matches/report/18470/,HTTP 404,404,2026-04-16T08:58:42+00:00
18477,18477/,https://national-football-teams.com/matches/report/18477/,HTTP 404,404,2026-04-16T08:58:42+00:00
18495,18495/,https://national-football-teams.com/matches/report/18495/,HTTP 404,404,2026-04-16T08:58:42+00:00
185,185/,https://national-football-teams.com/matches/report/185/,HTTP 404,404,2026-04-16T08:58:42+00:00
18506,18506/,https://national-football-teams.com/matches/report/18506/,HTTP 404,404,2026-04-16T08:58:42+00:00
18507,18507/,https://national-football-teams.com/matches/report/18507/,HTTP 404,404,2026-04-16T08:58:42+00:00
18508,18508/,https://national-football-teams.com/matches/report/18508/,HTTP 404,404,2026-04-16T08:58:42+00:00
18512,18512/,https://national-football-teams.com/matches/report/18512/,HTTP 404,404,2026-04-16T08:58:42+00:00
18514,18514/,https://national-football-teams.com/matches/report/18514/,HTTP 404,404,2026-04-16T08:58:43+00:00
18515,18515/,https://national-football-teams.com/matches/report/18515/,HTTP 404,404,2026-04-16T08:58:43+00:00
18516,18516/,https://national-football-teams.com/matches/report/18516/,HTTP 404,404,2026-04-16T08:58:43+00:00
18519,18519/,https://national-football-teams.com/matches/report/18519/,HTTP 404,404,2026-04-16T08:58:43+00:00
18526,18526/,https://national-football-teams.com/matches/report/18526/,HTTP 404,404,2026-04-16T08:58:43+00:00
18531,18531/,https://national-football-teams.com/matches/report/18531/,HTTP 404,404,2026-04-16T08:58:43+00:00
18532,18532/,https://national-football-teams.com/matches/report/18532/,HTTP 404,404,2026-04-16T08:58:43+00:00
18533,18533/,https://national-football-teams.com/matches/report/18533/,HTTP 404,404,2026-04-16T08:58:43+00:00
18534,18534/,https://national-football-teams.com/matches/report/18534/,HTTP 404,404,2026-04-16T08:58:43+00:00
18535,18535/,https://national-football-teams.com/matches/report/18535/,HTTP 404,404,2026-04-16T08:58:43+00:00
18536,18536/,https://national-football-teams.com/matches/report/18536/,HTTP 404,404,2026-04-16T08:58:43+00:00
18537,18537/,https://national-football-teams.com/matches/report/18537/,HTTP 404,404,2026-04-16T08:58:43+00:00
18538,18538/,https://national-football-teams.com/matches/report/18538/,HTTP 404,404,2026-04-16T08:58:43+00:00
18539,18539/,https://national-football-teams.com/matches/report/18539/,HTTP 404,404,2026-04-16T08:58:43+00:00
18540,18540/,https://national-football-teams.com/matches/report/18540/,HTTP 404,404,2026-04-16T08:58:43+00:00
18541,18541/,https://national-football-teams.com/matches/report/18541/,HTTP 404,404,2026-04-16T08:58:43+00:00
18542,18542/,https://national-football-teams.com/matches/report/18542/,HTTP 404,404,2026-04-16T08:58:43+00:00
18543,18543/,https://national-football-teams.com/matches/report/18543/,HTTP 404,404,2026-04-16T08:58:43+00:00
18544,18544/,https://national-football-teams.com/matches/report/18544/,HTTP 404,404,2026-04-16T08:58:43+00:00
18546,18546/,https://national-football-teams.com/matches/report/18546/,HTTP 404,404,2026-04-16T08:58:43+00:00
18551,18551/,https://national-football-teams.com/matches/report/18551/,HTTP 404,404,2026-04-16T08:58:44+00:00
18554,18554/,https://national-football-teams.com/matches/report/18554/,HTTP 404,404,2026-04-16T08:58:44+00:00
18555,18555/,https://national-football-teams.com/matches/report/18555/,HTTP 404,404,2026-04-16T08:58:44+00:00
18556,18556/,https://national-football-teams.com/matches/report/18556/,HTTP 404,404,2026-04-16T08:58:44+00:00
18557,18557/,https://national-football-teams.com/matches/report/18557/,HTTP 404,404,2026-04-16T08:58:44+00:00
18558,18558/,https://national-football-teams.com/matches/report/18558/,HTTP 404,404,2026-04-16T08:58:44+00:00
18559,18559/,https://national-football-teams.com/matches/report/18559/,HTTP 404,404,2026-04-16T08:58:44+00:00
18575,18575/,https://national-football-teams.com/matches/report/18575/,HTTP 404,404,2026-04-16T08:58:44+00:00
18580,18580/,https://national-football-teams.com/matches/report/18580/,HTTP 404,404,2026-04-16T08:58:44+00:00
18581,18581/,https://national-football-teams.com/matches/report/18581/,HTTP 404,404,2026-04-16T08:58:44+00:00
18582,18582/,https://national-football-teams.com/matches/report/18582/,HTTP 404,404,2026-04-16T08:58:44+00:00
18591,18591/,https://national-football-teams.com/matches/report/18591/,HTTP 404,404,2026-04-16T08:58:44+00:00
18592,18592/,https://national-football-teams.com/matches/report/18592/,HTTP 404,404,2026-04-16T08:58:44+00:00
18593,18593/,https://national-football-teams.com/matches/report/18593/,HTTP 404,404,2026-04-16T08:58:44+00:00
18594,18594/,https://national-football-teams.com/matches/report/18594/,HTTP 404,404,2026-04-16T08:58:44+00:00
18595,18595/,https://national-football-teams.com/matches/report/18595/,HTTP 404,404,2026-04-16T08:58:44+00:00
18596,18596/,https://national-football-teams.com/matches/report/18596/,HTTP 404,404,2026-04-16T08:58:44+00:00
186,186/,https://national-football-teams.com/matches/report/186/,HTTP 404,404,2026-04-16T08:58:44+00:00
18610,18610/,https://national-football-teams.com/matches/report/18610/,HTTP 404,404,2026-04-16T08:58:44+00:00
18611,18611/,https://national-football-teams.com/matches/report/18611/,HTTP 404,404,2026-04-16T08:58:44+00:00
18618,18618/,https://national-football-teams.com/matches/report/18618/,HTTP 404,404,2026-04-16T08:58:44+00:00
18624,18624/,https://national-football-teams.com/matches/report/18624/,HTTP 404,404,2026-04-16T08:58:44+00:00
18630,18630/,https://national-football-teams.com/matches/report/18630/,HTTP 404,404,2026-04-16T08:58:44+00:00
18631,18631/,https://national-football-teams.com/matches/report/18631/,HTTP 404,404,2026-04-16T08:58:44+00:00
18632,18632/,https://national-football-teams.com/matches/report/18632/,HTTP 404,404,2026-04-16T08:58:44+00:00
18633,18633/,https://national-football-teams.com/matches/report/18633/,HTTP 404,404,2026-04-16T08:58:45+00:00
18636,18636/,https://national-football-teams.com/matches/report/18636/,HTTP 404,404,2026-04-16T08:58:45+00:00
18637,18637/,https://national-football-teams.com/matches/report/18637/,HTTP 404,404,2026-04-16T08:58:45+00:00
18638,18638/,https://national-football-teams.com/matches/report/18638/,HTTP 404,404,2026-04-16T08:58:45+00:00
18639,18639/,https://national-football-teams.com/matches/report/18639/,HTTP 404,404,2026-04-16T08:58:45+00:00
18645,18645/,https://national-football-teams.com/matches/report/18645/,HTTP 404,404,2026-04-16T08:58:45+00:00
18654,18654/,https://national-football-teams.com/matches/report/18654/,HTTP 404,404,2026-04-16T08:58:45+00:00
18659,18659/,https://national-football-teams.com/matches/report/18659/,HTTP 404,404,2026-04-16T08:58:45+00:00
18666,18666/,https://national-football-teams.com/matches/report/18666/,HTTP 404,404,2026-04-16T08:58:45+00:00
18671,18671/,https://national-football-teams.com/matches/report/18671/,HTTP 404,404,2026-04-16T08:58:45+00:00
18672,18672/,https://national-football-teams.com/matches/report/18672/,HTTP 404,404,2026-04-16T08:58:45+00:00
18673,18673/,https://national-football-teams.com/matches/report/18673/,HTTP 404,404,2026-04-16T08:58:45+00:00
18674,18674/,https://national-football-teams.com/matches/report/18674/,HTTP 404,404,2026-04-16T08:58:45+00:00
18675,18675/,https://national-football-teams.com/matches/report/18675/,HTTP 404,404,2026-04-16T08:58:45+00:00
18689,18689/,https://national-football-teams.com/matches/report/18689/,HTTP 404,404,2026-04-16T08:58:45+00:00
187,187/,https://national-football-teams.com/matches/report/187/,HTTP 404,404,2026-04-16T08:58:45+00:00
18712,18712/,https://national-football-teams.com/matches/report/18712/,HTTP 404,404,2026-04-16T08:58:45+00:00
18713,18713/,https://national-football-teams.com/matches/report/18713/,HTTP 404,404,2026-04-16T08:58:45+00:00
18714,18714/,https://national-football-teams.com/matches/report/18714/,HTTP 404,404,2026-04-16T08:58:45+00:00
18715,18715/,https://national-football-teams.com/matches/report/18715/,HTTP 404,404,2026-04-16T08:58:45+00:00
18716,18716/,https://national-football-teams.com/matches/report/18716/,HTTP 404,404,2026-04-16T08:58:46+00:00
18717,18717/,https://national-football-teams.com/matches/report/18717/,HTTP 404,404,2026-04-16T08:58:46+00:00
18747,18747/,https://national-football-teams.com/matches/report/18747/,HTTP 404,404,2026-04-16T08:58:46+00:00
18748,18748/,https://national-football-teams.com/matches/report/18748/,HTTP 404,404,2026-04-16T08:58:46+00:00
18749,18749/,https://national-football-teams.com/matches/report/18749/,HTTP 404,404,2026-04-16T08:58:46+00:00
18750,18750/,https://national-football-teams.com/matches/report/18750/,HTTP 404,404,2026-04-16T08:58:46+00:00
18751,18751/,https://national-football-teams.com/matches/report/18751/,HTTP 404,404,2026-04-16T08:58:46+00:00
18752,18752/,https://national-football-teams.com/matches/report/18752/,HTTP 404,404,2026-04-16T08:58:46+00:00
18753,18753/,https://national-football-teams.com/matches/report/18753/,HTTP 404,404,2026-04-16T08:58:46+00:00
18755,18755/,https://national-football-teams.com/matches/report/18755/,HTTP 404,404,2026-04-16T08:58:46+00:00
18761,18761/,https://national-football-teams.com/matches/report/18761/,HTTP 404,404,2026-04-16T08:58:46+00:00
18762,18762/,https://national-football-teams.com/matches/report/18762/,HTTP 404,404,2026-04-16T08:58:46+00:00
18765,18765/,https://national-football-teams.com/matches/report/18765/,HTTP 404,404,2026-04-16T08:58:46+00:00
18766,18766/,https://national-football-teams.com/matches/report/18766/,HTTP 404,404,2026-04-16T08:58:46+00:00
18767,18767/,https://national-football-teams.com/matches/report/18767/,HTTP 404,404,2026-04-16T08:58:46+00:00
18768,18768/,https://national-football-teams.com/matches/report/18768/,HTTP 404,404,2026-04-16T08:58:46+00:00
18769,18769/,https://national-football-teams.com/matches/report/18769/,HTTP 404,404,2026-04-16T08:58:46+00:00
18770,18770/,https://national-football-teams.com/matches/report/18770/,HTTP 404,404,2026-04-16T08:58:46+00:00
18771,18771/,https://national-football-teams.com/matches/report/18771/,HTTP 404,404,2026-04-16T08:58:46+00:00
18772,18772/,https://national-football-teams.com/matches/report/18772/,HTTP 404,404,2026-04-16T08:58:46+00:00
18773,18773/,https://national-football-teams.com/matches/report/18773/,HTTP 404,404,2026-04-16T08:58:46+00:00
18774,18774/,https://national-football-teams.com/matches/report/18774/,HTTP 404,404,2026-04-16T08:58:46+00:00
18775,18775/,https://national-football-teams.com/matches/report/18775/,HTTP 404,404,2026-04-16T08:58:46+00:00
18776,18776/,https://national-football-teams.com/matches/report/18776/,HTTP 404,404,2026-04-16T08:58:46+00:00
18780,18780/,https://national-football-teams.com/matches/report/18780/,HTTP 404,404,2026-04-16T08:58:46+00:00
18781,18781/,https://national-football-teams.com/matches/report/18781/,HTTP 404,404,2026-04-16T08:58:47+00:00
18782,18782/,https://national-football-teams.com/matches/report/18782/,HTTP 404,404,2026-04-16T08:58:47+00:00
18783,18783/,https://national-football-teams.com/matches/report/18783/,HTTP 404,404,2026-04-16T08:58:47+00:00
18784,18784/,https://national-football-teams.com/matches/report/18784/,HTTP 404,404,2026-04-16T08:58:47+00:00
18785,18785/,https://national-football-teams.com/matches/report/18785/,HTTP 404,404,2026-04-16T08:58:47+00:00
18786,18786/,https://national-football-teams.com/matches/report/18786/,HTTP 404,404,2026-04-16T08:58:47+00:00
18787,18787/,https://national-football-teams.com/matches/report/18787/,HTTP 404,404,2026-04-16T08:58:47+00:00
18788,18788/,https://national-football-teams.com/matches/report/18788/,HTTP 404,404,2026-04-16T08:58:47+00:00
18789,18789/,https://national-football-teams.com/matches/report/18789/,HTTP 404,404,2026-04-16T08:58:47+00:00
18790,18790/,https://national-football-teams.com/matches/report/18790/,HTTP 404,404,2026-04-16T08:58:47+00:00
18791,18791/,https://national-football-teams.com/matches/report/18791/,HTTP 404,404,2026-04-16T08:58:47+00:00
18792,18792/,https://national-football-teams.com/matches/report/18792/,HTTP 404,404,2026-04-16T08:58:47+00:00
18793,18793/,https://national-football-teams.com/matches/report/18793/,HTTP 404,404,2026-04-16T08:58:47+00:00
18794,18794/,https://national-football-teams.com/matches/report/18794/,HTTP 404,404,2026-04-16T08:58:47+00:00
18795,18795/,https://national-football-teams.com/matches/report/18795/,HTTP 404,404,2026-04-16T08:58:47+00:00
188,188/,https://national-football-teams.com/matches/report/188/,HTTP 404,404,2026-04-16T08:58:47+00:00
18803,18803/,https://national-football-teams.com/matches/report/18803/,HTTP 404,404,2026-04-16T08:58:47+00:00
18811,18811/,https://national-football-teams.com/matches/report/18811/,HTTP 404,404,2026-04-16T08:58:47+00:00
18821,18821/,https://national-football-teams.com/matches/report/18821/,HTTP 404,404,2026-04-16T08:58:47+00:00
18822,18822/,https://national-football-teams.com/matches/report/18822/,HTTP 404,404,2026-04-16T08:58:47+00:00
18823,18823/,https://national-football-teams.com/matches/report/18823/,HTTP 404,404,2026-04-16T08:58:48+00:00
18833,18833/,https://national-football-teams.com/matches/report/18833/,HTTP 404,404,2026-04-16T08:58:48+00:00
18834,18834/,https://national-football-teams.com/matches/report/18834/,HTTP 404,404,2026-04-16T08:58:48+00:00
18835,18835/,https://national-football-teams.com/matches/report/18835/,HTTP 404,404,2026-04-16T08:58:48+00:00
18862,18862/,https://national-football-teams.com/matches/report/18862/,HTTP 404,404,2026-04-16T08:58:48+00:00
18863,18863/,https://national-football-teams.com/matches/report/18863/,HTTP 404,404,2026-04-16T08:58:48+00:00
18864,18864/,https://national-football-teams.com/matches/report/18864/,HTTP 404,404,2026-04-16T08:58:48+00:00
18865,18865/,https://national-football-teams.com/matches/report/18865/,HTTP 404,404,2026-04-16T08:58:48+00:00
18866,18866/,https://national-football-teams.com/matches/report/18866/,HTTP 404,404,2026-04-16T08:58:48+00:00
18868,18868/,https://national-football-teams.com/matches/report/18868/,HTTP 404,404,2026-04-16T08:58:48+00:00
18870,18870/,https://national-football-teams.com/matches/report/18870/,HTTP 404,404,2026-04-16T08:58:48+00:00
18876,18876/,https://national-football-teams.com/matches/report/18876/,HTTP 404,404,2026-04-16T08:58:48+00:00
18878,18878/,https://national-football-teams.com/matches/report/18878/,HTTP 404,404,2026-04-16T08:58:48+00:00
18879,18879/,https://national-football-teams.com/matches/report/18879/,HTTP 404,404,2026-04-16T08:58:48+00:00
18880,18880/,https://national-football-teams.com/matches/report/18880/,HTTP 404,404,2026-04-16T08:58:48+00:00
18881,18881/,https://national-football-teams.com/matches/report/18881/,HTTP 404,404,2026-04-16T08:58:48+00:00
18890,18890/,https://national-football-teams.com/matches/report/18890/,HTTP 404,404,2026-04-16T08:58:48+00:00
18891,18891/,https://national-football-teams.com/matches/report/18891/,HTTP 404,404,2026-04-16T08:58:48+00:00
18892,18892/,https://national-football-teams.com/matches/report/18892/,HTTP 404,404,2026-04-16T08:58:48+00:00
189,189/,https://national-football-teams.com/matches/report/189/,HTTP 404,404,2026-04-16T08:58:48+00:00
18917,18917/,https://national-football-teams.com/matches/report/18917/,HTTP 404,404,2026-04-16T08:58:48+00:00
18918,18918/,https://national-football-teams.com/matches/report/18918/,HTTP 404,404,2026-04-16T08:58:48+00:00
18919,18919/,https://national-football-teams.com/matches/report/18919/,HTTP 404,404,2026-04-16T08:58:48+00:00
18920,18920/,https://national-football-teams.com/matches/report/18920/,HTTP 404,404,2026-04-16T08:58:48+00:00
18932,18932/,https://national-football-teams.com/matches/report/18932/,HTTP 404,404,2026-04-16T08:58:48+00:00
18933,18933/,https://national-football-teams.com/matches/report/18933/,HTTP 404,404,2026-04-16T08:58:49+00:00
18934,18934/,https://national-football-teams.com/matches/report/18934/,HTTP 404,404,2026-04-16T08:58:49+00:00
18935,18935/,https://national-football-teams.com/matches/report/18935/,HTTP 404,404,2026-04-16T08:58:49+00:00
18957,18957/,https://national-football-teams.com/matches/report/18957/,HTTP 404,404,2026-04-16T08:58:49+00:00
18958,18958/,https://national-football-teams.com/matches/report/18958/,HTTP 404,404,2026-04-16T08:58:49+00:00
18959,18959/,https://national-football-teams.com/matches/report/18959/,HTTP 404,404,2026-04-16T08:58:49+00:00
18960,18960/,https://national-football-teams.com/matches/report/18960/,HTTP 404,404,2026-04-16T08:58:49+00:00
18974,18974/,https://national-football-teams.com/matches/report/18974/,HTTP 404,404,2026-04-16T08:58:49+00:00
18975,18975/,https://national-football-teams.com/matches/report/18975/,HTTP 404,404,2026-04-16T08:58:49+00:00
18997,18997/,https://national-football-teams.com/matches/report/18997/,HTTP 404,404,2026-04-16T08:58:49+00:00
18998,18998/,https://national-football-teams.com/matches/report/18998/,HTTP 404,404,2026-04-16T08:58:50+00:00
18999,18999/,https://national-football-teams.com/matches/report/18999/,HTTP 404,404,2026-04-16T08:58:50+00:00
19,19/,https://national-football-teams.com/matches/report/19/,HTTP 404,404,2026-04-16T08:58:50+00:00
190,190/,https://national-football-teams.com/matches/report/190/,HTTP 404,404,2026-04-16T08:58:50+00:00
19000,19000/,https://national-football-teams.com/matches/report/19000/,HTTP 404,404,2026-04-16T08:58:50+00:00
19020,19020/,https://national-football-teams.com/matches/report/19020/,HTTP 404,404,2026-04-16T08:58:50+00:00
19021,19021/,https://national-football-teams.com/matches/report/19021/,HTTP 404,404,2026-04-16T08:58:50+00:00
19022,19022/,https://national-football-teams.com/matches/report/19022/,HTTP 404,404,2026-04-16T08:58:50+00:00
19023,19023/,https://national-football-teams.com/matches/report/19023/,HTTP 404,404,2026-04-16T08:58:50+00:00
19024,19024/,https://national-football-teams.com/matches/report/19024/,HTTP 404,404,2026-04-16T08:58:50+00:00
19037,19037/,https://national-football-teams.com/matches/report/19037/,HTTP 404,404,2026-04-16T08:58:50+00:00
19039,19039/,https://national-football-teams.com/matches/report/19039/,HTTP 404,404,2026-04-16T08:58:50+00:00
19040,19040/,https://national-football-teams.com/matches/report/19040/,HTTP 404,404,2026-04-16T08:58:50+00:00
19041,19041/,https://national-football-teams.com/matches/report/19041/,HTTP 404,404,2026-04-16T08:58:50+00:00
19042,19042/,https://national-football-teams.com/matches/report/19042/,HTTP 404,404,2026-04-16T08:58:50+00:00
19057,19057/,https://national-football-teams.com/matches/report/19057/,HTTP 404,404,2026-04-16T08:58:50+00:00
19058,19058/,https://national-football-teams.com/matches/report/19058/,HTTP 404,404,2026-04-16T08:58:50+00:00
19059,19059/,https://national-football-teams.com/matches/report/19059/,HTTP 404,404,2026-04-16T08:58:50+00:00
19060,19060/,https://national-football-teams.com/matches/report/19060/,HTTP 404,404,2026-04-16T08:58:50+00:00
19061,19061/,https://national-football-teams.com/matches/report/19061/,HTTP 404,404,2026-04-16T08:58:50+00:00
19084,19084/,https://national-football-teams.com/matches/report/19084/,HTTP 404,404,2026-04-16T08:58:51+00:00
19096,19096/,https://national-football-teams.com/matches/report/19096/,HTTP 404,404,2026-04-16T08:58:51+00:00
191,191/,https://national-football-teams.com/matches/report/191/,HTTP 404,404,2026-04-16T08:58:51+00:00
19125,19125/,https://national-football-teams.com/matches/report/19125/,HTTP 404,404,2026-04-16T08:58:51+00:00
19131,19131/,https://national-football-teams.com/matches/report/19131/,HTTP 404,404,2026-04-16T08:58:51+00:00
19144,19144/,https://national-football-teams.com/matches/report/19144/,HTTP 404,404,2026-04-16T08:58:51+00:00
192,192/,https://national-football-teams.com/matches/report/192/,HTTP 404,404,2026-04-16T08:58:51+00:00
19219,19219/,https://national-football-teams.com/matches/report/19219/,HTTP 404,404,2026-04-16T08:58:51+00:00
19236,19236/,https://national-football-teams.com/matches/report/19236/,HTTP 404,404,2026-04-16T08:58:51+00:00
19245,19245/,https://national-football-teams.com/matches/report/19245/,HTTP 404,404,2026-04-16T08:58:51+00:00
19246,19246/,https://national-football-teams.com/matches/report/19246/,HTTP 404,404,2026-04-16T08:58:51+00:00
19247,19247/,https://national-football-teams.com/matches/report/19247/,HTTP 404,404,2026-04-16T08:58:51+00:00
19248,19248/,https://national-football-teams.com/matches/report/19248/,HTTP 404,404,2026-04-16T08:58:51+00:00
19249,19249/,https://national-football-teams.com/matches/report/19249/,HTTP 404,404,2026-04-16T08:58:51+00:00
19254,19254/,https://national-football-teams.com/matches/report/19254/,HTTP 404,404,2026-04-16T08:58:51+00:00
19255,19255/,https://national-football-teams.com/matches/report/19255/,HTTP 404,404,2026-04-16T08:58:51+00:00
19256,19256/,https://national-football-teams.com/matches/report/19256/,HTTP 404,404,2026-04-16T08:58:51+00:00
19257,19257/,https://national-football-teams.com/matches/report/19257/,HTTP 404,404,2026-04-16T08:58:51+00:00
19258,19258/,https://national-football-teams.com/matches/report/19258/,HTTP 404,404,2026-04-16T08:58:51+00:00
19259,19259/,https://national-football-teams.com/matches/report/19259/,HTTP 404,404,2026-04-16T08:58:51+00:00
19260,19260/,https://national-football-teams.com/matches/report/19260/,HTTP 404,404,2026-04-16T08:58:52+00:00
19263,19263/,https://national-football-teams.com/matches/report/19263/,HTTP 404,404,2026-04-16T08:58:52+00:00
19268,19268/,https://national-football-teams.com/matches/report/19268/,HTTP 404,404,2026-04-16T08:58:52+00:00
19270,19270/,https://national-football-teams.com/matches/report/19270/,HTTP 404,404,2026-04-16T08:58:52+00:00
19271,19271/,https://national-football-teams.com/matches/report/19271/,HTTP 404,404,2026-04-16T08:58:52+00:00
19275,19275/,https://national-football-teams.com/matches/report/19275/,HTTP 404,404,2026-04-16T08:58:52+00:00
19276,19276/,https://national-football-teams.com/matches/report/19276/,HTTP 404,404,2026-04-16T08:58:52+00:00
19277,19277/,https://national-football-teams.com/matches/report/19277/,HTTP 404,404,2026-04-16T08:58:52+00:00
19278,19278/,https://national-football-teams.com/matches/report/19278/,HTTP 404,404,2026-04-16T08:58:52+00:00
19281,19281/,https://national-football-teams.com/matches/report/19281/,HTTP 404,404,2026-04-16T08:58:52+00:00
19282,19282/,https://national-football-teams.com/matches/report/19282/,HTTP 404,404,2026-04-16T08:58:52+00:00
19283,19283/,https://national-football-teams.com/matches/report/19283/,HTTP 404,404,2026-04-16T08:58:52+00:00
19284,19284/,https://national-football-teams.com/matches/report/19284/,HTTP 404,404,2026-04-16T08:58:52+00:00
19287,19287/,https://national-football-teams.com/matches/report/19287/,HTTP 404,404,2026-04-16T08:58:52+00:00
19288,19288/,https://national-football-teams.com/matches/report/19288/,HTTP 404,404,2026-04-16T08:58:52+00:00
19290,19290/,https://national-football-teams.com/matches/report/19290/,HTTP 404,404,2026-04-16T08:58:52+00:00
19291,19291/,https://national-football-teams.com/matches/report/19291/,HTTP 404,404,2026-04-16T08:58:52+00:00
19296,19296/,https://national-football-teams.com/matches/report/19296/,HTTP 404,404,2026-04-16T08:58:52+00:00
193,193/,https://national-football-teams.com/matches/report/193/,HTTP 404,404,2026-04-16T08:58:52+00:00
19306,19306/,https://national-football-teams.com/matches/report/19306/,HTTP 404,404,2026-04-16T08:58:52+00:00
19315,19315/,https://national-football-teams.com/matches/report/19315/,HTTP 404,404,2026-04-16T08:58:53+00:00
194,194/,https://national-football-teams.com/matches/report/194/,HTTP 404,404,2026-04-16T08:58:53+00:00
19429,19429/,https://national-football-teams.com/matches/report/19429/,HTTP 404,404,2026-04-16T08:58:53+00:00
19431,19431/,https://national-football-teams.com/matches/report/19431/,HTTP 404,404,2026-04-16T08:58:53+00:00
19432,19432/,https://national-football-teams.com/matches/report/19432/,HTTP 404,404,2026-04-16T08:58:53+00:00
19461,19461/,https://national-football-teams.com/matches/report/19461/,HTTP 404,404,2026-04-16T08:58:53+00:00
19462,19462/,https://national-football-teams.com/matches/report/19462/,HTTP 404,404,2026-04-16T08:58:53+00:00
19463,19463/,https://national-football-teams.com/matches/report/19463/,HTTP 404,404,2026-04-16T08:58:53+00:00
19464,19464/,https://national-football-teams.com/matches/report/19464/,HTTP 404,404,2026-04-16T08:58:53+00:00
19465,19465/,https://national-football-teams.com/matches/report/19465/,HTTP 404,404,2026-04-16T08:58:53+00:00
19466,19466/,https://national-football-teams.com/matches/report/19466/,HTTP 404,404,2026-04-16T08:58:53+00:00
19474,19474/,https://national-football-teams.com/matches/report/19474/,HTTP 404,404,2026-04-16T08:58:53+00:00
19476,19476/,https://national-football-teams.com/matches/report/19476/,HTTP 404,404,2026-04-16T08:58:53+00:00
19481,19481/,https://national-football-teams.com/matches/report/19481/,HTTP 404,404,2026-04-16T08:58:53+00:00
19483,19483/,https://national-football-teams.com/matches/report/19483/,HTTP 404,404,2026-04-16T08:58:53+00:00
19496,19496/,https://national-football-teams.com/matches/report/19496/,HTTP 404,404,2026-04-16T08:58:53+00:00
195,195/,https://national-football-teams.com/matches/report/195/,HTTP 404,404,2026-04-16T08:58:53+00:00
19505,19505/,https://national-football-teams.com/matches/report/19505/,HTTP 404,404,2026-04-16T08:58:53+00:00
19525,19525/,https://national-football-teams.com/matches/report/19525/,HTTP 404,404,2026-04-16T08:58:53+00:00
19532,19532/,https://national-football-teams.com/matches/report/19532/,HTTP 404,404,2026-04-16T08:58:53+00:00
19538,19538/,https://national-football-teams.com/matches/report/19538/,HTTP 404,404,2026-04-16T08:58:54+00:00
19539,19539/,https://national-football-teams.com/matches/report/19539/,HTTP 404,404,2026-04-16T08:58:54+00:00
19541,19541/,https://national-football-teams.com/matches/report/19541/,HTTP 404,404,2026-04-16T08:58:54+00:00
19552,19552/,https://national-football-teams.com/matches/report/19552/,HTTP 404,404,2026-04-16T08:58:54+00:00
19554,19554/,https://national-football-teams.com/matches/report/19554/,HTTP 404,404,2026-04-16T08:58:54+00:00
19555,19555/,https://national-football-teams.com/matches/report/19555/,HTTP 404,404,2026-04-16T08:58:54+00:00
19556,19556/,https://national-football-teams.com/matches/report/19556/,HTTP 404,404,2026-04-16T08:58:54+00:00
19563,19563/,https://national-football-teams.com/matches/report/19563/,HTTP 404,404,2026-04-16T08:58:54+00:00
19564,19564/,https://national-football-teams.com/matches/report/19564/,HTTP 404,404,2026-04-16T08:58:54+00:00
19581,19581/,https://national-football-teams.com/matches/report/19581/,HTTP 404,404,2026-04-16T08:58:54+00:00
19583,19583/,https://national-football-teams.com/matches/report/19583/,HTTP 404,404,2026-04-16T08:58:54+00:00
19584,19584/,https://national-football-teams.com/matches/report/19584/,HTTP 404,404,2026-04-16T08:58:54+00:00
19586,19586/,https://national-football-teams.com/matches/report/19586/,HTTP 404,404,2026-04-16T08:58:54+00:00
196,196/,https://national-football-teams.com/matches/report/196/,HTTP 404,404,2026-04-16T08:58:54+00:00
19698,19698/,https://national-football-teams.com/matches/report/19698/,HTTP 404,404,2026-04-16T08:58:54+00:00
197,197/,https://national-football-teams.com/matches/report/197/,HTTP 404,404,2026-04-16T08:58:54+00:00
19713,19713/,https://national-football-teams.com/matches/report/19713/,HTTP 404,404,2026-04-16T08:58:54+00:00
19723,19723/,https://national-football-teams.com/matches/report/19723/,HTTP 404,404,2026-04-16T08:58:54+00:00
19724,19724/,https://national-football-teams.com/matches/report/19724/,HTTP 404,404,2026-04-16T08:58:54+00:00
19725,19725/,https://national-football-teams.com/matches/report/19725/,HTTP 404,404,2026-04-16T08:58:54+00:00
19726,19726/,https://national-football-teams.com/matches/report/19726/,HTTP 404,404,2026-04-16T08:58:54+00:00
19727,19727/,https://national-football-teams.com/matches/report/19727/,HTTP 404,404,2026-04-16T08:58:54+00:00
19728,19728/,https://national-football-teams.com/matches/report/19728/,HTTP 404,404,2026-04-16T08:58:54+00:00
19732,19732/,https://national-football-teams.com/matches/report/19732/,HTTP 404,404,2026-04-16T08:58:54+00:00
19747,19747/,https://national-football-teams.com/matches/report/19747/,HTTP 404,404,2026-04-16T08:58:54+00:00
19748,19748/,https://national-football-teams.com/matches/report/19748/,HTTP 404,404,2026-04-16T08:58:55+00:00
19749,19749/,https://national-football-teams.com/matches/report/19749/,HTTP 404,404,2026-04-16T08:58:55+00:00
19750,19750/,https://national-football-teams.com/matches/report/19750/,HTTP 404,404,2026-04-16T08:58:55+00:00
19751,19751/,https://national-football-teams.com/matches/report/19751/,HTTP 404,404,2026-04-16T08:58:55+00:00
19752,19752/,https://national-football-teams.com/matches/report/19752/,HTTP 404,404,2026-04-16T08:58:55+00:00
19754,19754/,https://national-football-teams.com/matches/report/19754/,HTTP 404,404,2026-04-16T08:58:55+00:00
19759,19759/,https://national-football-teams.com/matches/report/19759/,HTTP 404,404,2026-04-16T08:58:55+00:00
19763,19763/,https://national-football-teams.com/matches/report/19763/,HTTP 404,404,2026-04-16T08:58:55+00:00
19766,19766/,https://national-football-teams.com/matches/report/19766/,HTTP 404,404,2026-04-16T08:58:55+00:00
19767,19767/,https://national-football-teams.com/matches/report/19767/,HTTP 404,404,2026-04-16T08:58:55+00:00
19773,19773/,https://national-football-teams.com/matches/report/19773/,HTTP 404,404,2026-04-16T08:58:56+00:00
19774,19774/,https://national-football-teams.com/matches/report/19774/,HTTP 404,404,2026-04-16T08:58:56+00:00
19775,19775/,https://national-football-teams.com/matches/report/19775/,HTTP 404,404,2026-04-16T08:58:56+00:00
19776,19776/,https://national-football-teams.com/matches/report/19776/,HTTP 404,404,2026-04-16T08:58:56+00:00
19777,19777/,https://national-football-teams.com/matches/report/19777/,HTTP 404,404,2026-04-16T08:58:56+00:00
19778,19778/,https://national-football-teams.com/matches/report/19778/,HTTP 404,404,2026-04-16T08:58:56+00:00
19779,19779/,https://national-football-teams.com/matches/report/19779/,HTTP 404,404,2026-04-16T08:58:56+00:00
19780,19780/,https://national-football-teams.com/matches/report/19780/,HTTP 404,404,2026-04-16T08:58:56+00:00
19781,19781/,https://national-football-teams.com/matches/report/19781/,HTTP 404,404,2026-04-16T08:58:56+00:00
19794,19794/,https://national-football-teams.com/matches/report/19794/,HTTP 404,404,2026-04-16T08:58:56+00:00
19795,19795/,https://national-football-teams.com/matches/report/19795/,HTTP 404,404,2026-04-16T08:58:56+00:00
19796,19796/,https://national-football-teams.com/matches/report/19796/,HTTP 404,404,2026-04-16T08:58:56+00:00
19797,19797/,https://national-football-teams.com/matches/report/19797/,HTTP 404,404,2026-04-16T08:58:56+00:00
19798,19798/,https://national-football-teams.com/matches/report/19798/,HTTP 404,404,2026-04-16T08:58:56+00:00
198,198/,https://national-football-teams.com/matches/report/198/,HTTP 404,404,2026-04-16T08:58:56+00:00
19803,19803/,https://national-football-teams.com/matches/report/19803/,HTTP 404,404,2026-04-16T08:58:57+00:00
19810,19810/,https://national-football-teams.com/matches/report/19810/,HTTP 404,404,2026-04-16T08:58:57+00:00
19815,19815/,https://national-football-teams.com/matches/report/19815/,HTTP 404,404,2026-04-16T08:58:57+00:00
19817,19817/,https://national-football-teams.com/matches/report/19817/,HTTP 404,404,2026-04-16T08:58:57+00:00
19818,19818/,https://national-football-teams.com/matches/report/19818/,HTTP 404,404,2026-04-16T08:58:57+00:00
19819,19819/,https://national-football-teams.com/matches/report/19819/,HTTP 404,404,2026-04-16T08:58:57+00:00
19820,19820/,https://national-football-teams.com/matches/report/19820/,HTTP 404,404,2026-04-16T08:58:57+00:00
19821,19821/,https://national-football-teams.com/matches/report/19821/,HTTP 404,404,2026-04-16T08:58:57+00:00
19822,19822/,https://national-football-teams.com/matches/report/19822/,HTTP 404,404,2026-04-16T08:58:57+00:00
19823,19823/,https://national-football-teams.com/matches/report/19823/,HTTP 404,404,2026-04-16T08:58:57+00:00
19843,19843/,https://national-football-teams.com/matches/report/19843/,HTTP 404,404,2026-04-16T08:58:57+00:00
19844,19844/,https://national-football-teams.com/matches/report/19844/,HTTP 404,404,2026-04-16T08:58:57+00:00
19845,19845/,https://national-football-teams.com/matches/report/19845/,HTTP 404,404,2026-04-16T08:58:57+00:00
19846,19846/,https://national-football-teams.com/matches/report/19846/,HTTP 404,404,2026-04-16T08:58:57+00:00
19847,19847/,https://national-football-teams.com/matches/report/19847/,HTTP 404,404,2026-04-16T08:58:57+00:00
19848,19848/,https://national-football-teams.com/matches/report/19848/,HTTP 404,404,2026-04-16T08:58:57+00:00
19849,19849/,https://national-football-teams.com/matches/report/19849/,HTTP 404,404,2026-04-16T08:58:57+00:00
19850,19850/,https://national-football-teams.com/matches/report/19850/,HTTP 404,404,2026-04-16T08:58:57+00:00
19851,19851/,https://national-football-teams.com/matches/report/19851/,HTTP 404,404,2026-04-16T08:58:57+00:00
19852,19852/,https://national-football-teams.com/matches/report/19852/,HTTP 404,404,2026-04-16T08:58:57+00:00
19864,19864/,https://national-football-teams.com/matches/report/19864/,HTTP 404,404,2026-04-16T08:58:57+00:00
19881,19881/,https://national-football-teams.com/matches/report/19881/,HTTP 404,404,2026-04-16T08:58:57+00:00
19883,19883/,https://national-football-teams.com/matches/report/19883/,HTTP 404,404,2026-04-16T08:58:57+00:00
19884,19884/,https://national-football-teams.com/matches/report/19884/,HTTP 404,404,2026-04-16T08:58:57+00:00
19885,19885/,https://national-football-teams.com/matches/report/19885/,HTTP 404,404,2026-04-16T08:58:57+00:00
19886,19886/,https://national-football-teams.com/matches/report/19886/,HTTP 404,404,2026-04-16T08:58:58+00:00
19887,19887/,https://national-football-teams.com/matches/report/19887/,HTTP 404,404,2026-04-16T08:58:58+00:00
19888,19888/,https://national-football-teams.com/matches/report/19888/,HTTP 404,404,2026-04-16T08:58:58+00:00
19889,19889/,https://national-football-teams.com/matches/report/19889/,HTTP 404,404,2026-04-16T08:58:58+00:00
19890,19890/,https://national-football-teams.com/matches/report/19890/,HTTP 404,404,2026-04-16T08:58:58+00:00
19891,19891/,https://national-football-teams.com/matches/report/19891/,HTTP 404,404,2026-04-16T08:58:58+00:00
19892,19892/,https://national-football-teams.com/matches/report/19892/,HTTP 404,404,2026-04-16T08:58:58+00:00
19893,19893/,https://national-football-teams.com/matches/report/19893/,HTTP 404,404,2026-04-16T08:58:58+00:00
19894,19894/,https://national-football-teams.com/matches/report/19894/,HTTP 404,404,2026-04-16T08:58:58+00:00
19895,19895/,https://national-football-teams.com/matches/report/19895/,HTTP 404,404,2026-04-16T08:58:58+00:00
19896,19896/,https://national-football-teams.com/matches/report/19896/,HTTP 404,404,2026-04-16T08:58:58+00:00
19897,19897/,https://national-football-teams.com/matches/report/19897/,HTTP 404,404,2026-04-16T08:58:58+00:00
19905,19905/,https://national-football-teams.com/matches/report/19905/,HTTP 404,404,2026-04-16T08:58:58+00:00
19906,19906/,https://national-football-teams.com/matches/report/19906/,HTTP 404,404,2026-04-16T08:58:58+00:00
19909,19909/,https://national-football-teams.com/matches/report/19909/,HTTP 404,404,2026-04-16T08:58:58+00:00
19913,19913/,https://national-football-teams.com/matches/report/19913/,HTTP 404,404,2026-04-16T08:58:58+00:00
19914,19914/,https://national-football-teams.com/matches/report/19914/,HTTP 404,404,2026-04-16T08:58:58+00:00
19915,19915/,https://national-football-teams.com/matches/report/19915/,HTTP 404,404,2026-04-16T08:58:58+00:00
19916,19916/,https://national-football-teams.com/matches/report/19916/,HTTP 404,404,2026-04-16T08:58:58+00:00
19917,19917/,https://national-football-teams.com/matches/report/19917/,HTTP 404,404,2026-04-16T08:58:58+00:00
19918,19918/,https://national-football-teams.com/matches/report/19918/,HTTP 404,404,2026-04-16T08:58:59+00:00
19919,19919/,https://national-football-teams.com/matches/report/19919/,HTTP 404,404,2026-04-16T08:58:59+00:00
19920,19920/,https://national-football-teams.com/matches/report/19920/,HTTP 404,404,2026-04-16T08:58:59+00:00
19921,19921/,https://national-football-teams.com/matches/report/19921/,HTTP 404,404,2026-04-16T08:58:59+00:00
19931,19931/,https://national-football-teams.com/matches/report/19931/,HTTP 404,404,2026-04-16T08:58:59+00:00
19937,19937/,https://national-football-teams.com/matches/report/19937/,HTTP 404,404,2026-04-16T08:58:59+00:00
19938,19938/,https://national-football-teams.com/matches/report/19938/,HTTP 404,404,2026-04-16T08:58:59+00:00
19939,19939/,https://national-football-teams.com/matches/report/19939/,HTTP 404,404,2026-04-16T08:58:59+00:00
19940,19940/,https://national-football-teams.com/matches/report/19940/,HTTP 404,404,2026-04-16T08:58:59+00:00
19947,19947/,https://national-football-teams.com/matches/report/19947/,HTTP 404,404,2026-04-16T08:58:59+00:00
19948,19948/,https://national-football-teams.com/matches/report/19948/,HTTP 404,404,2026-04-16T08:58:59+00:00
19949,19949/,https://national-football-teams.com/matches/report/19949/,HTTP 404,404,2026-04-16T08:58:59+00:00
19950,19950/,https://national-football-teams.com/matches/report/19950/,HTTP 404,404,2026-04-16T08:58:59+00:00
19951,19951/,https://national-football-teams.com/matches/report/19951/,HTTP 404,404,2026-04-16T08:58:59+00:00
19952,19952/,https://national-football-teams.com/matches/report/19952/,HTTP 404,404,2026-04-16T08:58:59+00:00
19987,19987/,https://national-football-teams.com/matches/report/19987/,HTTP 404,404,2026-04-16T08:58:59+00:00
19988,19988/,https://national-football-teams.com/matches/report/19988/,HTTP 404,404,2026-04-16T08:58:59+00:00
19989,19989/,https://national-football-teams.com/matches/report/19989/,HTTP 404,404,2026-04-16T08:58:59+00:00
19990,19990/,https://national-football-teams.com/matches/report/19990/,HTTP 404,404,2026-04-16T08:58:59+00:00
19991,19991/,https://national-football-teams.com/matches/report/19991/,HTTP 404,404,2026-04-16T08:58:59+00:00
19992,19992/,https://national-football-teams.com/matches/report/19992/,HTTP 404,404,2026-04-16T08:58:59+00:00
19993,19993/,https://national-football-teams.com/matches/report/19993/,HTTP 404,404,2026-04-16T08:58:59+00:00
19994,19994/,https://national-football-teams.com/matches/report/19994/,HTTP 404,404,2026-04-16T08:58:59+00:00
19995,19995/,https://national-football-teams.com/matches/report/19995/,HTTP 404,404,2026-04-16T08:58:59+00:00
19996,19996/,https://national-football-teams.com/matches/report/19996/,HTTP 404,404,2026-04-16T08:58:59+00:00
19997,19997/,https://national-football-teams.com/matches/report/19997/,HTTP 404,404,2026-04-16T08:59:00+00:00
20008,20008/,https://national-football-teams.com/matches/report/20008/,HTTP 404,404,2026-04-16T08:59:00+00:00
20009,20009/,https://national-football-teams.com/matches/report/20009/,HTTP 404,404,2026-04-16T08:59:00+00:00
20010,20010/,https://national-football-teams.com/matches/report/20010/,HTTP 404,404,2026-04-16T08:59:00+00:00
20011,20011/,https://national-football-teams.com/matches/report/20011/,HTTP 404,404,2026-04-16T08:59:00+00:00
20012,20012/,https://national-football-teams.com/matches/report/20012/,HTTP 404,404,2026-04-16T08:59:00+00:00
20023,20023/,https://national-football-teams.com/matches/report/20023/,HTTP 404,404,2026-04-16T08:59:00+00:00
20024,20024/,https://national-football-teams.com/matches/report/20024/,HTTP 404,404,2026-04-16T08:59:00+00:00
20025,20025/,https://national-football-teams.com/matches/report/20025/,HTTP 404,404,2026-04-16T08:59:00+00:00
20026,20026/,https://national-football-teams.com/matches/report/20026/,HTTP 404,404,2026-04-16T08:59:00+00:00
20027,20027/,https://national-football-teams.com/matches/report/20027/,HTTP 404,404,2026-04-16T08:59:00+00:00
20028,20028/,https://national-football-teams.com/matches/report/20028/,HTTP 404,404,2026-04-16T08:59:00+00:00
20029,20029/,https://national-football-teams.com/matches/report/20029/,HTTP 404,404,2026-04-16T08:59:00+00:00
20030,20030/,https://national-football-teams.com/matches/report/20030/,HTTP 404,404,2026-04-16T08:59:00+00:00
20044,20044/,https://national-football-teams.com/matches/report/20044/,HTTP 404,404,2026-04-16T08:59:00+00:00
20045,20045/,https://national-football-teams.com/matches/report/20045/,HTTP 404,404,2026-04-16T08:59:00+00:00
20046,20046/,https://national-football-teams.com/matches/report/20046/,HTTP 404,404,2026-04-16T08:59:00+00:00
20047,20047/,https://national-football-teams.com/matches/report/20047/,HTTP 404,404,2026-04-16T08:59:00+00:00
20048,20048/,https://national-football-teams.com/matches/report/20048/,HTTP 404,404,2026-04-16T08:59:00+00:00
20054,20054/,https://national-football-teams.com/matches/report/20054/,HTTP 404,404,2026-04-16T08:59:00+00:00
20055,20055/,https://national-football-teams.com/matches/report/20055/,HTTP 404,404,2026-04-16T08:59:01+00:00
20064,20064/,https://national-football-teams.com/matches/report/20064/,HTTP 404,404,2026-04-16T08:59:01+00:00
20065,20065/,https://national-football-teams.com/matches/report/20065/,HTTP 404,404,2026-04-16T08:59:01+00:00
20077,20077/,https://national-football-teams.com/matches/report/20077/,HTTP 404,404,2026-04-16T08:59:01+00:00
20084,20084/,https://national-football-teams.com/matches/report/20084/,HTTP 404,404,2026-04-16T08:59:01+00:00
20085,20085/,https://national-football-teams.com/matches/report/20085/,HTTP 404,404,2026-04-16T08:59:01+00:00
20086,20086/,https://national-football-teams.com/matches/report/20086/,HTTP 404,404,2026-04-16T08:59:01+00:00
20087,20087/,https://national-football-teams.com/matches/report/20087/,HTTP 404,404,2026-04-16T08:59:01+00:00
20088,20088/,https://national-football-teams.com/matches/report/20088/,HTTP 404,404,2026-04-16T08:59:01+00:00
20089,20089/,https://national-football-teams.com/matches/report/20089/,HTTP 404,404,2026-04-16T08:59:01+00:00
20108,20108/,https://national-football-teams.com/matches/report/20108/,HTTP 404,404,2026-04-16T08:59:01+00:00
20109,20109/,https://national-football-teams.com/matches/report/20109/,HTTP 404,404,2026-04-16T08:59:01+00:00
20110,20110/,https://national-football-teams.com/matches/report/20110/,HTTP 404,404,2026-04-16T08:59:01+00:00
20150,20150/,https://national-football-teams.com/matches/report/20150/,HTTP 404,404,2026-04-16T08:59:01+00:00
20151,20151/,https://national-football-teams.com/matches/report/20151/,HTTP 404,404,2026-04-16T08:59:01+00:00
20152,20152/,https://national-football-teams.com/matches/report/20152/,HTTP 404,404,2026-04-16T08:59:01+00:00
20153,20153/,https://national-football-teams.com/matches/report/20153/,HTTP 404,404,2026-04-16T08:59:01+00:00
20154,20154/,https://national-football-teams.com/matches/report/20154/,HTTP 404,404,2026-04-16T08:59:01+00:00
20155,20155/,https://national-football-teams.com/matches/report/20155/,HTTP 404,404,2026-04-16T08:59:01+00:00
20157,20157/,https://national-football-teams.com/matches/report/20157/,HTTP 404,404,2026-04-16T08:59:01+00:00
20158,20158/,https://national-football-teams.com/matches/report/20158/,HTTP 404,404,2026-04-16T08:59:02+00:00
20159,20159/,https://national-football-teams.com/matches/report/20159/,HTTP 404,404,2026-04-16T08:59:02+00:00
20164,20164/,https://national-football-teams.com/matches/report/20164/,HTTP 404,404,2026-04-16T08:59:02+00:00
20166,20166/,https://national-football-teams.com/matches/report/20166/,HTTP 404,404,2026-04-16T08:59:02+00:00
20170,20170/,https://national-football-teams.com/matches/report/20170/,HTTP 404,404,2026-04-16T08:59:02+00:00
20176,20176/,https://national-football-teams.com/matches/report/20176/,HTTP 404,404,2026-04-16T08:59:02+00:00
20182,20182/,https://national-football-teams.com/matches/report/20182/,HTTP 404,404,2026-04-16T08:59:02+00:00
20183,20183/,https://national-football-teams.com/matches/report/20183/,HTTP 404,404,2026-04-16T08:59:02+00:00
20189,20189/,https://national-football-teams.com/matches/report/20189/,HTTP 404,404,2026-04-16T08:59:02+00:00
20204,20204/,https://national-football-teams.com/matches/report/20204/,HTTP 404,404,2026-04-16T08:59:02+00:00
20210,20210/,https://national-football-teams.com/matches/report/20210/,HTTP 404,404,2026-04-16T08:59:02+00:00
20225,20225/,https://national-football-teams.com/matches/report/20225/,HTTP 404,404,2026-04-16T08:59:02+00:00
20229,20229/,https://national-football-teams.com/matches/report/20229/,HTTP 404,404,2026-04-16T08:59:02+00:00
20230,20230/,https://national-football-teams.com/matches/report/20230/,HTTP 404,404,2026-04-16T08:59:02+00:00
20231,20231/,https://national-football-teams.com/matches/report/20231/,HTTP 404,404,2026-04-16T08:59:02+00:00
20232,20232/,https://national-football-teams.com/matches/report/20232/,HTTP 404,404,2026-04-16T08:59:02+00:00
20234,20234/,https://national-football-teams.com/matches/report/20234/,HTTP 404,404,2026-04-16T08:59:02+00:00
20235,20235/,https://national-football-teams.com/matches/report/20235/,HTTP 404,404,2026-04-16T08:59:02+00:00
20245,20245/,https://national-football-teams.com/matches/report/20245/,HTTP 404,404,2026-04-16T08:59:02+00:00
20253,20253/,https://national-football-teams.com/matches/report/20253/,HTTP 404,404,2026-04-16T08:59:02+00:00
20254,20254/,https://national-football-teams.com/matches/report/20254/,HTTP 404,404,2026-04-16T08:59:02+00:00
20270,20270/,https://national-football-teams.com/matches/report/20270/,HTTP 404,404,2026-04-16T08:59:02+00:00
20272,20272/,https://national-football-teams.com/matches/report/20272/,HTTP 404,404,2026-04-16T08:59:02+00:00
20274,20274/,https://national-football-teams.com/matches/report/20274/,HTTP 404,404,2026-04-16T08:59:02+00:00
20279,20279/,https://national-football-teams.com/matches/report/20279/,HTTP 404,404,2026-04-16T08:59:02+00:00
20293,20293/,https://national-football-teams.com/matches/report/20293/,HTTP 404,404,2026-04-16T08:59:03+00:00
20294,20294/,https://national-football-teams.com/matches/report/20294/,HTTP 404,404,2026-04-16T08:59:03+00:00
20296,20296/,https://national-football-teams.com/matches/report/20296/,HTTP 404,404,2026-04-16T08:59:03+00:00
20304,20304/,https://national-football-teams.com/matches/report/20304/,HTTP 404,404,2026-04-16T08:59:03+00:00
20306,20306/,https://national-football-teams.com/matches/report/20306/,HTTP 404,404,2026-04-16T08:59:03+00:00
20308,20308/,https://national-football-teams.com/matches/report/20308/,HTTP 404,404,2026-04-16T08:59:03+00:00
20319,20319/,https://national-football-teams.com/matches/report/20319/,HTTP 404,404,2026-04-16T08:59:03+00:00
20333,20333/,https://national-football-teams.com/matches/report/20333/,HTTP 404,404,2026-04-16T08:59:03+00:00
20334,20334/,https://national-football-teams.com/matches/report/20334/,HTTP 404,404,2026-04-16T08:59:03+00:00
20335,20335/,https://national-football-teams.com/matches/report/20335/,HTTP 404,404,2026-04-16T08:59:03+00:00
20336,20336/,https://national-football-teams.com/matches/report/20336/,HTTP 404,404,2026-04-16T08:59:03+00:00
20337,20337/,https://national-football-teams.com/matches/report/20337/,HTTP 404,404,2026-04-16T08:59:03+00:00
20338,20338/,https://national-football-teams.com/matches/report/20338/,HTTP 404,404,2026-04-16T08:59:03+00:00
20345,20345/,https://national-football-teams.com/matches/report/20345/,HTTP 404,404,2026-04-16T08:59:03+00:00
20346,20346/,https://national-football-teams.com/matches/report/20346/,HTTP 404,404,2026-04-16T08:59:03+00:00
20347,20347/,https://national-football-teams.com/matches/report/20347/,HTTP 404,404,2026-04-16T08:59:03+00:00
20348,20348/,https://national-football-teams.com/matches/report/20348/,HTTP 404,404,2026-04-16T08:59:03+00:00
20349,20349/,https://national-football-teams.com/matches/report/20349/,HTTP 404,404,2026-04-16T08:59:03+00:00
20350,20350/,https://national-football-teams.com/matches/report/20350/,HTTP 404,404,2026-04-16T08:59:03+00:00
20351,20351/,https://national-football-teams.com/matches/report/20351/,HTTP 404,404,2026-04-16T08:59:03+00:00
20360,20360/,https://national-football-teams.com/matches/report/20360/,HTTP 404,404,2026-04-16T08:59:03+00:00
20361,20361/,https://national-football-teams.com/matches/report/20361/,HTTP 404,404,2026-04-16T08:59:03+00:00
20362,20362/,https://national-football-teams.com/matches/report/20362/,HTTP 404,404,2026-04-16T08:59:03+00:00
20366,20366/,https://national-football-teams.com/matches/report/20366/,HTTP 404,404,2026-04-16T08:59:03+00:00
20377,20377/,https://national-football-teams.com/matches/report/20377/,HTTP 404,404,2026-04-16T08:59:03+00:00
20380,20380/,https://national-football-teams.com/matches/report/20380/,HTTP 404,404,2026-04-16T08:59:04+00:00
20381,20381/,https://national-football-teams.com/matches/report/20381/,HTTP 404,404,2026-04-16T08:59:04+00:00
20382,20382/,https://national-football-teams.com/matches/report/20382/,HTTP 404,404,2026-04-16T08:59:04+00:00
20390,20390/,https://national-football-teams.com/matches/report/20390/,HTTP 404,404,2026-04-16T08:59:04+00:00
20421,20421/,https://national-football-teams.com/matches/report/20421/,HTTP 404,404,2026-04-16T08:59:04+00:00
20422,20422/,https://national-football-teams.com/matches/report/20422/,HTTP 404,404,2026-04-16T08:59:04+00:00
20432,20432/,https://national-football-teams.com/matches/report/20432/,HTTP 404,404,2026-04-16T08:59:04+00:00
20443,20443/,https://national-football-teams.com/matches/report/20443/,HTTP 404,404,2026-04-16T08:59:04+00:00
20459,20459/,https://national-football-teams.com/matches/report/20459/,HTTP 404,404,2026-04-16T08:59:04+00:00
20475,20475/,https://national-football-teams.com/matches/report/20475/,HTTP 404,404,2026-04-16T08:59:04+00:00
20482,20482/,https://national-football-teams.com/matches/report/20482/,HTTP 404,404,2026-04-16T08:59:04+00:00
20492,20492/,https://national-football-teams.com/matches/report/20492/,HTTP 404,404,2026-04-16T08:59:04+00:00
20520,20520/,https://national-football-teams.com/matches/report/20520/,HTTP 404,404,2026-04-16T08:59:04+00:00
20522,20522/,https://national-football-teams.com/matches/report/20522/,HTTP 404,404,2026-04-16T08:59:04+00:00
20525,20525/,https://national-football-teams.com/matches/report/20525/,HTTP 404,404,2026-04-16T08:59:04+00:00
20528,20528/,https://national-football-teams.com/matches/report/20528/,HTTP 404,404,2026-04-16T08:59:04+00:00
20529,20529/,https://national-football-teams.com/matches/report/20529/,HTTP 404,404,2026-04-16T08:59:04+00:00
20530,20530/,https://national-football-teams.com/matches/report/20530/,HTTP 404,404,2026-04-16T08:59:04+00:00
20531,20531/,https://national-football-teams.com/matches/report/20531/,HTTP 404,404,2026-04-16T08:59:04+00:00
20532,20532/,https://national-football-teams.com/matches/report/20532/,HTTP 404,404,2026-04-16T08:59:04+00:00
20533,20533/,https://national-football-teams.com/matches/report/20533/,HTTP 404,404,2026-04-16T08:59:05+00:00
20536,20536/,https://national-football-teams.com/matches/report/20536/,HTTP 404,404,2026-04-16T08:59:05+00:00
20537,20537/,https://national-football-teams.com/matches/report/20537/,HTTP 404,404,2026-04-16T08:59:05+00:00
20538,20538/,https://national-football-teams.com/matches/report/20538/,HTTP 404,404,2026-04-16T08:59:05+00:00
20539,20539/,https://national-football-teams.com/matches/report/20539/,HTTP 404,404,2026-04-16T08:59:05+00:00
20543,20543/,https://national-football-teams.com/matches/report/20543/,HTTP 404,404,2026-04-16T08:59:05+00:00
20544,20544/,https://national-football-teams.com/matches/report/20544/,HTTP 404,404,2026-04-16T08:59:05+00:00
20545,20545/,https://national-football-teams.com/matches/report/20545/,HTTP 404,404,2026-04-16T08:59:05+00:00
20546,20546/,https://national-football-teams.com/matches/report/20546/,HTTP 404,404,2026-04-16T08:59:05+00:00
20547,20547/,https://national-football-teams.com/matches/report/20547/,HTTP 404,404,2026-04-16T08:59:05+00:00
20548,20548/,https://national-football-teams.com/matches/report/20548/,HTTP 404,404,2026-04-16T08:59:05+00:00
20549,20549/,https://national-football-teams.com/matches/report/20549/,HTTP 404,404,2026-04-16T08:59:05+00:00
20550,20550/,https://national-football-teams.com/matches/report/20550/,HTTP 404,404,2026-04-16T08:59:05+00:00
20551,20551/,https://national-football-teams.com/matches/report/20551/,HTTP 404,404,2026-04-16T08:59:05+00:00
20570,20570/,https://national-football-teams.com/matches/report/20570/,HTTP 404,404,2026-04-16T08:59:05+00:00
20580,20580/,https://national-football-teams.com/matches/report/20580/,HTTP 404,404,2026-04-16T08:59:05+00:00
20604,20604/,https://national-football-teams.com/matches/report/20604/,HTTP 404,404,2026-04-16T08:59:05+00:00
20605,20605/,https://national-football-teams.com/matches/report/20605/,HTTP 404,404,2026-04-16T08:59:05+00:00
20631,20631/,https://national-football-teams.com/matches/report/20631/,HTTP 404,404,2026-04-16T08:59:05+00:00
20642,20642/,https://national-football-teams.com/matches/report/20642/,HTTP 404,404,2026-04-16T08:59:05+00:00
20643,20643/,https://national-football-teams.com/matches/report/20643/,HTTP 404,404,2026-04-16T08:59:06+00:00
20644,20644/,https://national-football-teams.com/matches/report/20644/,HTTP 404,404,2026-04-16T08:59:06+00:00
20646,20646/,https://national-football-teams.com/matches/report/20646/,HTTP 404,404,2026-04-16T08:59:06+00:00
20647,20647/,https://national-football-teams.com/matches/report/20647/,HTTP 404,404,2026-04-16T08:59:06+00:00
20656,20656/,https://national-football-teams.com/matches/report/20656/,HTTP 404,404,2026-04-16T08:59:06+00:00
20657,20657/,https://national-football-teams.com/matches/report/20657/,HTTP 404,404,2026-04-16T08:59:06+00:00
20658,20658/,https://national-football-teams.com/matches/report/20658/,HTTP 404,404,2026-04-16T08:59:06+00:00
20659,20659/,https://national-football-teams.com/matches/report/20659/,HTTP 404,404,2026-04-16T08:59:06+00:00
20661,20661/,https://national-football-teams.com/matches/report/20661/,HTTP 404,404,2026-04-16T08:59:06+00:00
20662,20662/,https://national-football-teams.com/matches/report/20662/,HTTP 404,404,2026-04-16T08:59:06+00:00
20664,20664/,https://national-football-teams.com/matches/report/20664/,HTTP 404,404,2026-04-16T08:59:06+00:00
20665,20665/,https://national-football-teams.com/matches/report/20665/,HTTP 404,404,2026-04-16T08:59:06+00:00
20676,20676/,https://national-football-teams.com/matches/report/20676/,HTTP 404,404,2026-04-16T08:59:06+00:00
20683,20683/,https://national-football-teams.com/matches/report/20683/,HTTP 404,404,2026-04-16T08:59:06+00:00
20684,20684/,https://national-football-teams.com/matches/report/20684/,HTTP 404,404,2026-04-16T08:59:06+00:00
20685,20685/,https://national-football-teams.com/matches/report/20685/,HTTP 404,404,2026-04-16T08:59:06+00:00
20686,20686/,https://national-football-teams.com/matches/report/20686/,HTTP 404,404,2026-04-16T08:59:06+00:00
20687,20687/,https://national-football-teams.com/matches/report/20687/,HTTP 404,404,2026-04-16T08:59:06+00:00
20755,20755/,https://national-football-teams.com/matches/report/20755/,HTTP 404,404,2026-04-16T08:59:06+00:00
20756,20756/,https://national-football-teams.com/matches/report/20756/,HTTP 404,404,2026-04-16T08:59:06+00:00
20757,20757/,https://national-football-teams.com/matches/report/20757/,HTTP 404,404,2026-04-16T08:59:06+00:00
20758,20758/,https://national-football-teams.com/matches/report/20758/,HTTP 404,404,2026-04-16T08:59:06+00:00
20759,20759/,https://national-football-teams.com/matches/report/20759/,HTTP 404,404,2026-04-16T08:59:06+00:00
20760,20760/,https://national-football-teams.com/matches/report/20760/,HTTP 404,404,2026-04-16T08:59:06+00:00
20761,20761/,https://national-football-teams.com/matches/report/20761/,HTTP 404,404,2026-04-16T08:59:06+00:00
20762,20762/,https://national-football-teams.com/matches/report/20762/,HTTP 404,404,2026-04-16T08:59:07+00:00
20763,20763/,https://national-football-teams.com/matches/report/20763/,HTTP 404,404,2026-04-16T08:59:07+00:00
20764,20764/,https://national-football-teams.com/matches/report/20764/,HTTP 404,404,2026-04-16T08:59:07+00:00
20777,20777/,https://national-football-teams.com/matches/report/20777/,HTTP 404,404,2026-04-16T08:59:07+00:00
20778,20778/,https://national-football-teams.com/matches/report/20778/,HTTP 404,404,2026-04-16T08:59:07+00:00
20779,20779/,https://national-football-teams.com/matches/report/20779/,HTTP 404,404,2026-04-16T08:59:07+00:00
20780,20780/,https://national-football-teams.com/matches/report/20780/,HTTP 404,404,2026-04-16T08:59:07+00:00
20782,20782/,https://national-football-teams.com/matches/report/20782/,HTTP 404,404,2026-04-16T08:59:07+00:00
20809,20809/,https://national-football-teams.com/matches/report/20809/,HTTP 404,404,2026-04-16T08:59:07+00:00
20810,20810/,https://national-football-teams.com/matches/report/20810/,HTTP 404,404,2026-04-16T08:59:07+00:00
20811,20811/,https://national-football-teams.com/matches/report/20811/,HTTP 404,404,2026-04-16T08:59:07+00:00
20812,20812/,https://national-football-teams.com/matches/report/20812/,HTTP 404,404,2026-04-16T08:59:07+00:00
20813,20813/,https://national-football-teams.com/matches/report/20813/,HTTP 404,404,2026-04-16T08:59:07+00:00
20814,20814/,https://national-football-teams.com/matches/report/20814/,HTTP 404,404,2026-04-16T08:59:07+00:00
20815,20815/,https://national-football-teams.com/matches/report/20815/,HTTP 404,404,2026-04-16T08:59:07+00:00
20816,20816/,https://national-football-teams.com/matches/report/20816/,HTTP 404,404,2026-04-16T08:59:07+00:00
20817,20817/,https://national-football-teams.com/matches/report/20817/,HTTP 404,404,2026-04-16T08:59:07+00:00
20818,20818/,https://national-football-teams.com/matches/report/20818/,HTTP 404,404,2026-04-16T08:59:07+00:00
20843,20843/,https://national-football-teams.com/matches/report/20843/,HTTP 404,404,2026-04-16T08:59:07+00:00
20844,20844/,https://national-football-teams.com/matches/report/20844/,HTTP 404,404,2026-04-16T08:59:07+00:00
20845,20845/,https://national-football-teams.com/matches/report/20845/,HTTP 404,404,2026-04-16T08:59:08+00:00
20846,20846/,https://national-football-teams.com/matches/report/20846/,HTTP 404,404,2026-04-16T08:59:08+00:00
20860,20860/,https://national-football-teams.com/matches/report/20860/,HTTP 404,404,2026-04-16T08:59:08+00:00
20869,20869/,https://national-football-teams.com/matches/report/20869/,HTTP 404,404,2026-04-16T08:59:08+00:00
20870,20870/,https://national-football-teams.com/matches/report/20870/,HTTP 404,404,2026-04-16T08:59:08+00:00
20871,20871/,https://national-football-teams.com/matches/report/20871/,HTTP 404,404,2026-04-16T08:59:08+00:00
20906,20906/,https://national-football-teams.com/matches/report/20906/,HTTP 404,404,2026-04-16T08:59:08+00:00
20907,20907/,https://national-football-teams.com/matches/report/20907/,HTTP 404,404,2026-04-16T08:59:08+00:00
20908,20908/,https://national-football-teams.com/matches/report/20908/,HTTP 404,404,2026-04-16T08:59:08+00:00
20909,20909/,https://national-football-teams.com/matches/report/20909/,HTTP 404,404,2026-04-16T08:59:08+00:00
20910,20910/,https://national-football-teams.com/matches/report/20910/,HTTP 404,404,2026-04-16T08:59:08+00:00
20911,20911/,https://national-football-teams.com/matches/report/20911/,HTTP 404,404,2026-04-16T08:59:08+00:00
20912,20912/,https://national-football-teams.com/matches/report/20912/,HTTP 404,404,2026-04-16T08:59:08+00:00
20913,20913/,https://national-football-teams.com/matches/report/20913/,HTTP 404,404,2026-04-16T08:59:08+00:00
20914,20914/,https://national-football-teams.com/matches/report/20914/,HTTP 404,404,2026-04-16T08:59:08+00:00
20915,20915/,https://national-football-teams.com/matches/report/20915/,HTTP 404,404,2026-04-16T08:59:08+00:00
20916,20916/,https://national-football-teams.com/matches/report/20916/,HTTP 404,404,2026-04-16T08:59:08+00:00
20917,20917/,https://national-football-teams.com/matches/report/20917/,HTTP 404,404,2026-04-16T08:59:08+00:00
20925,20925/,https://national-football-teams.com/matches/report/20925/,HTTP 404,404,2026-04-16T08:59:08+00:00
20926,20926/,https://national-football-teams.com/matches/report/20926/,HTTP 404,404,2026-04-16T08:59:08+00:00
20927,20927/,https://national-football-teams.com/matches/report/20927/,HTTP 404,404,2026-04-16T08:59:08+00:00
20929,20929/,https://national-football-teams.com/matches/report/20929/,HTTP 404,404,2026-04-16T08:59:08+00:00
20933,20933/,https://national-football-teams.com/matches/report/20933/,HTTP 404,404,2026-04-16T08:59:08+00:00
20936,20936/,https://national-football-teams.com/matches/report/20936/,HTTP 404,404,2026-04-16T08:59:08+00:00
20937,20937/,https://national-football-teams.com/matches/report/20937/,HTTP 404,404,2026-04-16T08:59:08+00:00
20940,20940/,https://national-football-teams.com/matches/report/20940/,HTTP 404,404,2026-04-16T08:59:09+00:00
20951,20951/,https://national-football-teams.com/matches/report/20951/,HTTP 404,404,2026-04-16T08:59:09+00:00
20952,20952/,https://national-football-teams.com/matches/report/20952/,HTTP 404,404,2026-04-16T08:59:09+00:00
20953,20953/,https://national-football-teams.com/matches/report/20953/,HTTP 404,404,2026-04-16T08:59:09+00:00
20954,20954/,https://national-football-teams.com/matches/report/20954/,HTTP 404,404,2026-04-16T08:59:09+00:00
20955,20955/,https://national-football-teams.com/matches/report/20955/,HTTP 404,404,2026-04-16T08:59:09+00:00
20956,20956/,https://national-football-teams.com/matches/report/20956/,HTTP 404,404,2026-04-16T08:59:09+00:00
20957,20957/,https://national-football-teams.com/matches/report/20957/,HTTP 404,404,2026-04-16T08:59:09+00:00
20958,20958/,https://national-football-teams.com/matches/report/20958/,HTTP 404,404,2026-04-16T08:59:09+00:00
20959,20959/,https://national-football-teams.com/matches/report/20959/,HTTP 404,404,2026-04-16T08:59:09+00:00
20960,20960/,https://national-football-teams.com/matches/report/20960/,HTTP 404,404,2026-04-16T08:59:09+00:00
20961,20961/,https://national-football-teams.com/matches/report/20961/,HTTP 404,404,2026-04-16T08:59:09+00:00
20962,20962/,https://national-football-teams.com/matches/report/20962/,HTTP 404,404,2026-04-16T08:59:09+00:00
20963,20963/,https://national-football-teams.com/matches/report/20963/,HTTP 404,404,2026-04-16T08:59:09+00:00
20983,20983/,https://national-football-teams.com/matches/report/20983/,HTTP 404,404,2026-04-16T08:59:09+00:00
20998,20998/,https://national-football-teams.com/matches/report/20998/,HTTP 404,404,2026-04-16T08:59:09+00:00
20999,20999/,https://national-football-teams.com/matches/report/20999/,HTTP 404,404,2026-04-16T08:59:09+00:00
21000,21000/,https://national-football-teams.com/matches/report/21000/,HTTP 404,404,2026-04-16T08:59:09+00:00
21001,21001/,https://national-football-teams.com/matches/report/21001/,HTTP 404,404,2026-04-16T08:59:09+00:00
21002,21002/,https://national-football-teams.com/matches/report/21002/,HTTP 404,404,2026-04-16T08:59:09+00:00
21003,21003/,https://national-football-teams.com/matches/report/21003/,HTTP 404,404,2026-04-16T08:59:10+00:00
21004,21004/,https://national-football-teams.com/matches/report/21004/,HTTP 404,404,2026-04-16T08:59:10+00:00
21005,21005/,https://national-football-teams.com/matches/report/21005/,HTTP 404,404,2026-04-16T08:59:10+00:00
21006,21006/,https://national-football-teams.com/matches/report/21006/,HTTP 404,404,2026-04-16T08:59:10+00:00
21007,21007/,https://national-football-teams.com/matches/report/21007/,HTTP 404,404,2026-04-16T08:59:10+00:00
21008,21008/,https://national-football-teams.com/matches/report/21008/,HTTP 404,404,2026-04-16T08:59:10+00:00
21009,21009/,https://national-football-teams.com/matches/report/21009/,HTTP 404,404,2026-04-16T08:59:10+00:00
21043,21043/,https://national-football-teams.com/matches/report/21043/,HTTP 404,404,2026-04-16T08:59:10+00:00
21044,21044/,https://national-football-teams.com/matches/report/21044/,HTTP 404,404,2026-04-16T08:59:10+00:00
21045,21045/,https://national-football-teams.com/matches/report/21045/,HTTP 404,404,2026-04-16T08:59:10+00:00
21046,21046/,https://national-football-teams.com/matches/report/21046/,HTTP 404,404,2026-04-16T08:59:10+00:00
21047,21047/,https://national-football-teams.com/matches/report/21047/,HTTP 404,404,2026-04-16T08:59:10+00:00
21048,21048/,https://national-football-teams.com/matches/report/21048/,HTTP 404,404,2026-04-16T08:59:10+00:00
21049,21049/,https://national-football-teams.com/matches/report/21049/,HTTP 404,404,2026-04-16T08:59:10+00:00
21050,21050/,https://national-football-teams.com/matches/report/21050/,HTTP 404,404,2026-04-16T08:59:10+00:00
21052,21052/,https://national-football-teams.com/matches/report/21052/,HTTP 404,404,2026-04-16T08:59:10+00:00
21053,21053/,https://national-football-teams.com/matches/report/21053/,HTTP 404,404,2026-04-16T08:59:10+00:00
21054,21054/,https://national-football-teams.com/matches/report/21054/,HTTP 404,404,2026-04-16T08:59:10+00:00
21055,21055/,https://national-football-teams.com/matches/report/21055/,HTTP 404,404,2026-04-16T08:59:10+00:00
21056,21056/,https://national-football-teams.com/matches/report/21056/,HTTP 404,404,2026-04-16T08:59:10+00:00
21057,21057/,https://national-football-teams.com/matches/report/21057/,HTTP 404,404,2026-04-16T08:59:10+00:00
21058,21058/,https://national-football-teams.com/matches/report/21058/,HTTP 404,404,2026-04-16T08:59:10+00:00
21059,21059/,https://national-football-teams.com/matches/report/21059/,HTTP 404,404,2026-04-16T08:59:10+00:00
21060,21060/,https://national-football-teams.com/matches/report/21060/,HTTP 404,404,2026-04-16T08:59:10+00:00
21102,21102/,https://national-football-teams.com/matches/report/21102/,HTTP 404,404,2026-04-16T08:59:10+00:00
21103,21103/,https://national-football-teams.com/matches/report/21103/,HTTP 404,404,2026-04-16T08:59:11+00:00
21104,21104/,https://national-football-teams.com/matches/report/21104/,HTTP 404,404,2026-04-16T08:59:11+00:00
21105,21105/,https://national-football-teams.com/matches/report/21105/,HTTP 404,404,2026-04-16T08:59:11+00:00
21106,21106/,https://national-football-teams.com/matches/report/21106/,HTTP 404,404,2026-04-16T08:59:11+00:00
21107,21107/,https://national-football-teams.com/matches/report/21107/,HTTP 404,404,2026-04-16T08:59:11+00:00
21108,21108/,https://national-football-teams.com/matches/report/21108/,HTTP 404,404,2026-04-16T08:59:11+00:00
21109,21109/,https://national-football-teams.com/matches/report/21109/,HTTP 404,404,2026-04-16T08:59:11+00:00
21110,21110/,https://national-football-teams.com/matches/report/21110/,HTTP 404,404,2026-04-16T08:59:11+00:00
21111,21111/,https://national-football-teams.com/matches/report/21111/,HTTP 404,404,2026-04-16T08:59:11+00:00
21112,21112/,https://national-football-teams.com/matches/report/21112/,HTTP 404,404,2026-04-16T08:59:11+00:00
21113,21113/,https://national-football-teams.com/matches/report/21113/,HTTP 404,404,2026-04-16T08:59:11+00:00
21114,21114/,https://national-football-teams.com/matches/report/21114/,HTTP 404,404,2026-04-16T08:59:11+00:00
21115,21115/,https://national-football-teams.com/matches/report/21115/,HTTP 404,404,2026-04-16T08:59:11+00:00
21116,21116/,https://national-football-teams.com/matches/report/21116/,HTTP 404,404,2026-04-16T08:59:11+00:00
21117,21117/,https://national-football-teams.com/matches/report/21117/,HTTP 404,404,2026-04-16T08:59:11+00:00
21118,21118/,https://national-football-teams.com/matches/report/21118/,HTTP 404,404,2026-04-16T08:59:11+00:00
21119,21119/,https://national-football-teams.com/matches/report/21119/,HTTP 404,404,2026-04-16T08:59:11+00:00
21120,21120/,https://national-football-teams.com/matches/report/21120/,HTTP 404,404,2026-04-16T08:59:11+00:00
21121,21121/,https://national-football-teams.com/matches/report/21121/,HTTP 404,404,2026-04-16T08:59:11+00:00
21122,21122/,https://national-football-teams.com/matches/report/21122/,HTTP 404,404,2026-04-16T08:59:11+00:00
21123,21123/,https://national-football-teams.com/matches/report/21123/,HTTP 404,404,2026-04-16T08:59:12+00:00
21124,21124/,https://national-football-teams.com/matches/report/21124/,HTTP 404,404,2026-04-16T08:59:12+00:00
21125,21125/,https://national-football-teams.com/matches/report/21125/,HTTP 404,404,2026-04-16T08:59:12+00:00
21156,21156/,https://national-football-teams.com/matches/report/21156/,HTTP 404,404,2026-04-16T08:59:12+00:00
21157,21157/,https://national-football-teams.com/matches/report/21157/,HTTP 404,404,2026-04-16T08:59:12+00:00
21172,21172/,https://national-football-teams.com/matches/report/21172/,HTTP 404,404,2026-04-16T08:59:12+00:00
21173,21173/,https://national-football-teams.com/matches/report/21173/,HTTP 404,404,2026-04-16T08:59:12+00:00
21174,21174/,https://national-football-teams.com/matches/report/21174/,HTTP 404,404,2026-04-16T08:59:12+00:00
21175,21175/,https://national-football-teams.com/matches/report/21175/,HTTP 404,404,2026-04-16T08:59:12+00:00
21190,21190/,https://national-football-teams.com/matches/report/21190/,HTTP 404,404,2026-04-16T08:59:12+00:00
21191,21191/,https://national-football-teams.com/matches/report/21191/,HTTP 404,404,2026-04-16T08:59:12+00:00
21192,21192/,https://national-football-teams.com/matches/report/21192/,HTTP 404,404,2026-04-16T08:59:12+00:00
21193,21193/,https://national-football-teams.com/matches/report/21193/,HTTP 404,404,2026-04-16T08:59:12+00:00
21194,21194/,https://national-football-teams.com/matches/report/21194/,HTTP 404,404,2026-04-16T08:59:12+00:00
21199,21199/,https://national-football-teams.com/matches/report/21199/,HTTP 404,404,2026-04-16T08:59:12+00:00
21200,21200/,https://national-football-teams.com/matches/report/21200/,HTTP 404,404,2026-04-16T08:59:12+00:00
21201,21201/,https://national-football-teams.com/matches/report/21201/,HTTP 404,404,2026-04-16T08:59:12+00:00
21202,21202/,https://national-football-teams.com/matches/report/21202/,HTTP 404,404,2026-04-16T08:59:12+00:00
21222,21222/,https://national-football-teams.com/matches/report/21222/,HTTP 404,404,2026-04-16T08:59:12+00:00
21223,21223/,https://national-football-teams.com/matches/report/21223/,HTTP 404,404,2026-04-16T08:59:12+00:00
21224,21224/,https://national-football-teams.com/matches/report/21224/,HTTP 404,404,2026-04-16T08:59:12+00:00
21225,21225/,https://national-football-teams.com/matches/report/21225/,HTTP 404,404,2026-04-16T08:59:12+00:00
21261,21261/,https://national-football-teams.com/matches/report/21261/,HTTP 404,404,2026-04-16T08:59:12+00:00
21262,21262/,https://national-football-teams.com/matches/report/21262/,HTTP 404,404,2026-04-16T08:59:12+00:00
21272,21272/,https://national-football-teams.com/matches/report/21272/,HTTP 404,404,2026-04-16T08:59:12+00:00
21273,21273/,https://national-football-teams.com/matches/report/21273/,HTTP 404,404,2026-04-16T08:59:13+00:00
21274,21274/,https://national-football-teams.com/matches/report/21274/,HTTP 404,404,2026-04-16T08:59:13+00:00
21275,21275/,https://national-football-teams.com/matches/report/21275/,HTTP 404,404,2026-04-16T08:59:13+00:00
21276,21276/,https://national-football-teams.com/matches/report/21276/,HTTP 404,404,2026-04-16T08:59:13+00:00
21277,21277/,https://national-football-teams.com/matches/report/21277/,HTTP 404,404,2026-04-16T08:59:13+00:00
21279,21279/,https://national-football-teams.com/matches/report/21279/,HTTP 404,404,2026-04-16T08:59:13+00:00
21280,21280/,https://national-football-teams.com/matches/report/21280/,HTTP 404,404,2026-04-16T08:59:13+00:00
21283,21283/,https://national-football-teams.com/matches/report/21283/,HTTP 404,404,2026-04-16T08:59:13+00:00
21296,21296/,https://national-football-teams.com/matches/report/21296/,HTTP 404,404,2026-04-16T08:59:13+00:00
21297,21297/,https://national-football-teams.com/matches/report/21297/,HTTP 404,404,2026-04-16T08:59:13+00:00
21298,21298/,https://national-football-teams.com/matches/report/21298/,HTTP 404,404,2026-04-16T08:59:13+00:00
21299,21299/,https://national-football-teams.com/matches/report/21299/,HTTP 404,404,2026-04-16T08:59:13+00:00
21300,21300/,https://national-football-teams.com/matches/report/21300/,HTTP 404,404,2026-04-16T08:59:13+00:00
21301,21301/,https://national-football-teams.com/matches/report/21301/,HTTP 404,404,2026-04-16T08:59:13+00:00
21302,21302/,https://national-football-teams.com/matches/report/21302/,HTTP 404,404,2026-04-16T08:59:13+00:00
21303,21303/,https://national-football-teams.com/matches/report/21303/,HTTP 404,404,2026-04-16T08:59:13+00:00
21304,21304/,https://national-football-teams.com/matches/report/21304/,HTTP 404,404,2026-04-16T08:59:13+00:00
21305,21305/,https://national-football-teams.com/matches/report/21305/,HTTP 404,404,2026-04-16T08:59:13+00:00
21306,21306/,https://national-football-teams.com/matches/report/21306/,HTTP 404,404,2026-04-16T08:59:13+00:00
21307,21307/,https://national-football-teams.com/matches/report/21307/,HTTP 404,404,2026-04-16T08:59:13+00:00
21308,21308/,https://national-football-teams.com/matches/report/21308/,HTTP 404,404,2026-04-16T08:59:14+00:00
21309,21309/,https://national-football-teams.com/matches/report/21309/,HTTP 404,404,2026-04-16T08:59:14+00:00
21310,21310/,https://national-football-teams.com/matches/report/21310/,HTTP 404,404,2026-04-16T08:59:14+00:00
21311,21311/,https://national-football-teams.com/matches/report/21311/,HTTP 404,404,2026-04-16T08:59:14+00:00
21312,21312/,https://national-football-teams.com/matches/report/21312/,HTTP 404,404,2026-04-16T08:59:14+00:00
21313,21313/,https://national-football-teams.com/matches/report/21313/,HTTP 404,404,2026-04-16T08:59:14+00:00
21314,21314/,https://national-football-teams.com/matches/report/21314/,HTTP 404,404,2026-04-16T08:59:14+00:00
21315,21315/,https://national-football-teams.com/matches/report/21315/,HTTP 404,404,2026-04-16T08:59:14+00:00
21316,21316/,https://national-football-teams.com/matches/report/21316/,HTTP 404,404,2026-04-16T08:59:14+00:00
21317,21317/,https://national-football-teams.com/matches/report/21317/,HTTP 404,404,2026-04-16T08:59:14+00:00
21318,21318/,https://national-football-teams.com/matches/report/21318/,HTTP 404,404,2026-04-16T08:59:14+00:00
21319,21319/,https://national-football-teams.com/matches/report/21319/,HTTP 404,404,2026-04-16T08:59:14+00:00
21320,21320/,https://national-football-teams.com/matches/report/21320/,HTTP 404,404,2026-04-16T08:59:14+00:00
21321,21321/,https://national-football-teams.com/matches/report/21321/,HTTP 404,404,2026-04-16T08:59:14+00:00
21322,21322/,https://national-football-teams.com/matches/report/21322/,HTTP 404,404,2026-04-16T08:59:14+00:00
21323,21323/,https://national-football-teams.com/matches/report/21323/,HTTP 404,404,2026-04-16T08:59:14+00:00
21324,21324/,https://national-football-teams.com/matches/report/21324/,HTTP 404,404,2026-04-16T08:59:14+00:00
21325,21325/,https://national-football-teams.com/matches/report/21325/,HTTP 404,404,2026-04-16T08:59:14+00:00
21326,21326/,https://national-football-teams.com/matches/report/21326/,HTTP 404,404,2026-04-16T08:59:14+00:00
21327,21327/,https://national-football-teams.com/matches/report/21327/,HTTP 404,404,2026-04-16T08:59:14+00:00
21330,21330/,https://national-football-teams.com/matches/report/21330/,HTTP 404,404,2026-04-16T08:59:14+00:00
21367,21367/,https://national-football-teams.com/matches/report/21367/,HTTP 404,404,2026-04-16T08:59:14+00:00
21368,21368/,https://national-football-teams.com/matches/report/21368/,HTTP 404,404,2026-04-16T08:59:14+00:00
21369,21369/,https://national-football-teams.com/matches/report/21369/,HTTP 404,404,2026-04-16T08:59:14+00:00
21370,21370/,https://national-football-teams.com/matches/report/21370/,HTTP 404,404,2026-04-16T08:59:14+00:00
21371,21371/,https://national-football-teams.com/matches/report/21371/,HTTP 404,404,2026-04-16T08:59:15+00:00
21372,21372/,https://national-football-teams.com/matches/report/21372/,HTTP 404,404,2026-04-16T08:59:15+00:00
21373,21373/,https://national-football-teams.com/matches/report/21373/,HTTP 404,404,2026-04-16T08:59:15+00:00
21374,21374/,https://national-football-teams.com/matches/report/21374/,HTTP 404,404,2026-04-16T08:59:15+00:00
21375,21375/,https://national-football-teams.com/matches/report/21375/,HTTP 404,404,2026-04-16T08:59:15+00:00
21376,21376/,https://national-football-teams.com/matches/report/21376/,HTTP 404,404,2026-04-16T08:59:15+00:00
21377,21377/,https://national-football-teams.com/matches/report/21377/,HTTP 404,404,2026-04-16T08:59:15+00:00
21378,21378/,https://national-football-teams.com/matches/report/21378/,HTTP 404,404,2026-04-16T08:59:15+00:00
21379,21379/,https://national-football-teams.com/matches/report/21379/,HTTP 404,404,2026-04-16T08:59:15+00:00
21380,21380/,https://national-football-teams.com/matches/report/21380/,HTTP 404,404,2026-04-16T08:59:15+00:00
21381,21381/,https://national-football-teams.com/matches/report/21381/,HTTP 404,404,2026-04-16T08:59:15+00:00
21382,21382/,https://national-football-teams.com/matches/report/21382/,HTTP 404,404,2026-04-16T08:59:15+00:00
21383,21383/,https://national-football-teams.com/matches/report/21383/,HTTP 404,404,2026-04-16T08:59:15+00:00
21384,21384/,https://national-football-teams.com/matches/report/21384/,HTTP 404,404,2026-04-16T08:59:15+00:00
21385,21385/,https://national-football-teams.com/matches/report/21385/,HTTP 404,404,2026-04-16T08:59:15+00:00
21386,21386/,https://national-football-teams.com/matches/report/21386/,HTTP 404,404,2026-04-16T08:59:15+00:00
21408,21408/,https://national-football-teams.com/matches/report/21408/,HTTP 404,404,2026-04-16T08:59:15+00:00
21409,21409/,https://national-football-teams.com/matches/report/21409/,HTTP 404,404,2026-04-16T08:59:15+00:00
21419,21419/,https://national-football-teams.com/matches/report/21419/,HTTP 404,404,2026-04-16T08:59:15+00:00
21420,21420/,https://national-football-teams.com/matches/report/21420/,HTTP 404,404,2026-04-16T08:59:15+00:00
21421,21421/,https://national-football-teams.com/matches/report/21421/,HTTP 404,404,2026-04-16T08:59:16+00:00
21422,21422/,https://national-football-teams.com/matches/report/21422/,HTTP 404,404,2026-04-16T08:59:16+00:00
21423,21423/,https://national-football-teams.com/matches/report/21423/,HTTP 404,404,2026-04-16T08:59:16+00:00
21424,21424/,https://national-football-teams.com/matches/report/21424/,HTTP 404,404,2026-04-16T08:59:16+00:00
21425,21425/,https://national-football-teams.com/matches/report/21425/,HTTP 404,404,2026-04-16T08:59:16+00:00
21426,21426/,https://national-football-teams.com/matches/report/21426/,HTTP 404,404,2026-04-16T08:59:16+00:00
21427,21427/,https://national-football-teams.com/matches/report/21427/,HTTP 404,404,2026-04-16T08:59:16+00:00
21428,21428/,https://national-football-teams.com/matches/report/21428/,HTTP 404,404,2026-04-16T08:59:16+00:00
21429,21429/,https://national-football-teams.com/matches/report/21429/,HTTP 404,404,2026-04-16T08:59:16+00:00
21430,21430/,https://national-football-teams.com/matches/report/21430/,HTTP 404,404,2026-04-16T08:59:16+00:00
21431,21431/,https://national-football-teams.com/matches/report/21431/,HTTP 404,404,2026-04-16T08:59:16+00:00
21432,21432/,https://national-football-teams.com/matches/report/21432/,HTTP 404,404,2026-04-16T08:59:16+00:00
21433,21433/,https://national-football-teams.com/matches/report/21433/,HTTP 404,404,2026-04-16T08:59:16+00:00
21461,21461/,https://national-football-teams.com/matches/report/21461/,HTTP 404,404,2026-04-16T08:59:16+00:00
21462,21462/,https://national-football-teams.com/matches/report/21462/,HTTP 404,404,2026-04-16T08:59:16+00:00
21463,21463/,https://national-football-teams.com/matches/report/21463/,HTTP 404,404,2026-04-16T08:59:16+00:00
21464,21464/,https://national-football-teams.com/matches/report/21464/,HTTP 404,404,2026-04-16T08:59:16+00:00
21465,21465/,https://national-football-teams.com/matches/report/21465/,HTTP 404,404,2026-04-16T08:59:16+00:00
21466,21466/,https://national-football-teams.com/matches/report/21466/,HTTP 404,404,2026-04-16T08:59:16+00:00
21467,21467/,https://national-football-teams.com/matches/report/21467/,HTTP 404,404,2026-04-16T08:59:16+00:00
21468,21468/,https://national-football-teams.com/matches/report/21468/,HTTP 404,404,2026-04-16T08:59:16+00:00
21469,21469/,https://national-football-teams.com/matches/report/21469/,HTTP 404,404,2026-04-16T08:59:16+00:00
21470,21470/,https://national-football-teams.com/matches/report/21470/,HTTP 404,404,2026-04-16T08:59:16+00:00
2149,2149/,https://national-football-teams.com/matches/report/2149/,HTTP 404,404,2026-04-16T08:59:16+00:00
21498,21498/,https://national-football-teams.com/matches/report/21498/,HTTP 404,404,2026-04-16T08:59:16+00:00
21499,21499/,https://national-football-teams.com/matches/report/21499/,HTTP 404,404,2026-04-16T08:59:17+00:00
21500,21500/,https://national-football-teams.com/matches/report/21500/,HTTP 404,404,2026-04-16T08:59:17+00:00
21501,21501/,https://national-football-teams.com/matches/report/21501/,HTTP 404,404,2026-04-16T08:59:17+00:00
21502,21502/,https://national-football-teams.com/matches/report/21502/,HTTP 404,404,2026-04-16T08:59:17+00:00
21503,21503/,https://national-football-teams.com/matches/report/21503/,HTTP 404,404,2026-04-16T08:59:17+00:00
21504,21504/,https://national-football-teams.com/matches/report/21504/,HTTP 404,404,2026-04-16T08:59:17+00:00
21505,21505/,https://national-football-teams.com/matches/report/21505/,HTTP 404,404,2026-04-16T08:59:17+00:00
21506,21506/,https://national-football-teams.com/matches/report/21506/,HTTP 404,404,2026-04-16T08:59:17+00:00
21507,21507/,https://national-football-teams.com/matches/report/21507/,HTTP 404,404,2026-04-16T08:59:17+00:00
21508,21508/,https://national-football-teams.com/matches/report/21508/,HTTP 404,404,2026-04-16T08:59:17+00:00
21509,21509/,https://national-football-teams.com/matches/report/21509/,HTTP 404,404,2026-04-16T08:59:17+00:00
21510,21510/,https://national-football-teams.com/matches/report/21510/,HTTP 404,404,2026-04-16T08:59:17+00:00
2152,2152/,https://national-football-teams.com/matches/report/2152/,HTTP 404,404,2026-04-16T08:59:17+00:00
21539,21539/,https://national-football-teams.com/matches/report/21539/,HTTP 404,404,2026-04-16T08:59:17+00:00
2155,2155/,https://national-football-teams.com/matches/report/2155/,HTTP 404,404,2026-04-16T08:59:17+00:00
21552,21552/,https://national-football-teams.com/matches/report/21552/,HTTP 404,404,2026-04-16T08:59:17+00:00
21553,21553/,https://national-football-teams.com/matches/report/21553/,HTTP 404,404,2026-04-16T08:59:17+00:00
21554,21554/,https://national-football-teams.com/matches/report/21554/,HTTP 404,404,2026-04-16T08:59:17+00:00
21563,21563/,https://national-football-teams.com/matches/report/21563/,HTTP 404,404,2026-04-16T08:59:17+00:00
21564,21564/,https://national-football-teams.com/matches/report/21564/,HTTP 404,404,2026-04-16T08:59:17+00:00
21565,21565/,https://national-football-teams.com/matches/report/21565/,HTTP 404,404,2026-04-16T08:59:18+00:00
21566,21566/,https://national-football-teams.com/matches/report/21566/,HTTP 404,404,2026-04-16T08:59:18+00:00
21567,21567/,https://national-football-teams.com/matches/report/21567/,HTTP 404,404,2026-04-16T08:59:18+00:00
21568,21568/,https://national-football-teams.com/matches/report/21568/,HTTP 404,404,2026-04-16T08:59:18+00:00
21569,21569/,https://national-football-teams.com/matches/report/21569/,HTTP 404,404,2026-04-16T08:59:18+00:00
21570,21570/,https://national-football-teams.com/matches/report/21570/,HTTP 404,404,2026-04-16T08:59:18+00:00
21571,21571/,https://national-football-teams.com/matches/report/21571/,HTTP 404,404,2026-04-16T08:59:18+00:00
2158,2158/,https://national-football-teams.com/matches/report/2158/,HTTP 404,404,2026-04-16T08:59:18+00:00
21603,21603/,https://national-football-teams.com/matches/report/21603/,HTTP 404,404,2026-04-16T08:59:18+00:00
21604,21604/,https://national-football-teams.com/matches/report/21604/,HTTP 404,404,2026-04-16T08:59:18+00:00
21605,21605/,https://national-football-teams.com/matches/report/21605/,HTTP 404,404,2026-04-16T08:59:18+00:00
21606,21606/,https://national-football-teams.com/matches/report/21606/,HTTP 404,404,2026-04-16T08:59:18+00:00
21607,21607/,https://national-football-teams.com/matches/report/21607/,HTTP 404,404,2026-04-16T08:59:18+00:00
21608,21608/,https://national-football-teams.com/matches/report/21608/,HTTP 404,404,2026-04-16T08:59:18+00:00
21609,21609/,https://national-football-teams.com/matches/report/21609/,HTTP 404,404,2026-04-16T08:59:18+00:00
2161,2161/,https://national-football-teams.com/matches/report/2161/,HTTP 404,404,2026-04-16T08:59:18+00:00
21610,21610/,https://national-football-teams.com/matches/report/21610/,HTTP 404,404,2026-04-16T08:59:18+00:00
21611,21611/,https://national-football-teams.com/matches/report/21611/,HTTP 404,404,2026-04-16T08:59:18+00:00
21612,21612/,https://national-football-teams.com/matches/report/21612/,HTTP 404,404,2026-04-16T08:59:18+00:00
21613,21613/,https://national-football-teams.com/matches/report/21613/,HTTP 404,404,2026-04-16T08:59:18+00:00
21614,21614/,https://national-football-teams.com/matches/report/21614/,HTTP 404,404,2026-04-16T08:59:19+00:00
21615,21615/,https://national-football-teams.com/matches/report/21615/,HTTP 404,404,2026-04-16T08:59:19+00:00
21616,21616/,https://national-football-teams.com/matches/report/21616/,HTTP 404,404,2026-04-16T08:59:19+00:00
21617,21617/,https://national-football-teams.com/matches/report/21617/,HTTP 404,404,2026-04-16T08:59:19+00:00
2162,2162/,https://national-football-teams.com/matches/report/2162/,HTTP 404,404,2026-04-16T08:59:19+00:00
21632,21632/,https://national-football-teams.com/matches/report/21632/,HTTP 404,404,2026-04-16T08:59:19+00:00
21633,21633/,https://national-football-teams.com/matches/report/21633/,HTTP 404,404,2026-04-16T08:59:19+00:00
21634,21634/,https://national-football-teams.com/matches/report/21634/,HTTP 404,404,2026-04-16T08:59:19+00:00
21635,21635/,https://national-football-teams.com/matches/report/21635/,HTTP 404,404,2026-04-16T08:59:19+00:00
21636,21636/,https://national-football-teams.com/matches/report/21636/,HTTP 404,404,2026-04-16T08:59:19+00:00
21637,21637/,https://national-football-teams.com/matches/report/21637/,HTTP 404,404,2026-04-16T08:59:19+00:00
21638,21638/,https://national-football-teams.com/matches/report/21638/,HTTP 404,404,2026-04-16T08:59:19+00:00
21639,21639/,https://national-football-teams.com/matches/report/21639/,HTTP 404,404,2026-04-16T08:59:19+00:00
21640,21640/,https://national-football-teams.com/matches/report/21640/,HTTP 404,404,2026-04-16T08:59:19+00:00
21669,21669/,https://national-football-teams.com/matches/report/21669/,HTTP 404,404,2026-04-16T08:59:19+00:00
21676,21676/,https://national-football-teams.com/matches/report/21676/,HTTP 404,404,2026-04-16T08:59:19+00:00
21677,21677/,https://national-football-teams.com/matches/report/21677/,HTTP 404,404,2026-04-16T08:59:19+00:00
21678,21678/,https://national-football-teams.com/matches/report/21678/,HTTP 404,404,2026-04-16T08:59:19+00:00
21679,21679/,https://national-football-teams.com/matches/report/21679/,HTTP 404,404,2026-04-16T08:59:19+00:00
21699,21699/,https://national-football-teams.com/matches/report/21699/,HTTP 404,404,2026-04-16T08:59:19+00:00
21707,21707/,https://national-football-teams.com/matches/report/21707/,HTTP 404,404,2026-04-16T08:59:19+00:00
21708,21708/,https://national-football-teams.com/matches/report/21708/,HTTP 404,404,2026-04-16T08:59:19+00:00
21709,21709/,https://national-football-teams.com/matches/report/21709/,HTTP 404,404,2026-04-16T08:59:19+00:00
21710,21710/,https://national-football-teams.com/matches/report/21710/,HTTP 404,404,2026-04-16T08:59:19+00:00
21711,21711/,https://national-football-teams.com/matches/report/21711/,HTTP 404,404,2026-04-16T08:59:19+00:00
21712,21712/,https://national-football-teams.com/matches/report/21712/,HTTP 404,404,2026-04-16T08:59:20+00:00
21713,21713/,https://national-football-teams.com/matches/report/21713/,HTTP 404,404,2026-04-16T08:59:20+00:00
21714,21714/,https://national-football-teams.com/matches/report/21714/,HTTP 404,404,2026-04-16T08:59:20+00:00
21715,21715/,https://national-football-teams.com/matches/report/21715/,HTTP 404,404,2026-04-16T08:59:20+00:00
21717,21717/,https://national-football-teams.com/matches/report/21717/,HTTP 404,404,2026-04-16T08:59:20+00:00
21718,21718/,https://national-football-teams.com/matches/report/21718/,HTTP 404,404,2026-04-16T08:59:20+00:00
21728,21728/,https://national-football-teams.com/matches/report/21728/,HTTP 404,404,2026-04-16T08:59:20+00:00
21729,21729/,https://national-football-teams.com/matches/report/21729/,HTTP 404,404,2026-04-16T08:59:20+00:00
21730,21730/,https://national-football-teams.com/matches/report/21730/,HTTP 404,404,2026-04-16T08:59:20+00:00
21731,21731/,https://national-football-teams.com/matches/report/21731/,HTTP 404,404,2026-04-16T08:59:20+00:00
21732,21732/,https://national-football-teams.com/matches/report/21732/,HTTP 404,404,2026-04-16T08:59:21+00:00
21733,21733/,https://national-football-teams.com/matches/report/21733/,HTTP 404,404,2026-04-16T08:59:21+00:00
21753,21753/,https://national-football-teams.com/matches/report/21753/,HTTP 404,404,2026-04-16T08:59:21+00:00
21754,21754/,https://national-football-teams.com/matches/report/21754/,HTTP 404,404,2026-04-16T08:59:21+00:00
21755,21755/,https://national-football-teams.com/matches/report/21755/,HTTP 404,404,2026-04-16T08:59:21+00:00
21756,21756/,https://national-football-teams.com/matches/report/21756/,HTTP 404,404,2026-04-16T08:59:21+00:00
21757,21757/,https://national-football-teams.com/matches/report/21757/,HTTP 404,404,2026-04-16T08:59:21+00:00
21758,21758/,https://national-football-teams.com/matches/report/21758/,HTTP 404,404,2026-04-16T08:59:21+00:00
21759,21759/,https://national-football-teams.com/matches/report/21759/,HTTP 404,404,2026-04-16T08:59:21+00:00
21760,21760/,https://national-football-teams.com/matches/report/21760/,HTTP 404,404,2026-04-16T08:59:21+00:00
21785,21785/,https://national-football-teams.com/matches/report/21785/,HTTP 404,404,2026-04-16T08:59:21+00:00
21786,21786/,https://national-football-teams.com/matches/report/21786/,HTTP 404,404,2026-04-16T08:59:21+00:00
21787,21787/,https://national-football-teams.com/matches/report/21787/,HTTP 404,404,2026-04-16T08:59:21+00:00
21788,21788/,https://national-football-teams.com/matches/report/21788/,HTTP 404,404,2026-04-16T08:59:21+00:00
21789,21789/,https://national-football-teams.com/matches/report/21789/,HTTP 404,404,2026-04-16T08:59:21+00:00
21790,21790/,https://national-football-teams.com/matches/report/21790/,HTTP 404,404,2026-04-16T08:59:21+00:00
21791,21791/,https://national-football-teams.com/matches/report/21791/,HTTP 404,404,2026-04-16T08:59:21+00:00
21794,21794/,https://national-football-teams.com/matches/report/21794/,HTTP 404,404,2026-04-16T08:59:21+00:00
21795,21795/,https://national-football-teams.com/matches/report/21795/,HTTP 404,404,2026-04-16T08:59:21+00:00
21796,21796/,https://national-football-teams.com/matches/report/21796/,HTTP 404,404,2026-04-16T08:59:21+00:00
21797,21797/,https://national-football-teams.com/matches/report/21797/,HTTP 404,404,2026-04-16T08:59:22+00:00
21798,21798/,https://national-football-teams.com/matches/report/21798/,HTTP 404,404,2026-04-16T08:59:22+00:00
21799,21799/,https://national-football-teams.com/matches/report/21799/,HTTP 404,404,2026-04-16T08:59:22+00:00
21800,21800/,https://national-football-teams.com/matches/report/21800/,HTTP 404,404,2026-04-16T08:59:22+00:00
21801,21801/,https://national-football-teams.com/matches/report/21801/,HTTP 404,404,2026-04-16T08:59:22+00:00
21821,21821/,https://national-football-teams.com/matches/report/21821/,HTTP 404,404,2026-04-16T08:59:22+00:00
21822,21822/,https://national-football-teams.com/matches/report/21822/,HTTP 404,404,2026-04-16T08:59:22+00:00
21823,21823/,https://national-football-teams.com/matches/report/21823/,HTTP 404,404,2026-04-16T08:59:22+00:00
21824,21824/,https://national-football-teams.com/matches/report/21824/,HTTP 404,404,2026-04-16T08:59:22+00:00
21825,21825/,https://national-football-teams.com/matches/report/21825/,HTTP 404,404,2026-04-16T08:59:22+00:00
21826,21826/,https://national-football-teams.com/matches/report/21826/,HTTP 404,404,2026-04-16T08:59:22+00:00
21850,21850/,https://national-football-teams.com/matches/report/21850/,HTTP 404,404,2026-04-16T08:59:22+00:00
21851,21851/,https://national-football-teams.com/matches/report/21851/,HTTP 404,404,2026-04-16T08:59:22+00:00
21852,21852/,https://national-football-teams.com/matches/report/21852/,HTTP 404,404,2026-04-16T08:59:22+00:00
21853,21853/,https://national-football-teams.com/matches/report/21853/,HTTP 404,404,2026-04-16T08:59:22+00:00
21854,21854/,https://national-football-teams.com/matches/report/21854/,HTTP 404,404,2026-04-16T08:59:22+00:00
21855,21855/,https://national-football-teams.com/matches/report/21855/,HTTP 404,404,2026-04-16T08:59:22+00:00
21856,21856/,https://national-football-teams.com/matches/report/21856/,HTTP 404,404,2026-04-16T08:59:22+00:00
21857,21857/,https://national-football-teams.com/matches/report/21857/,HTTP 404,404,2026-04-16T08:59:22+00:00
21858,21858/,https://national-football-teams.com/matches/report/21858/,HTTP 404,404,2026-04-16T08:59:22+00:00
21859,21859/,https://national-football-teams.com/matches/report/21859/,HTTP 404,404,2026-04-16T08:59:23+00:00
21860,21860/,https://national-football-teams.com/matches/report/21860/,HTTP 404,404,2026-04-16T08:59:23+00:00
21861,21861/,https://national-football-teams.com/matches/report/21861/,HTTP 404,404,2026-04-16T08:59:23+00:00
21862,21862/,https://national-football-teams.com/matches/report/21862/,HTTP 404,404,2026-04-16T08:59:23+00:00
21866,21866/,https://national-football-teams.com/matches/report/21866/,HTTP 404,404,2026-04-16T08:59:23+00:00
21867,21867/,https://national-football-teams.com/matches/report/21867/,HTTP 404,404,2026-04-16T08:59:23+00:00
21878,21878/,https://national-football-teams.com/matches/report/21878/,HTTP 404,404,2026-04-16T08:59:23+00:00
21879,21879/,https://national-football-teams.com/matches/report/21879/,HTTP 404,404,2026-04-16T08:59:23+00:00
21897,21897/,https://national-football-teams.com/matches/report/21897/,HTTP 404,404,2026-04-16T08:59:23+00:00
21898,21898/,https://national-football-teams.com/matches/report/21898/,HTTP 404,404,2026-04-16T08:59:23+00:00
21899,21899/,https://national-football-teams.com/matches/report/21899/,HTTP 404,404,2026-04-16T08:59:23+00:00
21900,21900/,https://national-football-teams.com/matches/report/21900/,HTTP 404,404,2026-04-16T08:59:23+00:00
21901,21901/,https://national-football-teams.com/matches/report/21901/,HTTP 404,404,2026-04-16T08:59:23+00:00
21902,21902/,https://national-football-teams.com/matches/report/21902/,HTTP 404,404,2026-04-16T08:59:23+00:00
21903,21903/,https://national-football-teams.com/matches/report/21903/,HTTP 404,404,2026-04-16T08:59:23+00:00
21904,21904/,https://national-football-teams.com/matches/report/21904/,HTTP 404,404,2026-04-16T08:59:23+00:00
21917,21917/,https://national-football-teams.com/matches/report/21917/,HTTP 404,404,2026-04-16T08:59:23+00:00
21918,21918/,https://national-football-teams.com/matches/report/21918/,HTTP 404,404,2026-04-16T08:59:23+00:00
21919,21919/,https://national-football-teams.com/matches/report/21919/,HTTP 404,404,2026-04-16T08:59:23+00:00
21920,21920/,https://national-football-teams.com/matches/report/21920/,HTTP 404,404,2026-04-16T08:59:23+00:00
21933,21933/,https://national-football-teams.com/matches/report/21933/,HTTP 404,404,2026-04-16T08:59:23+00:00
21934,21934/,https://national-football-teams.com/matches/report/21934/,HTTP 404,404,2026-04-16T08:59:23+00:00
21935,21935/,https://national-football-teams.com/matches/report/21935/,HTTP 404,404,2026-04-16T08:59:23+00:00
21936,21936/,https://national-football-teams.com/matches/report/21936/,HTTP 404,404,2026-04-16T08:59:23+00:00
21938,21938/,https://national-football-teams.com/matches/report/21938/,HTTP 404,404,2026-04-16T08:59:23+00:00
21939,21939/,https://national-football-teams.com/matches/report/21939/,HTTP 404,404,2026-04-16T08:59:24+00:00
21940,21940/,https://national-football-teams.com/matches/report/21940/,HTTP 404,404,2026-04-16T08:59:24+00:00
21941,21941/,https://national-football-teams.com/matches/report/21941/,HTTP 404,404,2026-04-16T08:59:24+00:00
2196,2196/,https://national-football-teams.com/matches/report/2196/,HTTP 404,404,2026-04-16T08:59:24+00:00
2198,2198/,https://national-football-teams.com/matches/report/2198/,HTTP 404,404,2026-04-16T08:59:24+00:00
21985,21985/,https://national-football-teams.com/matches/report/21985/,HTTP 404,404,2026-04-16T08:59:24+00:00
21986,21986/,https://national-football-teams.com/matches/report/21986/,HTTP 404,404,2026-04-16T08:59:24+00:00
21987,21987/,https://national-football-teams.com/matches/report/21987/,HTTP 404,404,2026-04-16T08:59:24+00:00
21988,21988/,https://national-football-teams.com/matches/report/21988/,HTTP 404,404,2026-04-16T08:59:24+00:00
21989,21989/,https://national-football-teams.com/matches/report/21989/,HTTP 404,404,2026-04-16T08:59:24+00:00
2199,2199/,https://national-football-teams.com/matches/report/2199/,HTTP 404,404,2026-04-16T08:59:24+00:00
21990,21990/,https://national-football-teams.com/matches/report/21990/,HTTP 404,404,2026-04-16T08:59:24+00:00
21991,21991/,https://national-football-teams.com/matches/report/21991/,HTTP 404,404,2026-04-16T08:59:24+00:00
21992,21992/,https://national-football-teams.com/matches/report/21992/,HTTP 404,404,2026-04-16T08:59:24+00:00
21998,21998/,https://national-football-teams.com/matches/report/21998/,HTTP 404,404,2026-04-16T08:59:24+00:00
21999,21999/,https://national-football-teams.com/matches/report/21999/,HTTP 404,404,2026-04-16T08:59:24+00:00
22,22/,https://national-football-teams.com/matches/report/22/,HTTP 404,404,2026-04-16T08:59:24+00:00
22000,22000/,https://national-football-teams.com/matches/report/22000/,HTTP 404,404,2026-04-16T08:59:24+00:00
22001,22001/,https://national-football-teams.com/matches/report/22001/,HTTP 404,404,2026-04-16T08:59:24+00:00
22007,22007/,https://national-football-teams.com/matches/report/22007/,HTTP 404,404,2026-04-16T08:59:24+00:00
22008,22008/,https://national-football-teams.com/matches/report/22008/,HTTP 404,404,2026-04-16T08:59:25+00:00
22015,22015/,https://national-football-teams.com/matches/report/22015/,HTTP 404,404,2026-04-16T08:59:25+00:00
22016,22016/,https://national-football-teams.com/matches/report/22016/,HTTP 404,404,2026-04-16T08:59:25+00:00
22020,22020/,https://national-football-teams.com/matches/report/22020/,HTTP 404,404,2026-04-16T08:59:25+00:00
22022,22022/,https://national-football-teams.com/matches/report/22022/,HTTP 404,404,2026-04-16T08:59:25+00:00
22023,22023/,https://national-football-teams.com/matches/report/22023/,HTTP 404,404,2026-04-16T08:59:25+00:00
22024,22024/,https://national-football-teams.com/matches/report/22024/,HTTP 404,404,2026-04-16T08:59:25+00:00
22025,22025/,https://national-football-teams.com/matches/report/22025/,HTTP 404,404,2026-04-16T08:59:25+00:00
22026,22026/,https://national-football-teams.com/matches/report/22026/,HTTP 404,404,2026-04-16T08:59:25+00:00
22028,22028/,https://national-football-teams.com/matches/report/22028/,HTTP 404,404,2026-04-16T08:59:25+00:00
22029,22029/,https://national-football-teams.com/matches/report/22029/,HTTP 404,404,2026-04-16T08:59:25+00:00
22030,22030/,https://national-football-teams.com/matches/report/22030/,HTTP 404,404,2026-04-16T08:59:25+00:00
22031,22031/,https://national-football-teams.com/matches/report/22031/,HTTP 404,404,2026-04-16T08:59:25+00:00
22057,22057/,https://national-football-teams.com/matches/report/22057/,HTTP 404,404,2026-04-16T08:59:25+00:00
22058,22058/,https://national-football-teams.com/matches/report/22058/,HTTP 404,404,2026-04-16T08:59:25+00:00
22063,22063/,https://national-football-teams.com/matches/report/22063/,HTTP 404,404,2026-04-16T08:59:25+00:00
22066,22066/,https://national-football-teams.com/matches/report/22066/,HTTP 404,404,2026-04-16T08:59:25+00:00
2207,2207/,https://national-football-teams.com/matches/report/2207/,HTTP 404,404,2026-04-16T08:59:25+00:00
22073,22073/,https://national-football-teams.com/matches/report/22073/,HTTP 404,404,2026-04-16T08:59:25+00:00
22074,22074/,https://national-football-teams.com/matches/report/22074/,HTTP 404,404,2026-04-16T08:59:25+00:00
22075,22075/,https://national-football-teams.com/matches/report/22075/,HTTP 404,404,2026-04-16T08:59:26+00:00
22076,22076/,https://national-football-teams.com/matches/report/22076/,HTTP 404,404,2026-04-16T08:59:26+00:00
22081,22081/,https://national-football-teams.com/matches/report/22081/,HTTP 404,404,2026-04-16T08:59:26+00:00
22082,22082/,https://national-football-teams.com/matches/report/22082/,HTTP 404,404,2026-04-16T08:59:26+00:00
22083,22083/,https://national-football-teams.com/matches/report/22083/,HTTP 404,404,2026-04-16T08:59:26+00:00
22086,22086/,https://national-football-teams.com/matches/report/22086/,HTTP 404,404,2026-04-16T08:59:26+00:00
22087,22087/,https://national-football-teams.com/matches/report/22087/,HTTP 404,404,2026-04-16T08:59:26+00:00
22088,22088/,https://national-football-teams.com/matches/report/22088/,HTTP 404,404,2026-04-16T08:59:26+00:00
22089,22089/,https://national-football-teams.com/matches/report/22089/,HTTP 404,404,2026-04-16T08:59:26+00:00
22096,22096/,https://national-football-teams.com/matches/report/22096/,HTTP 404,404,2026-04-16T08:59:26+00:00
22097,22097/,https://national-football-teams.com/matches/report/22097/,HTTP 404,404,2026-04-16T08:59:26+00:00
2210,2210/,https://national-football-teams.com/matches/report/2210/,HTTP 404,404,2026-04-16T08:59:26+00:00
22103,22103/,https://national-football-teams.com/matches/report/22103/,HTTP 404,404,2026-04-16T08:59:26+00:00
22104,22104/,https://national-football-teams.com/matches/report/22104/,HTTP 404,404,2026-04-16T08:59:26+00:00
22105,22105/,https://national-football-teams.com/matches/report/22105/,HTTP 404,404,2026-04-16T08:59:26+00:00
22107,22107/,https://national-football-teams.com/matches/report/22107/,HTTP 404,404,2026-04-16T08:59:26+00:00
22108,22108/,https://national-football-teams.com/matches/report/22108/,HTTP 404,404,2026-04-16T08:59:26+00:00
22110,22110/,https://national-football-teams.com/matches/report/22110/,HTTP 404,404,2026-04-16T08:59:26+00:00
22111,22111/,https://national-football-teams.com/matches/report/22111/,HTTP 404,404,2026-04-16T08:59:26+00:00
22119,22119/,https://national-football-teams.com/matches/report/22119/,HTTP 404,404,2026-04-16T08:59:26+00:00
2212,2212/,https://national-football-teams.com/matches/report/2212/,HTTP 404,404,2026-04-16T08:59:26+00:00
22138,22138/,https://national-football-teams.com/matches/report/22138/,HTTP 404,404,2026-04-16T08:59:26+00:00
2214,2214/,https://national-football-teams.com/matches/report/2214/,HTTP 404,404,2026-04-16T08:59:26+00:00
2215,2215/,https://national-football-teams.com/matches/report/2215/,HTTP 404,404,2026-04-16T08:59:26+00:00
22159,22159/,https://national-football-teams.com/matches/report/22159/,HTTP 404,404,2026-04-16T08:59:26+00:00
22163,22163/,https://national-football-teams.com/matches/report/22163/,HTTP 404,404,2026-04-16T08:59:27+00:00
22165,22165/,https://national-football-teams.com/matches/report/22165/,HTTP 404,404,2026-04-16T08:59:27+00:00
22168,22168/,https://national-football-teams.com/matches/report/22168/,HTTP 404,404,2026-04-16T08:59:27+00:00
2217,2217/,https://national-football-teams.com/matches/report/2217/,HTTP 404,404,2026-04-16T08:59:27+00:00
22180,22180/,https://national-football-teams.com/matches/report/22180/,HTTP 404,404,2026-04-16T08:59:27+00:00
22185,22185/,https://national-football-teams.com/matches/report/22185/,HTTP 404,404,2026-04-16T08:59:27+00:00
22213,22213/,https://national-football-teams.com/matches/report/22213/,HTTP 404,404,2026-04-16T08:59:27+00:00
22214,22214/,https://national-football-teams.com/matches/report/22214/,HTTP 404,404,2026-04-16T08:59:27+00:00
22215,22215/,https://national-football-teams.com/matches/report/22215/,HTTP 404,404,2026-04-16T08:59:27+00:00
22216,22216/,https://national-football-teams.com/matches/report/22216/,HTTP 404,404,2026-04-16T08:59:27+00:00
22217,22217/,https://national-football-teams.com/matches/report/22217/,HTTP 404,404,2026-04-16T08:59:27+00:00
22218,22218/,https://national-football-teams.com/matches/report/22218/,HTTP 404,404,2026-04-16T08:59:27+00:00
22219,22219/,https://national-football-teams.com/matches/report/22219/,HTTP 404,404,2026-04-16T08:59:27+00:00
22220,22220/,https://national-football-teams.com/matches/report/22220/,HTTP 404,404,2026-04-16T08:59:27+00:00
22221,22221/,https://national-football-teams.com/matches/report/22221/,HTTP 404,404,2026-04-16T08:59:27+00:00
22222,22222/,https://national-football-teams.com/matches/report/22222/,HTTP 404,404,2026-04-16T08:59:27+00:00
22223,22223/,https://national-football-teams.com/matches/report/22223/,HTTP 404,404,2026-04-16T08:59:27+00:00
22248,22248/,https://national-football-teams.com/matches/report/22248/,HTTP 404,404,2026-04-16T08:59:27+00:00
22249,22249/,https://national-football-teams.com/matches/report/22249/,HTTP 404,404,2026-04-16T08:59:27+00:00
22250,22250/,https://national-football-teams.com/matches/report/22250/,HTTP 404,404,2026-04-16T08:59:27+00:00
22251,22251/,https://national-football-teams.com/matches/report/22251/,HTTP 404,404,2026-04-16T08:59:28+00:00
22252,22252/,https://national-football-teams.com/matches/report/22252/,HTTP 404,404,2026-04-16T08:59:28+00:00
22253,22253/,https://national-football-teams.com/matches/report/22253/,HTTP 404,404,2026-04-16T08:59:28+00:00
22254,22254/,https://national-football-teams.com/matches/report/22254/,HTTP 404,404,2026-04-16T08:59:28+00:00
22255,22255/,https://national-football-teams.com/matches/report/22255/,HTTP 404,404,2026-04-16T08:59:28+00:00
22256,22256/,https://national-football-teams.com/matches/report/22256/,HTTP 404,404,2026-04-16T08:59:28+00:00
22257,22257/,https://national-football-teams.com/matches/report/22257/,HTTP 404,404,2026-04-16T08:59:28+00:00
22258,22258/,https://national-football-teams.com/matches/report/22258/,HTTP 404,404,2026-04-16T08:59:28+00:00
22259,22259/,https://national-football-teams.com/matches/report/22259/,HTTP 404,404,2026-04-16T08:59:28+00:00
2226,2226/,https://national-football-teams.com/matches/report/2226/,HTTP 404,404,2026-04-16T08:59:28+00:00
22260,22260/,https://national-football-teams.com/matches/report/22260/,HTTP 404,404,2026-04-16T08:59:28+00:00
22261,22261/,https://national-football-teams.com/matches/report/22261/,HTTP 404,404,2026-04-16T08:59:28+00:00
22262,22262/,https://national-football-teams.com/matches/report/22262/,HTTP 404,404,2026-04-16T08:59:28+00:00
2228,2228/,https://national-football-teams.com/matches/report/2228/,HTTP 404,404,2026-04-16T08:59:28+00:00
22285,22285/,https://national-football-teams.com/matches/report/22285/,HTTP 404,404,2026-04-16T08:59:28+00:00
22286,22286/,https://national-football-teams.com/matches/report/22286/,HTTP 404,404,2026-04-16T08:59:28+00:00
22287,22287/,https://national-football-teams.com/matches/report/22287/,HTTP 404,404,2026-04-16T08:59:28+00:00
22288,22288/,https://national-football-teams.com/matches/report/22288/,HTTP 404,404,2026-04-16T08:59:28+00:00
22289,22289/,https://national-football-teams.com/matches/report/22289/,HTTP 404,404,2026-04-16T08:59:28+00:00
22290,22290/,https://national-football-teams.com/matches/report/22290/,HTTP 404,404,2026-04-16T08:59:28+00:00
22291,22291/,https://national-football-teams.com/matches/report/22291/,HTTP 404,404,2026-04-16T08:59:28+00:00
22292,22292/,https://national-football-teams.com/matches/report/22292/,HTTP 404,404,2026-04-16T08:59:28+00:00
22293,22293/,https://national-football-teams.com/matches/report/22293/,HTTP 404,404,2026-04-16T08:59:28+00:00
22294,22294/,https://national-football-teams.com/matches/report/22294/,HTTP 404,404,2026-04-16T08:59:28+00:00
22295,22295/,https://national-football-teams.com/matches/report/22295/,HTTP 404,404,2026-04-16T08:59:28+00:00
22296,22296/,https://national-football-teams.com/matches/report/22296/,HTTP 404,404,2026-04-16T08:59:29+00:00
2230,2230/,https://national-football-teams.com/matches/report/2230/,HTTP 404,404,2026-04-16T08:59:29+00:00
22324,22324/,https://national-football-teams.com/matches/report/22324/,HTTP 404,404,2026-04-16T08:59:29+00:00
22331,22331/,https://national-football-teams.com/matches/report/22331/,HTTP 404,404,2026-04-16T08:59:29+00:00
22332,22332/,https://national-football-teams.com/matches/report/22332/,HTTP 404,404,2026-04-16T08:59:29+00:00
22333,22333/,https://national-football-teams.com/matches/report/22333/,HTTP 404,404,2026-04-16T08:59:29+00:00
22334,22334/,https://national-football-teams.com/matches/report/22334/,HTTP 404,404,2026-04-16T08:59:29+00:00
22335,22335/,https://national-football-teams.com/matches/report/22335/,HTTP 404,404,2026-04-16T08:59:29+00:00
22336,22336/,https://national-football-teams.com/matches/report/22336/,HTTP 404,404,2026-04-16T08:59:29+00:00
22337,22337/,https://national-football-teams.com/matches/report/22337/,HTTP 404,404,2026-04-16T08:59:29+00:00
22338,22338/,https://national-football-teams.com/matches/report/22338/,HTTP 404,404,2026-04-16T08:59:29+00:00
22339,22339/,https://national-football-teams.com/matches/report/22339/,HTTP 404,404,2026-04-16T08:59:29+00:00
22340,22340/,https://national-football-teams.com/matches/report/22340/,HTTP 404,404,2026-04-16T08:59:29+00:00
22341,22341/,https://national-football-teams.com/matches/report/22341/,HTTP 404,404,2026-04-16T08:59:29+00:00
22342,22342/,https://national-football-teams.com/matches/report/22342/,HTTP 404,404,2026-04-16T08:59:29+00:00
22349,22349/,https://national-football-teams.com/matches/report/22349/,HTTP 404,404,2026-04-16T08:59:29+00:00
22350,22350/,https://national-football-teams.com/matches/report/22350/,HTTP 404,404,2026-04-16T08:59:29+00:00
22351,22351/,https://national-football-teams.com/matches/report/22351/,HTTP 404,404,2026-04-16T08:59:29+00:00
22352,22352/,https://national-football-teams.com/matches/report/22352/,HTTP 404,404,2026-04-16T08:59:29+00:00
22353,22353/,https://national-football-teams.com/matches/report/22353/,HTTP 404,404,2026-04-16T08:59:29+00:00
22354,22354/,https://national-football-teams.com/matches/report/22354/,HTTP 404,404,2026-04-16T08:59:30+00:00
22355,22355/,https://national-football-teams.com/matches/report/22355/,HTTP 404,404,2026-04-16T08:59:30+00:00
22356,22356/,https://national-football-teams.com/matches/report/22356/,HTTP 404,404,2026-04-16T08:59:30+00:00
2237,2237/,https://national-football-teams.com/matches/report/2237/,HTTP 404,404,2026-04-16T08:59:30+00:00
22386,22386/,https://national-football-teams.com/matches/report/22386/,HTTP 404,404,2026-04-16T08:59:30+00:00
22387,22387/,https://national-football-teams.com/matches/report/22387/,HTTP 404,404,2026-04-16T08:59:30+00:00
22388,22388/,https://national-football-teams.com/matches/report/22388/,HTTP 404,404,2026-04-16T08:59:30+00:00
22412,22412/,https://national-football-teams.com/matches/report/22412/,HTTP 404,404,2026-04-16T08:59:30+00:00
22413,22413/,https://national-football-teams.com/matches/report/22413/,HTTP 404,404,2026-04-16T08:59:30+00:00
22414,22414/,https://national-football-teams.com/matches/report/22414/,HTTP 404,404,2026-04-16T08:59:30+00:00
22415,22415/,https://national-football-teams.com/matches/report/22415/,HTTP 404,404,2026-04-16T08:59:30+00:00
22416,22416/,https://national-football-teams.com/matches/report/22416/,HTTP 404,404,2026-04-16T08:59:30+00:00
22417,22417/,https://national-football-teams.com/matches/report/22417/,HTTP 404,404,2026-04-16T08:59:30+00:00
22418,22418/,https://national-football-teams.com/matches/report/22418/,HTTP 404,404,2026-04-16T08:59:30+00:00
22419,22419/,https://national-football-teams.com/matches/report/22419/,HTTP 404,404,2026-04-16T08:59:30+00:00
2242,2242/,https://national-football-teams.com/matches/report/2242/,HTTP 404,404,2026-04-16T08:59:30+00:00
22420,22420/,https://national-football-teams.com/matches/report/22420/,HTTP 404,404,2026-04-16T08:59:30+00:00
22443,22443/,https://national-football-teams.com/matches/report/22443/,HTTP 404,404,2026-04-16T08:59:30+00:00
22444,22444/,https://national-football-teams.com/matches/report/22444/,HTTP 404,404,2026-04-16T08:59:30+00:00
22445,22445/,https://national-football-teams.com/matches/report/22445/,HTTP 404,404,2026-04-16T08:59:30+00:00
22446,22446/,https://national-football-teams.com/matches/report/22446/,HTTP 404,404,2026-04-16T08:59:30+00:00
22447,22447/,https://national-football-teams.com/matches/report/22447/,HTTP 404,404,2026-04-16T08:59:30+00:00
22470,22470/,https://national-football-teams.com/matches/report/22470/,HTTP 404,404,2026-04-16T08:59:30+00:00
22471,22471/,https://national-football-teams.com/matches/report/22471/,HTTP 404,404,2026-04-16T08:59:30+00:00
22472,22472/,https://national-football-teams.com/matches/report/22472/,HTTP 404,404,2026-04-16T08:59:30+00:00
22473,22473/,https://national-football-teams.com/matches/report/22473/,HTTP 404,404,2026-04-16T08:59:31+00:00
22474,22474/,https://national-football-teams.com/matches/report/22474/,HTTP 404,404,2026-04-16T08:59:31+00:00
22475,22475/,https://national-football-teams.com/matches/report/22475/,HTTP 404,404,2026-04-16T08:59:31+00:00
22507,22507/,https://national-football-teams.com/matches/report/22507/,HTTP 404,404,2026-04-16T08:59:31+00:00
22522,22522/,https://national-football-teams.com/matches/report/22522/,HTTP 404,404,2026-04-16T08:59:31+00:00
22523,22523/,https://national-football-teams.com/matches/report/22523/,HTTP 404,404,2026-04-16T08:59:31+00:00
22526,22526/,https://national-football-teams.com/matches/report/22526/,HTTP 404,404,2026-04-16T08:59:31+00:00
22527,22527/,https://national-football-teams.com/matches/report/22527/,HTTP 404,404,2026-04-16T08:59:31+00:00
22528,22528/,https://national-football-teams.com/matches/report/22528/,HTTP 404,404,2026-04-16T08:59:31+00:00
22539,22539/,https://national-football-teams.com/matches/report/22539/,HTTP 404,404,2026-04-16T08:59:31+00:00
22544,22544/,https://national-football-teams.com/matches/report/22544/,HTTP 404,404,2026-04-16T08:59:31+00:00
22562,22562/,https://national-football-teams.com/matches/report/22562/,HTTP 404,404,2026-04-16T08:59:31+00:00
22564,22564/,https://national-football-teams.com/matches/report/22564/,HTTP 404,404,2026-04-16T08:59:31+00:00
22565,22565/,https://national-football-teams.com/matches/report/22565/,HTTP 404,404,2026-04-16T08:59:31+00:00
22594,22594/,https://national-football-teams.com/matches/report/22594/,HTTP 404,404,2026-04-16T08:59:31+00:00
22606,22606/,https://national-football-teams.com/matches/report/22606/,HTTP 404,404,2026-04-16T08:59:31+00:00
22607,22607/,https://national-football-teams.com/matches/report/22607/,HTTP 404,404,2026-04-16T08:59:31+00:00
22622,22622/,https://national-football-teams.com/matches/report/22622/,HTTP 404,404,2026-04-16T08:59:31+00:00
22630,22630/,https://national-football-teams.com/matches/report/22630/,HTTP 404,404,2026-04-16T08:59:31+00:00
22632,22632/,https://national-football-teams.com/matches/report/22632/,HTTP 404,404,2026-04-16T08:59:31+00:00
22633,22633/,https://national-football-teams.com/matches/report/22633/,HTTP 404,404,2026-04-16T08:59:32+00:00
22634,22634/,https://national-football-teams.com/matches/report/22634/,HTTP 404,404,2026-04-16T08:59:32+00:00
22635,22635/,https://national-football-teams.com/matches/report/22635/,HTTP 404,404,2026-04-16T08:59:32+00:00
22644,22644/,https://national-football-teams.com/matches/report/22644/,HTTP 404,404,2026-04-16T08:59:32+00:00
22645,22645/,https://national-football-teams.com/matches/report/22645/,HTTP 404,404,2026-04-16T08:59:32+00:00
22646,22646/,https://national-football-teams.com/matches/report/22646/,HTTP 404,404,2026-04-16T08:59:32+00:00
22647,22647/,https://national-football-teams.com/matches/report/22647/,HTTP 404,404,2026-04-16T08:59:32+00:00
22669,22669/,https://national-football-teams.com/matches/report/22669/,HTTP 404,404,2026-04-16T08:59:32+00:00
22670,22670/,https://national-football-teams.com/matches/report/22670/,HTTP 404,404,2026-04-16T08:59:32+00:00
22671,22671/,https://national-football-teams.com/matches/report/22671/,HTTP 404,404,2026-04-16T08:59:32+00:00
22692,22692/,https://national-football-teams.com/matches/report/22692/,HTTP 404,404,2026-04-16T08:59:32+00:00
22693,22693/,https://national-football-teams.com/matches/report/22693/,HTTP 404,404,2026-04-16T08:59:32+00:00
22694,22694/,https://national-football-teams.com/matches/report/22694/,HTTP 404,404,2026-04-16T08:59:32+00:00
22695,22695/,https://national-football-teams.com/matches/report/22695/,HTTP 404,404,2026-04-16T08:59:32+00:00
22696,22696/,https://national-football-teams.com/matches/report/22696/,HTTP 404,404,2026-04-16T08:59:32+00:00
22697,22697/,https://national-football-teams.com/matches/report/22697/,HTTP 404,404,2026-04-16T08:59:32+00:00
22698,22698/,https://national-football-teams.com/matches/report/22698/,HTTP 404,404,2026-04-16T08:59:32+00:00
22699,22699/,https://national-football-teams.com/matches/report/22699/,HTTP 404,404,2026-04-16T08:59:32+00:00
22700,22700/,https://national-football-teams.com/matches/report/22700/,HTTP 404,404,2026-04-16T08:59:32+00:00
22701,22701/,https://national-football-teams.com/matches/report/22701/,HTTP 404,404,2026-04-16T08:59:32+00:00
22702,22702/,https://national-football-teams.com/matches/report/22702/,HTTP 404,404,2026-04-16T08:59:32+00:00
22703,22703/,https://national-football-teams.com/matches/report/22703/,HTTP 404,404,2026-04-16T08:59:32+00:00
22704,22704/,https://national-football-teams.com/matches/report/22704/,HTTP 404,404,2026-04-16T08:59:32+00:00
22705,22705/,https://national-football-teams.com/matches/report/22705/,HTTP 404,404,2026-04-16T08:59:32+00:00
22722,22722/,https://national-football-teams.com/matches/report/22722/,HTTP 404,404,2026-04-16T08:59:32+00:00
22723,22723/,https://national-football-teams.com/matches/report/22723/,HTTP 404,404,2026-04-16T08:59:33+00:00
22724,22724/,https://national-football-teams.com/matches/report/22724/,HTTP 404,404,2026-04-16T08:59:33+00:00
22725,22725/,https://national-football-teams.com/matches/report/22725/,HTTP 404,404,2026-04-16T08:59:33+00:00
22726,22726/,https://national-football-teams.com/matches/report/22726/,HTTP 404,404,2026-04-16T08:59:33+00:00
22727,22727/,https://national-football-teams.com/matches/report/22727/,HTTP 404,404,2026-04-16T08:59:33+00:00
22728,22728/,https://national-football-teams.com/matches/report/22728/,HTTP 404,404,2026-04-16T08:59:33+00:00
22729,22729/,https://national-football-teams.com/matches/report/22729/,HTTP 404,404,2026-04-16T08:59:33+00:00
22766,22766/,https://national-football-teams.com/matches/report/22766/,HTTP 404,404,2026-04-16T08:59:33+00:00
22767,22767/,https://national-football-teams.com/matches/report/22767/,HTTP 404,404,2026-04-16T08:59:33+00:00
22768,22768/,https://national-football-teams.com/matches/report/22768/,HTTP 404,404,2026-04-16T08:59:33+00:00
22788,22788/,https://national-football-teams.com/matches/report/22788/,HTTP 404,404,2026-04-16T08:59:33+00:00
22789,22789/,https://national-football-teams.com/matches/report/22789/,HTTP 404,404,2026-04-16T08:59:33+00:00
22790,22790/,https://national-football-teams.com/matches/report/22790/,HTTP 404,404,2026-04-16T08:59:33+00:00
22791,22791/,https://national-football-teams.com/matches/report/22791/,HTTP 404,404,2026-04-16T08:59:33+00:00
22792,22792/,https://national-football-teams.com/matches/report/22792/,HTTP 404,404,2026-04-16T08:59:33+00:00
22793,22793/,https://national-football-teams.com/matches/report/22793/,HTTP 404,404,2026-04-16T08:59:33+00:00
22794,22794/,https://national-football-teams.com/matches/report/22794/,HTTP 404,404,2026-04-16T08:59:33+00:00
22795,22795/,https://national-football-teams.com/matches/report/22795/,HTTP 404,404,2026-04-16T08:59:33+00:00
22815,22815/,https://national-football-teams.com/matches/report/22815/,HTTP 404,404,2026-04-16T08:59:33+00:00
22816,22816/,https://national-football-teams.com/matches/report/22816/,HTTP 404,404,2026-04-16T08:59:33+00:00
22833,22833/,https://national-football-teams.com/matches/report/22833/,HTTP 404,404,2026-04-16T08:59:34+00:00
22834,22834/,https://national-football-teams.com/matches/report/22834/,HTTP 404,404,2026-04-16T08:59:34+00:00
22835,22835/,https://national-football-teams.com/matches/report/22835/,HTTP 404,404,2026-04-16T08:59:34+00:00
22861,22861/,https://national-football-teams.com/matches/report/22861/,HTTP 404,404,2026-04-16T08:59:34+00:00
22862,22862/,https://national-football-teams.com/matches/report/22862/,HTTP 404,404,2026-04-16T08:59:34+00:00
22863,22863/,https://national-football-teams.com/matches/report/22863/,HTTP 404,404,2026-04-16T08:59:34+00:00
22864,22864/,https://national-football-teams.com/matches/report/22864/,HTTP 404,404,2026-04-16T08:59:34+00:00
22885,22885/,https://national-football-teams.com/matches/report/22885/,HTTP 404,404,2026-04-16T08:59:34+00:00
22886,22886/,https://national-football-teams.com/matches/report/22886/,HTTP 404,404,2026-04-16T08:59:34+00:00
22887,22887/,https://national-football-teams.com/matches/report/22887/,HTTP 404,404,2026-04-16T08:59:34+00:00
22888,22888/,https://national-football-teams.com/matches/report/22888/,HTTP 404,404,2026-04-16T08:59:34+00:00
22890,22890/,https://national-football-teams.com/matches/report/22890/,HTTP 404,404,2026-04-16T08:59:34+00:00
22891,22891/,https://national-football-teams.com/matches/report/22891/,HTTP 404,404,2026-04-16T08:59:34+00:00
22892,22892/,https://national-football-teams.com/matches/report/22892/,HTTP 404,404,2026-04-16T08:59:34+00:00
22893,22893/,https://national-football-teams.com/matches/report/22893/,HTTP 404,404,2026-04-16T08:59:34+00:00
22917,22917/,https://national-football-teams.com/matches/report/22917/,HTTP 404,404,2026-04-16T08:59:34+00:00
22948,22948/,https://national-football-teams.com/matches/report/22948/,HTTP 404,404,2026-04-16T08:59:34+00:00
22949,22949/,https://national-football-teams.com/matches/report/22949/,HTTP 404,404,2026-04-16T08:59:34+00:00
22950,22950/,https://national-football-teams.com/matches/report/22950/,HTTP 404,404,2026-04-16T08:59:34+00:00
22963,22963/,https://national-football-teams.com/matches/report/22963/,HTTP 404,404,2026-04-16T08:59:34+00:00
22964,22964/,https://national-football-teams.com/matches/report/22964/,HTTP 404,404,2026-04-16T08:59:34+00:00
22973,22973/,https://national-football-teams.com/matches/report/22973/,HTTP 404,404,2026-04-16T08:59:34+00:00
22974,22974/,https://national-football-teams.com/matches/report/22974/,HTTP 404,404,2026-04-16T08:59:34+00:00
22975,22975/,https://national-football-teams.com/matches/report/22975/,HTTP 404,404,2026-04-16T08:59:34+00:00
22976,22976/,https://national-football-teams.com/matches/report/22976/,HTTP 404,404,2026-04-16T08:59:34+00:00
22977,22977/,https://national-football-teams.com/matches/report/22977/,HTTP 404,404,2026-04-16T08:59:35+00:00
22978,22978/,https://national-football-teams.com/matches/report/22978/,HTTP 404,404,2026-04-16T08:59:35+00:00
22984,22984/,https://national-football-teams.com/matches/report/22984/,HTTP 404,404,2026-04-16T08:59:35+00:00
22985,22985/,https://national-football-teams.com/matches/report/22985/,HTTP 404,404,2026-04-16T08:59:35+00:00
22995,22995/,https://national-football-teams.com/matches/report/22995/,HTTP 404,404,2026-04-16T08:59:35+00:00
22996,22996/,https://national-football-teams.com/matches/report/22996/,HTTP 404,404,2026-04-16T08:59:35+00:00
22997,22997/,https://national-football-teams.com/matches/report/22997/,HTTP 404,404,2026-04-16T08:59:35+00:00
23037,23037/,https://national-football-teams.com/matches/report/23037/,HTTP 404,404,2026-04-16T08:59:35+00:00
23038,23038/,https://national-football-teams.com/matches/report/23038/,HTTP 404,404,2026-04-16T08:59:35+00:00
23039,23039/,https://national-football-teams.com/matches/report/23039/,HTTP 404,404,2026-04-16T08:59:35+00:00
23040,23040/,https://national-football-teams.com/matches/report/23040/,HTTP 404,404,2026-04-16T08:59:35+00:00
23041,23041/,https://national-football-teams.com/matches/report/23041/,HTTP 404,404,2026-04-16T08:59:35+00:00
23042,23042/,https://national-football-teams.com/matches/report/23042/,HTTP 404,404,2026-04-16T08:59:35+00:00
23043,23043/,https://national-football-teams.com/matches/report/23043/,HTTP 404,404,2026-04-16T08:59:35+00:00
23044,23044/,https://national-football-teams.com/matches/report/23044/,HTTP 404,404,2026-04-16T08:59:35+00:00
23045,23045/,https://national-football-teams.com/matches/report/23045/,HTTP 404,404,2026-04-16T08:59:35+00:00
23046,23046/,https://national-football-teams.com/matches/report/23046/,HTTP 404,404,2026-04-16T08:59:35+00:00
23053,23053/,https://national-football-teams.com/matches/report/23053/,HTTP 404,404,2026-04-16T08:59:35+00:00
23054,23054/,https://national-football-teams.com/matches/report/23054/,HTTP 404,404,2026-04-16T08:59:35+00:00
23055,23055/,https://national-football-teams.com/matches/report/23055/,HTTP 404,404,2026-04-16T08:59:35+00:00
23056,23056/,https://national-football-teams.com/matches/report/23056/,HTTP 404,404,2026-04-16T08:59:36+00:00
23057,23057/,https://national-football-teams.com/matches/report/23057/,HTTP 404,404,2026-04-16T08:59:36+00:00
23058,23058/,https://national-football-teams.com/matches/report/23058/,HTTP 404,404,2026-04-16T08:59:36+00:00
23071,23071/,https://national-football-teams.com/matches/report/23071/,HTTP 404,404,2026-04-16T08:59:36+00:00
23072,23072/,https://national-football-teams.com/matches/report/23072/,HTTP 404,404,2026-04-16T08:59:36+00:00
23073,23073/,https://national-football-teams.com/matches/report/23073/,HTTP 404,404,2026-04-16T08:59:36+00:00
23074,23074/,https://national-football-teams.com/matches/report/23074/,HTTP 404,404,2026-04-16T08:59:36+00:00
23075,23075/,https://national-football-teams.com/matches/report/23075/,HTTP 404,404,2026-04-16T08:59:36+00:00
23101,23101/,https://national-football-teams.com/matches/report/23101/,HTTP 404,404,2026-04-16T08:59:36+00:00
23113,23113/,https://national-football-teams.com/matches/report/23113/,HTTP 404,404,2026-04-16T08:59:36+00:00
23118,23118/,https://national-football-teams.com/matches/report/23118/,HTTP 404,404,2026-04-16T08:59:36+00:00
23119,23119/,https://national-football-teams.com/matches/report/23119/,HTTP 404,404,2026-04-16T08:59:36+00:00
23129,23129/,https://national-football-teams.com/matches/report/23129/,HTTP 404,404,2026-04-16T08:59:36+00:00
23140,23140/,https://national-football-teams.com/matches/report/23140/,HTTP 404,404,2026-04-16T08:59:36+00:00
23142,23142/,https://national-football-teams.com/matches/report/23142/,HTTP 404,404,2026-04-16T08:59:36+00:00
23155,23155/,https://national-football-teams.com/matches/report/23155/,HTTP 404,404,2026-04-16T08:59:36+00:00
23157,23157/,https://national-football-teams.com/matches/report/23157/,HTTP 404,404,2026-04-16T08:59:36+00:00
23165,23165/,https://national-football-teams.com/matches/report/23165/,HTTP 404,404,2026-04-16T08:59:36+00:00
23166,23166/,https://national-football-teams.com/matches/report/23166/,HTTP 404,404,2026-04-16T08:59:36+00:00
23167,23167/,https://national-football-teams.com/matches/report/23167/,HTTP 404,404,2026-04-16T08:59:36+00:00
23170,23170/,https://national-football-teams.com/matches/report/23170/,HTTP 404,404,2026-04-16T08:59:36+00:00
23176,23176/,https://national-football-teams.com/matches/report/23176/,HTTP 404,404,2026-04-16T08:59:36+00:00
23177,23177/,https://national-football-teams.com/matches/report/23177/,HTTP 404,404,2026-04-16T08:59:36+00:00
23178,23178/,https://national-football-teams.com/matches/report/23178/,HTTP 404,404,2026-04-16T08:59:36+00:00
23179,23179/,https://national-football-teams.com/matches/report/23179/,HTTP 404,404,2026-04-16T08:59:36+00:00
23180,23180/,https://national-football-teams.com/matches/report/23180/,HTTP 404,404,2026-04-16T08:59:37+00:00
23182,23182/,https://national-football-teams.com/matches/report/23182/,HTTP 404,404,2026-04-16T08:59:37+00:00
23196,23196/,https://national-football-teams.com/matches/report/23196/,HTTP 404,404,2026-04-16T08:59:37+00:00
23197,23197/,https://national-football-teams.com/matches/report/23197/,HTTP 404,404,2026-04-16T08:59:37+00:00
23198,23198/,https://national-football-teams.com/matches/report/23198/,HTTP 404,404,2026-04-16T08:59:37+00:00
23199,23199/,https://national-football-teams.com/matches/report/23199/,HTTP 404,404,2026-04-16T08:59:37+00:00
23200,23200/,https://national-football-teams.com/matches/report/23200/,HTTP 404,404,2026-04-16T08:59:37+00:00
23201,23201/,https://national-football-teams.com/matches/report/23201/,HTTP 404,404,2026-04-16T08:59:37+00:00
23203,23203/,https://national-football-teams.com/matches/report/23203/,HTTP 404,404,2026-04-16T08:59:37+00:00
23204,23204/,https://national-football-teams.com/matches/report/23204/,HTTP 404,404,2026-04-16T08:59:37+00:00
23209,23209/,https://national-football-teams.com/matches/report/23209/,HTTP 404,404,2026-04-16T08:59:37+00:00
23224,23224/,https://national-football-teams.com/matches/report/23224/,HTTP 404,404,2026-04-16T08:59:37+00:00
23225,23225/,https://national-football-teams.com/matches/report/23225/,HTTP 404,404,2026-04-16T08:59:37+00:00
23229,23229/,https://national-football-teams.com/matches/report/23229/,HTTP 404,404,2026-04-16T08:59:37+00:00
23230,23230/,https://national-football-teams.com/matches/report/23230/,HTTP 404,404,2026-04-16T08:59:37+00:00
23232,23232/,https://national-football-teams.com/matches/report/23232/,HTTP 404,404,2026-04-16T08:59:37+00:00
23234,23234/,https://national-football-teams.com/matches/report/23234/,HTTP 404,404,2026-04-16T08:59:37+00:00
23268,23268/,https://national-football-teams.com/matches/report/23268/,HTTP 404,404,2026-04-16T08:59:37+00:00
23269,23269/,https://national-football-teams.com/matches/report/23269/,HTTP 404,404,2026-04-16T08:59:37+00:00
23270,23270/,https://national-football-teams.com/matches/report/23270/,HTTP 404,404,2026-04-16T08:59:37+00:00
23271,23271/,https://national-football-teams.com/matches/report/23271/,HTTP 404,404,2026-04-16T08:59:38+00:00
23272,23272/,https://national-football-teams.com/matches/report/23272/,HTTP 404,404,2026-04-16T08:59:38+00:00
23273,23273/,https://national-football-teams.com/matches/report/23273/,HTTP 404,404,2026-04-16T08:59:38+00:00
23277,23277/,https://national-football-teams.com/matches/report/23277/,HTTP 404,404,2026-04-16T08:59:38+00:00
23278,23278/,https://national-football-teams.com/matches/report/23278/,HTTP 404,404,2026-04-16T08:59:38+00:00
23279,23279/,https://national-football-teams.com/matches/report/23279/,HTTP 404,404,2026-04-16T08:59:38+00:00
23280,23280/,https://national-football-teams.com/matches/report/23280/,HTTP 404,404,2026-04-16T08:59:38+00:00
23281,23281/,https://national-football-teams.com/matches/report/23281/,HTTP 404,404,2026-04-16T08:59:38+00:00
23289,23289/,https://national-football-teams.com/matches/report/23289/,HTTP 404,404,2026-04-16T08:59:38+00:00
23295,23295/,https://national-football-teams.com/matches/report/23295/,HTTP 404,404,2026-04-16T08:59:38+00:00
23300,23300/,https://national-football-teams.com/matches/report/23300/,HTTP 404,404,2026-04-16T08:59:38+00:00
23308,23308/,https://national-football-teams.com/matches/report/23308/,HTTP 404,404,2026-04-16T08:59:38+00:00
23317,23317/,https://national-football-teams.com/matches/report/23317/,HTTP 404,404,2026-04-16T08:59:38+00:00
23318,23318/,https://national-football-teams.com/matches/report/23318/,HTTP 404,404,2026-04-16T08:59:38+00:00
23319,23319/,https://national-football-teams.com/matches/report/23319/,HTTP 404,404,2026-04-16T08:59:38+00:00
23320,23320/,https://national-football-teams.com/matches/report/23320/,HTTP 404,404,2026-04-16T08:59:38+00:00
23324,23324/,https://national-football-teams.com/matches/report/23324/,HTTP 404,404,2026-04-16T08:59:38+00:00
23329,23329/,https://national-football-teams.com/matches/report/23329/,HTTP 404,404,2026-04-16T08:59:38+00:00
23330,23330/,https://national-football-teams.com/matches/report/23330/,HTTP 404,404,2026-04-16T08:59:38+00:00
23331,23331/,https://national-football-teams.com/matches/report/23331/,HTTP 404,404,2026-04-16T08:59:38+00:00
23332,23332/,https://national-football-teams.com/matches/report/23332/,HTTP 404,404,2026-04-16T08:59:38+00:00
23362,23362/,https://national-football-teams.com/matches/report/23362/,HTTP 404,404,2026-04-16T08:59:38+00:00
23365,23365/,https://national-football-teams.com/matches/report/23365/,HTTP 404,404,2026-04-16T08:59:38+00:00
23377,23377/,https://national-football-teams.com/matches/report/23377/,HTTP 404,404,2026-04-16T08:59:38+00:00
23383,23383/,https://national-football-teams.com/matches/report/23383/,HTTP 404,404,2026-04-16T08:59:38+00:00
23384,23384/,https://national-football-teams.com/matches/report/23384/,HTTP 404,404,2026-04-16T08:59:39+00:00
23395,23395/,https://national-football-teams.com/matches/report/23395/,HTTP 404,404,2026-04-16T08:59:39+00:00
23398,23398/,https://national-football-teams.com/matches/report/23398/,HTTP 404,404,2026-04-16T08:59:39+00:00
23401,23401/,https://national-football-teams.com/matches/report/23401/,HTTP 404,404,2026-04-16T08:59:39+00:00
23402,23402/,https://national-football-teams.com/matches/report/23402/,HTTP 404,404,2026-04-16T08:59:39+00:00
23403,23403/,https://national-football-teams.com/matches/report/23403/,HTTP 404,404,2026-04-16T08:59:39+00:00
23421,23421/,https://national-football-teams.com/matches/report/23421/,HTTP 404,404,2026-04-16T08:59:39+00:00
23422,23422/,https://national-football-teams.com/matches/report/23422/,HTTP 404,404,2026-04-16T08:59:39+00:00
23433,23433/,https://national-football-teams.com/matches/report/23433/,HTTP 404,404,2026-04-16T08:59:39+00:00
23434,23434/,https://national-football-teams.com/matches/report/23434/,HTTP 404,404,2026-04-16T08:59:39+00:00
23441,23441/,https://national-football-teams.com/matches/report/23441/,HTTP 404,404,2026-04-16T08:59:39+00:00
23470,23470/,https://national-football-teams.com/matches/report/23470/,HTTP 404,404,2026-04-16T08:59:39+00:00
23471,23471/,https://national-football-teams.com/matches/report/23471/,HTTP 404,404,2026-04-16T08:59:39+00:00
23472,23472/,https://national-football-teams.com/matches/report/23472/,HTTP 404,404,2026-04-16T08:59:39+00:00
23479,23479/,https://national-football-teams.com/matches/report/23479/,HTTP 404,404,2026-04-16T08:59:39+00:00
23480,23480/,https://national-football-teams.com/matches/report/23480/,HTTP 404,404,2026-04-16T08:59:39+00:00
23481,23481/,https://national-football-teams.com/matches/report/23481/,HTTP 404,404,2026-04-16T08:59:39+00:00
23526,23526/,https://national-football-teams.com/matches/report/23526/,HTTP 404,404,2026-04-16T08:59:39+00:00
23529,23529/,https://national-football-teams.com/matches/report/23529/,HTTP 404,404,2026-04-16T08:59:39+00:00
23544,23544/,https://national-football-teams.com/matches/report/23544/,HTTP 404,404,2026-04-16T08:59:39+00:00
23545,23545/,https://national-football-teams.com/matches/report/23545/,HTTP 404,404,2026-04-16T08:59:40+00:00
23577,23577/,https://national-football-teams.com/matches/report/23577/,HTTP 404,404,2026-04-16T08:59:40+00:00
23588,23588/,https://national-football-teams.com/matches/report/23588/,HTTP 404,404,2026-04-16T08:59:40+00:00
23589,23589/,https://national-football-teams.com/matches/report/23589/,HTTP 404,404,2026-04-16T08:59:40+00:00
23590,23590/,https://national-football-teams.com/matches/report/23590/,HTTP 404,404,2026-04-16T08:59:40+00:00
23601,23601/,https://national-football-teams.com/matches/report/23601/,HTTP 404,404,2026-04-16T08:59:40+00:00
23621,23621/,https://national-football-teams.com/matches/report/23621/,HTTP 404,404,2026-04-16T08:59:40+00:00
23659,23659/,https://national-football-teams.com/matches/report/23659/,HTTP 404,404,2026-04-16T08:59:40+00:00
23660,23660/,https://national-football-teams.com/matches/report/23660/,HTTP 404,404,2026-04-16T08:59:40+00:00
23661,23661/,https://national-football-teams.com/matches/report/23661/,HTTP 404,404,2026-04-16T08:59:40+00:00
23662,23662/,https://national-football-teams.com/matches/report/23662/,HTTP 404,404,2026-04-16T08:59:40+00:00
23663,23663/,https://national-football-teams.com/matches/report/23663/,HTTP 404,404,2026-04-16T08:59:40+00:00
23664,23664/,https://national-football-teams.com/matches/report/23664/,HTTP 404,404,2026-04-16T08:59:40+00:00
23665,23665/,https://national-football-teams.com/matches/report/23665/,HTTP 404,404,2026-04-16T08:59:40+00:00
23666,23666/,https://national-football-teams.com/matches/report/23666/,HTTP 404,404,2026-04-16T08:59:40+00:00
23667,23667/,https://national-football-teams.com/matches/report/23667/,HTTP 404,404,2026-04-16T08:59:40+00:00
23668,23668/,https://national-football-teams.com/matches/report/23668/,HTTP 404,404,2026-04-16T08:59:40+00:00
23704,23704/,https://national-football-teams.com/matches/report/23704/,HTTP 404,404,2026-04-16T08:59:40+00:00
23706,23706/,https://national-football-teams.com/matches/report/23706/,HTTP 404,404,2026-04-16T08:59:40+00:00
23709,23709/,https://national-football-teams.com/matches/report/23709/,HTTP 404,404,2026-04-16T08:59:40+00:00
23715,23715/,https://national-football-teams.com/matches/report/23715/,HTTP 404,404,2026-04-16T08:59:41+00:00
23716,23716/,https://national-football-teams.com/matches/report/23716/,HTTP 404,404,2026-04-16T08:59:41+00:00
23717,23717/,https://national-football-teams.com/matches/report/23717/,HTTP 404,404,2026-04-16T08:59:41+00:00
23718,23718/,https://national-football-teams.com/matches/report/23718/,HTTP 404,404,2026-04-16T08:59:41+00:00
23719,23719/,https://national-football-teams.com/matches/report/23719/,HTTP 404,404,2026-04-16T08:59:41+00:00
23734,23734/,https://national-football-teams.com/matches/report/23734/,HTTP 404,404,2026-04-16T08:59:41+00:00
23735,23735/,https://national-football-teams.com/matches/report/23735/,HTTP 404,404,2026-04-16T08:59:41+00:00
23736,23736/,https://national-football-teams.com/matches/report/23736/,HTTP 404,404,2026-04-16T08:59:41+00:00
23752,23752/,https://national-football-teams.com/matches/report/23752/,HTTP 404,404,2026-04-16T08:59:41+00:00
23753,23753/,https://national-football-teams.com/matches/report/23753/,HTTP 404,404,2026-04-16T08:59:41+00:00
23786,23786/,https://national-football-teams.com/matches/report/23786/,HTTP 404,404,2026-04-16T08:59:41+00:00
23788,23788/,https://national-football-teams.com/matches/report/23788/,HTTP 404,404,2026-04-16T08:59:41+00:00
23789,23789/,https://national-football-teams.com/matches/report/23789/,HTTP 404,404,2026-04-16T08:59:41+00:00
23790,23790/,https://national-football-teams.com/matches/report/23790/,HTTP 404,404,2026-04-16T08:59:41+00:00
23791,23791/,https://national-football-teams.com/matches/report/23791/,HTTP 404,404,2026-04-16T08:59:41+00:00
23792,23792/,https://national-football-teams.com/matches/report/23792/,HTTP 404,404,2026-04-16T08:59:41+00:00
23793,23793/,https://national-football-teams.com/matches/report/23793/,HTTP 404,404,2026-04-16T08:59:41+00:00
23794,23794/,https://national-football-teams.com/matches/report/23794/,HTTP 404,404,2026-04-16T08:59:41+00:00
23795,23795/,https://national-football-teams.com/matches/report/23795/,HTTP 404,404,2026-04-16T08:59:41+00:00
23796,23796/,https://national-football-teams.com/matches/report/23796/,HTTP 404,404,2026-04-16T08:59:41+00:00
23797,23797/,https://national-football-teams.com/matches/report/23797/,HTTP 404,404,2026-04-16T08:59:41+00:00
23798,23798/,https://national-football-teams.com/matches/report/23798/,HTTP 404,404,2026-04-16T08:59:41+00:00
23799,23799/,https://national-football-teams.com/matches/report/23799/,HTTP 404,404,2026-04-16T08:59:41+00:00
23800,23800/,https://national-football-teams.com/matches/report/23800/,HTTP 404,404,2026-04-16T08:59:41+00:00
23801,23801/,https://national-football-teams.com/matches/report/23801/,HTTP 404,404,2026-04-16T08:59:41+00:00
23815,23815/,https://national-football-teams.com/matches/report/23815/,HTTP 404,404,2026-04-16T08:59:42+00:00
23816,23816/,https://national-football-teams.com/matches/report/23816/,HTTP 404,404,2026-04-16T08:59:42+00:00
23817,23817/,https://national-football-teams.com/matches/report/23817/,HTTP 404,404,2026-04-16T08:59:42+00:00
23818,23818/,https://national-football-teams.com/matches/report/23818/,HTTP 404,404,2026-04-16T08:59:42+00:00
23819,23819/,https://national-football-teams.com/matches/report/23819/,HTTP 404,404,2026-04-16T08:59:42+00:00
23820,23820/,https://national-football-teams.com/matches/report/23820/,HTTP 404,404,2026-04-16T08:59:42+00:00
23821,23821/,https://national-football-teams.com/matches/report/23821/,HTTP 404,404,2026-04-16T08:59:42+00:00
23838,23838/,https://national-football-teams.com/matches/report/23838/,HTTP 404,404,2026-04-16T08:59:42+00:00
23839,23839/,https://national-football-teams.com/matches/report/23839/,HTTP 404,404,2026-04-16T08:59:42+00:00
23840,23840/,https://national-football-teams.com/matches/report/23840/,HTTP 404,404,2026-04-16T08:59:42+00:00
23849,23849/,https://national-football-teams.com/matches/report/23849/,HTTP 404,404,2026-04-16T08:59:42+00:00
23850,23850/,https://national-football-teams.com/matches/report/23850/,HTTP 404,404,2026-04-16T08:59:42+00:00
23851,23851/,https://national-football-teams.com/matches/report/23851/,HTTP 404,404,2026-04-16T08:59:42+00:00
23852,23852/,https://national-football-teams.com/matches/report/23852/,HTTP 404,404,2026-04-16T08:59:42+00:00
23853,23853/,https://national-football-teams.com/matches/report/23853/,HTTP 404,404,2026-04-16T08:59:42+00:00
23854,23854/,https://national-football-teams.com/matches/report/23854/,HTTP 404,404,2026-04-16T08:59:42+00:00
23855,23855/,https://national-football-teams.com/matches/report/23855/,HTTP 404,404,2026-04-16T08:59:42+00:00
23856,23856/,https://national-football-teams.com/matches/report/23856/,HTTP 404,404,2026-04-16T08:59:42+00:00
23857,23857/,https://national-football-teams.com/matches/report/23857/,HTTP 404,404,2026-04-16T08:59:42+00:00
23858,23858/,https://national-football-teams.com/matches/report/23858/,HTTP 404,404,2026-04-16T08:59:42+00:00
23859,23859/,https://national-football-teams.com/matches/report/23859/,HTTP 404,404,2026-04-16T08:59:43+00:00
23860,23860/,https://national-football-teams.com/matches/report/23860/,HTTP 404,404,2026-04-16T08:59:43+00:00
23861,23861/,https://national-football-teams.com/matches/report/23861/,HTTP 404,404,2026-04-16T08:59:43+00:00
23862,23862/,https://national-football-teams.com/matches/report/23862/,HTTP 404,404,2026-04-16T08:59:43+00:00
23863,23863/,https://national-football-teams.com/matches/report/23863/,HTTP 404,404,2026-04-16T08:59:43+00:00
23864,23864/,https://national-football-teams.com/matches/report/23864/,HTTP 404,404,2026-04-16T08:59:43+00:00
23885,23885/,https://national-football-teams.com/matches/report/23885/,HTTP 404,404,2026-04-16T08:59:43+00:00
23886,23886/,https://national-football-teams.com/matches/report/23886/,HTTP 404,404,2026-04-16T08:59:43+00:00
23887,23887/,https://national-football-teams.com/matches/report/23887/,HTTP 404,404,2026-04-16T08:59:43+00:00
23961,23961/,https://national-football-teams.com/matches/report/23961/,HTTP 404,404,2026-04-16T08:59:43+00:00
23964,23964/,https://national-football-teams.com/matches/report/23964/,HTTP 404,404,2026-04-16T08:59:43+00:00
23965,23965/,https://national-football-teams.com/matches/report/23965/,HTTP 404,404,2026-04-16T08:59:43+00:00
23966,23966/,https://national-football-teams.com/matches/report/23966/,HTTP 404,404,2026-04-16T08:59:43+00:00
23967,23967/,https://national-football-teams.com/matches/report/23967/,HTTP 404,404,2026-04-16T08:59:43+00:00
23968,23968/,https://national-football-teams.com/matches/report/23968/,HTTP 404,404,2026-04-16T08:59:43+00:00
23969,23969/,https://national-football-teams.com/matches/report/23969/,HTTP 404,404,2026-04-16T08:59:43+00:00
23970,23970/,https://national-football-teams.com/matches/report/23970/,HTTP 404,404,2026-04-16T08:59:43+00:00
23971,23971/,https://national-football-teams.com/matches/report/23971/,HTTP 404,404,2026-04-16T08:59:43+00:00
23972,23972/,https://national-football-teams.com/matches/report/23972/,HTTP 404,404,2026-04-16T08:59:43+00:00
23973,23973/,https://national-football-teams.com/matches/report/23973/,HTTP 404,404,2026-04-16T08:59:43+00:00
23974,23974/,https://national-football-teams.com/matches/report/23974/,HTTP 404,404,2026-04-16T08:59:43+00:00
23975,23975/,https://national-football-teams.com/matches/report/23975/,HTTP 404,404,2026-04-16T08:59:43+00:00
23976,23976/,https://national-football-teams.com/matches/report/23976/,HTTP 404,404,2026-04-16T08:59:43+00:00
23977,23977/,https://national-football-teams.com/matches/report/23977/,HTTP 404,404,2026-04-16T08:59:43+00:00
23978,23978/,https://national-football-teams.com/matches/report/23978/,HTTP 404,404,2026-04-16T08:59:43+00:00
23979,23979/,https://national-football-teams.com/matches/report/23979/,HTTP 404,404,2026-04-16T08:59:44+00:00
24,24/,https://national-football-teams.com/matches/report/24/,HTTP 404,404,2026-04-16T08:59:44+00:00
24003,24003/,https://national-football-teams.com/matches/report/24003/,HTTP 404,404,2026-04-16T08:59:44+00:00
24004,24004/,https://national-football-teams.com/matches/report/24004/,HTTP 404,404,2026-04-16T08:59:44+00:00
24015,24015/,https://national-football-teams.com/matches/report/24015/,HTTP 404,404,2026-04-16T08:59:44+00:00
24016,24016/,https://national-football-teams.com/matches/report/24016/,HTTP 404,404,2026-04-16T08:59:44+00:00
24017,24017/,https://national-football-teams.com/matches/report/24017/,HTTP 404,404,2026-04-16T08:59:44+00:00
24018,24018/,https://national-football-teams.com/matches/report/24018/,HTTP 404,404,2026-04-16T08:59:44+00:00
24019,24019/,https://national-football-teams.com/matches/report/24019/,HTTP 404,404,2026-04-16T08:59:44+00:00
24020,24020/,https://national-football-teams.com/matches/report/24020/,HTTP 404,404,2026-04-16T08:59:44+00:00
24021,24021/,https://national-football-teams.com/matches/report/24021/,HTTP 404,404,2026-04-16T08:59:44+00:00
24022,24022/,https://national-football-teams.com/matches/report/24022/,HTTP 404,404,2026-04-16T08:59:44+00:00
24023,24023/,https://national-football-teams.com/matches/report/24023/,HTTP 404,404,2026-04-16T08:59:44+00:00
24080,24080/,https://national-football-teams.com/matches/report/24080/,HTTP 404,404,2026-04-16T08:59:44+00:00
24101,24101/,https://national-football-teams.com/matches/report/24101/,HTTP 404,404,2026-04-16T08:59:44+00:00
24102,24102/,https://national-football-teams.com/matches/report/24102/,HTTP 404,404,2026-04-16T08:59:44+00:00
24103,24103/,https://national-football-teams.com/matches/report/24103/,HTTP 404,404,2026-04-16T08:59:44+00:00
24104,24104/,https://national-football-teams.com/matches/report/24104/,HTTP 404,404,2026-04-16T08:59:44+00:00
24105,24105/,https://national-football-teams.com/matches/report/24105/,HTTP 404,404,2026-04-16T08:59:44+00:00
24106,24106/,https://national-football-teams.com/matches/report/24106/,HTTP 404,404,2026-04-16T08:59:44+00:00
24107,24107/,https://national-football-teams.com/matches/report/24107/,HTTP 404,404,2026-04-16T08:59:45+00:00
24108,24108/,https://national-football-teams.com/matches/report/24108/,HTTP 404,404,2026-04-16T08:59:45+00:00
24109,24109/,https://national-football-teams.com/matches/report/24109/,HTTP 404,404,2026-04-16T08:59:45+00:00
24110,24110/,https://national-football-teams.com/matches/report/24110/,HTTP 404,404,2026-04-16T08:59:45+00:00
24135,24135/,https://national-football-teams.com/matches/report/24135/,HTTP 404,404,2026-04-16T08:59:45+00:00
24138,24138/,https://national-football-teams.com/matches/report/24138/,HTTP 404,404,2026-04-16T08:59:45+00:00
24139,24139/,https://national-football-teams.com/matches/report/24139/,HTTP 404,404,2026-04-16T08:59:45+00:00
24145,24145/,https://national-football-teams.com/matches/report/24145/,HTTP 404,404,2026-04-16T08:59:45+00:00
24148,24148/,https://national-football-teams.com/matches/report/24148/,HTTP 404,404,2026-04-16T08:59:45+00:00
24149,24149/,https://national-football-teams.com/matches/report/24149/,HTTP 404,404,2026-04-16T08:59:45+00:00
24150,24150/,https://national-football-teams.com/matches/report/24150/,HTTP 404,404,2026-04-16T08:59:45+00:00
24151,24151/,https://national-football-teams.com/matches/report/24151/,HTTP 404,404,2026-04-16T08:59:45+00:00
24153,24153/,https://national-football-teams.com/matches/report/24153/,HTTP 404,404,2026-04-16T08:59:45+00:00
24154,24154/,https://national-football-teams.com/matches/report/24154/,HTTP 404,404,2026-04-16T08:59:45+00:00
24155,24155/,https://national-football-teams.com/matches/report/24155/,HTTP 404,404,2026-04-16T08:59:45+00:00
24156,24156/,https://national-football-teams.com/matches/report/24156/,HTTP 404,404,2026-04-16T08:59:45+00:00
24157,24157/,https://national-football-teams.com/matches/report/24157/,HTTP 404,404,2026-04-16T08:59:45+00:00
24158,24158/,https://national-football-teams.com/matches/report/24158/,HTTP 404,404,2026-04-16T08:59:45+00:00
24159,24159/,https://national-football-teams.com/matches/report/24159/,HTTP 404,404,2026-04-16T08:59:45+00:00
24160,24160/,https://national-football-teams.com/matches/report/24160/,HTTP 404,404,2026-04-16T08:59:45+00:00
24161,24161/,https://national-football-teams.com/matches/report/24161/,HTTP 404,404,2026-04-16T08:59:45+00:00
24162,24162/,https://national-football-teams.com/matches/report/24162/,HTTP 404,404,2026-04-16T08:59:45+00:00
24163,24163/,https://national-football-teams.com/matches/report/24163/,HTTP 404,404,2026-04-16T08:59:45+00:00
24164,24164/,https://national-football-teams.com/matches/report/24164/,HTTP 404,404,2026-04-16T08:59:45+00:00
24165,24165/,https://national-football-teams.com/matches/report/24165/,HTTP 404,404,2026-04-16T08:59:45+00:00
24166,24166/,https://national-football-teams.com/matches/report/24166/,HTTP 404,404,2026-04-16T08:59:46+00:00
24167,24167/,https://national-football-teams.com/matches/report/24167/,HTTP 404,404,2026-04-16T08:59:46+00:00
24168,24168/,https://national-football-teams.com/matches/report/24168/,HTTP 404,404,2026-04-16T08:59:46+00:00
24217,24217/,https://national-football-teams.com/matches/report/24217/,HTTP 404,404,2026-04-16T08:59:46+00:00
24271,24271/,https://national-football-teams.com/matches/report/24271/,HTTP 404,404,2026-04-16T08:59:46+00:00
24272,24272/,https://national-football-teams.com/matches/report/24272/,HTTP 404,404,2026-04-16T08:59:46+00:00
24273,24273/,https://national-football-teams.com/matches/report/24273/,HTTP 404,404,2026-04-16T08:59:46+00:00
24274,24274/,https://national-football-teams.com/matches/report/24274/,HTTP 404,404,2026-04-16T08:59:46+00:00
24275,24275/,https://national-football-teams.com/matches/report/24275/,HTTP 404,404,2026-04-16T08:59:46+00:00
24276,24276/,https://national-football-teams.com/matches/report/24276/,HTTP 404,404,2026-04-16T08:59:46+00:00
24277,24277/,https://national-football-teams.com/matches/report/24277/,HTTP 404,404,2026-04-16T08:59:46+00:00
24278,24278/,https://national-football-teams.com/matches/report/24278/,HTTP 404,404,2026-04-16T08:59:46+00:00
24280,24280/,https://national-football-teams.com/matches/report/24280/,HTTP 404,404,2026-04-16T08:59:46+00:00
24281,24281/,https://national-football-teams.com/matches/report/24281/,HTTP 404,404,2026-04-16T08:59:46+00:00
24282,24282/,https://national-football-teams.com/matches/report/24282/,HTTP 404,404,2026-04-16T08:59:46+00:00
24283,24283/,https://national-football-teams.com/matches/report/24283/,HTTP 404,404,2026-04-16T08:59:46+00:00
24284,24284/,https://national-football-teams.com/matches/report/24284/,HTTP 404,404,2026-04-16T08:59:46+00:00
24285,24285/,https://national-football-teams.com/matches/report/24285/,HTTP 404,404,2026-04-16T08:59:46+00:00
24286,24286/,https://national-football-teams.com/matches/report/24286/,HTTP 404,404,2026-04-16T08:59:46+00:00
24287,24287/,https://national-football-teams.com/matches/report/24287/,HTTP 404,404,2026-04-16T08:59:46+00:00
24306,24306/,https://national-football-teams.com/matches/report/24306/,HTTP 404,404,2026-04-16T08:59:47+00:00
24351,24351/,https://national-football-teams.com/matches/report/24351/,HTTP 404,404,2026-04-16T08:59:47+00:00
24353,24353/,https://national-football-teams.com/matches/report/24353/,HTTP 404,404,2026-04-16T08:59:47+00:00
24354,24354/,https://national-football-teams.com/matches/report/24354/,HTTP 404,404,2026-04-16T08:59:47+00:00
24369,24369/,https://national-football-teams.com/matches/report/24369/,HTTP 404,404,2026-04-16T08:59:47+00:00
24370,24370/,https://national-football-teams.com/matches/report/24370/,HTTP 404,404,2026-04-16T08:59:47+00:00
24371,24371/,https://national-football-teams.com/matches/report/24371/,HTTP 404,404,2026-04-16T08:59:47+00:00
24372,24372/,https://national-football-teams.com/matches/report/24372/,HTTP 404,404,2026-04-16T08:59:47+00:00
24373,24373/,https://national-football-teams.com/matches/report/24373/,HTTP 404,404,2026-04-16T08:59:47+00:00
24374,24374/,https://national-football-teams.com/matches/report/24374/,HTTP 404,404,2026-04-16T08:59:47+00:00
24375,24375/,https://national-football-teams.com/matches/report/24375/,HTTP 404,404,2026-04-16T08:59:47+00:00
24376,24376/,https://national-football-teams.com/matches/report/24376/,HTTP 404,404,2026-04-16T08:59:47+00:00
24377,24377/,https://national-football-teams.com/matches/report/24377/,HTTP 404,404,2026-04-16T08:59:47+00:00
24378,24378/,https://national-football-teams.com/matches/report/24378/,HTTP 404,404,2026-04-16T08:59:47+00:00
24379,24379/,https://national-football-teams.com/matches/report/24379/,HTTP 404,404,2026-04-16T08:59:47+00:00
24380,24380/,https://national-football-teams.com/matches/report/24380/,HTTP 404,404,2026-04-16T08:59:47+00:00
24381,24381/,https://national-football-teams.com/matches/report/24381/,HTTP 404,404,2026-04-16T08:59:47+00:00
24382,24382/,https://national-football-teams.com/matches/report/24382/,HTTP 404,404,2026-04-16T08:59:47+00:00
24383,24383/,https://national-football-teams.com/matches/report/24383/,HTTP 404,404,2026-04-16T08:59:47+00:00
24384,24384/,https://national-football-teams.com/matches/report/24384/,HTTP 404,404,2026-04-16T08:59:47+00:00
24405,24405/,https://national-football-teams.com/matches/report/24405/,HTTP 404,404,2026-04-16T08:59:47+00:00
24489,24489/,https://national-football-teams.com/matches/report/24489/,HTTP 404,404,2026-04-16T08:59:47+00:00
24494,24494/,https://national-football-teams.com/matches/report/24494/,HTTP 404,404,2026-04-16T08:59:47+00:00
24495,24495/,https://national-football-teams.com/matches/report/24495/,HTTP 404,404,2026-04-16T08:59:47+00:00
24496,24496/,https://national-football-teams.com/matches/report/24496/,HTTP 404,404,2026-04-16T08:59:47+00:00
24497,24497/,https://national-football-teams.com/matches/report/24497/,HTTP 404,404,2026-04-16T08:59:48+00:00
24498,24498/,https://national-football-teams.com/matches/report/24498/,HTTP 404,404,2026-04-16T08:59:48+00:00
24499,24499/,https://national-football-teams.com/matches/report/24499/,HTTP 404,404,2026-04-16T08:59:48+00:00
24500,24500/,https://national-football-teams.com/matches/report/24500/,HTTP 404,404,2026-04-16T08:59:48+00:00
24501,24501/,https://national-football-teams.com/matches/report/24501/,HTTP 404,404,2026-04-16T08:59:48+00:00
24502,24502/,https://national-football-teams.com/matches/report/24502/,HTTP 404,404,2026-04-16T08:59:48+00:00
24503,24503/,https://national-football-teams.com/matches/report/24503/,HTTP 404,404,2026-04-16T08:59:48+00:00
24504,24504/,https://national-football-teams.com/matches/report/24504/,HTTP 404,404,2026-04-16T08:59:48+00:00
24505,24505/,https://national-football-teams.com/matches/report/24505/,HTTP 404,404,2026-04-16T08:59:48+00:00
24506,24506/,https://national-football-teams.com/matches/report/24506/,HTTP 404,404,2026-04-16T08:59:48+00:00
24507,24507/,https://national-football-teams.com/matches/report/24507/,HTTP 404,404,2026-04-16T08:59:48+00:00
24508,24508/,https://national-football-teams.com/matches/report/24508/,HTTP 404,404,2026-04-16T08:59:48+00:00
24509,24509/,https://national-football-teams.com/matches/report/24509/,HTTP 404,404,2026-04-16T08:59:48+00:00
2452,2452/,https://national-football-teams.com/matches/report/2452/,HTTP 404,404,2026-04-16T08:59:48+00:00
2453,2453/,https://national-football-teams.com/matches/report/2453/,HTTP 404,404,2026-04-16T08:59:48+00:00
24537,24537/,https://national-football-teams.com/matches/report/24537/,HTTP 404,404,2026-04-16T08:59:48+00:00
24538,24538/,https://national-football-teams.com/matches/report/24538/,HTTP 404,404,2026-04-16T08:59:48+00:00
24539,24539/,https://national-football-teams.com/matches/report/24539/,HTTP 404,404,2026-04-16T08:59:48+00:00
2454,2454/,https://national-football-teams.com/matches/report/2454/,HTTP 404,404,2026-04-16T08:59:48+00:00
24544,24544/,https://national-football-teams.com/matches/report/24544/,HTTP 404,404,2026-04-16T08:59:48+00:00
24545,24545/,https://national-football-teams.com/matches/report/24545/,HTTP 404,404,2026-04-16T08:59:49+00:00
24546,24546/,https://national-football-teams.com/matches/report/24546/,HTTP 404,404,2026-04-16T08:59:49+00:00
24547,24547/,https://national-football-teams.com/matches/report/24547/,HTTP 404,404,2026-04-16T08:59:49+00:00
24548,24548/,https://national-football-teams.com/matches/report/24548/,HTTP 404,404,2026-04-16T08:59:49+00:00
24549,24549/,https://national-football-teams.com/matches/report/24549/,HTTP 404,404,2026-04-16T08:59:49+00:00
2455,2455/,https://national-football-teams.com/matches/report/2455/,HTTP 404,404,2026-04-16T08:59:49+00:00
24551,24551/,https://national-football-teams.com/matches/report/24551/,HTTP 404,404,2026-04-16T08:59:49+00:00
24552,24552/,https://national-football-teams.com/matches/report/24552/,HTTP 404,404,2026-04-16T08:59:49+00:00
24553,24553/,https://national-football-teams.com/matches/report/24553/,HTTP 404,404,2026-04-16T08:59:49+00:00
24554,24554/,https://national-football-teams.com/matches/report/24554/,HTTP 404,404,2026-04-16T08:59:49+00:00
24555,24555/,https://national-football-teams.com/matches/report/24555/,HTTP 404,404,2026-04-16T08:59:49+00:00
24556,24556/,https://national-football-teams.com/matches/report/24556/,HTTP 404,404,2026-04-16T08:59:49+00:00
24557,24557/,https://national-football-teams.com/matches/report/24557/,HTTP 404,404,2026-04-16T08:59:49+00:00
24558,24558/,https://national-football-teams.com/matches/report/24558/,HTTP 404,404,2026-04-16T08:59:49+00:00
24559,24559/,https://national-football-teams.com/matches/report/24559/,HTTP 404,404,2026-04-16T08:59:49+00:00
2456,2456/,https://national-football-teams.com/matches/report/2456/,HTTP 404,404,2026-04-16T08:59:49+00:00
24560,24560/,https://national-football-teams.com/matches/report/24560/,HTTP 404,404,2026-04-16T08:59:49+00:00
24561,24561/,https://national-football-teams.com/matches/report/24561/,HTTP 404,404,2026-04-16T08:59:49+00:00
24562,24562/,https://national-football-teams.com/matches/report/24562/,HTTP 404,404,2026-04-16T08:59:49+00:00
2457,2457/,https://national-football-teams.com/matches/report/2457/,HTTP 404,404,2026-04-16T08:59:49+00:00
2458,2458/,https://national-football-teams.com/matches/report/2458/,HTTP 404,404,2026-04-16T08:59:49+00:00
24580,24580/,https://national-football-teams.com/matches/report/24580/,HTTP 404,404,2026-04-16T08:59:49+00:00
24581,24581/,https://national-football-teams.com/matches/report/24581/,HTTP 404,404,2026-04-16T08:59:49+00:00
24582,24582/,https://national-football-teams.com/matches/report/24582/,HTTP 404,404,2026-04-16T08:59:49+00:00
24583,24583/,https://national-football-teams.com/matches/report/24583/,HTTP 404,404,2026-04-16T08:59:49+00:00
24584,24584/,https://national-football-teams.com/matches/report/24584/,HTTP 404,404,2026-04-16T08:59:50+00:00
24585,24585/,https://national-football-teams.com/matches/report/24585/,HTTP 404,404,2026-04-16T08:59:50+00:00
24586,24586/,https://national-football-teams.com/matches/report/24586/,HTTP 404,404,2026-04-16T08:59:50+00:00
2459,2459/,https://national-football-teams.com/matches/report/2459/,HTTP 404,404,2026-04-16T08:59:50+00:00
2460,2460/,https://national-football-teams.com/matches/report/2460/,HTTP 404,404,2026-04-16T08:59:50+00:00
24604,24604/,https://national-football-teams.com/matches/report/24604/,HTTP 404,404,2026-04-16T08:59:50+00:00
24605,24605/,https://national-football-teams.com/matches/report/24605/,HTTP 404,404,2026-04-16T08:59:50+00:00
2461,2461/,https://national-football-teams.com/matches/report/2461/,HTTP 404,404,2026-04-16T08:59:50+00:00
24618,24618/,https://national-football-teams.com/matches/report/24618/,HTTP 404,404,2026-04-16T08:59:50+00:00
24619,24619/,https://national-football-teams.com/matches/report/24619/,HTTP 404,404,2026-04-16T08:59:50+00:00
2462,2462/,https://national-football-teams.com/matches/report/2462/,HTTP 404,404,2026-04-16T08:59:50+00:00
24622,24622/,https://national-football-teams.com/matches/report/24622/,HTTP 404,404,2026-04-16T08:59:50+00:00
24623,24623/,https://national-football-teams.com/matches/report/24623/,HTTP 404,404,2026-04-16T08:59:50+00:00
2463,2463/,https://national-football-teams.com/matches/report/2463/,HTTP 404,404,2026-04-16T08:59:50+00:00
2464,2464/,https://national-football-teams.com/matches/report/2464/,HTTP 404,404,2026-04-16T08:59:50+00:00
2465,2465/,https://national-football-teams.com/matches/report/2465/,HTTP 404,404,2026-04-16T08:59:50+00:00
24659,24659/,https://national-football-teams.com/matches/report/24659/,HTTP 404,404,2026-04-16T08:59:50+00:00
2466,2466/,https://national-football-teams.com/matches/report/2466/,HTTP 404,404,2026-04-16T08:59:50+00:00
24660,24660/,https://national-football-teams.com/matches/report/24660/,HTTP 404,404,2026-04-16T08:59:50+00:00
2467,2467/,https://national-football-teams.com/matches/report/2467/,HTTP 404,404,2026-04-16T08:59:50+00:00
24672,24672/,https://national-football-teams.com/matches/report/24672/,HTTP 404,404,2026-04-16T08:59:51+00:00
24673,24673/,https://national-football-teams.com/matches/report/24673/,HTTP 404,404,2026-04-16T08:59:51+00:00
24674,24674/,https://national-football-teams.com/matches/report/24674/,HTTP 404,404,2026-04-16T08:59:51+00:00
24675,24675/,https://national-football-teams.com/matches/report/24675/,HTTP 404,404,2026-04-16T08:59:51+00:00
2468,2468/,https://national-football-teams.com/matches/report/2468/,HTTP 404,404,2026-04-16T08:59:51+00:00
24684,24684/,https://national-football-teams.com/matches/report/24684/,HTTP 404,404,2026-04-16T08:59:51+00:00
2469,2469/,https://national-football-teams.com/matches/report/2469/,HTTP 404,404,2026-04-16T08:59:51+00:00
24699,24699/,https://national-football-teams.com/matches/report/24699/,HTTP 404,404,2026-04-16T08:59:51+00:00
2470,2470/,https://national-football-teams.com/matches/report/2470/,HTTP 404,404,2026-04-16T08:59:51+00:00
24700,24700/,https://national-football-teams.com/matches/report/24700/,HTTP 404,404,2026-04-16T08:59:51+00:00
24701,24701/,https://national-football-teams.com/matches/report/24701/,HTTP 404,404,2026-04-16T08:59:51+00:00
24702,24702/,https://national-football-teams.com/matches/report/24702/,HTTP 404,404,2026-04-16T08:59:51+00:00
24703,24703/,https://national-football-teams.com/matches/report/24703/,HTTP 404,404,2026-04-16T08:59:51+00:00
24704,24704/,https://national-football-teams.com/matches/report/24704/,HTTP 404,404,2026-04-16T08:59:51+00:00
24705,24705/,https://national-football-teams.com/matches/report/24705/,HTTP 404,404,2026-04-16T08:59:51+00:00
24706,24706/,https://national-football-teams.com/matches/report/24706/,HTTP 404,404,2026-04-16T08:59:51+00:00
24707,24707/,https://national-football-teams.com/matches/report/24707/,HTTP 404,404,2026-04-16T08:59:51+00:00
24708,24708/,https://national-football-teams.com/matches/report/24708/,HTTP 404,404,2026-04-16T08:59:51+00:00
24709,24709/,https://national-football-teams.com/matches/report/24709/,HTTP 404,404,2026-04-16T08:59:51+00:00
2471,2471/,https://national-football-teams.com/matches/report/2471/,HTTP 404,404,2026-04-16T08:59:51+00:00
2472,2472/,https://national-football-teams.com/matches/report/2472/,HTTP 404,404,2026-04-16T08:59:52+00:00
24724,24724/,https://national-football-teams.com/matches/report/24724/,HTTP 404,404,2026-04-16T08:59:52+00:00
24725,24725/,https://national-football-teams.com/matches/report/24725/,HTTP 404,404,2026-04-16T08:59:52+00:00
24726,24726/,https://national-football-teams.com/matches/report/24726/,HTTP 404,404,2026-04-16T08:59:52+00:00
2473,2473/,https://national-football-teams.com/matches/report/2473/,HTTP 404,404,2026-04-16T08:59:52+00:00
24739,24739/,https://national-football-teams.com/matches/report/24739/,HTTP 404,404,2026-04-16T08:59:52+00:00
2474,2474/,https://national-football-teams.com/matches/report/2474/,HTTP 404,404,2026-04-16T08:59:52+00:00
24740,24740/,https://national-football-teams.com/matches/report/24740/,HTTP 404,404,2026-04-16T08:59:52+00:00
2475,2475/,https://national-football-teams.com/matches/report/2475/,HTTP 404,404,2026-04-16T08:59:52+00:00
2476,2476/,https://national-football-teams.com/matches/report/2476/,HTTP 404,404,2026-04-16T08:59:52+00:00
24762,24762/,https://national-football-teams.com/matches/report/24762/,HTTP 404,404,2026-04-16T08:59:52+00:00
24763,24763/,https://national-football-teams.com/matches/report/24763/,HTTP 404,404,2026-04-16T08:59:52+00:00
24764,24764/,https://national-football-teams.com/matches/report/24764/,HTTP 404,404,2026-04-16T08:59:52+00:00
24765,24765/,https://national-football-teams.com/matches/report/24765/,HTTP 404,404,2026-04-16T08:59:52+00:00
2477,2477/,https://national-football-teams.com/matches/report/2477/,HTTP 404,404,2026-04-16T08:59:52+00:00
24779,24779/,https://national-football-teams.com/matches/report/24779/,HTTP 404,404,2026-04-16T08:59:52+00:00
2478,2478/,https://national-football-teams.com/matches/report/2478/,HTTP 404,404,2026-04-16T08:59:52+00:00
24780,24780/,https://national-football-teams.com/matches/report/24780/,HTTP 404,404,2026-04-16T08:59:52+00:00
24781,24781/,https://national-football-teams.com/matches/report/24781/,HTTP 404,404,2026-04-16T08:59:52+00:00
24782,24782/,https://national-football-teams.com/matches/report/24782/,HTTP 404,404,2026-04-16T08:59:52+00:00
24783,24783/,https://national-football-teams.com/matches/report/24783/,HTTP 404,404,2026-04-16T08:59:52+00:00
2479,2479/,https://national-football-teams.com/matches/report/2479/,HTTP 404,404,2026-04-16T08:59:52+00:00
2480,2480/,https://national-football-teams.com/matches/report/2480/,HTTP 404,404,2026-04-16T08:59:52+00:00
2481,2481/,https://national-football-teams.com/matches/report/2481/,HTTP 404,404,2026-04-16T08:59:52+00:00
24811,24811/,https://national-football-teams.com/matches/report/24811/,HTTP 404,404,2026-04-16T08:59:52+00:00
24812,24812/,https://national-football-teams.com/matches/report/24812/,HTTP 404,404,2026-04-16T08:59:53+00:00
2482,2482/,https://national-football-teams.com/matches/report/2482/,HTTP 404,404,2026-04-16T08:59:53+00:00
24823,24823/,https://national-football-teams.com/matches/report/24823/,HTTP 404,404,2026-04-16T08:59:53+00:00
24824,24824/,https://national-football-teams.com/matches/report/24824/,HTTP 404,404,2026-04-16T08:59:53+00:00
24825,24825/,https://national-football-teams.com/matches/report/24825/,HTTP 404,404,2026-04-16T08:59:53+00:00
2483,2483/,https://national-football-teams.com/matches/report/2483/,HTTP 404,404,2026-04-16T08:59:53+00:00
2484,2484/,https://national-football-teams.com/matches/report/2484/,HTTP 404,404,2026-04-16T08:59:53+00:00
24840,24840/,https://national-football-teams.com/matches/report/24840/,HTTP 404,404,2026-04-16T08:59:53+00:00
24841,24841/,https://national-football-teams.com/matches/report/24841/,HTTP 404,404,2026-04-16T08:59:53+00:00
2485,2485/,https://national-football-teams.com/matches/report/2485/,HTTP 404,404,2026-04-16T08:59:53+00:00
24858,24858/,https://national-football-teams.com/matches/report/24858/,HTTP 404,404,2026-04-16T08:59:53+00:00
24859,24859/,https://national-football-teams.com/matches/report/24859/,HTTP 404,404,2026-04-16T08:59:53+00:00
2486,2486/,https://national-football-teams.com/matches/report/2486/,HTTP 404,404,2026-04-16T08:59:53+00:00
24860,24860/,https://national-football-teams.com/matches/report/24860/,HTTP 404,404,2026-04-16T08:59:53+00:00
2487,2487/,https://national-football-teams.com/matches/report/2487/,HTTP 404,404,2026-04-16T08:59:53+00:00
24876,24876/,https://national-football-teams.com/matches/report/24876/,HTTP 404,404,2026-04-16T08:59:53+00:00
24877,24877/,https://national-football-teams.com/matches/report/24877/,HTTP 404,404,2026-04-16T08:59:53+00:00
24878,24878/,https://national-football-teams.com/matches/report/24878/,HTTP 404,404,2026-04-16T08:59:53+00:00
24879,24879/,https://national-football-teams.com/matches/report/24879/,HTTP 404,404,2026-04-16T08:59:53+00:00
2488,2488/,https://national-football-teams.com/matches/report/2488/,HTTP 404,404,2026-04-16T08:59:53+00:00
24880,24880/,https://national-football-teams.com/matches/report/24880/,HTTP 404,404,2026-04-16T08:59:54+00:00
24881,24881/,https://national-football-teams.com/matches/report/24881/,HTTP 404,404,2026-04-16T08:59:54+00:00
24882,24882/,https://national-football-teams.com/matches/report/24882/,HTTP 404,404,2026-04-16T08:59:54+00:00
24883,24883/,https://national-football-teams.com/matches/report/24883/,HTTP 404,404,2026-04-16T08:59:54+00:00
24884,24884/,https://national-football-teams.com/matches/report/24884/,HTTP 404,404,2026-04-16T08:59:54+00:00
24885,24885/,https://national-football-teams.com/matches/report/24885/,HTTP 404,404,2026-04-16T08:59:54+00:00
24886,24886/,https://national-football-teams.com/matches/report/24886/,HTTP 404,404,2026-04-16T08:59:54+00:00
2489,2489/,https://national-football-teams.com/matches/report/2489/,HTTP 404,404,2026-04-16T08:59:54+00:00
2490,2490/,https://national-football-teams.com/matches/report/2490/,HTTP 404,404,2026-04-16T08:59:54+00:00
24903,24903/,https://national-football-teams.com/matches/report/24903/,HTTP 404,404,2026-04-16T08:59:54+00:00
24904,24904/,https://national-football-teams.com/matches/report/24904/,HTTP 404,404,2026-04-16T08:59:54+00:00
24908,24908/,https://national-football-teams.com/matches/report/24908/,HTTP 404,404,2026-04-16T08:59:54+00:00
24909,24909/,https://national-football-teams.com/matches/report/24909/,HTTP 404,404,2026-04-16T08:59:54+00:00
2491,2491/,https://national-football-teams.com/matches/report/2491/,HTTP 404,404,2026-04-16T08:59:54+00:00
24910,24910/,https://national-football-teams.com/matches/report/24910/,HTTP 404,404,2026-04-16T08:59:54+00:00
24911,24911/,https://national-football-teams.com/matches/report/24911/,HTTP 404,404,2026-04-16T08:59:54+00:00
24912,24912/,https://national-football-teams.com/matches/report/24912/,HTTP 404,404,2026-04-16T08:59:54+00:00
24913,24913/,https://national-football-teams.com/matches/report/24913/,HTTP 404,404,2026-04-16T08:59:54+00:00
2492,2492/,https://national-football-teams.com/matches/report/2492/,HTTP 404,404,2026-04-16T08:59:54+00:00
24920,24920/,https://national-football-teams.com/matches/report/24920/,HTTP 404,404,2026-04-16T08:59:54+00:00
24923,24923/,https://national-football-teams.com/matches/report/24923/,HTTP 404,404,2026-04-16T08:59:54+00:00
2493,2493/,https://national-football-teams.com/matches/report/2493/,HTTP 404,404,2026-04-16T08:59:54+00:00
24930,24930/,https://national-football-teams.com/matches/report/24930/,HTTP 404,404,2026-04-16T08:59:54+00:00
24931,24931/,https://national-football-teams.com/matches/report/24931/,HTTP 404,404,2026-04-16T08:59:54+00:00
24932,24932/,https://national-football-teams.com/matches/report/24932/,HTTP 404,404,2026-04-16T08:59:54+00:00
24933,24933/,https://national-football-teams.com/matches/report/24933/,HTTP 404,404,2026-04-16T08:59:55+00:00
24934,24934/,https://national-football-teams.com/matches/report/24934/,HTTP 404,404,2026-04-16T08:59:55+00:00
24938,24938/,https://national-football-teams.com/matches/report/24938/,HTTP 404,404,2026-04-16T08:59:55+00:00
2494,2494/,https://national-football-teams.com/matches/report/2494/,HTTP 404,404,2026-04-16T08:59:55+00:00
24941,24941/,https://national-football-teams.com/matches/report/24941/,HTTP 404,404,2026-04-16T08:59:55+00:00
24942,24942/,https://national-football-teams.com/matches/report/24942/,HTTP 404,404,2026-04-16T08:59:55+00:00
24943,24943/,https://national-football-teams.com/matches/report/24943/,HTTP 404,404,2026-04-16T08:59:55+00:00
24945,24945/,https://national-football-teams.com/matches/report/24945/,HTTP 404,404,2026-04-16T08:59:55+00:00
24947,24947/,https://national-football-teams.com/matches/report/24947/,HTTP 404,404,2026-04-16T08:59:55+00:00
24949,24949/,https://national-football-teams.com/matches/report/24949/,HTTP 404,404,2026-04-16T08:59:55+00:00
2495,2495/,https://national-football-teams.com/matches/report/2495/,HTTP 404,404,2026-04-16T08:59:55+00:00
24950,24950/,https://national-football-teams.com/matches/report/24950/,HTTP 404,404,2026-04-16T08:59:55+00:00
24952,24952/,https://national-football-teams.com/matches/report/24952/,HTTP 404,404,2026-04-16T08:59:55+00:00
24953,24953/,https://national-football-teams.com/matches/report/24953/,HTTP 404,404,2026-04-16T08:59:55+00:00
24954,24954/,https://national-football-teams.com/matches/report/24954/,HTTP 404,404,2026-04-16T08:59:55+00:00
24955,24955/,https://national-football-teams.com/matches/report/24955/,HTTP 404,404,2026-04-16T08:59:55+00:00
24956,24956/,https://national-football-teams.com/matches/report/24956/,HTTP 404,404,2026-04-16T08:59:55+00:00
24957,24957/,https://national-football-teams.com/matches/report/24957/,HTTP 404,404,2026-04-16T08:59:55+00:00
2496,2496/,https://national-football-teams.com/matches/report/2496/,HTTP 404,404,2026-04-16T08:59:55+00:00
2497,2497/,https://national-football-teams.com/matches/report/2497/,HTTP 404,404,2026-04-16T08:59:55+00:00
2498,2498/,https://national-football-teams.com/matches/report/2498/,HTTP 404,404,2026-04-16T08:59:56+00:00
24983,24983/,https://national-football-teams.com/matches/report/24983/,HTTP 404,404,2026-04-16T08:59:56+00:00
24984,24984/,https://national-football-teams.com/matches/report/24984/,HTTP 404,404,2026-04-16T08:59:56+00:00
24985,24985/,https://national-football-teams.com/matches/report/24985/,HTTP 404,404,2026-04-16T08:59:56+00:00
24986,24986/,https://national-football-teams.com/matches/report/24986/,HTTP 404,404,2026-04-16T08:59:56+00:00
24987,24987/,https://national-football-teams.com/matches/report/24987/,HTTP 404,404,2026-04-16T08:59:56+00:00
24988,24988/,https://national-football-teams.com/matches/report/24988/,HTTP 404,404,2026-04-16T08:59:56+00:00
24989,24989/,https://national-football-teams.com/matches/report/24989/,HTTP 404,404,2026-04-16T08:59:56+00:00
2499,2499/,https://national-football-teams.com/matches/report/2499/,HTTP 404,404,2026-04-16T08:59:56+00:00
24990,24990/,https://national-football-teams.com/matches/report/24990/,HTTP 404,404,2026-04-16T08:59:56+00:00
24991,24991/,https://national-football-teams.com/matches/report/24991/,HTTP 404,404,2026-04-16T08:59:56+00:00
2500,2500/,https://national-football-teams.com/matches/report/2500/,HTTP 404,404,2026-04-16T08:59:56+00:00
2501,2501/,https://national-football-teams.com/matches/report/2501/,HTTP 404,404,2026-04-16T08:59:56+00:00
25010,25010/,https://national-football-teams.com/matches/report/25010/,HTTP 404,404,2026-04-16T08:59:56+00:00
25011,25011/,https://national-football-teams.com/matches/report/25011/,HTTP 404,404,2026-04-16T08:59:56+00:00
25012,25012/,https://national-football-teams.com/matches/report/25012/,HTTP 404,404,2026-04-16T08:59:56+00:00
25013,25013/,https://national-football-teams.com/matches/report/25013/,HTTP 404,404,2026-04-16T08:59:56+00:00
25014,25014/,https://national-football-teams.com/matches/report/25014/,HTTP 404,404,2026-04-16T08:59:56+00:00
25015,25015/,https://national-football-teams.com/matches/report/25015/,HTTP 404,404,2026-04-16T08:59:56+00:00
25016,25016/,https://national-football-teams.com/matches/report/25016/,HTTP 404,404,2026-04-16T08:59:56+00:00
25017,25017/,https://national-football-teams.com/matches/report/25017/,HTTP 404,404,2026-04-16T08:59:56+00:00
25018,25018/,https://national-football-teams.com/matches/report/25018/,HTTP 404,404,2026-04-16T08:59:56+00:00
25019,25019/,https://national-football-teams.com/matches/report/25019/,HTTP 404,404,2026-04-16T08:59:56+00:00
2502,2502/,https://national-football-teams.com/matches/report/2502/,HTTP 404,404,2026-04-16T08:59:56+00:00
25020,25020/,https://national-football-teams.com/matches/report/25020/,HTTP 404,404,2026-04-16T08:59:56+00:00
25021,25021/,https://national-football-teams.com/matches/report/25021/,HTTP 404,404,2026-04-16T08:59:57+00:00
25022,25022/,https://national-football-teams.com/matches/report/25022/,HTTP 404,404,2026-04-16T08:59:57+00:00
25023,25023/,https://national-football-teams.com/matches/report/25023/,HTTP 404,404,2026-04-16T08:59:57+00:00
2503,2503/,https://national-football-teams.com/matches/report/2503/,HTTP 404,404,2026-04-16T08:59:57+00:00
25036,25036/,https://national-football-teams.com/matches/report/25036/,HTTP 404,404,2026-04-16T08:59:57+00:00
25037,25037/,https://national-football-teams.com/matches/report/25037/,HTTP 404,404,2026-04-16T08:59:57+00:00
2504,2504/,https://national-football-teams.com/matches/report/2504/,HTTP 404,404,2026-04-16T08:59:57+00:00
25040,25040/,https://national-football-teams.com/matches/report/25040/,HTTP 404,404,2026-04-16T08:59:57+00:00
25041,25041/,https://national-football-teams.com/matches/report/25041/,HTTP 404,404,2026-04-16T08:59:57+00:00
25042,25042/,https://national-football-teams.com/matches/report/25042/,HTTP 404,404,2026-04-16T08:59:57+00:00
25043,25043/,https://national-football-teams.com/matches/report/25043/,HTTP 404,404,2026-04-16T08:59:57+00:00
25045,25045/,https://national-football-teams.com/matches/report/25045/,HTTP 404,404,2026-04-16T08:59:57+00:00
25047,25047/,https://national-football-teams.com/matches/report/25047/,HTTP 404,404,2026-04-16T08:59:57+00:00
25049,25049/,https://national-football-teams.com/matches/report/25049/,HTTP 404,404,2026-04-16T08:59:57+00:00
2505,2505/,https://national-football-teams.com/matches/report/2505/,HTTP 404,404,2026-04-16T08:59:57+00:00
25052,25052/,https://national-football-teams.com/matches/report/25052/,HTTP 404,404,2026-04-16T08:59:58+00:00
25053,25053/,https://national-football-teams.com/matches/report/25053/,HTTP 404,404,2026-04-16T08:59:58+00:00
25054,25054/,https://national-football-teams.com/matches/report/25054/,HTTP 404,404,2026-04-16T08:59:58+00:00
25055,25055/,https://national-football-teams.com/matches/report/25055/,HTTP 404,404,2026-04-16T08:59:58+00:00
25056,25056/,https://national-football-teams.com/matches/report/25056/,HTTP 404,404,2026-04-16T08:59:58+00:00
25057,25057/,https://national-football-teams.com/matches/report/25057/,HTTP 404,404,2026-04-16T08:59:59+00:00
25058,25058/,https://national-football-teams.com/matches/report/25058/,HTTP 404,404,2026-04-16T08:59:59+00:00
25059,25059/,https://national-football-teams.com/matches/report/25059/,HTTP 404,404,2026-04-16T08:59:59+00:00
2506,2506/,https://national-football-teams.com/matches/report/2506/,HTTP 404,404,2026-04-16T08:59:59+00:00
25060,25060/,https://national-football-teams.com/matches/report/25060/,HTTP 404,404,2026-04-16T08:59:59+00:00
25061,25061/,https://national-football-teams.com/matches/report/25061/,HTTP 404,404,2026-04-16T08:59:59+00:00
25062,25062/,https://national-football-teams.com/matches/report/25062/,HTTP 404,404,2026-04-16T08:59:59+00:00
25063,25063/,https://national-football-teams.com/matches/report/25063/,HTTP 404,404,2026-04-16T08:59:59+00:00
25064,25064/,https://national-football-teams.com/matches/report/25064/,HTTP 404,404,2026-04-16T08:59:59+00:00
25065,25065/,https://national-football-teams.com/matches/report/25065/,HTTP 404,404,2026-04-16T08:59:59+00:00
25066,25066/,https://national-football-teams.com/matches/report/25066/,HTTP 404,404,2026-04-16T08:59:59+00:00
25067,25067/,https://national-football-teams.com/matches/report/25067/,HTTP 404,404,2026-04-16T08:59:59+00:00
25068,25068/,https://national-football-teams.com/matches/report/25068/,HTTP 404,404,2026-04-16T08:59:59+00:00
25069,25069/,https://national-football-teams.com/matches/report/25069/,HTTP 404,404,2026-04-16T08:59:59+00:00
2507,2507/,https://national-football-teams.com/matches/report/2507/,HTTP 404,404,2026-04-16T08:59:59+00:00
25070,25070/,https://national-football-teams.com/matches/report/25070/,HTTP 404,404,2026-04-16T08:59:59+00:00
25079,25079/,https://national-football-teams.com/matches/report/25079/,HTTP 404,404,2026-04-16T08:59:59+00:00
2508,2508/,https://national-football-teams.com/matches/report/2508/,HTTP 404,404,2026-04-16T08:59:59+00:00
25087,25087/,https://national-football-teams.com/matches/report/25087/,HTTP 404,404,2026-04-16T08:59:59+00:00
25088,25088/,https://national-football-teams.com/matches/report/25088/,HTTP 404,404,2026-04-16T08:59:59+00:00
25089,25089/,https://national-football-teams.com/matches/report/25089/,HTTP 404,404,2026-04-16T08:59:59+00:00
2509,2509/,https://national-football-teams.com/matches/report/2509/,HTTP 404,404,2026-04-16T08:59:59+00:00
25090,25090/,https://national-football-teams.com/matches/report/25090/,HTTP 404,404,2026-04-16T08:59:59+00:00
25092,25092/,https://national-football-teams.com/matches/report/25092/,HTTP 404,404,2026-04-16T08:59:59+00:00
25093,25093/,https://national-football-teams.com/matches/report/25093/,HTTP 404,404,2026-04-16T08:59:59+00:00
25094,25094/,https://national-football-teams.com/matches/report/25094/,HTTP 404,404,2026-04-16T09:00:00+00:00
25095,25095/,https://national-football-teams.com/matches/report/25095/,HTTP 404,404,2026-04-16T09:00:00+00:00
25096,25096/,https://national-football-teams.com/matches/report/25096/,HTTP 404,404,2026-04-16T09:00:00+00:00
25097,25097/,https://national-football-teams.com/matches/report/25097/,HTTP 404,404,2026-04-16T09:00:00+00:00
25098,25098/,https://national-football-teams.com/matches/report/25098/,HTTP 404,404,2026-04-16T09:00:00+00:00
25099,25099/,https://national-football-teams.com/matches/report/25099/,HTTP 404,404,2026-04-16T09:00:00+00:00
2510,2510/,https://national-football-teams.com/matches/report/2510/,HTTP 404,404,2026-04-16T09:00:00+00:00
25100,25100/,https://national-football-teams.com/matches/report/25100/,HTTP 404,404,2026-04-16T09:00:00+00:00
25108,25108/,https://national-football-teams.com/matches/report/25108/,HTTP 404,404,2026-04-16T09:00:00+00:00
2511,2511/,https://national-football-teams.com/matches/report/2511/,HTTP 404,404,2026-04-16T09:00:00+00:00
2512,2512/,https://national-football-teams.com/matches/report/2512/,HTTP 404,404,2026-04-16T09:00:00+00:00
25120,25120/,https://national-football-teams.com/matches/report/25120/,HTTP 404,404,2026-04-16T09:00:00+00:00
25121,25121/,https://national-football-teams.com/matches/report/25121/,HTTP 404,404,2026-04-16T09:00:00+00:00
25122,25122/,https://national-football-teams.com/matches/report/25122/,HTTP 404,404,2026-04-16T09:00:00+00:00
25123,25123/,https://national-football-teams.com/matches/report/25123/,HTTP 404,404,2026-04-16T09:00:00+00:00
25124,25124/,https://national-football-teams.com/matches/report/25124/,HTTP 404,404,2026-04-16T09:00:00+00:00
25125,25125/,https://national-football-teams.com/matches/report/25125/,HTTP 404,404,2026-04-16T09:00:00+00:00
25126,25126/,https://national-football-teams.com/matches/report/25126/,HTTP 404,404,2026-04-16T09:00:00+00:00
25127,25127/,https://national-football-teams.com/matches/report/25127/,HTTP 404,404,2026-04-16T09:00:00+00:00
25128,25128/,https://national-football-teams.com/matches/report/25128/,HTTP 404,404,2026-04-16T09:00:00+00:00
2513,2513/,https://national-football-teams.com/matches/report/2513/,HTTP 404,404,2026-04-16T09:00:01+00:00
2514,2514/,https://national-football-teams.com/matches/report/2514/,HTTP 404,404,2026-04-16T09:00:01+00:00
25142,25142/,https://national-football-teams.com/matches/report/25142/,HTTP 404,404,2026-04-16T09:00:01+00:00
25143,25143/,https://national-football-teams.com/matches/report/25143/,HTTP 404,404,2026-04-16T09:00:01+00:00
25144,25144/,https://national-football-teams.com/matches/report/25144/,HTTP 404,404,2026-04-16T09:00:01+00:00
25145,25145/,https://national-football-teams.com/matches/report/25145/,HTTP 404,404,2026-04-16T09:00:01+00:00
25146,25146/,https://national-football-teams.com/matches/report/25146/,HTTP 404,404,2026-04-16T09:00:01+00:00
25147,25147/,https://national-football-teams.com/matches/report/25147/,HTTP 404,404,2026-04-16T09:00:01+00:00
25148,25148/,https://national-football-teams.com/matches/report/25148/,HTTP 404,404,2026-04-16T09:00:01+00:00
25149,25149/,https://national-football-teams.com/matches/report/25149/,HTTP 404,404,2026-04-16T09:00:01+00:00
2515,2515/,https://national-football-teams.com/matches/report/2515/,HTTP 404,404,2026-04-16T09:00:01+00:00
25150,25150/,https://national-football-teams.com/matches/report/25150/,HTTP 404,404,2026-04-16T09:00:01+00:00
25151,25151/,https://national-football-teams.com/matches/report/25151/,HTTP 404,404,2026-04-16T09:00:01+00:00
25152,25152/,https://national-football-teams.com/matches/report/25152/,HTTP 404,404,2026-04-16T09:00:01+00:00
25153,25153/,https://national-football-teams.com/matches/report/25153/,HTTP 404,404,2026-04-16T09:00:01+00:00
25154,25154/,https://national-football-teams.com/matches/report/25154/,HTTP 404,404,2026-04-16T09:00:01+00:00
2516,2516/,https://national-football-teams.com/matches/report/2516/,HTTP 404,404,2026-04-16T09:00:01+00:00
25169,25169/,https://national-football-teams.com/matches/report/25169/,HTTP 404,404,2026-04-16T09:00:01+00:00
2517,2517/,https://national-football-teams.com/matches/report/2517/,HTTP 404,404,2026-04-16T09:00:01+00:00
25170,25170/,https://national-football-teams.com/matches/report/25170/,HTTP 404,404,2026-04-16T09:00:01+00:00
25171,25171/,https://national-football-teams.com/matches/report/25171/,HTTP 404,404,2026-04-16T09:00:01+00:00
25172,25172/,https://national-football-teams.com/matches/report/25172/,HTTP 404,404,2026-04-16T09:00:01+00:00
25173,25173/,https://national-football-teams.com/matches/report/25173/,HTTP 404,404,2026-04-16T09:00:01+00:00
25174,25174/,https://national-football-teams.com/matches/report/25174/,HTTP 404,404,2026-04-16T09:00:01+00:00
25175,25175/,https://national-football-teams.com/matches/report/25175/,HTTP 404,404,2026-04-16T09:00:01+00:00
25176,25176/,https://national-football-teams.com/matches/report/25176/,HTTP 404,404,2026-04-16T09:00:02+00:00
25177,25177/,https://national-football-teams.com/matches/report/25177/,HTTP 404,404,2026-04-16T09:00:02+00:00
25178,25178/,https://national-football-teams.com/matches/report/25178/,HTTP 404,404,2026-04-16T09:00:02+00:00
25179,25179/,https://national-football-teams.com/matches/report/25179/,HTTP 404,404,2026-04-16T09:00:02+00:00
2518,2518/,https://national-football-teams.com/matches/report/2518/,HTTP 404,404,2026-04-16T09:00:02+00:00
25180,25180/,https://national-football-teams.com/matches/report/25180/,HTTP 404,404,2026-04-16T09:00:02+00:00
25181,25181/,https://national-football-teams.com/matches/report/25181/,HTTP 404,404,2026-04-16T09:00:02+00:00
25182,25182/,https://national-football-teams.com/matches/report/25182/,HTTP 404,404,2026-04-16T09:00:02+00:00
2519,2519/,https://national-football-teams.com/matches/report/2519/,HTTP 404,404,2026-04-16T09:00:02+00:00
2520,2520/,https://national-football-teams.com/matches/report/2520/,HTTP 404,404,2026-04-16T09:00:02+00:00
25204,25204/,https://national-football-teams.com/matches/report/25204/,HTTP 404,404,2026-04-16T09:00:02+00:00
25205,25205/,https://national-football-teams.com/matches/report/25205/,HTTP 404,404,2026-04-16T09:00:02+00:00
25206,25206/,https://national-football-teams.com/matches/report/25206/,HTTP 404,404,2026-04-16T09:00:02+00:00
25207,25207/,https://national-football-teams.com/matches/report/25207/,HTTP 404,404,2026-04-16T09:00:02+00:00
25208,25208/,https://national-football-teams.com/matches/report/25208/,HTTP 404,404,2026-04-16T09:00:02+00:00
25209,25209/,https://national-football-teams.com/matches/report/25209/,HTTP 404,404,2026-04-16T09:00:02+00:00
2521,2521/,https://national-football-teams.com/matches/report/2521/,HTTP 404,404,2026-04-16T09:00:02+00:00
25210,25210/,https://national-football-teams.com/matches/report/25210/,HTTP 404,404,2026-04-16T09:00:02+00:00
25211,25211/,https://national-football-teams.com/matches/report/25211/,HTTP 404,404,2026-04-16T09:00:02+00:00
2522,2522/,https://national-football-teams.com/matches/report/2522/,HTTP 404,404,2026-04-16T09:00:02+00:00
25225,25225/,https://national-football-teams.com/matches/report/25225/,HTTP 404,404,2026-04-16T09:00:03+00:00
2523,2523/,https://national-football-teams.com/matches/report/2523/,HTTP 404,404,2026-04-16T09:00:03+00:00
2524,2524/,https://national-football-teams.com/matches/report/2524/,HTTP 404,404,2026-04-16T09:00:03+00:00
25241,25241/,https://national-football-teams.com/matches/report/25241/,HTTP 404,404,2026-04-16T09:00:03+00:00
25242,25242/,https://national-football-teams.com/matches/report/25242/,HTTP 404,404,2026-04-16T09:00:03+00:00
25243,25243/,https://national-football-teams.com/matches/report/25243/,HTTP 404,404,2026-04-16T09:00:03+00:00
25244,25244/,https://national-football-teams.com/matches/report/25244/,HTTP 404,404,2026-04-16T09:00:03+00:00
25245,25245/,https://national-football-teams.com/matches/report/25245/,HTTP 404,404,2026-04-16T09:00:03+00:00
25246,25246/,https://national-football-teams.com/matches/report/25246/,HTTP 404,404,2026-04-16T09:00:03+00:00
25247,25247/,https://national-football-teams.com/matches/report/25247/,HTTP 404,404,2026-04-16T09:00:03+00:00
25248,25248/,https://national-football-teams.com/matches/report/25248/,HTTP 404,404,2026-04-16T09:00:03+00:00
25249,25249/,https://national-football-teams.com/matches/report/25249/,HTTP 404,404,2026-04-16T09:00:03+00:00
2525,2525/,https://national-football-teams.com/matches/report/2525/,HTTP 404,404,2026-04-16T09:00:03+00:00
25250,25250/,https://national-football-teams.com/matches/report/25250/,HTTP 404,404,2026-04-16T09:00:03+00:00
25251,25251/,https://national-football-teams.com/matches/report/25251/,HTTP 404,404,2026-04-16T09:00:03+00:00
25252,25252/,https://national-football-teams.com/matches/report/25252/,HTTP 404,404,2026-04-16T09:00:03+00:00
25253,25253/,https://national-football-teams.com/matches/report/25253/,HTTP 404,404,2026-04-16T09:00:03+00:00
2526,2526/,https://national-football-teams.com/matches/report/2526/,HTTP 404,404,2026-04-16T09:00:03+00:00
2527,2527/,https://national-football-teams.com/matches/report/2527/,HTTP 404,404,2026-04-16T09:00:03+00:00
25271,25271/,https://national-football-teams.com/matches/report/25271/,HTTP 404,404,2026-04-16T09:00:03+00:00
25272,25272/,https://national-football-teams.com/matches/report/25272/,HTTP 404,404,2026-04-16T09:00:04+00:00
25273,25273/,https://national-football-teams.com/matches/report/25273/,HTTP 404,404,2026-04-16T09:00:04+00:00
25274,25274/,https://national-football-teams.com/matches/report/25274/,HTTP 404,404,2026-04-16T09:00:04+00:00
25275,25275/,https://national-football-teams.com/matches/report/25275/,HTTP 404,404,2026-04-16T09:00:04+00:00
25276,25276/,https://national-football-teams.com/matches/report/25276/,HTTP 404,404,2026-04-16T09:00:04+00:00
25277,25277/,https://national-football-teams.com/matches/report/25277/,HTTP 404,404,2026-04-16T09:00:04+00:00
25278,25278/,https://national-football-teams.com/matches/report/25278/,HTTP 404,404,2026-04-16T09:00:04+00:00
25279,25279/,https://national-football-teams.com/matches/report/25279/,HTTP 404,404,2026-04-16T09:00:04+00:00
2528,2528/,https://national-football-teams.com/matches/report/2528/,HTTP 404,404,2026-04-16T09:00:04+00:00
25280,25280/,https://national-football-teams.com/matches/report/25280/,HTTP 404,404,2026-04-16T09:00:04+00:00
2529,2529/,https://national-football-teams.com/matches/report/2529/,HTTP 404,404,2026-04-16T09:00:04+00:00
25291,25291/,https://national-football-teams.com/matches/report/25291/,HTTP 404,404,2026-04-16T09:00:04+00:00
25292,25292/,https://national-football-teams.com/matches/report/25292/,HTTP 404,404,2026-04-16T09:00:04+00:00
25293,25293/,https://national-football-teams.com/matches/report/25293/,HTTP 404,404,2026-04-16T09:00:04+00:00
2530,2530/,https://national-football-teams.com/matches/report/2530/,HTTP 404,404,2026-04-16T09:00:04+00:00
25306,25306/,https://national-football-teams.com/matches/report/25306/,HTTP 404,404,2026-04-16T09:00:04+00:00
25307,25307/,https://national-football-teams.com/matches/report/25307/,HTTP 404,404,2026-04-16T09:00:04+00:00
2531,2531/,https://national-football-teams.com/matches/report/2531/,HTTP 404,404,2026-04-16T09:00:04+00:00
25314,25314/,https://national-football-teams.com/matches/report/25314/,HTTP 404,404,2026-04-16T09:00:04+00:00
25315,25315/,https://national-football-teams.com/matches/report/25315/,HTTP 404,404,2026-04-16T09:00:04+00:00
25316,25316/,https://national-football-teams.com/matches/report/25316/,HTTP 404,404,2026-04-16T09:00:04+00:00
25317,25317/,https://national-football-teams.com/matches/report/25317/,HTTP 404,404,2026-04-16T09:00:04+00:00
25318,25318/,https://national-football-teams.com/matches/report/25318/,HTTP 404,404,2026-04-16T09:00:04+00:00
25319,25319/,https://national-football-teams.com/matches/report/25319/,HTTP 404,404,2026-04-16T09:00:04+00:00
2532,2532/,https://national-football-teams.com/matches/report/2532/,HTTP 404,404,2026-04-16T09:00:04+00:00
25320,25320/,https://national-football-teams.com/matches/report/25320/,HTTP 404,404,2026-04-16T09:00:05+00:00
25321,25321/,https://national-football-teams.com/matches/report/25321/,HTTP 404,404,2026-04-16T09:00:05+00:00
25322,25322/,https://national-football-teams.com/matches/report/25322/,HTTP 404,404,2026-04-16T09:00:05+00:00
2533,2533/,https://national-football-teams.com/matches/report/2533/,HTTP 404,404,2026-04-16T09:00:05+00:00
25338,25338/,https://national-football-teams.com/matches/report/25338/,HTTP 404,404,2026-04-16T09:00:05+00:00
25339,25339/,https://national-football-teams.com/matches/report/25339/,HTTP 404,404,2026-04-16T09:00:05+00:00
2534,2534/,https://national-football-teams.com/matches/report/2534/,HTTP 404,404,2026-04-16T09:00:05+00:00
2535,2535/,https://national-football-teams.com/matches/report/2535/,HTTP 404,404,2026-04-16T09:00:05+00:00
25351,25351/,https://national-football-teams.com/matches/report/25351/,HTTP 404,404,2026-04-16T09:00:05+00:00
25352,25352/,https://national-football-teams.com/matches/report/25352/,HTTP 404,404,2026-04-16T09:00:05+00:00
25353,25353/,https://national-football-teams.com/matches/report/25353/,HTTP 404,404,2026-04-16T09:00:05+00:00
2536,2536/,https://national-football-teams.com/matches/report/2536/,HTTP 404,404,2026-04-16T09:00:05+00:00
2537,2537/,https://national-football-teams.com/matches/report/2537/,HTTP 404,404,2026-04-16T09:00:05+00:00
25379,25379/,https://national-football-teams.com/matches/report/25379/,HTTP 404,404,2026-04-16T09:00:05+00:00
2538,2538/,https://national-football-teams.com/matches/report/2538/,HTTP 404,404,2026-04-16T09:00:05+00:00
25380,25380/,https://national-football-teams.com/matches/report/25380/,HTTP 404,404,2026-04-16T09:00:05+00:00
25381,25381/,https://national-football-teams.com/matches/report/25381/,HTTP 404,404,2026-04-16T09:00:05+00:00
2539,2539/,https://national-football-teams.com/matches/report/2539/,HTTP 404,404,2026-04-16T09:00:05+00:00
25390,25390/,https://national-football-teams.com/matches/report/25390/,HTTP 404,404,2026-04-16T09:00:05+00:00
25391,25391/,https://national-football-teams.com/matches/report/25391/,HTTP 404,404,2026-04-16T09:00:05+00:00
25392,25392/,https://national-football-teams.com/matches/report/25392/,HTTP 404,404,2026-04-16T09:00:06+00:00
25393,25393/,https://national-football-teams.com/matches/report/25393/,HTTP 404,404,2026-04-16T09:00:06+00:00
25394,25394/,https://national-football-teams.com/matches/report/25394/,HTTP 404,404,2026-04-16T09:00:06+00:00
25395,25395/,https://national-football-teams.com/matches/report/25395/,HTTP 404,404,2026-04-16T09:00:06+00:00
25396,25396/,https://national-football-teams.com/matches/report/25396/,HTTP 404,404,2026-04-16T09:00:06+00:00
25397,25397/,https://national-football-teams.com/matches/report/25397/,HTTP 404,404,2026-04-16T09:00:06+00:00
25398,25398/,https://national-football-teams.com/matches/report/25398/,HTTP 404,404,2026-04-16T09:00:06+00:00
2540,2540/,https://national-football-teams.com/matches/report/2540/,HTTP 404,404,2026-04-16T09:00:06+00:00
2541,2541/,https://national-football-teams.com/matches/report/2541/,HTTP 404,404,2026-04-16T09:00:06+00:00
25410,25410/,https://national-football-teams.com/matches/report/25410/,HTTP 404,404,2026-04-16T09:00:06+00:00
25411,25411/,https://national-football-teams.com/matches/report/25411/,HTTP 404,404,2026-04-16T09:00:06+00:00
2542,2542/,https://national-football-teams.com/matches/report/2542/,HTTP 404,404,2026-04-16T09:00:06+00:00
2543,2543/,https://national-football-teams.com/matches/report/2543/,HTTP 404,404,2026-04-16T09:00:06+00:00
25432,25432/,https://national-football-teams.com/matches/report/25432/,HTTP 404,404,2026-04-16T09:00:06+00:00
25433,25433/,https://national-football-teams.com/matches/report/25433/,HTTP 404,404,2026-04-16T09:00:06+00:00
25434,25434/,https://national-football-teams.com/matches/report/25434/,HTTP 404,404,2026-04-16T09:00:06+00:00
25435,25435/,https://national-football-teams.com/matches/report/25435/,HTTP 404,404,2026-04-16T09:00:06+00:00
2544,2544/,https://national-football-teams.com/matches/report/2544/,HTTP 404,404,2026-04-16T09:00:06+00:00
25444,25444/,https://national-football-teams.com/matches/report/25444/,HTTP 404,404,2026-04-16T09:00:06+00:00
2545,2545/,https://national-football-teams.com/matches/report/2545/,HTTP 404,404,2026-04-16T09:00:06+00:00
25450,25450/,https://national-football-teams.com/matches/report/25450/,HTTP 404,404,2026-04-16T09:00:06+00:00
25451,25451/,https://national-football-teams.com/matches/report/25451/,HTTP 404,404,2026-04-16T09:00:06+00:00
25452,25452/,https://national-football-teams.com/matches/report/25452/,HTTP 404,404,2026-04-16T09:00:06+00:00
25456,25456/,https://national-football-teams.com/matches/report/25456/,HTTP 404,404,2026-04-16T09:00:06+00:00
25457,25457/,https://national-football-teams.com/matches/report/25457/,HTTP 404,404,2026-04-16T09:00:06+00:00
25458,25458/,https://national-football-teams.com/matches/report/25458/,HTTP 404,404,2026-04-16T09:00:07+00:00
2546,2546/,https://national-football-teams.com/matches/report/2546/,HTTP 404,404,2026-04-16T09:00:07+00:00
2547,2547/,https://national-football-teams.com/matches/report/2547/,HTTP 404,404,2026-04-16T09:00:07+00:00
25479,25479/,https://national-football-teams.com/matches/report/25479/,HTTP 404,404,2026-04-16T09:00:07+00:00
2548,2548/,https://national-football-teams.com/matches/report/2548/,HTTP 404,404,2026-04-16T09:00:07+00:00
25480,25480/,https://national-football-teams.com/matches/report/25480/,HTTP 404,404,2026-04-16T09:00:07+00:00
25481,25481/,https://national-football-teams.com/matches/report/25481/,HTTP 404,404,2026-04-16T09:00:07+00:00
25482,25482/,https://national-football-teams.com/matches/report/25482/,HTTP 404,404,2026-04-16T09:00:07+00:00
25483,25483/,https://national-football-teams.com/matches/report/25483/,HTTP 404,404,2026-04-16T09:00:07+00:00
25484,25484/,https://national-football-teams.com/matches/report/25484/,HTTP 404,404,2026-04-16T09:00:07+00:00
2549,2549/,https://national-football-teams.com/matches/report/2549/,HTTP 404,404,2026-04-16T09:00:07+00:00
2550,2550/,https://national-football-teams.com/matches/report/2550/,HTTP 404,404,2026-04-16T09:00:07+00:00
25509,25509/,https://national-football-teams.com/matches/report/25509/,HTTP 404,404,2026-04-16T09:00:07+00:00
2551,2551/,https://national-football-teams.com/matches/report/2551/,HTTP 404,404,2026-04-16T09:00:07+00:00
25510,25510/,https://national-football-teams.com/matches/report/25510/,HTTP 404,404,2026-04-16T09:00:07+00:00
25511,25511/,https://national-football-teams.com/matches/report/25511/,HTTP 404,404,2026-04-16T09:00:07+00:00
2552,2552/,https://national-football-teams.com/matches/report/2552/,HTTP 404,404,2026-04-16T09:00:07+00:00
25526,25526/,https://national-football-teams.com/matches/report/25526/,HTTP 404,404,2026-04-16T09:00:07+00:00
2553,2553/,https://national-football-teams.com/matches/report/2553/,HTTP 404,404,2026-04-16T09:00:07+00:00
2554,2554/,https://national-football-teams.com/matches/report/2554/,HTTP 404,404,2026-04-16T09:00:07+00:00
25548,25548/,https://national-football-teams.com/matches/report/25548/,HTTP 404,404,2026-04-16T09:00:08+00:00
25549,25549/,https://national-football-teams.com/matches/report/25549/,HTTP 404,404,2026-04-16T09:00:08+00:00
2555,2555/,https://national-football-teams.com/matches/report/2555/,HTTP 404,404,2026-04-16T09:00:08+00:00
25551,25551/,https://national-football-teams.com/matches/report/25551/,HTTP 404,404,2026-04-16T09:00:08+00:00
2556,2556/,https://national-football-teams.com/matches/report/2556/,HTTP 404,404,2026-04-16T09:00:08+00:00
2557,2557/,https://national-football-teams.com/matches/report/2557/,HTTP 404,404,2026-04-16T09:00:08+00:00
25570,25570/,https://national-football-teams.com/matches/report/25570/,HTTP 404,404,2026-04-16T09:00:08+00:00
2558,2558/,https://national-football-teams.com/matches/report/2558/,HTTP 404,404,2026-04-16T09:00:08+00:00
25588,25588/,https://national-football-teams.com/matches/report/25588/,HTTP 404,404,2026-04-16T09:00:08+00:00
2559,2559/,https://national-football-teams.com/matches/report/2559/,HTTP 404,404,2026-04-16T09:00:08+00:00
25591,25591/,https://national-football-teams.com/matches/report/25591/,HTTP 404,404,2026-04-16T09:00:08+00:00
2560,2560/,https://national-football-teams.com/matches/report/2560/,HTTP 404,404,2026-04-16T09:00:08+00:00
25606,25606/,https://national-football-teams.com/matches/report/25606/,HTTP 404,404,2026-04-16T09:00:08+00:00
2561,2561/,https://national-football-teams.com/matches/report/2561/,HTTP 404,404,2026-04-16T09:00:08+00:00
2562,2562/,https://national-football-teams.com/matches/report/2562/,HTTP 404,404,2026-04-16T09:00:08+00:00
25623,25623/,https://national-football-teams.com/matches/report/25623/,HTTP 404,404,2026-04-16T09:00:08+00:00
25624,25624/,https://national-football-teams.com/matches/report/25624/,HTTP 404,404,2026-04-16T09:00:08+00:00
25628,25628/,https://national-football-teams.com/matches/report/25628/,HTTP 404,404,2026-04-16T09:00:08+00:00
25629,25629/,https://national-football-teams.com/matches/report/25629/,HTTP 404,404,2026-04-16T09:00:08+00:00
2563,2563/,https://national-football-teams.com/matches/report/2563/,HTTP 404,404,2026-04-16T09:00:08+00:00
25632,25632/,https://national-football-teams.com/matches/report/25632/,HTTP 404,404,2026-04-16T09:00:08+00:00
2564,2564/,https://national-football-teams.com/matches/report/2564/,HTTP 404,404,2026-04-16T09:00:08+00:00
25648,25648/,https://national-football-teams.com/matches/report/25648/,HTTP 404,404,2026-04-16T09:00:08+00:00
25649,25649/,https://national-football-teams.com/matches/report/25649/,HTTP 404,404,2026-04-16T09:00:08+00:00
2565,2565/,https://national-football-teams.com/matches/report/2565/,HTTP 404,404,2026-04-16T09:00:08+00:00
25650,25650/,https://national-football-teams.com/matches/report/25650/,HTTP 404,404,2026-04-16T09:00:09+00:00
25651,25651/,https://national-football-teams.com/matches/report/25651/,HTTP 404,404,2026-04-16T09:00:09+00:00
25652,25652/,https://national-football-teams.com/matches/report/25652/,HTTP 404,404,2026-04-16T09:00:09+00:00
25653,25653/,https://national-football-teams.com/matches/report/25653/,HTTP 404,404,2026-04-16T09:00:09+00:00
25654,25654/,https://national-football-teams.com/matches/report/25654/,HTTP 404,404,2026-04-16T09:00:09+00:00
25655,25655/,https://national-football-teams.com/matches/report/25655/,HTTP 404,404,2026-04-16T09:00:09+00:00
25656,25656/,https://national-football-teams.com/matches/report/25656/,HTTP 404,404,2026-04-16T09:00:09+00:00
25657,25657/,https://national-football-teams.com/matches/report/25657/,HTTP 404,404,2026-04-16T09:00:09+00:00
25658,25658/,https://national-football-teams.com/matches/report/25658/,HTTP 404,404,2026-04-16T09:00:09+00:00
25659,25659/,https://national-football-teams.com/matches/report/25659/,HTTP 404,404,2026-04-16T09:00:09+00:00
2566,2566/,https://national-football-teams.com/matches/report/2566/,HTTP 404,404,2026-04-16T09:00:09+00:00
25660,25660/,https://national-football-teams.com/matches/report/25660/,HTTP 404,404,2026-04-16T09:00:09+00:00
25661,25661/,https://national-football-teams.com/matches/report/25661/,HTTP 404,404,2026-04-16T09:00:09+00:00
25662,25662/,https://national-football-teams.com/matches/report/25662/,HTTP 404,404,2026-04-16T09:00:09+00:00
25663,25663/,https://national-football-teams.com/matches/report/25663/,HTTP 404,404,2026-04-16T09:00:09+00:00
25664,25664/,https://national-football-teams.com/matches/report/25664/,HTTP 404,404,2026-04-16T09:00:09+00:00
2567,2567/,https://national-football-teams.com/matches/report/2567/,HTTP 404,404,2026-04-16T09:00:09+00:00
2568,2568/,https://national-football-teams.com/matches/report/2568/,HTTP 404,404,2026-04-16T09:00:09+00:00
2569,2569/,https://national-football-teams.com/matches/report/2569/,HTTP 404,404,2026-04-16T09:00:09+00:00
25693,25693/,https://national-football-teams.com/matches/report/25693/,HTTP 404,404,2026-04-16T09:00:09+00:00
25694,25694/,https://national-football-teams.com/matches/report/25694/,HTTP 404,404,2026-04-16T09:00:10+00:00
25695,25695/,https://national-football-teams.com/matches/report/25695/,HTTP 404,404,2026-04-16T09:00:10+00:00
25696,25696/,https://national-football-teams.com/matches/report/25696/,HTTP 404,404,2026-04-16T09:00:10+00:00
25697,25697/,https://national-football-teams.com/matches/report/25697/,HTTP 404,404,2026-04-16T09:00:10+00:00
25698,25698/,https://national-football-teams.com/matches/report/25698/,HTTP 404,404,2026-04-16T09:00:10+00:00
25699,25699/,https://national-football-teams.com/matches/report/25699/,HTTP 404,404,2026-04-16T09:00:10+00:00
2570,2570/,https://national-football-teams.com/matches/report/2570/,HTTP 404,404,2026-04-16T09:00:10+00:00
25700,25700/,https://national-football-teams.com/matches/report/25700/,HTTP 404,404,2026-04-16T09:00:10+00:00
25701,25701/,https://national-football-teams.com/matches/report/25701/,HTTP 404,404,2026-04-16T09:00:10+00:00
25702,25702/,https://national-football-teams.com/matches/report/25702/,HTTP 404,404,2026-04-16T09:00:10+00:00
25703,25703/,https://national-football-teams.com/matches/report/25703/,HTTP 404,404,2026-04-16T09:00:10+00:00
25704,25704/,https://national-football-teams.com/matches/report/25704/,HTTP 404,404,2026-04-16T09:00:10+00:00
25705,25705/,https://national-football-teams.com/matches/report/25705/,HTTP 404,404,2026-04-16T09:00:10+00:00
25706,25706/,https://national-football-teams.com/matches/report/25706/,HTTP 404,404,2026-04-16T09:00:10+00:00
25707,25707/,https://national-football-teams.com/matches/report/25707/,HTTP 404,404,2026-04-16T09:00:10+00:00
25708,25708/,https://national-football-teams.com/matches/report/25708/,HTTP 404,404,2026-04-16T09:00:10+00:00
25709,25709/,https://national-football-teams.com/matches/report/25709/,HTTP 404,404,2026-04-16T09:00:10+00:00
2571,2571/,https://national-football-teams.com/matches/report/2571/,HTTP 404,404,2026-04-16T09:00:10+00:00
25710,25710/,https://national-football-teams.com/matches/report/25710/,HTTP 404,404,2026-04-16T09:00:10+00:00
25711,25711/,https://national-football-teams.com/matches/report/25711/,HTTP 404,404,2026-04-16T09:00:10+00:00
25712,25712/,https://national-football-teams.com/matches/report/25712/,HTTP 404,404,2026-04-16T09:00:10+00:00
25713,25713/,https://national-football-teams.com/matches/report/25713/,HTTP 404,404,2026-04-16T09:00:10+00:00
2572,2572/,https://national-football-teams.com/matches/report/2572/,HTTP 404,404,2026-04-16T09:00:10+00:00
25728,25728/,https://national-football-teams.com/matches/report/25728/,HTTP 404,404,2026-04-16T09:00:10+00:00
2573,2573/,https://national-football-teams.com/matches/report/2573/,HTTP 404,404,2026-04-16T09:00:10+00:00
2574,2574/,https://national-football-teams.com/matches/report/2574/,HTTP 404,404,2026-04-16T09:00:11+00:00
2575,2575/,https://national-football-teams.com/matches/report/2575/,HTTP 404,404,2026-04-16T09:00:11+00:00
25750,25750/,https://national-football-teams.com/matches/report/25750/,HTTP 404,404,2026-04-16T09:00:11+00:00
25751,25751/,https://national-football-teams.com/matches/report/25751/,HTTP 404,404,2026-04-16T09:00:11+00:00
25752,25752/,https://national-football-teams.com/matches/report/25752/,HTTP 404,404,2026-04-16T09:00:11+00:00
25753,25753/,https://national-football-teams.com/matches/report/25753/,HTTP 404,404,2026-04-16T09:00:11+00:00
25754,25754/,https://national-football-teams.com/matches/report/25754/,HTTP 404,404,2026-04-16T09:00:11+00:00
25755,25755/,https://national-football-teams.com/matches/report/25755/,HTTP 404,404,2026-04-16T09:00:11+00:00
25756,25756/,https://national-football-teams.com/matches/report/25756/,HTTP 404,404,2026-04-16T09:00:11+00:00
25757,25757/,https://national-football-teams.com/matches/report/25757/,HTTP 404,404,2026-04-16T09:00:11+00:00
25758,25758/,https://national-football-teams.com/matches/report/25758/,HTTP 404,404,2026-04-16T09:00:11+00:00
25759,25759/,https://national-football-teams.com/matches/report/25759/,HTTP 404,404,2026-04-16T09:00:11+00:00
2576,2576/,https://national-football-teams.com/matches/report/2576/,HTTP 404,404,2026-04-16T09:00:11+00:00
25760,25760/,https://national-football-teams.com/matches/report/25760/,HTTP 404,404,2026-04-16T09:00:11+00:00
25761,25761/,https://national-football-teams.com/matches/report/25761/,HTTP 404,404,2026-04-16T09:00:11+00:00
25762,25762/,https://national-football-teams.com/matches/report/25762/,HTTP 404,404,2026-04-16T09:00:11+00:00
25763,25763/,https://national-football-teams.com/matches/report/25763/,HTTP 404,404,2026-04-16T09:00:11+00:00
25764,25764/,https://national-football-teams.com/matches/report/25764/,HTTP 404,404,2026-04-16T09:00:11+00:00
25765,25765/,https://national-football-teams.com/matches/report/25765/,HTTP 404,404,2026-04-16T09:00:11+00:00
25766,25766/,https://national-football-teams.com/matches/report/25766/,HTTP 404,404,2026-04-16T09:00:11+00:00
25767,25767/,https://national-football-teams.com/matches/report/25767/,HTTP 404,404,2026-04-16T09:00:12+00:00
2577,2577/,https://national-football-teams.com/matches/report/2577/,HTTP 404,404,2026-04-16T09:00:12+00:00
25771,25771/,https://national-football-teams.com/matches/report/25771/,HTTP 404,404,2026-04-16T09:00:12+00:00
2578,2578/,https://national-football-teams.com/matches/report/2578/,HTTP 404,404,2026-04-16T09:00:12+00:00
2579,2579/,https://national-football-teams.com/matches/report/2579/,HTTP 404,404,2026-04-16T09:00:12+00:00
2580,2580/,https://national-football-teams.com/matches/report/2580/,HTTP 404,404,2026-04-16T09:00:12+00:00
25809,25809/,https://national-football-teams.com/matches/report/25809/,HTTP 404,404,2026-04-16T09:00:12+00:00
2581,2581/,https://national-football-teams.com/matches/report/2581/,HTTP 404,404,2026-04-16T09:00:12+00:00
25810,25810/,https://national-football-teams.com/matches/report/25810/,HTTP 404,404,2026-04-16T09:00:12+00:00
25811,25811/,https://national-football-teams.com/matches/report/25811/,HTTP 404,404,2026-04-16T09:00:12+00:00
25812,25812/,https://national-football-teams.com/matches/report/25812/,HTTP 404,404,2026-04-16T09:00:12+00:00
25813,25813/,https://national-football-teams.com/matches/report/25813/,HTTP 404,404,2026-04-16T09:00:12+00:00
25814,25814/,https://national-football-teams.com/matches/report/25814/,HTTP 404,404,2026-04-16T09:00:12+00:00
25815,25815/,https://national-football-teams.com/matches/report/25815/,HTTP 404,404,2026-04-16T09:00:12+00:00
25816,25816/,https://national-football-teams.com/matches/report/25816/,HTTP 404,404,2026-04-16T09:00:12+00:00
25817,25817/,https://national-football-teams.com/matches/report/25817/,HTTP 404,404,2026-04-16T09:00:12+00:00
25818,25818/,https://national-football-teams.com/matches/report/25818/,HTTP 404,404,2026-04-16T09:00:12+00:00
25819,25819/,https://national-football-teams.com/matches/report/25819/,HTTP 404,404,2026-04-16T09:00:12+00:00
2582,2582/,https://national-football-teams.com/matches/report/2582/,HTTP 404,404,2026-04-16T09:00:12+00:00
25820,25820/,https://national-football-teams.com/matches/report/25820/,HTTP 404,404,2026-04-16T09:00:12+00:00
25821,25821/,https://national-football-teams.com/matches/report/25821/,HTTP 404,404,2026-04-16T09:00:13+00:00
25823,25823/,https://national-football-teams.com/matches/report/25823/,HTTP 404,404,2026-04-16T09:00:13+00:00
25824,25824/,https://national-football-teams.com/matches/report/25824/,HTTP 404,404,2026-04-16T09:00:13+00:00
25825,25825/,https://national-football-teams.com/matches/report/25825/,HTTP 404,404,2026-04-16T09:00:13+00:00
25827,25827/,https://national-football-teams.com/matches/report/25827/,HTTP 404,404,2026-04-16T09:00:13+00:00
25828,25828/,https://national-football-teams.com/matches/report/25828/,HTTP 404,404,2026-04-16T09:00:13+00:00
2583,2583/,https://national-football-teams.com/matches/report/2583/,HTTP 404,404,2026-04-16T09:00:13+00:00
25834,25834/,https://national-football-teams.com/matches/report/25834/,HTTP 404,404,2026-04-16T09:00:13+00:00
25835,25835/,https://national-football-teams.com/matches/report/25835/,HTTP 404,404,2026-04-16T09:00:13+00:00
2584,2584/,https://national-football-teams.com/matches/report/2584/,HTTP 404,404,2026-04-16T09:00:13+00:00
2585,2585/,https://national-football-teams.com/matches/report/2585/,HTTP 404,404,2026-04-16T09:00:13+00:00
2586,2586/,https://national-football-teams.com/matches/report/2586/,HTTP 404,404,2026-04-16T09:00:13+00:00
2587,2587/,https://national-football-teams.com/matches/report/2587/,HTTP 404,404,2026-04-16T09:00:13+00:00
25870,25870/,https://national-football-teams.com/matches/report/25870/,HTTP 404,404,2026-04-16T09:00:13+00:00
25871,25871/,https://national-football-teams.com/matches/report/25871/,HTTP 404,404,2026-04-16T09:00:13+00:00
25872,25872/,https://national-football-teams.com/matches/report/25872/,HTTP 404,404,2026-04-16T09:00:13+00:00
25873,25873/,https://national-football-teams.com/matches/report/25873/,HTTP 404,404,2026-04-16T09:00:13+00:00
25874,25874/,https://national-football-teams.com/matches/report/25874/,HTTP 404,404,2026-04-16T09:00:13+00:00
25875,25875/,https://national-football-teams.com/matches/report/25875/,HTTP 404,404,2026-04-16T09:00:13+00:00
25876,25876/,https://national-football-teams.com/matches/report/25876/,HTTP 404,404,2026-04-16T09:00:13+00:00
25877,25877/,https://national-football-teams.com/matches/report/25877/,HTTP 404,404,2026-04-16T09:00:13+00:00
25878,25878/,https://national-football-teams.com/matches/report/25878/,HTTP 404,404,2026-04-16T09:00:13+00:00
25879,25879/,https://national-football-teams.com/matches/report/25879/,HTTP 404,404,2026-04-16T09:00:13+00:00
2588,2588/,https://national-football-teams.com/matches/report/2588/,HTTP 404,404,2026-04-16T09:00:13+00:00
25880,25880/,https://national-football-teams.com/matches/report/25880/,HTTP 404,404,2026-04-16T09:00:13+00:00
25881,25881/,https://national-football-teams.com/matches/report/25881/,HTTP 404,404,2026-04-16T09:00:14+00:00
25882,25882/,https://national-football-teams.com/matches/report/25882/,HTTP 404,404,2026-04-16T09:00:14+00:00
25883,25883/,https://national-football-teams.com/matches/report/25883/,HTTP 404,404,2026-04-16T09:00:14+00:00
25884,25884/,https://national-football-teams.com/matches/report/25884/,HTTP 404,404,2026-04-16T09:00:14+00:00
25885,25885/,https://national-football-teams.com/matches/report/25885/,HTTP 404,404,2026-04-16T09:00:14+00:00
25886,25886/,https://national-football-teams.com/matches/report/25886/,HTTP 404,404,2026-04-16T09:00:14+00:00
25887,25887/,https://national-football-teams.com/matches/report/25887/,HTTP 404,404,2026-04-16T09:00:14+00:00
2589,2589/,https://national-football-teams.com/matches/report/2589/,HTTP 404,404,2026-04-16T09:00:14+00:00
2590,2590/,https://national-football-teams.com/matches/report/2590/,HTTP 404,404,2026-04-16T09:00:14+00:00
25902,25902/,https://national-football-teams.com/matches/report/25902/,HTTP 404,404,2026-04-16T09:00:14+00:00
2591,2591/,https://national-football-teams.com/matches/report/2591/,HTTP 404,404,2026-04-16T09:00:14+00:00
2592,2592/,https://national-football-teams.com/matches/report/2592/,HTTP 404,404,2026-04-16T09:00:14+00:00
25921,25921/,https://national-football-teams.com/matches/report/25921/,HTTP 404,404,2026-04-16T09:00:14+00:00
25922,25922/,https://national-football-teams.com/matches/report/25922/,HTTP 404,404,2026-04-16T09:00:14+00:00
25923,25923/,https://national-football-teams.com/matches/report/25923/,HTTP 404,404,2026-04-16T09:00:14+00:00
25924,25924/,https://national-football-teams.com/matches/report/25924/,HTTP 404,404,2026-04-16T09:00:14+00:00
25925,25925/,https://national-football-teams.com/matches/report/25925/,HTTP 404,404,2026-04-16T09:00:14+00:00
25926,25926/,https://national-football-teams.com/matches/report/25926/,HTTP 404,404,2026-04-16T09:00:14+00:00
25927,25927/,https://national-football-teams.com/matches/report/25927/,HTTP 404,404,2026-04-16T09:00:14+00:00
25928,25928/,https://national-football-teams.com/matches/report/25928/,HTTP 404,404,2026-04-16T09:00:14+00:00
25929,25929/,https://national-football-teams.com/matches/report/25929/,HTTP 404,404,2026-04-16T09:00:15+00:00
2593,2593/,https://national-football-teams.com/matches/report/2593/,HTTP 404,404,2026-04-16T09:00:15+00:00
25930,25930/,https://national-football-teams.com/matches/report/25930/,HTTP 404,404,2026-04-16T09:00:15+00:00
25932,25932/,https://national-football-teams.com/matches/report/25932/,HTTP 404,404,2026-04-16T09:00:15+00:00
2594,2594/,https://national-football-teams.com/matches/report/2594/,HTTP 404,404,2026-04-16T09:00:15+00:00
2595,2595/,https://national-football-teams.com/matches/report/2595/,HTTP 404,404,2026-04-16T09:00:15+00:00
25962,25962/,https://national-football-teams.com/matches/report/25962/,HTTP 404,404,2026-04-16T09:00:15+00:00
25963,25963/,https://national-football-teams.com/matches/report/25963/,HTTP 404,404,2026-04-16T09:00:15+00:00
25977,25977/,https://national-football-teams.com/matches/report/25977/,HTTP 404,404,2026-04-16T09:00:15+00:00
25978,25978/,https://national-football-teams.com/matches/report/25978/,HTTP 404,404,2026-04-16T09:00:15+00:00
25979,25979/,https://national-football-teams.com/matches/report/25979/,HTTP 404,404,2026-04-16T09:00:15+00:00
25980,25980/,https://national-football-teams.com/matches/report/25980/,HTTP 404,404,2026-04-16T09:00:15+00:00
25994,25994/,https://national-football-teams.com/matches/report/25994/,HTTP 404,404,2026-04-16T09:00:15+00:00
25995,25995/,https://national-football-teams.com/matches/report/25995/,HTTP 404,404,2026-04-16T09:00:15+00:00
25996,25996/,https://national-football-teams.com/matches/report/25996/,HTTP 404,404,2026-04-16T09:00:15+00:00
25997,25997/,https://national-football-teams.com/matches/report/25997/,HTTP 404,404,2026-04-16T09:00:15+00:00
25998,25998/,https://national-football-teams.com/matches/report/25998/,HTTP 404,404,2026-04-16T09:00:15+00:00
26018,26018/,https://national-football-teams.com/matches/report/26018/,HTTP 404,404,2026-04-16T09:00:15+00:00
26019,26019/,https://national-football-teams.com/matches/report/26019/,HTTP 404,404,2026-04-16T09:00:15+00:00
26020,26020/,https://national-football-teams.com/matches/report/26020/,HTTP 404,404,2026-04-16T09:00:15+00:00
26021,26021/,https://national-football-teams.com/matches/report/26021/,HTTP 404,404,2026-04-16T09:00:15+00:00
26022,26022/,https://national-football-teams.com/matches/report/26022/,HTTP 404,404,2026-04-16T09:00:15+00:00
26023,26023/,https://national-football-teams.com/matches/report/26023/,HTTP 404,404,2026-04-16T09:00:15+00:00
26024,26024/,https://national-football-teams.com/matches/report/26024/,HTTP 404,404,2026-04-16T09:00:15+00:00
26025,26025/,https://national-football-teams.com/matches/report/26025/,HTTP 404,404,2026-04-16T09:00:15+00:00
26047,26047/,https://national-football-teams.com/matches/report/26047/,HTTP 404,404,2026-04-16T09:00:16+00:00
26048,26048/,https://national-football-teams.com/matches/report/26048/,HTTP 404,404,2026-04-16T09:00:16+00:00
26049,26049/,https://national-football-teams.com/matches/report/26049/,HTTP 404,404,2026-04-16T09:00:16+00:00
26050,26050/,https://national-football-teams.com/matches/report/26050/,HTTP 404,404,2026-04-16T09:00:16+00:00
26051,26051/,https://national-football-teams.com/matches/report/26051/,HTTP 404,404,2026-04-16T09:00:16+00:00
26052,26052/,https://national-football-teams.com/matches/report/26052/,HTTP 404,404,2026-04-16T09:00:16+00:00
26053,26053/,https://national-football-teams.com/matches/report/26053/,HTTP 404,404,2026-04-16T09:00:16+00:00
26054,26054/,https://national-football-teams.com/matches/report/26054/,HTTP 404,404,2026-04-16T09:00:16+00:00
26055,26055/,https://national-football-teams.com/matches/report/26055/,HTTP 404,404,2026-04-16T09:00:16+00:00
26056,26056/,https://national-football-teams.com/matches/report/26056/,HTTP 404,404,2026-04-16T09:00:16+00:00
26057,26057/,https://national-football-teams.com/matches/report/26057/,HTTP 404,404,2026-04-16T09:00:16+00:00
26058,26058/,https://national-football-teams.com/matches/report/26058/,HTTP 404,404,2026-04-16T09:00:16+00:00
26071,26071/,https://national-football-teams.com/matches/report/26071/,HTTP 404,404,2026-04-16T09:00:16+00:00
26072,26072/,https://national-football-teams.com/matches/report/26072/,HTTP 404,404,2026-04-16T09:00:16+00:00
26073,26073/,https://national-football-teams.com/matches/report/26073/,HTTP 404,404,2026-04-16T09:00:16+00:00
26074,26074/,https://national-football-teams.com/matches/report/26074/,HTTP 404,404,2026-04-16T09:00:16+00:00
26075,26075/,https://national-football-teams.com/matches/report/26075/,HTTP 404,404,2026-04-16T09:00:16+00:00
26076,26076/,https://national-football-teams.com/matches/report/26076/,HTTP 404,404,2026-04-16T09:00:16+00:00
26077,26077/,https://national-football-teams.com/matches/report/26077/,HTTP 404,404,2026-04-16T09:00:16+00:00
26078,26078/,https://national-football-teams.com/matches/report/26078/,HTTP 404,404,2026-04-16T09:00:16+00:00
26122,26122/,https://national-football-teams.com/matches/report/26122/,HTTP 404,404,2026-04-16T09:00:17+00:00
26123,26123/,https://national-football-teams.com/matches/report/26123/,HTTP 404,404,2026-04-16T09:00:17+00:00
26174,26174/,https://national-football-teams.com/matches/report/26174/,HTTP 404,404,2026-04-16T09:00:17+00:00
26175,26175/,https://national-football-teams.com/matches/report/26175/,HTTP 404,404,2026-04-16T09:00:17+00:00
26176,26176/,https://national-football-teams.com/matches/report/26176/,HTTP 404,404,2026-04-16T09:00:17+00:00
26177,26177/,https://national-football-teams.com/matches/report/26177/,HTTP 404,404,2026-04-16T09:00:17+00:00
26192,26192/,https://national-football-teams.com/matches/report/26192/,HTTP 404,404,2026-04-16T09:00:17+00:00
26193,26193/,https://national-football-teams.com/matches/report/26193/,HTTP 404,404,2026-04-16T09:00:17+00:00
26194,26194/,https://national-football-teams.com/matches/report/26194/,HTTP 404,404,2026-04-16T09:00:17+00:00
26195,26195/,https://national-football-teams.com/matches/report/26195/,HTTP 404,404,2026-04-16T09:00:17+00:00
26196,26196/,https://national-football-teams.com/matches/report/26196/,HTTP 404,404,2026-04-16T09:00:17+00:00
26197,26197/,https://national-football-teams.com/matches/report/26197/,HTTP 404,404,2026-04-16T09:00:17+00:00
26198,26198/,https://national-football-teams.com/matches/report/26198/,HTTP 404,404,2026-04-16T09:00:17+00:00
26199,26199/,https://national-football-teams.com/matches/report/26199/,HTTP 404,404,2026-04-16T09:00:17+00:00
26200,26200/,https://national-football-teams.com/matches/report/26200/,HTTP 404,404,2026-04-16T09:00:17+00:00
26201,26201/,https://national-football-teams.com/matches/report/26201/,HTTP 404,404,2026-04-16T09:00:17+00:00
26202,26202/,https://national-football-teams.com/matches/report/26202/,HTTP 404,404,2026-04-16T09:00:17+00:00
26209,26209/,https://national-football-teams.com/matches/report/26209/,HTTP 404,404,2026-04-16T09:00:17+00:00
26210,26210/,https://national-football-teams.com/matches/report/26210/,HTTP 404,404,2026-04-16T09:00:17+00:00
26211,26211/,https://national-football-teams.com/matches/report/26211/,HTTP 404,404,2026-04-16T09:00:17+00:00
26212,26212/,https://national-football-teams.com/matches/report/26212/,HTTP 404,404,2026-04-16T09:00:17+00:00
26213,26213/,https://national-football-teams.com/matches/report/26213/,HTTP 404,404,2026-04-16T09:00:17+00:00
26214,26214/,https://national-football-teams.com/matches/report/26214/,HTTP 404,404,2026-04-16T09:00:17+00:00
26215,26215/,https://national-football-teams.com/matches/report/26215/,HTTP 404,404,2026-04-16T09:00:17+00:00
26216,26216/,https://national-football-teams.com/matches/report/26216/,HTTP 404,404,2026-04-16T09:00:17+00:00
26217,26217/,https://national-football-teams.com/matches/report/26217/,HTTP 404,404,2026-04-16T09:00:18+00:00
26218,26218/,https://national-football-teams.com/matches/report/26218/,HTTP 404,404,2026-04-16T09:00:18+00:00
26219,26219/,https://national-football-teams.com/matches/report/26219/,HTTP 404,404,2026-04-16T09:00:18+00:00
26220,26220/,https://national-football-teams.com/matches/report/26220/,HTTP 404,404,2026-04-16T09:00:18+00:00
26221,26221/,https://national-football-teams.com/matches/report/26221/,HTTP 404,404,2026-04-16T09:00:18+00:00
26222,26222/,https://national-football-teams.com/matches/report/26222/,HTTP 404,404,2026-04-16T09:00:18+00:00
26251,26251/,https://national-football-teams.com/matches/report/26251/,HTTP 404,404,2026-04-16T09:00:18+00:00
26262,26262/,https://national-football-teams.com/matches/report/26262/,HTTP 404,404,2026-04-16T09:00:18+00:00
26263,26263/,https://national-football-teams.com/matches/report/26263/,HTTP 404,404,2026-04-16T09:00:18+00:00
26264,26264/,https://national-football-teams.com/matches/report/26264/,HTTP 404,404,2026-04-16T09:00:18+00:00
26265,26265/,https://national-football-teams.com/matches/report/26265/,HTTP 404,404,2026-04-16T09:00:18+00:00
26266,26266/,https://national-football-teams.com/matches/report/26266/,HTTP 404,404,2026-04-16T09:00:18+00:00
26267,26267/,https://national-football-teams.com/matches/report/26267/,HTTP 404,404,2026-04-16T09:00:18+00:00
26268,26268/,https://national-football-teams.com/matches/report/26268/,HTTP 404,404,2026-04-16T09:00:18+00:00
26269,26269/,https://national-football-teams.com/matches/report/26269/,HTTP 404,404,2026-04-16T09:00:18+00:00
26270,26270/,https://national-football-teams.com/matches/report/26270/,HTTP 404,404,2026-04-16T09:00:18+00:00
26271,26271/,https://national-football-teams.com/matches/report/26271/,HTTP 404,404,2026-04-16T09:00:18+00:00
26290,26290/,https://national-football-teams.com/matches/report/26290/,HTTP 404,404,2026-04-16T09:00:18+00:00
26291,26291/,https://national-football-teams.com/matches/report/26291/,HTTP 404,404,2026-04-16T09:00:18+00:00
26292,26292/,https://national-football-teams.com/matches/report/26292/,HTTP 404,404,2026-04-16T09:00:18+00:00
26293,26293/,https://national-football-teams.com/matches/report/26293/,HTTP 404,404,2026-04-16T09:00:19+00:00
26301,26301/,https://national-football-teams.com/matches/report/26301/,HTTP 404,404,2026-04-16T09:00:19+00:00
26302,26302/,https://national-football-teams.com/matches/report/26302/,HTTP 404,404,2026-04-16T09:00:19+00:00
26303,26303/,https://national-football-teams.com/matches/report/26303/,HTTP 404,404,2026-04-16T09:00:19+00:00
26304,26304/,https://national-football-teams.com/matches/report/26304/,HTTP 404,404,2026-04-16T09:00:19+00:00
26305,26305/,https://national-football-teams.com/matches/report/26305/,HTTP 404,404,2026-04-16T09:00:19+00:00
26307,26307/,https://national-football-teams.com/matches/report/26307/,HTTP 404,404,2026-04-16T09:00:19+00:00
26327,26327/,https://national-football-teams.com/matches/report/26327/,HTTP 404,404,2026-04-16T09:00:19+00:00
26328,26328/,https://national-football-teams.com/matches/report/26328/,HTTP 404,404,2026-04-16T09:00:19+00:00
26329,26329/,https://national-football-teams.com/matches/report/26329/,HTTP 404,404,2026-04-16T09:00:19+00:00
26330,26330/,https://national-football-teams.com/matches/report/26330/,HTTP 404,404,2026-04-16T09:00:20+00:00
26331,26331/,https://national-football-teams.com/matches/report/26331/,HTTP 404,404,2026-04-16T09:00:20+00:00
26332,26332/,https://national-football-teams.com/matches/report/26332/,HTTP 404,404,2026-04-16T09:00:20+00:00
26333,26333/,https://national-football-teams.com/matches/report/26333/,HTTP 404,404,2026-04-16T09:00:20+00:00
26334,26334/,https://national-football-teams.com/matches/report/26334/,HTTP 404,404,2026-04-16T09:00:20+00:00
26335,26335/,https://national-football-teams.com/matches/report/26335/,HTTP 404,404,2026-04-16T09:00:20+00:00
26336,26336/,https://national-football-teams.com/matches/report/26336/,HTTP 404,404,2026-04-16T09:00:20+00:00
26337,26337/,https://national-football-teams.com/matches/report/26337/,HTTP 404,404,2026-04-16T09:00:20+00:00
26356,26356/,https://national-football-teams.com/matches/report/26356/,HTTP 404,404,2026-04-16T09:00:20+00:00
26357,26357/,https://national-football-teams.com/matches/report/26357/,HTTP 404,404,2026-04-16T09:00:20+00:00
26368,26368/,https://national-football-teams.com/matches/report/26368/,HTTP 404,404,2026-04-16T09:00:20+00:00
26369,26369/,https://national-football-teams.com/matches/report/26369/,HTTP 404,404,2026-04-16T09:00:20+00:00
26370,26370/,https://national-football-teams.com/matches/report/26370/,HTTP 404,404,2026-04-16T09:00:20+00:00
26371,26371/,https://national-football-teams.com/matches/report/26371/,HTTP 404,404,2026-04-16T09:00:20+00:00
26378,26378/,https://national-football-teams.com/matches/report/26378/,HTTP 404,404,2026-04-16T09:00:20+00:00
26379,26379/,https://national-football-teams.com/matches/report/26379/,HTTP 404,404,2026-04-16T09:00:20+00:00
26380,26380/,https://national-football-teams.com/matches/report/26380/,HTTP 404,404,2026-04-16T09:00:20+00:00
26381,26381/,https://national-football-teams.com/matches/report/26381/,HTTP 404,404,2026-04-16T09:00:20+00:00
26382,26382/,https://national-football-teams.com/matches/report/26382/,HTTP 404,404,2026-04-16T09:00:20+00:00
26383,26383/,https://national-football-teams.com/matches/report/26383/,HTTP 404,404,2026-04-16T09:00:20+00:00
26384,26384/,https://national-football-teams.com/matches/report/26384/,HTTP 404,404,2026-04-16T09:00:20+00:00
26385,26385/,https://national-football-teams.com/matches/report/26385/,HTTP 404,404,2026-04-16T09:00:20+00:00
26386,26386/,https://national-football-teams.com/matches/report/26386/,HTTP 404,404,2026-04-16T09:00:20+00:00
26387,26387/,https://national-football-teams.com/matches/report/26387/,HTTP 404,404,2026-04-16T09:00:20+00:00
26392,26392/,https://national-football-teams.com/matches/report/26392/,HTTP 404,404,2026-04-16T09:00:20+00:00
26393,26393/,https://national-football-teams.com/matches/report/26393/,HTTP 404,404,2026-04-16T09:00:21+00:00
26394,26394/,https://national-football-teams.com/matches/report/26394/,HTTP 404,404,2026-04-16T09:00:21+00:00
26405,26405/,https://national-football-teams.com/matches/report/26405/,HTTP 404,404,2026-04-16T09:00:21+00:00
26406,26406/,https://national-football-teams.com/matches/report/26406/,HTTP 404,404,2026-04-16T09:00:21+00:00
26407,26407/,https://national-football-teams.com/matches/report/26407/,HTTP 404,404,2026-04-16T09:00:21+00:00
26408,26408/,https://national-football-teams.com/matches/report/26408/,HTTP 404,404,2026-04-16T09:00:21+00:00
26409,26409/,https://national-football-teams.com/matches/report/26409/,HTTP 404,404,2026-04-16T09:00:21+00:00
26420,26420/,https://national-football-teams.com/matches/report/26420/,HTTP 404,404,2026-04-16T09:00:21+00:00
26421,26421/,https://national-football-teams.com/matches/report/26421/,HTTP 404,404,2026-04-16T09:00:21+00:00
26432,26432/,https://national-football-teams.com/matches/report/26432/,HTTP 404,404,2026-04-16T09:00:21+00:00
26433,26433/,https://national-football-teams.com/matches/report/26433/,HTTP 404,404,2026-04-16T09:00:21+00:00
26448,26448/,https://national-football-teams.com/matches/report/26448/,HTTP 404,404,2026-04-16T09:00:21+00:00
26449,26449/,https://national-football-teams.com/matches/report/26449/,HTTP 404,404,2026-04-16T09:00:21+00:00
26450,26450/,https://national-football-teams.com/matches/report/26450/,HTTP 404,404,2026-04-16T09:00:21+00:00
26451,26451/,https://national-football-teams.com/matches/report/26451/,HTTP 404,404,2026-04-16T09:00:21+00:00
26453,26453/,https://national-football-teams.com/matches/report/26453/,HTTP 404,404,2026-04-16T09:00:21+00:00
26454,26454/,https://national-football-teams.com/matches/report/26454/,HTTP 404,404,2026-04-16T09:00:21+00:00
26462,26462/,https://national-football-teams.com/matches/report/26462/,HTTP 404,404,2026-04-16T09:00:21+00:00
26463,26463/,https://national-football-teams.com/matches/report/26463/,HTTP 404,404,2026-04-16T09:00:21+00:00
26472,26472/,https://national-football-teams.com/matches/report/26472/,HTTP 404,404,2026-04-16T09:00:21+00:00
26473,26473/,https://national-football-teams.com/matches/report/26473/,HTTP 404,404,2026-04-16T09:00:22+00:00
26474,26474/,https://national-football-teams.com/matches/report/26474/,HTTP 404,404,2026-04-16T09:00:22+00:00
26475,26475/,https://national-football-teams.com/matches/report/26475/,HTTP 404,404,2026-04-16T09:00:22+00:00
26476,26476/,https://national-football-teams.com/matches/report/26476/,HTTP 404,404,2026-04-16T09:00:22+00:00
26481,26481/,https://national-football-teams.com/matches/report/26481/,HTTP 404,404,2026-04-16T09:00:22+00:00
26484,26484/,https://national-football-teams.com/matches/report/26484/,HTTP 404,404,2026-04-16T09:00:22+00:00
26485,26485/,https://national-football-teams.com/matches/report/26485/,HTTP 404,404,2026-04-16T09:00:22+00:00
26486,26486/,https://national-football-teams.com/matches/report/26486/,HTTP 404,404,2026-04-16T09:00:22+00:00
26487,26487/,https://national-football-teams.com/matches/report/26487/,HTTP 404,404,2026-04-16T09:00:22+00:00
26494,26494/,https://national-football-teams.com/matches/report/26494/,HTTP 404,404,2026-04-16T09:00:22+00:00
26497,26497/,https://national-football-teams.com/matches/report/26497/,HTTP 404,404,2026-04-16T09:00:22+00:00
26524,26524/,https://national-football-teams.com/matches/report/26524/,HTTP 404,404,2026-04-16T09:00:22+00:00
26530,26530/,https://national-football-teams.com/matches/report/26530/,HTTP 404,404,2026-04-16T09:00:22+00:00
26531,26531/,https://national-football-teams.com/matches/report/26531/,HTTP 404,404,2026-04-16T09:00:22+00:00
26532,26532/,https://national-football-teams.com/matches/report/26532/,HTTP 404,404,2026-04-16T09:00:22+00:00
26533,26533/,https://national-football-teams.com/matches/report/26533/,HTTP 404,404,2026-04-16T09:00:22+00:00
26534,26534/,https://national-football-teams.com/matches/report/26534/,HTTP 404,404,2026-04-16T09:00:22+00:00
26535,26535/,https://national-football-teams.com/matches/report/26535/,HTTP 404,404,2026-04-16T09:00:22+00:00
26536,26536/,https://national-football-teams.com/matches/report/26536/,HTTP 404,404,2026-04-16T09:00:22+00:00
26537,26537/,https://national-football-teams.com/matches/report/26537/,HTTP 404,404,2026-04-16T09:00:22+00:00
26538,26538/,https://national-football-teams.com/matches/report/26538/,HTTP 404,404,2026-04-16T09:00:22+00:00
26539,26539/,https://national-football-teams.com/matches/report/26539/,HTTP 404,404,2026-04-16T09:00:22+00:00
26551,26551/,https://national-football-teams.com/matches/report/26551/,HTTP 404,404,2026-04-16T09:00:22+00:00
26582,26582/,https://national-football-teams.com/matches/report/26582/,HTTP 404,404,2026-04-16T09:00:22+00:00
26583,26583/,https://national-football-teams.com/matches/report/26583/,HTTP 404,404,2026-04-16T09:00:22+00:00
26584,26584/,https://national-football-teams.com/matches/report/26584/,HTTP 404,404,2026-04-16T09:00:23+00:00
26585,26585/,https://national-football-teams.com/matches/report/26585/,HTTP 404,404,2026-04-16T09:00:23+00:00
26586,26586/,https://national-football-teams.com/matches/report/26586/,HTTP 404,404,2026-04-16T09:00:23+00:00
26587,26587/,https://national-football-teams.com/matches/report/26587/,HTTP 404,404,2026-04-16T09:00:23+00:00
26589,26589/,https://national-football-teams.com/matches/report/26589/,HTTP 404,404,2026-04-16T09:00:23+00:00
26624,26624/,https://national-football-teams.com/matches/report/26624/,HTTP 404,404,2026-04-16T09:00:23+00:00
26625,26625/,https://national-football-teams.com/matches/report/26625/,HTTP 404,404,2026-04-16T09:00:23+00:00
26632,26632/,https://national-football-teams.com/matches/report/26632/,HTTP 404,404,2026-04-16T09:00:23+00:00
26633,26633/,https://national-football-teams.com/matches/report/26633/,HTTP 404,404,2026-04-16T09:00:23+00:00
26634,26634/,https://national-football-teams.com/matches/report/26634/,HTTP 404,404,2026-04-16T09:00:23+00:00
26635,26635/,https://national-football-teams.com/matches/report/26635/,HTTP 404,404,2026-04-16T09:00:23+00:00
26636,26636/,https://national-football-teams.com/matches/report/26636/,HTTP 404,404,2026-04-16T09:00:23+00:00
26637,26637/,https://national-football-teams.com/matches/report/26637/,HTTP 404,404,2026-04-16T09:00:23+00:00
26638,26638/,https://national-football-teams.com/matches/report/26638/,HTTP 404,404,2026-04-16T09:00:23+00:00
26639,26639/,https://national-football-teams.com/matches/report/26639/,HTTP 404,404,2026-04-16T09:00:23+00:00
26640,26640/,https://national-football-teams.com/matches/report/26640/,HTTP 404,404,2026-04-16T09:00:23+00:00
26641,26641/,https://national-football-teams.com/matches/report/26641/,HTTP 404,404,2026-04-16T09:00:23+00:00
26642,26642/,https://national-football-teams.com/matches/report/26642/,HTTP 404,404,2026-04-16T09:00:23+00:00
26643,26643/,https://national-football-teams.com/matches/report/26643/,HTTP 404,404,2026-04-16T09:00:23+00:00
26644,26644/,https://national-football-teams.com/matches/report/26644/,HTTP 404,404,2026-04-16T09:00:23+00:00
26645,26645/,https://national-football-teams.com/matches/report/26645/,HTTP 404,404,2026-04-16T09:00:24+00:00
26646,26646/,https://national-football-teams.com/matches/report/26646/,HTTP 404,404,2026-04-16T09:00:24+00:00
26647,26647/,https://national-football-teams.com/matches/report/26647/,HTTP 404,404,2026-04-16T09:00:24+00:00
26672,26672/,https://national-football-teams.com/matches/report/26672/,HTTP 404,404,2026-04-16T09:00:24+00:00
26673,26673/,https://national-football-teams.com/matches/report/26673/,HTTP 404,404,2026-04-16T09:00:24+00:00
26674,26674/,https://national-football-teams.com/matches/report/26674/,HTTP 404,404,2026-04-16T09:00:24+00:00
26692,26692/,https://national-football-teams.com/matches/report/26692/,HTTP 404,404,2026-04-16T09:00:24+00:00
26693,26693/,https://national-football-teams.com/matches/report/26693/,HTTP 404,404,2026-04-16T09:00:24+00:00
26694,26694/,https://national-football-teams.com/matches/report/26694/,HTTP 404,404,2026-04-16T09:00:24+00:00
26695,26695/,https://national-football-teams.com/matches/report/26695/,HTTP 404,404,2026-04-16T09:00:24+00:00
26696,26696/,https://national-football-teams.com/matches/report/26696/,HTTP 404,404,2026-04-16T09:00:24+00:00
26697,26697/,https://national-football-teams.com/matches/report/26697/,HTTP 404,404,2026-04-16T09:00:24+00:00
26698,26698/,https://national-football-teams.com/matches/report/26698/,HTTP 404,404,2026-04-16T09:00:24+00:00
26699,26699/,https://national-football-teams.com/matches/report/26699/,HTTP 404,404,2026-04-16T09:00:24+00:00
26700,26700/,https://national-football-teams.com/matches/report/26700/,HTTP 404,404,2026-04-16T09:00:24+00:00
26701,26701/,https://national-football-teams.com/matches/report/26701/,HTTP 404,404,2026-04-16T09:00:24+00:00
26702,26702/,https://national-football-teams.com/matches/report/26702/,HTTP 404,404,2026-04-16T09:00:24+00:00
26703,26703/,https://national-football-teams.com/matches/report/26703/,HTTP 404,404,2026-04-16T09:00:24+00:00
26704,26704/,https://national-football-teams.com/matches/report/26704/,HTTP 404,404,2026-04-16T09:00:24+00:00
26705,26705/,https://national-football-teams.com/matches/report/26705/,HTTP 404,404,2026-04-16T09:00:24+00:00
26706,26706/,https://national-football-teams.com/matches/report/26706/,HTTP 404,404,2026-04-16T09:00:24+00:00
26711,26711/,https://national-football-teams.com/matches/report/26711/,HTTP 404,404,2026-04-16T09:00:24+00:00
26712,26712/,https://national-football-teams.com/matches/report/26712/,HTTP 404,404,2026-04-16T09:00:24+00:00
26717,26717/,https://national-football-teams.com/matches/report/26717/,HTTP 404,404,2026-04-16T09:00:24+00:00
26718,26718/,https://national-football-teams.com/matches/report/26718/,HTTP 404,404,2026-04-16T09:00:24+00:00
26721,26721/,https://national-football-teams.com/matches/report/26721/,HTTP 404,404,2026-04-16T09:00:25+00:00
26722,26722/,https://national-football-teams.com/matches/report/26722/,HTTP 404,404,2026-04-16T09:00:25+00:00
26723,26723/,https://national-football-teams.com/matches/report/26723/,HTTP 404,404,2026-04-16T09:00:25+00:00
26724,26724/,https://national-football-teams.com/matches/report/26724/,HTTP 404,404,2026-04-16T09:00:25+00:00
26725,26725/,https://national-football-teams.com/matches/report/26725/,HTTP 404,404,2026-04-16T09:00:25+00:00
26726,26726/,https://national-football-teams.com/matches/report/26726/,HTTP 404,404,2026-04-16T09:00:25+00:00
26727,26727/,https://national-football-teams.com/matches/report/26727/,HTTP 404,404,2026-04-16T09:00:25+00:00
26728,26728/,https://national-football-teams.com/matches/report/26728/,HTTP 404,404,2026-04-16T09:00:25+00:00
26729,26729/,https://national-football-teams.com/matches/report/26729/,HTTP 404,404,2026-04-16T09:00:25+00:00
26730,26730/,https://national-football-teams.com/matches/report/26730/,HTTP 404,404,2026-04-16T09:00:25+00:00
26731,26731/,https://national-football-teams.com/matches/report/26731/,HTTP 404,404,2026-04-16T09:00:25+00:00
26732,26732/,https://national-football-teams.com/matches/report/26732/,HTTP 404,404,2026-04-16T09:00:25+00:00
26733,26733/,https://national-football-teams.com/matches/report/26733/,HTTP 404,404,2026-04-16T09:00:25+00:00
26734,26734/,https://national-football-teams.com/matches/report/26734/,HTTP 404,404,2026-04-16T09:00:25+00:00
26735,26735/,https://national-football-teams.com/matches/report/26735/,HTTP 404,404,2026-04-16T09:00:25+00:00
26736,26736/,https://national-football-teams.com/matches/report/26736/,HTTP 404,404,2026-04-16T09:00:25+00:00
26737,26737/,https://national-football-teams.com/matches/report/26737/,HTTP 404,404,2026-04-16T09:00:25+00:00
26738,26738/,https://national-football-teams.com/matches/report/26738/,HTTP 404,404,2026-04-16T09:00:25+00:00
26742,26742/,https://national-football-teams.com/matches/report/26742/,HTTP 404,404,2026-04-16T09:00:25+00:00
26752,26752/,https://national-football-teams.com/matches/report/26752/,HTTP 404,404,2026-04-16T09:00:25+00:00
26753,26753/,https://national-football-teams.com/matches/report/26753/,HTTP 404,404,2026-04-16T09:00:26+00:00
26758,26758/,https://national-football-teams.com/matches/report/26758/,HTTP 404,404,2026-04-16T09:00:26+00:00
26759,26759/,https://national-football-teams.com/matches/report/26759/,HTTP 404,404,2026-04-16T09:00:26+00:00
26760,26760/,https://national-football-teams.com/matches/report/26760/,HTTP 404,404,2026-04-16T09:00:26+00:00
26761,26761/,https://national-football-teams.com/matches/report/26761/,HTTP 404,404,2026-04-16T09:00:26+00:00
26762,26762/,https://national-football-teams.com/matches/report/26762/,HTTP 404,404,2026-04-16T09:00:26+00:00
26763,26763/,https://national-football-teams.com/matches/report/26763/,HTTP 404,404,2026-04-16T09:00:26+00:00
26764,26764/,https://national-football-teams.com/matches/report/26764/,HTTP 404,404,2026-04-16T09:00:26+00:00
26765,26765/,https://national-football-teams.com/matches/report/26765/,HTTP 404,404,2026-04-16T09:00:26+00:00
26766,26766/,https://national-football-teams.com/matches/report/26766/,HTTP 404,404,2026-04-16T09:00:26+00:00
26767,26767/,https://national-football-teams.com/matches/report/26767/,HTTP 404,404,2026-04-16T09:00:26+00:00
26768,26768/,https://national-football-teams.com/matches/report/26768/,HTTP 404,404,2026-04-16T09:00:26+00:00
26769,26769/,https://national-football-teams.com/matches/report/26769/,HTTP 404,404,2026-04-16T09:00:26+00:00
26770,26770/,https://national-football-teams.com/matches/report/26770/,HTTP 404,404,2026-04-16T09:00:26+00:00
26771,26771/,https://national-football-teams.com/matches/report/26771/,HTTP 404,404,2026-04-16T09:00:26+00:00
26772,26772/,https://national-football-teams.com/matches/report/26772/,HTTP 404,404,2026-04-16T09:00:26+00:00
26796,26796/,https://national-football-teams.com/matches/report/26796/,HTTP 404,404,2026-04-16T09:00:26+00:00
26797,26797/,https://national-football-teams.com/matches/report/26797/,HTTP 404,404,2026-04-16T09:00:26+00:00
26806,26806/,https://national-football-teams.com/matches/report/26806/,HTTP 404,404,2026-04-16T09:00:26+00:00
26807,26807/,https://national-football-teams.com/matches/report/26807/,HTTP 404,404,2026-04-16T09:00:26+00:00
26808,26808/,https://national-football-teams.com/matches/report/26808/,HTTP 404,404,2026-04-16T09:00:27+00:00
26809,26809/,https://national-football-teams.com/matches/report/26809/,HTTP 404,404,2026-04-16T09:00:27+00:00
26820,26820/,https://national-football-teams.com/matches/report/26820/,HTTP 404,404,2026-04-16T09:00:27+00:00
26821,26821/,https://national-football-teams.com/matches/report/26821/,HTTP 404,404,2026-04-16T09:00:27+00:00
26822,26822/,https://national-football-teams.com/matches/report/26822/,HTTP 404,404,2026-04-16T09:00:27+00:00
26823,26823/,https://national-football-teams.com/matches/report/26823/,HTTP 404,404,2026-04-16T09:00:27+00:00
26824,26824/,https://national-football-teams.com/matches/report/26824/,HTTP 404,404,2026-04-16T09:00:27+00:00
26825,26825/,https://national-football-teams.com/matches/report/26825/,HTTP 404,404,2026-04-16T09:00:27+00:00
26826,26826/,https://national-football-teams.com/matches/report/26826/,HTTP 404,404,2026-04-16T09:00:27+00:00
26827,26827/,https://national-football-teams.com/matches/report/26827/,HTTP 404,404,2026-04-16T09:00:27+00:00
26843,26843/,https://national-football-teams.com/matches/report/26843/,HTTP 404,404,2026-04-16T09:00:27+00:00
26844,26844/,https://national-football-teams.com/matches/report/26844/,HTTP 404,404,2026-04-16T09:00:27+00:00
26845,26845/,https://national-football-teams.com/matches/report/26845/,HTTP 404,404,2026-04-16T09:00:27+00:00
26846,26846/,https://national-football-teams.com/matches/report/26846/,HTTP 404,404,2026-04-16T09:00:27+00:00
26867,26867/,https://national-football-teams.com/matches/report/26867/,HTTP 404,404,2026-04-16T09:00:27+00:00
26883,26883/,https://national-football-teams.com/matches/report/26883/,HTTP 404,404,2026-04-16T09:00:27+00:00
26884,26884/,https://national-football-teams.com/matches/report/26884/,HTTP 404,404,2026-04-16T09:00:27+00:00
26885,26885/,https://national-football-teams.com/matches/report/26885/,HTTP 404,404,2026-04-16T09:00:27+00:00
26886,26886/,https://national-football-teams.com/matches/report/26886/,HTTP 404,404,2026-04-16T09:00:27+00:00
26887,26887/,https://national-football-teams.com/matches/report/26887/,HTTP 404,404,2026-04-16T09:00:27+00:00
26888,26888/,https://national-football-teams.com/matches/report/26888/,HTTP 404,404,2026-04-16T09:00:27+00:00
26889,26889/,https://national-football-teams.com/matches/report/26889/,HTTP 404,404,2026-04-16T09:00:27+00:00
26890,26890/,https://national-football-teams.com/matches/report/26890/,HTTP 404,404,2026-04-16T09:00:27+00:00
26891,26891/,https://national-football-teams.com/matches/report/26891/,HTTP 404,404,2026-04-16T09:00:27+00:00
26892,26892/,https://national-football-teams.com/matches/report/26892/,HTTP 404,404,2026-04-16T09:00:27+00:00
26893,26893/,https://national-football-teams.com/matches/report/26893/,HTTP 404,404,2026-04-16T09:00:28+00:00
26935,26935/,https://national-football-teams.com/matches/report/26935/,HTTP 404,404,2026-04-16T09:00:28+00:00
26936,26936/,https://national-football-teams.com/matches/report/26936/,HTTP 404,404,2026-04-16T09:00:28+00:00
26937,26937/,https://national-football-teams.com/matches/report/26937/,HTTP 404,404,2026-04-16T09:00:28+00:00
26941,26941/,https://national-football-teams.com/matches/report/26941/,HTTP 404,404,2026-04-16T09:00:28+00:00
26953,26953/,https://national-football-teams.com/matches/report/26953/,HTTP 404,404,2026-04-16T09:00:28+00:00
26954,26954/,https://national-football-teams.com/matches/report/26954/,HTTP 404,404,2026-04-16T09:00:28+00:00
26955,26955/,https://national-football-teams.com/matches/report/26955/,HTTP 404,404,2026-04-16T09:00:28+00:00
26956,26956/,https://national-football-teams.com/matches/report/26956/,HTTP 404,404,2026-04-16T09:00:28+00:00
26963,26963/,https://national-football-teams.com/matches/report/26963/,HTTP 404,404,2026-04-16T09:00:28+00:00
26988,26988/,https://national-football-teams.com/matches/report/26988/,HTTP 404,404,2026-04-16T09:00:28+00:00
26989,26989/,https://national-football-teams.com/matches/report/26989/,HTTP 404,404,2026-04-16T09:00:28+00:00
27003,27003/,https://national-football-teams.com/matches/report/27003/,HTTP 404,404,2026-04-16T09:00:28+00:00
27004,27004/,https://national-football-teams.com/matches/report/27004/,HTTP 404,404,2026-04-16T09:00:28+00:00
27005,27005/,https://national-football-teams.com/matches/report/27005/,HTTP 404,404,2026-04-16T09:00:28+00:00
27006,27006/,https://national-football-teams.com/matches/report/27006/,HTTP 404,404,2026-04-16T09:00:28+00:00
27007,27007/,https://national-football-teams.com/matches/report/27007/,HTTP 404,404,2026-04-16T09:00:28+00:00
27008,27008/,https://national-football-teams.com/matches/report/27008/,HTTP 404,404,2026-04-16T09:00:28+00:00
27009,27009/,https://national-football-teams.com/matches/report/27009/,HTTP 404,404,2026-04-16T09:00:28+00:00
27010,27010/,https://national-football-teams.com/matches/report/27010/,HTTP 404,404,2026-04-16T09:00:28+00:00
27011,27011/,https://national-football-teams.com/matches/report/27011/,HTTP 404,404,2026-04-16T09:00:29+00:00
27013,27013/,https://national-football-teams.com/matches/report/27013/,HTTP 404,404,2026-04-16T09:00:29+00:00
27014,27014/,https://national-football-teams.com/matches/report/27014/,HTTP 404,404,2026-04-16T09:00:29+00:00
27016,27016/,https://national-football-teams.com/matches/report/27016/,HTTP 404,404,2026-04-16T09:00:29+00:00
27017,27017/,https://national-football-teams.com/matches/report/27017/,HTTP 404,404,2026-04-16T09:00:29+00:00
27018,27018/,https://national-football-teams.com/matches/report/27018/,HTTP 404,404,2026-04-16T09:00:29+00:00
27019,27019/,https://national-football-teams.com/matches/report/27019/,HTTP 404,404,2026-04-16T09:00:29+00:00
27024,27024/,https://national-football-teams.com/matches/report/27024/,HTTP 404,404,2026-04-16T09:00:29+00:00
27025,27025/,https://national-football-teams.com/matches/report/27025/,HTTP 404,404,2026-04-16T09:00:29+00:00
27026,27026/,https://national-football-teams.com/matches/report/27026/,HTTP 404,404,2026-04-16T09:00:29+00:00
27027,27027/,https://national-football-teams.com/matches/report/27027/,HTTP 404,404,2026-04-16T09:00:29+00:00
27028,27028/,https://national-football-teams.com/matches/report/27028/,HTTP 404,404,2026-04-16T09:00:29+00:00
27029,27029/,https://national-football-teams.com/matches/report/27029/,HTTP 404,404,2026-04-16T09:00:29+00:00
27038,27038/,https://national-football-teams.com/matches/report/27038/,HTTP 404,404,2026-04-16T09:00:29+00:00
27039,27039/,https://national-football-teams.com/matches/report/27039/,HTTP 404,404,2026-04-16T09:00:29+00:00
27059,27059/,https://national-football-teams.com/matches/report/27059/,HTTP 404,404,2026-04-16T09:00:29+00:00
27065,27065/,https://national-football-teams.com/matches/report/27065/,HTTP 404,404,2026-04-16T09:00:29+00:00
27066,27066/,https://national-football-teams.com/matches/report/27066/,HTTP 404,404,2026-04-16T09:00:29+00:00
27071,27071/,https://national-football-teams.com/matches/report/27071/,HTTP 404,404,2026-04-16T09:00:29+00:00
27072,27072/,https://national-football-teams.com/matches/report/27072/,HTTP 404,404,2026-04-16T09:00:29+00:00
27073,27073/,https://national-football-teams.com/matches/report/27073/,HTTP 404,404,2026-04-16T09:00:29+00:00
27074,27074/,https://national-football-teams.com/matches/report/27074/,HTTP 404,404,2026-04-16T09:00:29+00:00
27075,27075/,https://national-football-teams.com/matches/report/27075/,HTTP 404,404,2026-04-16T09:00:29+00:00
27076,27076/,https://national-football-teams.com/matches/report/27076/,HTTP 404,404,2026-04-16T09:00:29+00:00
27091,27091/,https://national-football-teams.com/matches/report/27091/,HTTP 404,404,2026-04-16T09:00:29+00:00
27092,27092/,https://national-football-teams.com/matches/report/27092/,HTTP 404,404,2026-04-16T09:00:30+00:00
27093,27093/,https://national-football-teams.com/matches/report/27093/,HTTP 404,404,2026-04-16T09:00:30+00:00
27094,27094/,https://national-football-teams.com/matches/report/27094/,HTTP 404,404,2026-04-16T09:00:30+00:00
27095,27095/,https://national-football-teams.com/matches/report/27095/,HTTP 404,404,2026-04-16T09:00:30+00:00
27096,27096/,https://national-football-teams.com/matches/report/27096/,HTTP 404,404,2026-04-16T09:00:30+00:00
27119,27119/,https://national-football-teams.com/matches/report/27119/,HTTP 404,404,2026-04-16T09:00:30+00:00
27120,27120/,https://national-football-teams.com/matches/report/27120/,HTTP 404,404,2026-04-16T09:00:30+00:00
27121,27121/,https://national-football-teams.com/matches/report/27121/,HTTP 404,404,2026-04-16T09:00:30+00:00
27122,27122/,https://national-football-teams.com/matches/report/27122/,HTTP 404,404,2026-04-16T09:00:30+00:00
27123,27123/,https://national-football-teams.com/matches/report/27123/,HTTP 404,404,2026-04-16T09:00:30+00:00
27124,27124/,https://national-football-teams.com/matches/report/27124/,HTTP 404,404,2026-04-16T09:00:30+00:00
27125,27125/,https://national-football-teams.com/matches/report/27125/,HTTP 404,404,2026-04-16T09:00:30+00:00
27136,27136/,https://national-football-teams.com/matches/report/27136/,HTTP 404,404,2026-04-16T09:00:30+00:00
27137,27137/,https://national-football-teams.com/matches/report/27137/,HTTP 404,404,2026-04-16T09:00:30+00:00
27138,27138/,https://national-football-teams.com/matches/report/27138/,HTTP 404,404,2026-04-16T09:00:30+00:00
27140,27140/,https://national-football-teams.com/matches/report/27140/,HTTP 404,404,2026-04-16T09:00:30+00:00
27141,27141/,https://national-football-teams.com/matches/report/27141/,HTTP 404,404,2026-04-16T09:00:30+00:00
27142,27142/,https://national-football-teams.com/matches/report/27142/,HTTP 404,404,2026-04-16T09:00:30+00:00
27143,27143/,https://national-football-teams.com/matches/report/27143/,HTTP 404,404,2026-04-16T09:00:30+00:00
27144,27144/,https://national-football-teams.com/matches/report/27144/,HTTP 404,404,2026-04-16T09:00:30+00:00
27145,27145/,https://national-football-teams.com/matches/report/27145/,HTTP 404,404,2026-04-16T09:00:30+00:00
27146,27146/,https://national-football-teams.com/matches/report/27146/,HTTP 404,404,2026-04-16T09:00:30+00:00
27147,27147/,https://national-football-teams.com/matches/report/27147/,HTTP 404,404,2026-04-16T09:00:30+00:00
27163,27163/,https://national-football-teams.com/matches/report/27163/,HTTP 404,404,2026-04-16T09:00:30+00:00
27164,27164/,https://national-football-teams.com/matches/report/27164/,HTTP 404,404,2026-04-16T09:00:30+00:00
27165,27165/,https://national-football-teams.com/matches/report/27165/,HTTP 404,404,2026-04-16T09:00:31+00:00
27166,27166/,https://national-football-teams.com/matches/report/27166/,HTTP 404,404,2026-04-16T09:00:31+00:00
27167,27167/,https://national-football-teams.com/matches/report/27167/,HTTP 404,404,2026-04-16T09:00:31+00:00
27168,27168/,https://national-football-teams.com/matches/report/27168/,HTTP 404,404,2026-04-16T09:00:31+00:00
27169,27169/,https://national-football-teams.com/matches/report/27169/,HTTP 404,404,2026-04-16T09:00:31+00:00
27176,27176/,https://national-football-teams.com/matches/report/27176/,HTTP 404,404,2026-04-16T09:00:31+00:00
27177,27177/,https://national-football-teams.com/matches/report/27177/,HTTP 404,404,2026-04-16T09:00:31+00:00
27183,27183/,https://national-football-teams.com/matches/report/27183/,HTTP 404,404,2026-04-16T09:00:31+00:00
27184,27184/,https://national-football-teams.com/matches/report/27184/,HTTP 404,404,2026-04-16T09:00:31+00:00
27192,27192/,https://national-football-teams.com/matches/report/27192/,HTTP 404,404,2026-04-16T09:00:31+00:00
27193,27193/,https://national-football-teams.com/matches/report/27193/,HTTP 404,404,2026-04-16T09:00:31+00:00
27194,27194/,https://national-football-teams.com/matches/report/27194/,HTTP 404,404,2026-04-16T09:00:31+00:00
27200,27200/,https://national-football-teams.com/matches/report/27200/,HTTP 404,404,2026-04-16T09:00:31+00:00
27201,27201/,https://national-football-teams.com/matches/report/27201/,HTTP 404,404,2026-04-16T09:00:31+00:00
27202,27202/,https://national-football-teams.com/matches/report/27202/,HTTP 404,404,2026-04-16T09:00:31+00:00
27203,27203/,https://national-football-teams.com/matches/report/27203/,HTTP 404,404,2026-04-16T09:00:31+00:00
27204,27204/,https://national-football-teams.com/matches/report/27204/,HTTP 404,404,2026-04-16T09:00:31+00:00
27205,27205/,https://national-football-teams.com/matches/report/27205/,HTTP 404,404,2026-04-16T09:00:31+00:00
27206,27206/,https://national-football-teams.com/matches/report/27206/,HTTP 404,404,2026-04-16T09:00:31+00:00
27207,27207/,https://national-football-teams.com/matches/report/27207/,HTTP 404,404,2026-04-16T09:00:31+00:00
27217,27217/,https://national-football-teams.com/matches/report/27217/,HTTP 404,404,2026-04-16T09:00:32+00:00
27218,27218/,https://national-football-teams.com/matches/report/27218/,HTTP 404,404,2026-04-16T09:00:32+00:00
27227,27227/,https://national-football-teams.com/matches/report/27227/,HTTP 404,404,2026-04-16T09:00:32+00:00
27229,27229/,https://national-football-teams.com/matches/report/27229/,HTTP 404,404,2026-04-16T09:00:32+00:00
27233,27233/,https://national-football-teams.com/matches/report/27233/,HTTP 404,404,2026-04-16T09:00:32+00:00
27238,27238/,https://national-football-teams.com/matches/report/27238/,HTTP 404,404,2026-04-16T09:00:32+00:00
27239,27239/,https://national-football-teams.com/matches/report/27239/,HTTP 404,404,2026-04-16T09:00:32+00:00
27240,27240/,https://national-football-teams.com/matches/report/27240/,HTTP 404,404,2026-04-16T09:00:32+00:00
27245,27245/,https://national-football-teams.com/matches/report/27245/,HTTP 404,404,2026-04-16T09:00:32+00:00
27254,27254/,https://national-football-teams.com/matches/report/27254/,HTTP 404,404,2026-04-16T09:00:32+00:00
27259,27259/,https://national-football-teams.com/matches/report/27259/,HTTP 404,404,2026-04-16T09:00:32+00:00
27260,27260/,https://national-football-teams.com/matches/report/27260/,HTTP 404,404,2026-04-16T09:00:32+00:00
27282,27282/,https://national-football-teams.com/matches/report/27282/,HTTP 404,404,2026-04-16T09:00:32+00:00
27288,27288/,https://national-football-teams.com/matches/report/27288/,HTTP 404,404,2026-04-16T09:00:32+00:00
27289,27289/,https://national-football-teams.com/matches/report/27289/,HTTP 404,404,2026-04-16T09:00:32+00:00
27293,27293/,https://national-football-teams.com/matches/report/27293/,HTTP 404,404,2026-04-16T09:00:32+00:00
27322,27322/,https://national-football-teams.com/matches/report/27322/,HTTP 404,404,2026-04-16T09:00:32+00:00
27323,27323/,https://national-football-teams.com/matches/report/27323/,HTTP 404,404,2026-04-16T09:00:32+00:00
27324,27324/,https://national-football-teams.com/matches/report/27324/,HTTP 404,404,2026-04-16T09:00:32+00:00
27340,27340/,https://national-football-teams.com/matches/report/27340/,HTTP 404,404,2026-04-16T09:00:32+00:00
27341,27341/,https://national-football-teams.com/matches/report/27341/,HTTP 404,404,2026-04-16T09:00:33+00:00
27342,27342/,https://national-football-teams.com/matches/report/27342/,HTTP 404,404,2026-04-16T09:00:33+00:00
27343,27343/,https://national-football-teams.com/matches/report/27343/,HTTP 404,404,2026-04-16T09:00:33+00:00
27348,27348/,https://national-football-teams.com/matches/report/27348/,HTTP 404,404,2026-04-16T09:00:33+00:00
27381,27381/,https://national-football-teams.com/matches/report/27381/,HTTP 404,404,2026-04-16T09:00:33+00:00
27382,27382/,https://national-football-teams.com/matches/report/27382/,HTTP 404,404,2026-04-16T09:00:33+00:00
27383,27383/,https://national-football-teams.com/matches/report/27383/,HTTP 404,404,2026-04-16T09:00:33+00:00
27384,27384/,https://national-football-teams.com/matches/report/27384/,HTTP 404,404,2026-04-16T09:00:33+00:00
27385,27385/,https://national-football-teams.com/matches/report/27385/,HTTP 404,404,2026-04-16T09:00:33+00:00
27386,27386/,https://national-football-teams.com/matches/report/27386/,HTTP 404,404,2026-04-16T09:00:33+00:00
27387,27387/,https://national-football-teams.com/matches/report/27387/,HTTP 404,404,2026-04-16T09:00:33+00:00
27388,27388/,https://national-football-teams.com/matches/report/27388/,HTTP 404,404,2026-04-16T09:00:33+00:00
27418,27418/,https://national-football-teams.com/matches/report/27418/,HTTP 404,404,2026-04-16T09:00:33+00:00
27445,27445/,https://national-football-teams.com/matches/report/27445/,HTTP 404,404,2026-04-16T09:00:33+00:00
27454,27454/,https://national-football-teams.com/matches/report/27454/,HTTP 404,404,2026-04-16T09:00:33+00:00
27455,27455/,https://national-football-teams.com/matches/report/27455/,HTTP 404,404,2026-04-16T09:00:33+00:00
27456,27456/,https://national-football-teams.com/matches/report/27456/,HTTP 404,404,2026-04-16T09:00:33+00:00
27457,27457/,https://national-football-teams.com/matches/report/27457/,HTTP 404,404,2026-04-16T09:00:33+00:00
27458,27458/,https://national-football-teams.com/matches/report/27458/,HTTP 404,404,2026-04-16T09:00:33+00:00
27459,27459/,https://national-football-teams.com/matches/report/27459/,HTTP 404,404,2026-04-16T09:00:33+00:00
27460,27460/,https://national-football-teams.com/matches/report/27460/,HTTP 404,404,2026-04-16T09:00:33+00:00
27464,27464/,https://national-football-teams.com/matches/report/27464/,HTTP 404,404,2026-04-16T09:00:33+00:00
27476,27476/,https://national-football-teams.com/matches/report/27476/,HTTP 404,404,2026-04-16T09:00:33+00:00
27477,27477/,https://national-football-teams.com/matches/report/27477/,HTTP 404,404,2026-04-16T09:00:33+00:00
27478,27478/,https://national-football-teams.com/matches/report/27478/,HTTP 404,404,2026-04-16T09:00:33+00:00
27479,27479/,https://national-football-teams.com/matches/report/27479/,HTTP 404,404,2026-04-16T09:00:34+00:00
27480,27480/,https://national-football-teams.com/matches/report/27480/,HTTP 404,404,2026-04-16T09:00:34+00:00
27481,27481/,https://national-football-teams.com/matches/report/27481/,HTTP 404,404,2026-04-16T09:00:34+00:00
27482,27482/,https://national-football-teams.com/matches/report/27482/,HTTP 404,404,2026-04-16T09:00:34+00:00
27483,27483/,https://national-football-teams.com/matches/report/27483/,HTTP 404,404,2026-04-16T09:00:34+00:00
27484,27484/,https://national-football-teams.com/matches/report/27484/,HTTP 404,404,2026-04-16T09:00:34+00:00
27500,27500/,https://national-football-teams.com/matches/report/27500/,HTTP 404,404,2026-04-16T09:00:34+00:00
27535,27535/,https://national-football-teams.com/matches/report/27535/,HTTP 404,404,2026-04-16T09:00:34+00:00
27546,27546/,https://national-football-teams.com/matches/report/27546/,HTTP 404,404,2026-04-16T09:00:34+00:00
27638,27638/,https://national-football-teams.com/matches/report/27638/,HTTP 404,404,2026-04-16T09:00:34+00:00
27649,27649/,https://national-football-teams.com/matches/report/27649/,HTTP 404,404,2026-04-16T09:00:34+00:00
27697,27697/,https://national-football-teams.com/matches/report/27697/,HTTP 404,404,2026-04-16T09:00:34+00:00
27708,27708/,https://national-football-teams.com/matches/report/27708/,HTTP 404,404,2026-04-16T09:00:34+00:00
27709,27709/,https://national-football-teams.com/matches/report/27709/,HTTP 404,404,2026-04-16T09:00:34+00:00
27710,27710/,https://national-football-teams.com/matches/report/27710/,HTTP 404,404,2026-04-16T09:00:34+00:00
27711,27711/,https://national-football-teams.com/matches/report/27711/,HTTP 404,404,2026-04-16T09:00:34+00:00
27712,27712/,https://national-football-teams.com/matches/report/27712/,HTTP 404,404,2026-04-16T09:00:34+00:00
27713,27713/,https://national-football-teams.com/matches/report/27713/,HTTP 404,404,2026-04-16T09:00:34+00:00
27714,27714/,https://national-football-teams.com/matches/report/27714/,HTTP 404,404,2026-04-16T09:00:34+00:00
27758,27758/,https://national-football-teams.com/matches/report/27758/,HTTP 404,404,2026-04-16T09:00:34+00:00
27759,27759/,https://national-football-teams.com/matches/report/27759/,HTTP 404,404,2026-04-16T09:00:35+00:00
27760,27760/,https://national-football-teams.com/matches/report/27760/,HTTP 404,404,2026-04-16T09:00:35+00:00
27761,27761/,https://national-football-teams.com/matches/report/27761/,HTTP 404,404,2026-04-16T09:00:35+00:00
27762,27762/,https://national-football-teams.com/matches/report/27762/,HTTP 404,404,2026-04-16T09:00:35+00:00
27763,27763/,https://national-football-teams.com/matches/report/27763/,HTTP 404,404,2026-04-16T09:00:35+00:00
27775,27775/,https://national-football-teams.com/matches/report/27775/,HTTP 404,404,2026-04-16T09:00:35+00:00
27776,27776/,https://national-football-teams.com/matches/report/27776/,HTTP 404,404,2026-04-16T09:00:35+00:00
27777,27777/,https://national-football-teams.com/matches/report/27777/,HTTP 404,404,2026-04-16T09:00:35+00:00
27778,27778/,https://national-football-teams.com/matches/report/27778/,HTTP 404,404,2026-04-16T09:00:35+00:00
27844,27844/,https://national-football-teams.com/matches/report/27844/,HTTP 404,404,2026-04-16T09:00:35+00:00
27845,27845/,https://national-football-teams.com/matches/report/27845/,HTTP 404,404,2026-04-16T09:00:35+00:00
27877,27877/,https://national-football-teams.com/matches/report/27877/,HTTP 404,404,2026-04-16T09:00:35+00:00
27878,27878/,https://national-football-teams.com/matches/report/27878/,HTTP 404,404,2026-04-16T09:00:35+00:00
27879,27879/,https://national-football-teams.com/matches/report/27879/,HTTP 404,404,2026-04-16T09:00:35+00:00
27907,27907/,https://national-football-teams.com/matches/report/27907/,HTTP 404,404,2026-04-16T09:00:35+00:00
27908,27908/,https://national-football-teams.com/matches/report/27908/,HTTP 404,404,2026-04-16T09:00:35+00:00
27909,27909/,https://national-football-teams.com/matches/report/27909/,HTTP 404,404,2026-04-16T09:00:35+00:00
27910,27910/,https://national-football-teams.com/matches/report/27910/,HTTP 404,404,2026-04-16T09:00:35+00:00
27911,27911/,https://national-football-teams.com/matches/report/27911/,HTTP 404,404,2026-04-16T09:00:35+00:00
27912,27912/,https://national-football-teams.com/matches/report/27912/,HTTP 404,404,2026-04-16T09:00:35+00:00
27917,27917/,https://national-football-teams.com/matches/report/27917/,HTTP 404,404,2026-04-16T09:00:35+00:00
27918,27918/,https://national-football-teams.com/matches/report/27918/,HTTP 404,404,2026-04-16T09:00:35+00:00
27919,27919/,https://national-football-teams.com/matches/report/27919/,HTTP 404,404,2026-04-16T09:00:35+00:00
27920,27920/,https://national-football-teams.com/matches/report/27920/,HTTP 404,404,2026-04-16T09:00:35+00:00
27921,27921/,https://national-football-teams.com/matches/report/27921/,HTTP 404,404,2026-04-16T09:00:35+00:00
27922,27922/,https://national-football-teams.com/matches/report/27922/,HTTP 404,404,2026-04-16T09:00:36+00:00
27928,27928/,https://national-football-teams.com/matches/report/27928/,HTTP 404,404,2026-04-16T09:00:36+00:00
27929,27929/,https://national-football-teams.com/matches/report/27929/,HTTP 404,404,2026-04-16T09:00:36+00:00
27931,27931/,https://national-football-teams.com/matches/report/27931/,HTTP 404,404,2026-04-16T09:00:36+00:00
27932,27932/,https://national-football-teams.com/matches/report/27932/,HTTP 404,404,2026-04-16T09:00:36+00:00
27933,27933/,https://national-football-teams.com/matches/report/27933/,HTTP 404,404,2026-04-16T09:00:36+00:00
27934,27934/,https://national-football-teams.com/matches/report/27934/,HTTP 404,404,2026-04-16T09:00:36+00:00
27935,27935/,https://national-football-teams.com/matches/report/27935/,HTTP 404,404,2026-04-16T09:00:36+00:00
27936,27936/,https://national-football-teams.com/matches/report/27936/,HTTP 404,404,2026-04-16T09:00:36+00:00
27945,27945/,https://national-football-teams.com/matches/report/27945/,HTTP 404,404,2026-04-16T09:00:36+00:00
27946,27946/,https://national-football-teams.com/matches/report/27946/,HTTP 404,404,2026-04-16T09:00:36+00:00
27948,27948/,https://national-football-teams.com/matches/report/27948/,HTTP 404,404,2026-04-16T09:00:36+00:00
27949,27949/,https://national-football-teams.com/matches/report/27949/,HTTP 404,404,2026-04-16T09:00:36+00:00
27952,27952/,https://national-football-teams.com/matches/report/27952/,HTTP 404,404,2026-04-16T09:00:36+00:00
27953,27953/,https://national-football-teams.com/matches/report/27953/,HTTP 404,404,2026-04-16T09:00:36+00:00
27958,27958/,https://national-football-teams.com/matches/report/27958/,HTTP 404,404,2026-04-16T09:00:36+00:00
28079,28079/,https://national-football-teams.com/matches/report/28079/,HTTP 404,404,2026-04-16T09:00:36+00:00
28382,28382/,https://national-football-teams.com/matches/report/28382/,HTTP 404,404,2026-04-16T09:00:36+00:00
28390,28390/,https://national-football-teams.com/matches/report/28390/,HTTP 404,404,2026-04-16T09:00:36+00:00
28438,28438/,https://national-football-teams.com/matches/report/28438/,HTTP 404,404,2026-04-16T09:00:36+00:00
28439,28439/,https://national-football-teams.com/matches/report/28439/,HTTP 404,404,2026-04-16T09:00:37+00:00
28462,28462/,https://national-football-teams.com/matches/report/28462/,HTTP 404,404,2026-04-16T09:00:37+00:00
28837,28837/,https://national-football-teams.com/matches/report/28837/,HTTP 404,404,2026-04-16T09:00:37+00:00
28850,28850/,https://national-football-teams.com/matches/report/28850/,HTTP 404,404,2026-04-16T09:00:37+00:00
28936,28936/,https://national-football-teams.com/matches/report/28936/,HTTP 404,404,2026-04-16T09:00:37+00:00
28937,28937/,https://national-football-teams.com/matches/report/28937/,HTTP 404,404,2026-04-16T09:00:37+00:00
28938,28938/,https://national-football-teams.com/matches/report/28938/,HTTP 404,404,2026-04-16T09:00:37+00:00
28939,28939/,https://national-football-teams.com/matches/report/28939/,HTTP 404,404,2026-04-16T09:00:37+00:00
28941,28941/,https://national-football-teams.com/matches/report/28941/,HTTP 404,404,2026-04-16T09:00:37+00:00
28953,28953/,https://national-football-teams.com/matches/report/28953/,HTTP 404,404,2026-04-16T09:00:37+00:00
28954,28954/,https://national-football-teams.com/matches/report/28954/,HTTP 404,404,2026-04-16T09:00:37+00:00
28955,28955/,https://national-football-teams.com/matches/report/28955/,HTTP 404,404,2026-04-16T09:00:37+00:00
28968,28968/,https://national-football-teams.com/matches/report/28968/,HTTP 404,404,2026-04-16T09:00:37+00:00
28969,28969/,https://national-football-teams.com/matches/report/28969/,HTTP 404,404,2026-04-16T09:00:37+00:00
29001,29001/,https://national-football-teams.com/matches/report/29001/,HTTP 404,404,2026-04-16T09:00:37+00:00
29002,29002/,https://national-football-teams.com/matches/report/29002/,HTTP 404,404,2026-04-16T09:00:37+00:00
29028,29028/,https://national-football-teams.com/matches/report/29028/,HTTP 404,404,2026-04-16T09:00:37+00:00
29029,29029/,https://national-football-teams.com/matches/report/29029/,HTTP 404,404,2026-04-16T09:00:37+00:00
29030,29030/,https://national-football-teams.com/matches/report/29030/,HTTP 404,404,2026-04-16T09:00:37+00:00
29031,29031/,https://national-football-teams.com/matches/report/29031/,HTTP 404,404,2026-04-16T09:00:37+00:00
29032,29032/,https://national-football-teams.com/matches/report/29032/,HTTP 404,404,2026-04-16T09:00:37+00:00
29266,29266/,https://national-football-teams.com/matches/report/29266/,HTTP 404,404,2026-04-16T09:00:37+00:00
29377,29377/,https://national-football-teams.com/matches/report/29377/,HTTP 404,404,2026-04-16T09:00:37+00:00
29480,29480/,https://national-football-teams.com/matches/report/29480/,HTTP 404,404,2026-04-16T09:00:37+00:00
29614,29614/,https://national-football-teams.com/matches/report/29614/,HTTP 404,404,2026-04-16T09:00:37+00:00
29624,29624/,https://national-football-teams.com/matches/report/29624/,HTTP 404,404,2026-04-16T09:00:38+00:00
29690,29690/,https://national-football-teams.com/matches/report/29690/,HTTP 404,404,2026-04-16T09:00:38+00:00
29938,29938/,https://national-football-teams.com/matches/report/29938/,HTTP 404,404,2026-04-16T09:00:38+00:00
30198,30198/,https://national-football-teams.com/matches/report/30198/,HTTP 404,404,2026-04-16T09:00:38+00:00
30252,30252/,https://national-football-teams.com/matches/report/30252/,HTTP 404,404,2026-04-16T09:00:38+00:00
30254,30254/,https://national-football-teams.com/matches/report/30254/,HTTP 404,404,2026-04-16T09:00:38+00:00
30255,30255/,https://national-football-teams.com/matches/report/30255/,HTTP 404,404,2026-04-16T09:00:38+00:00
30284,30284/,https://national-football-teams.com/matches/report/30284/,HTTP 404,404,2026-04-16T09:00:38+00:00
30285,30285/,https://national-football-teams.com/matches/report/30285/,HTTP 404,404,2026-04-16T09:00:38+00:00
30287,30287/,https://national-football-teams.com/matches/report/30287/,HTTP 404,404,2026-04-16T09:00:38+00:00
30288,30288/,https://national-football-teams.com/matches/report/30288/,HTTP 404,404,2026-04-16T09:00:38+00:00
30316,30316/,https://national-football-teams.com/matches/report/30316/,HTTP 404,404,2026-04-16T09:00:38+00:00
30318,30318/,https://national-football-teams.com/matches/report/30318/,HTTP 404,404,2026-04-16T09:00:38+00:00
30356,30356/,https://national-football-teams.com/matches/report/30356/,HTTP 404,404,2026-04-16T09:00:38+00:00
30357,30357/,https://national-football-teams.com/matches/report/30357/,HTTP 404,404,2026-04-16T09:00:38+00:00
30368,30368/,https://national-football-teams.com/matches/report/30368/,HTTP 404,404,2026-04-16T09:00:38+00:00
30369,30369/,https://national-football-teams.com/matches/report/30369/,HTTP 404,404,2026-04-16T09:00:38+00:00
30385,30385/,https://national-football-teams.com/matches/report/30385/,HTTP 404,404,2026-04-16T09:00:38+00:00
30386,30386/,https://national-football-teams.com/matches/report/30386/,HTTP 404,404,2026-04-16T09:00:38+00:00
30387,30387/,https://national-football-teams.com/matches/report/30387/,HTTP 404,404,2026-04-16T09:00:38+00:00
30389,30389/,https://national-football-teams.com/matches/report/30389/,HTTP 404,404,2026-04-16T09:00:39+00:00
30895,30895/,https://national-football-teams.com/matches/report/30895/,HTTP 404,404,2026-04-16T09:00:39+00:00
30896,30896/,https://national-football-teams.com/matches/report/30896/,HTTP 404,404,2026-04-16T09:00:39+00:00
30911,30911/,https://national-football-teams.com/matches/report/30911/,HTTP 404,404,2026-04-16T09:00:39+00:00
30923,30923/,https://national-football-teams.com/matches/report/30923/,HTTP 404,404,2026-04-16T09:00:39+00:00
30925,30925/,https://national-football-teams.com/matches/report/30925/,HTTP 404,404,2026-04-16T09:00:39+00:00
30927,30927/,https://national-football-teams.com/matches/report/30927/,HTTP 404,404,2026-04-16T09:00:39+00:00
30929,30929/,https://national-football-teams.com/matches/report/30929/,HTTP 404,404,2026-04-16T09:00:39+00:00
30930,30930/,https://national-football-teams.com/matches/report/30930/,HTTP 404,404,2026-04-16T09:00:39+00:00
30934,30934/,https://national-football-teams.com/matches/report/30934/,HTTP 404,404,2026-04-16T09:00:39+00:00
30935,30935/,https://national-football-teams.com/matches/report/30935/,HTTP 404,404,2026-04-16T09:00:39+00:00
30936,30936/,https://national-football-teams.com/matches/report/30936/,HTTP 404,404,2026-04-16T09:00:39+00:00
30957,30957/,https://national-football-teams.com/matches/report/30957/,HTTP 404,404,2026-04-16T09:00:39+00:00
30958,30958/,https://national-football-teams.com/matches/report/30958/,HTTP 404,404,2026-04-16T09:00:39+00:00
30959,30959/,https://national-football-teams.com/matches/report/30959/,HTTP 404,404,2026-04-16T09:00:39+00:00
30960,30960/,https://national-football-teams.com/matches/report/30960/,HTTP 404,404,2026-04-16T09:00:39+00:00
30961,30961/,https://national-football-teams.com/matches/report/30961/,HTTP 404,404,2026-04-16T09:00:39+00:00
30962,30962/,https://national-football-teams.com/matches/report/30962/,HTTP 404,404,2026-04-16T09:00:39+00:00
30963,30963/,https://national-football-teams.com/matches/report/30963/,HTTP 404,404,2026-04-16T09:00:39+00:00
30964,30964/,https://national-football-teams.com/matches/report/30964/,HTTP 404,404,2026-04-16T09:00:39+00:00
30965,30965/,https://national-football-teams.com/matches/report/30965/,HTTP 404,404,2026-04-16T09:00:39+00:00
3098,3098/,https://national-football-teams.com/matches/report/3098/,HTTP 404,404,2026-04-16T09:00:39+00:00
3099,3099/,https://national-football-teams.com/matches/report/3099/,HTTP 404,404,2026-04-16T09:00:39+00:00
30996,30996/,https://national-football-teams.com/matches/report/30996/,HTTP 404,404,2026-04-16T09:00:39+00:00
30997,30997/,https://national-football-teams.com/matches/report/30997/,HTTP 404,404,2026-04-16T09:00:39+00:00
31004,31004/,https://national-football-teams.com/matches/report/31004/,HTTP 404,404,2026-04-16T09:00:40+00:00
31025,31025/,https://national-football-teams.com/matches/report/31025/,HTTP 404,404,2026-04-16T09:00:40+00:00
31026,31026/,https://national-football-teams.com/matches/report/31026/,HTTP 404,404,2026-04-16T09:00:40+00:00
31027,31027/,https://national-football-teams.com/matches/report/31027/,HTTP 404,404,2026-04-16T09:00:40+00:00
31028,31028/,https://national-football-teams.com/matches/report/31028/,HTTP 404,404,2026-04-16T09:00:40+00:00
31029,31029/,https://national-football-teams.com/matches/report/31029/,HTTP 404,404,2026-04-16T09:00:40+00:00
31030,31030/,https://national-football-teams.com/matches/report/31030/,HTTP 404,404,2026-04-16T09:00:40+00:00
31031,31031/,https://national-football-teams.com/matches/report/31031/,HTTP 404,404,2026-04-16T09:00:40+00:00
31032,31032/,https://national-football-teams.com/matches/report/31032/,HTTP 404,404,2026-04-16T09:00:40+00:00
31033,31033/,https://national-football-teams.com/matches/report/31033/,HTTP 404,404,2026-04-16T09:00:40+00:00
31034,31034/,https://national-football-teams.com/matches/report/31034/,HTTP 404,404,2026-04-16T09:00:40+00:00
31035,31035/,https://national-football-teams.com/matches/report/31035/,HTTP 404,404,2026-04-16T09:00:40+00:00
31036,31036/,https://national-football-teams.com/matches/report/31036/,HTTP 404,404,2026-04-16T09:00:40+00:00
31037,31037/,https://national-football-teams.com/matches/report/31037/,HTTP 404,404,2026-04-16T09:00:40+00:00
31038,31038/,https://national-football-teams.com/matches/report/31038/,HTTP 404,404,2026-04-16T09:00:40+00:00
31089,31089/,https://national-football-teams.com/matches/report/31089/,HTTP 404,404,2026-04-16T09:00:40+00:00
31090,31090/,https://national-football-teams.com/matches/report/31090/,HTTP 404,404,2026-04-16T09:00:40+00:00
31091,31091/,https://national-football-teams.com/matches/report/31091/,HTTP 404,404,2026-04-16T09:00:40+00:00
31092,31092/,https://national-football-teams.com/matches/report/31092/,HTTP 404,404,2026-04-16T09:00:40+00:00
31093,31093/,https://national-football-teams.com/matches/report/31093/,HTTP 404,404,2026-04-16T09:00:40+00:00
31094,31094/,https://national-football-teams.com/matches/report/31094/,HTTP 404,404,2026-04-16T09:00:41+00:00
31095,31095/,https://national-football-teams.com/matches/report/31095/,HTTP 404,404,2026-04-16T09:00:41+00:00
31098,31098/,https://national-football-teams.com/matches/report/31098/,HTTP 404,404,2026-04-16T09:00:41+00:00
31099,31099/,https://national-football-teams.com/matches/report/31099/,HTTP 404,404,2026-04-16T09:00:41+00:00
31100,31100/,https://national-football-teams.com/matches/report/31100/,HTTP 404,404,2026-04-16T09:00:41+00:00
31101,31101/,https://national-football-teams.com/matches/report/31101/,HTTP 404,404,2026-04-16T09:00:41+00:00
31102,31102/,https://national-football-teams.com/matches/report/31102/,HTTP 404,404,2026-04-16T09:00:41+00:00
31103,31103/,https://national-football-teams.com/matches/report/31103/,HTTP 404,404,2026-04-16T09:00:41+00:00
31104,31104/,https://national-football-teams.com/matches/report/31104/,HTTP 404,404,2026-04-16T09:00:41+00:00
31107,31107/,https://national-football-teams.com/matches/report/31107/,HTTP 404,404,2026-04-16T09:00:41+00:00
31121,31121/,https://national-football-teams.com/matches/report/31121/,HTTP 404,404,2026-04-16T09:00:41+00:00
31122,31122/,https://national-football-teams.com/matches/report/31122/,HTTP 404,404,2026-04-16T09:00:41+00:00
31123,31123/,https://national-football-teams.com/matches/report/31123/,HTTP 404,404,2026-04-16T09:00:41+00:00
31124,31124/,https://national-football-teams.com/matches/report/31124/,HTTP 404,404,2026-04-16T09:00:41+00:00
31125,31125/,https://national-football-teams.com/matches/report/31125/,HTTP 404,404,2026-04-16T09:00:41+00:00
31126,31126/,https://national-football-teams.com/matches/report/31126/,HTTP 404,404,2026-04-16T09:00:41+00:00
31127,31127/,https://national-football-teams.com/matches/report/31127/,HTTP 404,404,2026-04-16T09:00:41+00:00
31128,31128/,https://national-football-teams.com/matches/report/31128/,HTTP 404,404,2026-04-16T09:00:41+00:00
31134,31134/,https://national-football-teams.com/matches/report/31134/,HTTP 404,404,2026-04-16T09:00:41+00:00
31135,31135/,https://national-football-teams.com/matches/report/31135/,HTTP 404,404,2026-04-16T09:00:41+00:00
31136,31136/,https://national-football-teams.com/matches/report/31136/,HTTP 404,404,2026-04-16T09:00:41+00:00
31137,31137/,https://national-football-teams.com/matches/report/31137/,HTTP 404,404,2026-04-16T09:00:41+00:00
31138,31138/,https://national-football-teams.com/matches/report/31138/,HTTP 404,404,2026-04-16T09:00:41+00:00
31139,31139/,https://national-football-teams.com/matches/report/31139/,HTTP 404,404,2026-04-16T09:00:41+00:00
31140,31140/,https://national-football-teams.com/matches/report/31140/,HTTP 404,404,2026-04-16T09:00:41+00:00
31182,31182/,https://national-football-teams.com/matches/report/31182/,HTTP 404,404,2026-04-16T09:00:42+00:00
31183,31183/,https://national-football-teams.com/matches/report/31183/,HTTP 404,404,2026-04-16T09:00:42+00:00
31184,31184/,https://national-football-teams.com/matches/report/31184/,HTTP 404,404,2026-04-16T09:00:42+00:00
31188,31188/,https://national-football-teams.com/matches/report/31188/,HTTP 404,404,2026-04-16T09:00:42+00:00
31189,31189/,https://national-football-teams.com/matches/report/31189/,HTTP 404,404,2026-04-16T09:00:42+00:00
31214,31214/,https://national-football-teams.com/matches/report/31214/,HTTP 404,404,2026-04-16T09:00:42+00:00
31249,31249/,https://national-football-teams.com/matches/report/31249/,HTTP 404,404,2026-04-16T09:00:42+00:00
31257,31257/,https://national-football-teams.com/matches/report/31257/,HTTP 404,404,2026-04-16T09:00:42+00:00
31265,31265/,https://national-football-teams.com/matches/report/31265/,HTTP 404,404,2026-04-16T09:00:42+00:00
31267,31267/,https://national-football-teams.com/matches/report/31267/,HTTP 404,404,2026-04-16T09:00:42+00:00
31322,31322/,https://national-football-teams.com/matches/report/31322/,HTTP 404,404,2026-04-16T09:00:42+00:00
31496,31496/,https://national-football-teams.com/matches/report/31496/,HTTP 404,404,2026-04-16T09:00:42+00:00
31497,31497/,https://national-football-teams.com/matches/report/31497/,HTTP 404,404,2026-04-16T09:00:42+00:00
31501,31501/,https://national-football-teams.com/matches/report/31501/,HTTP 404,404,2026-04-16T09:00:42+00:00
31686,31686/,https://national-football-teams.com/matches/report/31686/,HTTP 404,404,2026-04-16T09:00:42+00:00
31688,31688/,https://national-football-teams.com/matches/report/31688/,HTTP 404,404,2026-04-16T09:00:42+00:00
31709,31709/,https://national-football-teams.com/matches/report/31709/,HTTP 404,404,2026-04-16T09:00:42+00:00
31710,31710/,https://national-football-teams.com/matches/report/31710/,HTTP 404,404,2026-04-16T09:00:42+00:00
31711,31711/,https://national-football-teams.com/matches/report/31711/,HTTP 404,404,2026-04-16T09:00:42+00:00
31712,31712/,https://national-football-teams.com/matches/report/31712/,HTTP 404,404,2026-04-16T09:00:42+00:00
31713,31713/,https://national-football-teams.com/matches/report/31713/,HTTP 404,404,2026-04-16T09:00:43+00:00
31714,31714/,https://national-football-teams.com/matches/report/31714/,HTTP 404,404,2026-04-16T09:00:43+00:00
31724,31724/,https://national-football-teams.com/matches/report/31724/,HTTP 404,404,2026-04-16T09:00:43+00:00
3173,3173/,https://national-football-teams.com/matches/report/3173/,HTTP 404,404,2026-04-16T09:00:43+00:00
3174,3174/,https://national-football-teams.com/matches/report/3174/,HTTP 404,404,2026-04-16T09:00:43+00:00
31745,31745/,https://national-football-teams.com/matches/report/31745/,HTTP 404,404,2026-04-16T09:00:43+00:00
31746,31746/,https://national-football-teams.com/matches/report/31746/,HTTP 404,404,2026-04-16T09:00:43+00:00
31747,31747/,https://national-football-teams.com/matches/report/31747/,HTTP 404,404,2026-04-16T09:00:43+00:00
3175,3175/,https://national-football-teams.com/matches/report/3175/,HTTP 404,404,2026-04-16T09:00:43+00:00
3176,3176/,https://national-football-teams.com/matches/report/3176/,HTTP 404,404,2026-04-16T09:00:43+00:00
3177,3177/,https://national-football-teams.com/matches/report/3177/,HTTP 404,404,2026-04-16T09:00:43+00:00
31772,31772/,https://national-football-teams.com/matches/report/31772/,HTTP 404,404,2026-04-16T09:00:43+00:00
31773,31773/,https://national-football-teams.com/matches/report/31773/,HTTP 404,404,2026-04-16T09:00:43+00:00
3178,3178/,https://national-football-teams.com/matches/report/3178/,HTTP 404,404,2026-04-16T09:00:43+00:00
3179,3179/,https://national-football-teams.com/matches/report/3179/,HTTP 404,404,2026-04-16T09:00:43+00:00
3180,3180/,https://national-football-teams.com/matches/report/3180/,HTTP 404,404,2026-04-16T09:00:43+00:00
31803,31803/,https://national-football-teams.com/matches/report/31803/,HTTP 404,404,2026-04-16T09:00:43+00:00
31804,31804/,https://national-football-teams.com/matches/report/31804/,HTTP 404,404,2026-04-16T09:00:43+00:00
31805,31805/,https://national-football-teams.com/matches/report/31805/,HTTP 404,404,2026-04-16T09:00:43+00:00
31806,31806/,https://national-football-teams.com/matches/report/31806/,HTTP 404,404,2026-04-16T09:00:43+00:00
31807,31807/,https://national-football-teams.com/matches/report/31807/,HTTP 404,404,2026-04-16T09:00:43+00:00
31808,31808/,https://national-football-teams.com/matches/report/31808/,HTTP 404,404,2026-04-16T09:00:43+00:00
31809,31809/,https://national-football-teams.com/matches/report/31809/,HTTP 404,404,2026-04-16T09:00:43+00:00
3181,3181/,https://national-football-teams.com/matches/report/3181/,HTTP 404,404,2026-04-16T09:00:43+00:00
31812,31812/,https://national-football-teams.com/matches/report/31812/,HTTP 404,404,2026-04-16T09:00:43+00:00
31813,31813/,https://national-football-teams.com/matches/report/31813/,HTTP 404,404,2026-04-16T09:00:44+00:00
31814,31814/,https://national-football-teams.com/matches/report/31814/,HTTP 404,404,2026-04-16T09:00:44+00:00
31815,31815/,https://national-football-teams.com/matches/report/31815/,HTTP 404,404,2026-04-16T09:00:44+00:00
3182,3182/,https://national-football-teams.com/matches/report/3182/,HTTP 404,404,2026-04-16T09:00:44+00:00
3183,3183/,https://national-football-teams.com/matches/report/3183/,HTTP 404,404,2026-04-16T09:00:44+00:00
3184,3184/,https://national-football-teams.com/matches/report/3184/,HTTP 404,404,2026-04-16T09:00:44+00:00
3185,3185/,https://national-football-teams.com/matches/report/3185/,HTTP 404,404,2026-04-16T09:00:44+00:00
3186,3186/,https://national-football-teams.com/matches/report/3186/,HTTP 404,404,2026-04-16T09:00:44+00:00
3187,3187/,https://national-football-teams.com/matches/report/3187/,HTTP 404,404,2026-04-16T09:00:44+00:00
3188,3188/,https://national-football-teams.com/matches/report/3188/,HTTP 404,404,2026-04-16T09:00:44+00:00
3189,3189/,https://national-football-teams.com/matches/report/3189/,HTTP 404,404,2026-04-16T09:00:44+00:00
3190,3190/,https://national-football-teams.com/matches/report/3190/,HTTP 404,404,2026-04-16T09:00:44+00:00
3191,3191/,https://national-football-teams.com/matches/report/3191/,HTTP 404,404,2026-04-16T09:00:44+00:00
3192,3192/,https://national-football-teams.com/matches/report/3192/,HTTP 404,404,2026-04-16T09:00:44+00:00
3193,3193/,https://national-football-teams.com/matches/report/3193/,HTTP 404,404,2026-04-16T09:00:44+00:00
3194,3194/,https://national-football-teams.com/matches/report/3194/,HTTP 404,404,2026-04-16T09:00:44+00:00
3195,3195/,https://national-football-teams.com/matches/report/3195/,HTTP 404,404,2026-04-16T09:00:44+00:00
3196,3196/,https://national-football-teams.com/matches/report/3196/,HTTP 404,404,2026-04-16T09:00:44+00:00
3197,3197/,https://national-football-teams.com/matches/report/3197/,HTTP 404,404,2026-04-16T09:00:44+00:00
3198,3198/,https://national-football-teams.com/matches/report/3198/,HTTP 404,404,2026-04-16T09:00:44+00:00
3199,3199/,https://national-football-teams.com/matches/report/3199/,HTTP 404,404,2026-04-16T09:00:45+00:00
32,32/,https://national-football-teams.com/matches/report/32/,HTTP 404,404,2026-04-16T09:00:45+00:00
3200,3200/,https://national-football-teams.com/matches/report/3200/,HTTP 404,404,2026-04-16T09:00:45+00:00
3201,3201/,https://national-football-teams.com/matches/report/3201/,HTTP 404,404,2026-04-16T09:00:45+00:00
3202,3202/,https://national-football-teams.com/matches/report/3202/,HTTP 404,404,2026-04-16T09:00:45+00:00
3203,3203/,https://national-football-teams.com/matches/report/3203/,HTTP 404,404,2026-04-16T09:00:45+00:00
3204,3204/,https://national-football-teams.com/matches/report/3204/,HTTP 404,404,2026-04-16T09:00:45+00:00
3205,3205/,https://national-football-teams.com/matches/report/3205/,HTTP 404,404,2026-04-16T09:00:45+00:00
32055,32055/,https://national-football-teams.com/matches/report/32055/,HTTP 404,404,2026-04-16T09:00:45+00:00
32056,32056/,https://national-football-teams.com/matches/report/32056/,HTTP 404,404,2026-04-16T09:00:45+00:00
32058,32058/,https://national-football-teams.com/matches/report/32058/,HTTP 404,404,2026-04-16T09:00:45+00:00
32059,32059/,https://national-football-teams.com/matches/report/32059/,HTTP 404,404,2026-04-16T09:00:45+00:00
3206,3206/,https://national-football-teams.com/matches/report/3206/,HTTP 404,404,2026-04-16T09:00:45+00:00
32064,32064/,https://national-football-teams.com/matches/report/32064/,HTTP 404,404,2026-04-16T09:00:45+00:00
32065,32065/,https://national-football-teams.com/matches/report/32065/,HTTP 404,404,2026-04-16T09:00:45+00:00
32066,32066/,https://national-football-teams.com/matches/report/32066/,HTTP 404,404,2026-04-16T09:00:45+00:00
32067,32067/,https://national-football-teams.com/matches/report/32067/,HTTP 404,404,2026-04-16T09:00:45+00:00
32068,32068/,https://national-football-teams.com/matches/report/32068/,HTTP 404,404,2026-04-16T09:00:45+00:00
32069,32069/,https://national-football-teams.com/matches/report/32069/,HTTP 404,404,2026-04-16T09:00:45+00:00
3207,3207/,https://national-football-teams.com/matches/report/3207/,HTTP 404,404,2026-04-16T09:00:45+00:00
3208,3208/,https://national-football-teams.com/matches/report/3208/,HTTP 404,404,2026-04-16T09:00:45+00:00
32087,32087/,https://national-football-teams.com/matches/report/32087/,HTTP 404,404,2026-04-16T09:00:45+00:00
32088,32088/,https://national-football-teams.com/matches/report/32088/,HTTP 404,404,2026-04-16T09:00:45+00:00
3209,3209/,https://national-football-teams.com/matches/report/3209/,HTTP 404,404,2026-04-16T09:00:45+00:00
32090,32090/,https://national-football-teams.com/matches/report/32090/,HTTP 404,404,2026-04-16T09:00:45+00:00
32091,32091/,https://national-football-teams.com/matches/report/32091/,HTTP 404,404,2026-04-16T09:00:46+00:00
32092,32092/,https://national-football-teams.com/matches/report/32092/,HTTP 404,404,2026-04-16T09:00:46+00:00
3210,3210/,https://national-football-teams.com/matches/report/3210/,HTTP 404,404,2026-04-16T09:00:46+00:00
32110,32110/,https://national-football-teams.com/matches/report/32110/,HTTP 404,404,2026-04-16T09:00:46+00:00
32117,32117/,https://national-football-teams.com/matches/report/32117/,HTTP 404,404,2026-04-16T09:00:46+00:00
32119,32119/,https://national-football-teams.com/matches/report/32119/,HTTP 404,404,2026-04-16T09:00:46+00:00
3213,3213/,https://national-football-teams.com/matches/report/3213/,HTTP 404,404,2026-04-16T09:00:46+00:00
3214,3214/,https://national-football-teams.com/matches/report/3214/,HTTP 404,404,2026-04-16T09:00:46+00:00
32140,32140/,https://national-football-teams.com/matches/report/32140/,HTTP 404,404,2026-04-16T09:00:46+00:00
32141,32141/,https://national-football-teams.com/matches/report/32141/,HTTP 404,404,2026-04-16T09:00:46+00:00
3215,3215/,https://national-football-teams.com/matches/report/3215/,HTTP 404,404,2026-04-16T09:00:46+00:00
3216,3216/,https://national-football-teams.com/matches/report/3216/,HTTP 404,404,2026-04-16T09:00:46+00:00
32161,32161/,https://national-football-teams.com/matches/report/32161/,HTTP 404,404,2026-04-16T09:00:46+00:00
3217,3217/,https://national-football-teams.com/matches/report/3217/,HTTP 404,404,2026-04-16T09:00:46+00:00
32178,32178/,https://national-football-teams.com/matches/report/32178/,HTTP 404,404,2026-04-16T09:00:46+00:00
32179,32179/,https://national-football-teams.com/matches/report/32179/,HTTP 404,404,2026-04-16T09:00:46+00:00
3218,3218/,https://national-football-teams.com/matches/report/3218/,HTTP 404,404,2026-04-16T09:00:46+00:00
32180,32180/,https://national-football-teams.com/matches/report/32180/,HTTP 404,404,2026-04-16T09:00:46+00:00
32181,32181/,https://national-football-teams.com/matches/report/32181/,HTTP 404,404,2026-04-16T09:00:46+00:00
32182,32182/,https://national-football-teams.com/matches/report/32182/,HTTP 404,404,2026-04-16T09:00:46+00:00
32183,32183/,https://national-football-teams.com/matches/report/32183/,HTTP 404,404,2026-04-16T09:00:47+00:00
32184,32184/,https://national-football-teams.com/matches/report/32184/,HTTP 404,404,2026-04-16T09:00:47+00:00
32185,32185/,https://national-football-teams.com/matches/report/32185/,HTTP 404,404,2026-04-16T09:00:47+00:00
3219,3219/,https://national-football-teams.com/matches/report/3219/,HTTP 404,404,2026-04-16T09:00:47+00:00
3220,3220/,https://national-football-teams.com/matches/report/3220/,HTTP 404,404,2026-04-16T09:00:47+00:00
32206,32206/,https://national-football-teams.com/matches/report/32206/,HTTP 404,404,2026-04-16T09:00:47+00:00
32207,32207/,https://national-football-teams.com/matches/report/32207/,HTTP 404,404,2026-04-16T09:00:47+00:00
3221,3221/,https://national-football-teams.com/matches/report/3221/,HTTP 404,404,2026-04-16T09:00:47+00:00
32217,32217/,https://national-football-teams.com/matches/report/32217/,HTTP 404,404,2026-04-16T09:00:47+00:00
32219,32219/,https://national-football-teams.com/matches/report/32219/,HTTP 404,404,2026-04-16T09:00:47+00:00
3222,3222/,https://national-football-teams.com/matches/report/3222/,HTTP 404,404,2026-04-16T09:00:47+00:00
32220,32220/,https://national-football-teams.com/matches/report/32220/,HTTP 404,404,2026-04-16T09:00:47+00:00
3223,3223/,https://national-football-teams.com/matches/report/3223/,HTTP 404,404,2026-04-16T09:00:47+00:00
3224,3224/,https://national-football-teams.com/matches/report/3224/,HTTP 404,404,2026-04-16T09:00:47+00:00
3225,3225/,https://national-football-teams.com/matches/report/3225/,HTTP 404,404,2026-04-16T09:00:47+00:00
3226,3226/,https://national-football-teams.com/matches/report/3226/,HTTP 404,404,2026-04-16T09:00:47+00:00
3227,3227/,https://national-football-teams.com/matches/report/3227/,HTTP 404,404,2026-04-16T09:00:47+00:00
3228,3228/,https://national-football-teams.com/matches/report/3228/,HTTP 404,404,2026-04-16T09:00:47+00:00
3229,3229/,https://national-football-teams.com/matches/report/3229/,HTTP 404,404,2026-04-16T09:00:47+00:00
3230,3230/,https://national-football-teams.com/matches/report/3230/,HTTP 404,404,2026-04-16T09:00:47+00:00
3231,3231/,https://national-football-teams.com/matches/report/3231/,HTTP 404,404,2026-04-16T09:00:48+00:00
3232,3232/,https://national-football-teams.com/matches/report/3232/,HTTP 404,404,2026-04-16T09:00:48+00:00
3233,3233/,https://national-football-teams.com/matches/report/3233/,HTTP 404,404,2026-04-16T09:00:48+00:00
3234,3234/,https://national-football-teams.com/matches/report/3234/,HTTP 404,404,2026-04-16T09:00:48+00:00
3235,3235/,https://national-football-teams.com/matches/report/3235/,HTTP 404,404,2026-04-16T09:00:48+00:00
3236,3236/,https://national-football-teams.com/matches/report/3236/,HTTP 404,404,2026-04-16T09:00:48+00:00
3237,3237/,https://national-football-teams.com/matches/report/3237/,HTTP 404,404,2026-04-16T09:00:48+00:00
3238,3238/,https://national-football-teams.com/matches/report/3238/,HTTP 404,404,2026-04-16T09:00:48+00:00
3239,3239/,https://national-football-teams.com/matches/report/3239/,HTTP 404,404,2026-04-16T09:00:48+00:00
3240,3240/,https://national-football-teams.com/matches/report/3240/,HTTP 404,404,2026-04-16T09:00:48+00:00
3241,3241/,https://national-football-teams.com/matches/report/3241/,HTTP 404,404,2026-04-16T09:00:48+00:00
3242,3242/,https://national-football-teams.com/matches/report/3242/,HTTP 404,404,2026-04-16T09:00:48+00:00
3243,3243/,https://national-football-teams.com/matches/report/3243/,HTTP 404,404,2026-04-16T09:00:48+00:00
3244,3244/,https://national-football-teams.com/matches/report/3244/,HTTP 404,404,2026-04-16T09:00:48+00:00
3245,3245/,https://national-football-teams.com/matches/report/3245/,HTTP 404,404,2026-04-16T09:00:48+00:00
32451,32451/,https://national-football-teams.com/matches/report/32451/,HTTP 404,404,2026-04-16T09:00:48+00:00
32453,32453/,https://national-football-teams.com/matches/report/32453/,HTTP 404,404,2026-04-16T09:00:48+00:00
32454,32454/,https://national-football-teams.com/matches/report/32454/,HTTP 404,404,2026-04-16T09:00:48+00:00
32456,32456/,https://national-football-teams.com/matches/report/32456/,HTTP 404,404,2026-04-16T09:00:48+00:00
32457,32457/,https://national-football-teams.com/matches/report/32457/,HTTP 404,404,2026-04-16T09:00:48+00:00
32458,32458/,https://national-football-teams.com/matches/report/32458/,HTTP 404,404,2026-04-16T09:00:48+00:00
32459,32459/,https://national-football-teams.com/matches/report/32459/,HTTP 404,404,2026-04-16T09:00:48+00:00
3246,3246/,https://national-football-teams.com/matches/report/3246/,HTTP 404,404,2026-04-16T09:00:48+00:00
32460,32460/,https://national-football-teams.com/matches/report/32460/,HTTP 404,404,2026-04-16T09:00:48+00:00
32461,32461/,https://national-football-teams.com/matches/report/32461/,HTTP 404,404,2026-04-16T09:00:48+00:00
32462,32462/,https://national-football-teams.com/matches/report/32462/,HTTP 404,404,2026-04-16T09:00:49+00:00
32463,32463/,https://national-football-teams.com/matches/report/32463/,HTTP 404,404,2026-04-16T09:00:49+00:00
32464,32464/,https://national-football-teams.com/matches/report/32464/,HTTP 404,404,2026-04-16T09:00:49+00:00
3247,3247/,https://national-football-teams.com/matches/report/3247/,HTTP 404,404,2026-04-16T09:00:49+00:00
3248,3248/,https://national-football-teams.com/matches/report/3248/,HTTP 404,404,2026-04-16T09:00:49+00:00
3249,3249/,https://national-football-teams.com/matches/report/3249/,HTTP 404,404,2026-04-16T09:00:49+00:00
3250,3250/,https://national-football-teams.com/matches/report/3250/,HTTP 404,404,2026-04-16T09:00:49+00:00
32507,32507/,https://national-football-teams.com/matches/report/32507/,HTTP 404,404,2026-04-16T09:00:49+00:00
32508,32508/,https://national-football-teams.com/matches/report/32508/,HTTP 404,404,2026-04-16T09:00:49+00:00
3251,3251/,https://national-football-teams.com/matches/report/3251/,HTTP 404,404,2026-04-16T09:00:49+00:00
3252,3252/,https://national-football-teams.com/matches/report/3252/,HTTP 404,404,2026-04-16T09:00:49+00:00
32522,32522/,https://national-football-teams.com/matches/report/32522/,HTTP 404,404,2026-04-16T09:00:49+00:00
3253,3253/,https://national-football-teams.com/matches/report/3253/,HTTP 404,404,2026-04-16T09:00:49+00:00
3254,3254/,https://national-football-teams.com/matches/report/3254/,HTTP 404,404,2026-04-16T09:00:49+00:00
32540,32540/,https://national-football-teams.com/matches/report/32540/,HTTP 404,404,2026-04-16T09:00:49+00:00
32541,32541/,https://national-football-teams.com/matches/report/32541/,HTTP 404,404,2026-04-16T09:00:49+00:00
3255,3255/,https://national-football-teams.com/matches/report/3255/,HTTP 404,404,2026-04-16T09:00:49+00:00
32555,32555/,https://national-football-teams.com/matches/report/32555/,HTTP 404,404,2026-04-16T09:00:49+00:00
32557,32557/,https://national-football-teams.com/matches/report/32557/,HTTP 404,404,2026-04-16T09:00:49+00:00
32558,32558/,https://national-football-teams.com/matches/report/32558/,HTTP 404,404,2026-04-16T09:00:49+00:00
32559,32559/,https://national-football-teams.com/matches/report/32559/,HTTP 404,404,2026-04-16T09:00:50+00:00
3256,3256/,https://national-football-teams.com/matches/report/3256/,HTTP 404,404,2026-04-16T09:00:50+00:00
32560,32560/,https://national-football-teams.com/matches/report/32560/,HTTP 404,404,2026-04-16T09:00:50+00:00
32561,32561/,https://national-football-teams.com/matches/report/32561/,HTTP 404,404,2026-04-16T09:00:50+00:00
32562,32562/,https://national-football-teams.com/matches/report/32562/,HTTP 404,404,2026-04-16T09:00:50+00:00
32563,32563/,https://national-football-teams.com/matches/report/32563/,HTTP 404,404,2026-04-16T09:00:50+00:00
32564,32564/,https://national-football-teams.com/matches/report/32564/,HTTP 404,404,2026-04-16T09:00:50+00:00
32565,32565/,https://national-football-teams.com/matches/report/32565/,HTTP 404,404,2026-04-16T09:00:50+00:00
32566,32566/,https://national-football-teams.com/matches/report/32566/,HTTP 404,404,2026-04-16T09:00:50+00:00
32567,32567/,https://national-football-teams.com/matches/report/32567/,HTTP 404,404,2026-04-16T09:00:50+00:00
3257,3257/,https://national-football-teams.com/matches/report/3257/,HTTP 404,404,2026-04-16T09:00:50+00:00
3258,3258/,https://national-football-teams.com/matches/report/3258/,HTTP 404,404,2026-04-16T09:00:50+00:00
3259,3259/,https://national-football-teams.com/matches/report/3259/,HTTP 404,404,2026-04-16T09:00:50+00:00
32594,32594/,https://national-football-teams.com/matches/report/32594/,HTTP 404,404,2026-04-16T09:00:50+00:00
32595,32595/,https://national-football-teams.com/matches/report/32595/,HTTP 404,404,2026-04-16T09:00:50+00:00
32596,32596/,https://national-football-teams.com/matches/report/32596/,HTTP 404,404,2026-04-16T09:00:50+00:00
3260,3260/,https://national-football-teams.com/matches/report/3260/,HTTP 404,404,2026-04-16T09:00:50+00:00
3261,3261/,https://national-football-teams.com/matches/report/3261/,HTTP 404,404,2026-04-16T09:00:50+00:00
3262,3262/,https://national-football-teams.com/matches/report/3262/,HTTP 404,404,2026-04-16T09:00:50+00:00
3263,3263/,https://national-football-teams.com/matches/report/3263/,HTTP 404,404,2026-04-16T09:00:50+00:00
3264,3264/,https://national-football-teams.com/matches/report/3264/,HTTP 404,404,2026-04-16T09:00:50+00:00
32645,32645/,https://national-football-teams.com/matches/report/32645/,HTTP 404,404,2026-04-16T09:00:50+00:00
32646,32646/,https://national-football-teams.com/matches/report/32646/,HTTP 404,404,2026-04-16T09:00:50+00:00
32648,32648/,https://national-football-teams.com/matches/report/32648/,HTTP 404,404,2026-04-16T09:00:50+00:00
32649,32649/,https://national-football-teams.com/matches/report/32649/,HTTP 404,404,2026-04-16T09:00:50+00:00
3265,3265/,https://national-football-teams.com/matches/report/3265/,HTTP 404,404,2026-04-16T09:00:51+00:00
32650,32650/,https://national-football-teams.com/matches/report/32650/,HTTP 404,404,2026-04-16T09:00:51+00:00
32652,32652/,https://national-football-teams.com/matches/report/32652/,HTTP 404,404,2026-04-16T09:00:51+00:00
32653,32653/,https://national-football-teams.com/matches/report/32653/,HTTP 404,404,2026-04-16T09:00:51+00:00
3266,3266/,https://national-football-teams.com/matches/report/3266/,HTTP 404,404,2026-04-16T09:00:51+00:00
3267,3267/,https://national-football-teams.com/matches/report/3267/,HTTP 404,404,2026-04-16T09:00:51+00:00
3268,3268/,https://national-football-teams.com/matches/report/3268/,HTTP 404,404,2026-04-16T09:00:51+00:00
32687,32687/,https://national-football-teams.com/matches/report/32687/,HTTP 404,404,2026-04-16T09:00:51+00:00
32688,32688/,https://national-football-teams.com/matches/report/32688/,HTTP 404,404,2026-04-16T09:00:51+00:00
32689,32689/,https://national-football-teams.com/matches/report/32689/,HTTP 404,404,2026-04-16T09:00:51+00:00
3269,3269/,https://national-football-teams.com/matches/report/3269/,HTTP 404,404,2026-04-16T09:00:51+00:00
32690,32690/,https://national-football-teams.com/matches/report/32690/,HTTP 404,404,2026-04-16T09:00:51+00:00
32691,32691/,https://national-football-teams.com/matches/report/32691/,HTTP 404,404,2026-04-16T09:00:51+00:00
32692,32692/,https://national-football-teams.com/matches/report/32692/,HTTP 404,404,2026-04-16T09:00:51+00:00
32693,32693/,https://national-football-teams.com/matches/report/32693/,HTTP 404,404,2026-04-16T09:00:51+00:00
32696,32696/,https://national-football-teams.com/matches/report/32696/,HTTP 404,404,2026-04-16T09:00:51+00:00
32697,32697/,https://national-football-teams.com/matches/report/32697/,HTTP 404,404,2026-04-16T09:00:51+00:00
32698,32698/,https://national-football-teams.com/matches/report/32698/,HTTP 404,404,2026-04-16T09:00:51+00:00
32699,32699/,https://national-football-teams.com/matches/report/32699/,HTTP 404,404,2026-04-16T09:00:51+00:00
3270,3270/,https://national-football-teams.com/matches/report/3270/,HTTP 404,404,2026-04-16T09:00:51+00:00
32700,32700/,https://national-football-teams.com/matches/report/32700/,HTTP 404,404,2026-04-16T09:00:52+00:00
32701,32701/,https://national-football-teams.com/matches/report/32701/,HTTP 404,404,2026-04-16T09:00:52+00:00
32702,32702/,https://national-football-teams.com/matches/report/32702/,HTTP 404,404,2026-04-16T09:00:52+00:00
32703,32703/,https://national-football-teams.com/matches/report/32703/,HTTP 404,404,2026-04-16T09:00:52+00:00
32704,32704/,https://national-football-teams.com/matches/report/32704/,HTTP 404,404,2026-04-16T09:00:52+00:00
32705,32705/,https://national-football-teams.com/matches/report/32705/,HTTP 404,404,2026-04-16T09:00:52+00:00
32707,32707/,https://national-football-teams.com/matches/report/32707/,HTTP 404,404,2026-04-16T09:00:52+00:00
32708,32708/,https://national-football-teams.com/matches/report/32708/,HTTP 404,404,2026-04-16T09:00:52+00:00
32709,32709/,https://national-football-teams.com/matches/report/32709/,HTTP 404,404,2026-04-16T09:00:52+00:00
3271,3271/,https://national-football-teams.com/matches/report/3271/,HTTP 404,404,2026-04-16T09:00:52+00:00
3272,3272/,https://national-football-teams.com/matches/report/3272/,HTTP 404,404,2026-04-16T09:00:53+00:00
32720,32720/,https://national-football-teams.com/matches/report/32720/,HTTP 404,404,2026-04-16T09:00:53+00:00
32721,32721/,https://national-football-teams.com/matches/report/32721/,HTTP 404,404,2026-04-16T09:00:53+00:00
3273,3273/,https://national-football-teams.com/matches/report/3273/,HTTP 404,404,2026-04-16T09:00:53+00:00
32736,32736/,https://national-football-teams.com/matches/report/32736/,HTTP 404,404,2026-04-16T09:00:53+00:00
32737,32737/,https://national-football-teams.com/matches/report/32737/,HTTP 404,404,2026-04-16T09:00:53+00:00
32738,32738/,https://national-football-teams.com/matches/report/32738/,HTTP 404,404,2026-04-16T09:00:53+00:00
3274,3274/,https://national-football-teams.com/matches/report/3274/,HTTP 404,404,2026-04-16T09:00:53+00:00
32740,32740/,https://national-football-teams.com/matches/report/32740/,HTTP 404,404,2026-04-16T09:00:53+00:00
32741,32741/,https://national-football-teams.com/matches/report/32741/,HTTP 404,404,2026-04-16T09:00:53+00:00
32742,32742/,https://national-football-teams.com/matches/report/32742/,HTTP 404,404,2026-04-16T09:00:53+00:00
32743,32743/,https://national-football-teams.com/matches/report/32743/,HTTP 404,404,2026-04-16T09:00:53+00:00
32744,32744/,https://national-football-teams.com/matches/report/32744/,HTTP 404,404,2026-04-16T09:00:53+00:00
32745,32745/,https://national-football-teams.com/matches/report/32745/,HTTP 404,404,2026-04-16T09:00:53+00:00
3275,3275/,https://national-football-teams.com/matches/report/3275/,HTTP 404,404,2026-04-16T09:00:53+00:00
3276,3276/,https://national-football-teams.com/matches/report/3276/,HTTP 404,404,2026-04-16T09:00:54+00:00
32764,32764/,https://national-football-teams.com/matches/report/32764/,HTTP 404,404,2026-04-16T09:00:54+00:00
32765,32765/,https://national-football-teams.com/matches/report/32765/,HTTP 404,404,2026-04-16T09:00:54+00:00
32767,32767/,https://national-football-teams.com/matches/report/32767/,HTTP 404,404,2026-04-16T09:00:54+00:00
3277,3277/,https://national-football-teams.com/matches/report/3277/,HTTP 404,404,2026-04-16T09:00:54+00:00
3278,3278/,https://national-football-teams.com/matches/report/3278/,HTTP 404,404,2026-04-16T09:00:57+00:00
3279,3279/,https://national-football-teams.com/matches/report/3279/,HTTP 404,404,2026-04-16T09:00:57+00:00
3280,3280/,https://national-football-teams.com/matches/report/3280/,HTTP 404,404,2026-04-16T09:00:57+00:00
32809,32809/,https://national-football-teams.com/matches/report/32809/,HTTP 404,404,2026-04-16T09:00:57+00:00
3281,3281/,https://national-football-teams.com/matches/report/3281/,HTTP 404,404,2026-04-16T09:00:57+00:00
32810,32810/,https://national-football-teams.com/matches/report/32810/,HTTP 404,404,2026-04-16T09:01:00+00:00
32811,32811/,https://national-football-teams.com/matches/report/32811/,HTTP 404,404,2026-04-16T09:01:00+00:00
32814,32814/,https://national-football-teams.com/matches/report/32814/,HTTP 404,404,2026-04-16T09:01:00+00:00
32815,32815/,https://national-football-teams.com/matches/report/32815/,HTTP 404,404,2026-04-16T09:01:00+00:00
3282,3282/,https://national-football-teams.com/matches/report/3282/,HTTP 404,404,2026-04-16T09:01:00+00:00
3283,3283/,https://national-football-teams.com/matches/report/3283/,HTTP 404,404,2026-04-16T09:01:00+00:00
3284,3284/,https://national-football-teams.com/matches/report/3284/,HTTP 404,404,2026-04-16T09:01:00+00:00
3285,3285/,https://national-football-teams.com/matches/report/3285/,HTTP 404,404,2026-04-16T09:01:00+00:00
3286,3286/,https://national-football-teams.com/matches/report/3286/,HTTP 404,404,2026-04-16T09:01:00+00:00
3287,3287/,https://national-football-teams.com/matches/report/3287/,HTTP 404,404,2026-04-16T09:01:00+00:00
3288,3288/,https://national-football-teams.com/matches/report/3288/,HTTP 404,404,2026-04-16T09:01:01+00:00
3289,3289/,https://national-football-teams.com/matches/report/3289/,HTTP 404,404,2026-04-16T09:01:01+00:00
3290,3290/,https://national-football-teams.com/matches/report/3290/,HTTP 404,404,2026-04-16T09:01:01+00:00
32902,32902/,https://national-football-teams.com/matches/report/32902/,HTTP 404,404,2026-04-16T09:01:01+00:00
3291,3291/,https://national-football-teams.com/matches/report/3291/,HTTP 404,404,2026-04-16T09:01:01+00:00
3292,3292/,https://national-football-teams.com/matches/report/3292/,HTTP 404,404,2026-04-16T09:01:01+00:00
3293,3293/,https://national-football-teams.com/matches/report/3293/,HTTP 404,404,2026-04-16T09:01:01+00:00
32932,32932/,https://national-football-teams.com/matches/report/32932/,HTTP 404,404,2026-04-16T09:01:01+00:00
32933,32933/,https://national-football-teams.com/matches/report/32933/,HTTP 404,404,2026-04-16T09:01:01+00:00
32934,32934/,https://national-football-teams.com/matches/report/32934/,HTTP 404,404,2026-04-16T09:01:01+00:00
32935,32935/,https://national-football-teams.com/matches/report/32935/,HTTP 404,404,2026-04-16T09:01:01+00:00
32936,32936/,https://national-football-teams.com/matches/report/32936/,HTTP 404,404,2026-04-16T09:01:01+00:00
32937,32937/,https://national-football-teams.com/matches/report/32937/,HTTP 404,404,2026-04-16T09:01:01+00:00
3294,3294/,https://national-football-teams.com/matches/report/3294/,HTTP 404,404,2026-04-16T09:01:01+00:00
3295,3295/,https://national-football-teams.com/matches/report/3295/,HTTP 404,404,2026-04-16T09:01:01+00:00
3296,3296/,https://national-football-teams.com/matches/report/3296/,HTTP 404,404,2026-04-16T09:01:01+00:00
3297,3297/,https://national-football-teams.com/matches/report/3297/,HTTP 404,404,2026-04-16T09:01:01+00:00
33,33/,https://national-football-teams.com/matches/report/33/,HTTP 404,404,2026-04-16T09:01:01+00:00
33048,33048/,https://national-football-teams.com/matches/report/33048/,HTTP 404,404,2026-04-16T09:01:01+00:00
33142,33142/,https://national-football-teams.com/matches/report/33142/,HTTP 404,404,2026-04-16T09:01:01+00:00
33143,33143/,https://national-football-teams.com/matches/report/33143/,HTTP 404,404,2026-04-16T09:01:02+00:00
33185,33185/,https://national-football-teams.com/matches/report/33185/,HTTP 404,404,2026-04-16T09:01:02+00:00
33186,33186/,https://national-football-teams.com/matches/report/33186/,HTTP 404,404,2026-04-16T09:01:02+00:00
33187,33187/,https://national-football-teams.com/matches/report/33187/,HTTP 404,404,2026-04-16T09:01:02+00:00
33188,33188/,https://national-football-teams.com/matches/report/33188/,HTTP 404,404,2026-04-16T09:01:02+00:00
33189,33189/,https://national-football-teams.com/matches/report/33189/,HTTP 404,404,2026-04-16T09:01:02+00:00
33190,33190/,https://national-football-teams.com/matches/report/33190/,HTTP 404,404,2026-04-16T09:01:02+00:00
33198,33198/,https://national-football-teams.com/matches/report/33198/,HTTP 404,404,2026-04-16T09:01:02+00:00
33199,33199/,https://national-football-teams.com/matches/report/33199/,HTTP 404,404,2026-04-16T09:01:02+00:00
33200,33200/,https://national-football-teams.com/matches/report/33200/,HTTP 404,404,2026-04-16T09:01:02+00:00
33205,33205/,https://national-football-teams.com/matches/report/33205/,HTTP 404,404,2026-04-16T09:01:02+00:00
33207,33207/,https://national-football-teams.com/matches/report/33207/,HTTP 404,404,2026-04-16T09:01:02+00:00
33208,33208/,https://national-football-teams.com/matches/report/33208/,HTTP 404,404,2026-04-16T09:01:02+00:00
33216,33216/,https://national-football-teams.com/matches/report/33216/,HTTP 404,404,2026-04-16T09:01:02+00:00
33232,33232/,https://national-football-teams.com/matches/report/33232/,HTTP 404,404,2026-04-16T09:01:02+00:00
33233,33233/,https://national-football-teams.com/matches/report/33233/,HTTP 404,404,2026-04-16T09:01:02+00:00
33234,33234/,https://national-football-teams.com/matches/report/33234/,HTTP 404,404,2026-04-16T09:01:02+00:00
33235,33235/,https://national-football-teams.com/matches/report/33235/,HTTP 404,404,2026-04-16T09:01:02+00:00
33236,33236/,https://national-football-teams.com/matches/report/33236/,HTTP 404,404,2026-04-16T09:01:02+00:00
33237,33237/,https://national-football-teams.com/matches/report/33237/,HTTP 404,404,2026-04-16T09:01:02+00:00
33243,33243/,https://national-football-teams.com/matches/report/33243/,HTTP 404,404,2026-04-16T09:01:03+00:00
33251,33251/,https://national-football-teams.com/matches/report/33251/,HTTP 404,404,2026-04-16T09:01:03+00:00
33259,33259/,https://national-football-teams.com/matches/report/33259/,HTTP 404,404,2026-04-16T09:01:03+00:00
33316,33316/,https://national-football-teams.com/matches/report/33316/,HTTP 404,404,2026-04-16T09:01:03+00:00
33617,33617/,https://national-football-teams.com/matches/report/33617/,HTTP 404,404,2026-04-16T09:01:03+00:00
33715,33715/,https://national-football-teams.com/matches/report/33715/,HTTP 404,404,2026-04-16T09:01:03+00:00
34,34/,https://national-football-teams.com/matches/report/34/,HTTP 404,404,2026-04-16T09:01:03+00:00
34076,34076/,https://national-football-teams.com/matches/report/34076/,HTTP 404,404,2026-04-16T09:01:03+00:00
34100,34100/,https://national-football-teams.com/matches/report/34100/,HTTP 404,404,2026-04-16T09:01:03+00:00
34103,34103/,https://national-football-teams.com/matches/report/34103/,HTTP 404,404,2026-04-16T09:01:03+00:00
34104,34104/,https://national-football-teams.com/matches/report/34104/,HTTP 404,404,2026-04-16T09:01:03+00:00
34105,34105/,https://national-football-teams.com/matches/report/34105/,HTTP 404,404,2026-04-16T09:01:03+00:00
34106,34106/,https://national-football-teams.com/matches/report/34106/,HTTP 404,404,2026-04-16T09:01:03+00:00
34107,34107/,https://national-football-teams.com/matches/report/34107/,HTTP 404,404,2026-04-16T09:01:03+00:00
34108,34108/,https://national-football-teams.com/matches/report/34108/,HTTP 404,404,2026-04-16T09:01:03+00:00
34109,34109/,https://national-football-teams.com/matches/report/34109/,HTTP 404,404,2026-04-16T09:01:03+00:00
34131,34131/,https://national-football-teams.com/matches/report/34131/,HTTP 404,404,2026-04-16T09:01:03+00:00
34139,34139/,https://national-football-teams.com/matches/report/34139/,HTTP 404,404,2026-04-16T09:01:03+00:00
34140,34140/,https://national-football-teams.com/matches/report/34140/,HTTP 404,404,2026-04-16T09:01:03+00:00
34155,34155/,https://national-football-teams.com/matches/report/34155/,HTTP 404,404,2026-04-16T09:01:03+00:00
34161,34161/,https://national-football-teams.com/matches/report/34161/,HTTP 404,404,2026-04-16T09:01:03+00:00
34163,34163/,https://national-football-teams.com/matches/report/34163/,HTTP 404,404,2026-04-16T09:01:03+00:00
34165,34165/,https://national-football-teams.com/matches/report/34165/,HTTP 404,404,2026-04-16T09:01:03+00:00
34176,34176/,https://national-football-teams.com/matches/report/34176/,HTTP 404,404,2026-04-16T09:01:03+00:00
34177,34177/,https://national-football-teams.com/matches/report/34177/,HTTP 404,404,2026-04-16T09:01:03+00:00
34189,34189/,https://national-football-teams.com/matches/report/34189/,HTTP 404,404,2026-04-16T09:01:04+00:00
34190,34190/,https://national-football-teams.com/matches/report/34190/,HTTP 404,404,2026-04-16T09:01:04+00:00
34207,34207/,https://national-football-teams.com/matches/report/34207/,HTTP 404,404,2026-04-16T09:01:04+00:00
34208,34208/,https://national-football-teams.com/matches/report/34208/,HTTP 404,404,2026-04-16T09:01:04+00:00
34209,34209/,https://national-football-teams.com/matches/report/34209/,HTTP 404,404,2026-04-16T09:01:04+00:00
34210,34210/,https://national-football-teams.com/matches/report/34210/,HTTP 404,404,2026-04-16T09:01:04+00:00
34211,34211/,https://national-football-teams.com/matches/report/34211/,HTTP 404,404,2026-04-16T09:01:04+00:00
34212,34212/,https://national-football-teams.com/matches/report/34212/,HTTP 404,404,2026-04-16T09:01:04+00:00
34222,34222/,https://national-football-teams.com/matches/report/34222/,HTTP 404,404,2026-04-16T09:01:04+00:00
34223,34223/,https://national-football-teams.com/matches/report/34223/,HTTP 404,404,2026-04-16T09:01:04+00:00
34235,34235/,https://national-football-teams.com/matches/report/34235/,HTTP 404,404,2026-04-16T09:01:04+00:00
34239,34239/,https://national-football-teams.com/matches/report/34239/,HTTP 404,404,2026-04-16T09:01:04+00:00
34241,34241/,https://national-football-teams.com/matches/report/34241/,HTTP 404,404,2026-04-16T09:01:04+00:00
34245,34245/,https://national-football-teams.com/matches/report/34245/,HTTP 404,404,2026-04-16T09:01:04+00:00
34249,34249/,https://national-football-teams.com/matches/report/34249/,HTTP 404,404,2026-04-16T09:01:04+00:00
34258,34258/,https://national-football-teams.com/matches/report/34258/,HTTP 404,404,2026-04-16T09:01:04+00:00
34622,34622/,https://national-football-teams.com/matches/report/34622/,HTTP 404,404,2026-04-16T09:01:04+00:00
34640,34640/,https://national-football-teams.com/matches/report/34640/,HTTP 404,404,2026-04-16T09:01:04+00:00
34641,34641/,https://national-football-teams.com/matches/report/34641/,HTTP 404,404,2026-04-16T09:01:04+00:00
34642,34642/,https://national-football-teams.com/matches/report/34642/,HTTP 404,404,2026-04-16T09:01:04+00:00
34643,34643/,https://national-football-teams.com/matches/report/34643/,HTTP 404,404,2026-04-16T09:01:05+00:00
34646,34646/,https://national-football-teams.com/matches/report/34646/,HTTP 404,404,2026-04-16T09:01:05+00:00
34647,34647/,https://national-football-teams.com/matches/report/34647/,HTTP 404,404,2026-04-16T09:01:05+00:00
34656,34656/,https://national-football-teams.com/matches/report/34656/,HTTP 404,404,2026-04-16T09:01:05+00:00
34657,34657/,https://national-football-teams.com/matches/report/34657/,HTTP 404,404,2026-04-16T09:01:05+00:00
34659,34659/,https://national-football-teams.com/matches/report/34659/,HTTP 404,404,2026-04-16T09:01:05+00:00
34660,34660/,https://national-football-teams.com/matches/report/34660/,HTTP 404,404,2026-04-16T09:01:05+00:00
34662,34662/,https://national-football-teams.com/matches/report/34662/,HTTP 404,404,2026-04-16T09:01:05+00:00
34676,34676/,https://national-football-teams.com/matches/report/34676/,HTTP 404,404,2026-04-16T09:01:05+00:00
34678,34678/,https://national-football-teams.com/matches/report/34678/,HTTP 404,404,2026-04-16T09:01:05+00:00
34737,34737/,https://national-football-teams.com/matches/report/34737/,HTTP 404,404,2026-04-16T09:01:05+00:00
34755,34755/,https://national-football-teams.com/matches/report/34755/,HTTP 404,404,2026-04-16T09:01:05+00:00
34756,34756/,https://national-football-teams.com/matches/report/34756/,HTTP 404,404,2026-04-16T09:01:05+00:00
34763,34763/,https://national-football-teams.com/matches/report/34763/,HTTP 404,404,2026-04-16T09:01:05+00:00
34779,34779/,https://national-football-teams.com/matches/report/34779/,HTTP 404,404,2026-04-16T09:01:05+00:00
34780,34780/,https://national-football-teams.com/matches/report/34780/,HTTP 404,404,2026-04-16T09:01:05+00:00
34781,34781/,https://national-football-teams.com/matches/report/34781/,HTTP 404,404,2026-04-16T09:01:05+00:00
34782,34782/,https://national-football-teams.com/matches/report/34782/,HTTP 404,404,2026-04-16T09:01:05+00:00
34783,34783/,https://national-football-teams.com/matches/report/34783/,HTTP 404,404,2026-04-16T09:01:05+00:00
34784,34784/,https://national-football-teams.com/matches/report/34784/,HTTP 404,404,2026-04-16T09:01:05+00:00
34785,34785/,https://national-football-teams.com/matches/report/34785/,HTTP 404,404,2026-04-16T09:01:05+00:00
34786,34786/,https://national-football-teams.com/matches/report/34786/,HTTP 404,404,2026-04-16T09:01:05+00:00
34787,34787/,https://national-football-teams.com/matches/report/34787/,HTTP 404,404,2026-04-16T09:01:05+00:00
34788,34788/,https://national-football-teams.com/matches/report/34788/,HTTP 404,404,2026-04-16T09:01:05+00:00
34789,34789/,https://national-football-teams.com/matches/report/34789/,HTTP 404,404,2026-04-16T09:01:05+00:00
34790,34790/,https://national-football-teams.com/matches/report/34790/,HTTP 404,404,2026-04-16T09:01:06+00:00
34818,34818/,https://national-football-teams.com/matches/report/34818/,HTTP 404,404,2026-04-16T09:01:06+00:00
34820,34820/,https://national-football-teams.com/matches/report/34820/,HTTP 404,404,2026-04-16T09:01:06+00:00
34835,34835/,https://national-football-teams.com/matches/report/34835/,HTTP 404,404,2026-04-16T09:01:06+00:00
34836,34836/,https://national-football-teams.com/matches/report/34836/,HTTP 404,404,2026-04-16T09:01:06+00:00
34843,34843/,https://national-football-teams.com/matches/report/34843/,HTTP 404,404,2026-04-16T09:01:06+00:00
34844,34844/,https://national-football-teams.com/matches/report/34844/,HTTP 404,404,2026-04-16T09:01:06+00:00
34845,34845/,https://national-football-teams.com/matches/report/34845/,HTTP 404,404,2026-04-16T09:01:06+00:00
34846,34846/,https://national-football-teams.com/matches/report/34846/,HTTP 404,404,2026-04-16T09:01:06+00:00
34847,34847/,https://national-football-teams.com/matches/report/34847/,HTTP 404,404,2026-04-16T09:01:06+00:00
34848,34848/,https://national-football-teams.com/matches/report/34848/,HTTP 404,404,2026-04-16T09:01:06+00:00
34849,34849/,https://national-football-teams.com/matches/report/34849/,HTTP 404,404,2026-04-16T09:01:06+00:00
34850,34850/,https://national-football-teams.com/matches/report/34850/,HTTP 404,404,2026-04-16T09:01:06+00:00
34851,34851/,https://national-football-teams.com/matches/report/34851/,HTTP 404,404,2026-04-16T09:01:06+00:00
34852,34852/,https://national-football-teams.com/matches/report/34852/,HTTP 404,404,2026-04-16T09:01:06+00:00
34853,34853/,https://national-football-teams.com/matches/report/34853/,HTTP 404,404,2026-04-16T09:01:06+00:00
34854,34854/,https://national-football-teams.com/matches/report/34854/,HTTP 404,404,2026-04-16T09:01:06+00:00
34881,34881/,https://national-football-teams.com/matches/report/34881/,HTTP 404,404,2026-04-16T09:01:06+00:00
34896,34896/,https://national-football-teams.com/matches/report/34896/,HTTP 404,404,2026-04-16T09:01:06+00:00
34902,34902/,https://national-football-teams.com/matches/report/34902/,HTTP 404,404,2026-04-16T09:01:06+00:00
34903,34903/,https://national-football-teams.com/matches/report/34903/,HTTP 404,404,2026-04-16T09:01:07+00:00
34904,34904/,https://national-football-teams.com/matches/report/34904/,HTTP 404,404,2026-04-16T09:01:07+00:00
34905,34905/,https://national-football-teams.com/matches/report/34905/,HTTP 404,404,2026-04-16T09:01:07+00:00
34906,34906/,https://national-football-teams.com/matches/report/34906/,HTTP 404,404,2026-04-16T09:01:07+00:00
34907,34907/,https://national-football-teams.com/matches/report/34907/,HTTP 404,404,2026-04-16T09:01:07+00:00
34908,34908/,https://national-football-teams.com/matches/report/34908/,HTTP 404,404,2026-04-16T09:01:07+00:00
34909,34909/,https://national-football-teams.com/matches/report/34909/,HTTP 404,404,2026-04-16T09:01:07+00:00
34910,34910/,https://national-football-teams.com/matches/report/34910/,HTTP 404,404,2026-04-16T09:01:07+00:00
34911,34911/,https://national-football-teams.com/matches/report/34911/,HTTP 404,404,2026-04-16T09:01:07+00:00
34912,34912/,https://national-football-teams.com/matches/report/34912/,HTTP 404,404,2026-04-16T09:01:07+00:00
34913,34913/,https://national-football-teams.com/matches/report/34913/,HTTP 404,404,2026-04-16T09:01:07+00:00
34926,34926/,https://national-football-teams.com/matches/report/34926/,HTTP 404,404,2026-04-16T09:01:07+00:00
34927,34927/,https://national-football-teams.com/matches/report/34927/,HTTP 404,404,2026-04-16T09:01:07+00:00
34938,34938/,https://national-football-teams.com/matches/report/34938/,HTTP 404,404,2026-04-16T09:01:07+00:00
34939,34939/,https://national-football-teams.com/matches/report/34939/,HTTP 404,404,2026-04-16T09:01:07+00:00
34967,34967/,https://national-football-teams.com/matches/report/34967/,HTTP 404,404,2026-04-16T09:01:07+00:00
34968,34968/,https://national-football-teams.com/matches/report/34968/,HTTP 404,404,2026-04-16T09:01:07+00:00
34969,34969/,https://national-football-teams.com/matches/report/34969/,HTTP 404,404,2026-04-16T09:01:07+00:00
34970,34970/,https://national-football-teams.com/matches/report/34970/,HTTP 404,404,2026-04-16T09:01:07+00:00
35,35/,https://national-football-teams.com/matches/report/35/,HTTP 404,404,2026-04-16T09:01:07+00:00
35021,35021/,https://national-football-teams.com/matches/report/35021/,HTTP 404,404,2026-04-16T09:01:07+00:00
35030,35030/,https://national-football-teams.com/matches/report/35030/,HTTP 404,404,2026-04-16T09:01:07+00:00
35031,35031/,https://national-football-teams.com/matches/report/35031/,HTTP 404,404,2026-04-16T09:01:07+00:00
35032,35032/,https://national-football-teams.com/matches/report/35032/,HTTP 404,404,2026-04-16T09:01:07+00:00
35034,35034/,https://national-football-teams.com/matches/report/35034/,HTTP 404,404,2026-04-16T09:01:07+00:00
35279,35279/,https://national-football-teams.com/matches/report/35279/,HTTP 404,404,2026-04-16T09:01:08+00:00
35280,35280/,https://national-football-teams.com/matches/report/35280/,HTTP 404,404,2026-04-16T09:01:08+00:00
35281,35281/,https://national-football-teams.com/matches/report/35281/,HTTP 404,404,2026-04-16T09:01:08+00:00
35284,35284/,https://national-football-teams.com/matches/report/35284/,HTTP 404,404,2026-04-16T09:01:08+00:00
35289,35289/,https://national-football-teams.com/matches/report/35289/,HTTP 404,404,2026-04-16T09:01:08+00:00
35290,35290/,https://national-football-teams.com/matches/report/35290/,HTTP 404,404,2026-04-16T09:01:08+00:00
35291,35291/,https://national-football-teams.com/matches/report/35291/,HTTP 404,404,2026-04-16T09:01:08+00:00
35302,35302/,https://national-football-teams.com/matches/report/35302/,HTTP 404,404,2026-04-16T09:01:08+00:00
35303,35303/,https://national-football-teams.com/matches/report/35303/,HTTP 404,404,2026-04-16T09:01:08+00:00
35304,35304/,https://national-football-teams.com/matches/report/35304/,HTTP 404,404,2026-04-16T09:01:08+00:00
35307,35307/,https://national-football-teams.com/matches/report/35307/,HTTP 404,404,2026-04-16T09:01:08+00:00
35308,35308/,https://national-football-teams.com/matches/report/35308/,HTTP 404,404,2026-04-16T09:01:08+00:00
35309,35309/,https://national-football-teams.com/matches/report/35309/,HTTP 404,404,2026-04-16T09:01:08+00:00
35311,35311/,https://national-football-teams.com/matches/report/35311/,HTTP 404,404,2026-04-16T09:01:08+00:00
35312,35312/,https://national-football-teams.com/matches/report/35312/,HTTP 404,404,2026-04-16T09:01:08+00:00
35325,35325/,https://national-football-teams.com/matches/report/35325/,HTTP 404,404,2026-04-16T09:01:08+00:00
35332,35332/,https://national-football-teams.com/matches/report/35332/,HTTP 404,404,2026-04-16T09:01:08+00:00
35333,35333/,https://national-football-teams.com/matches/report/35333/,HTTP 404,404,2026-04-16T09:01:08+00:00
35335,35335/,https://national-football-teams.com/matches/report/35335/,HTTP 404,404,2026-04-16T09:01:08+00:00
35336,35336/,https://national-football-teams.com/matches/report/35336/,HTTP 404,404,2026-04-16T09:01:08+00:00
35337,35337/,https://national-football-teams.com/matches/report/35337/,HTTP 404,404,2026-04-16T09:01:09+00:00
35350,35350/,https://national-football-teams.com/matches/report/35350/,HTTP 404,404,2026-04-16T09:01:09+00:00
35351,35351/,https://national-football-teams.com/matches/report/35351/,HTTP 404,404,2026-04-16T09:01:09+00:00
35352,35352/,https://national-football-teams.com/matches/report/35352/,HTTP 404,404,2026-04-16T09:01:09+00:00
35371,35371/,https://national-football-teams.com/matches/report/35371/,HTTP 404,404,2026-04-16T09:01:09+00:00
35372,35372/,https://national-football-teams.com/matches/report/35372/,HTTP 404,404,2026-04-16T09:01:09+00:00
35374,35374/,https://national-football-teams.com/matches/report/35374/,HTTP 404,404,2026-04-16T09:01:09+00:00
35376,35376/,https://national-football-teams.com/matches/report/35376/,HTTP 404,404,2026-04-16T09:01:09+00:00
35381,35381/,https://national-football-teams.com/matches/report/35381/,HTTP 404,404,2026-04-16T09:01:09+00:00
35382,35382/,https://national-football-teams.com/matches/report/35382/,HTTP 404,404,2026-04-16T09:01:09+00:00
35383,35383/,https://national-football-teams.com/matches/report/35383/,HTTP 404,404,2026-04-16T09:01:09+00:00
35384,35384/,https://national-football-teams.com/matches/report/35384/,HTTP 404,404,2026-04-16T09:01:09+00:00
35385,35385/,https://national-football-teams.com/matches/report/35385/,HTTP 404,404,2026-04-16T09:01:09+00:00
35389,35389/,https://national-football-teams.com/matches/report/35389/,HTTP 404,404,2026-04-16T09:01:09+00:00
35390,35390/,https://national-football-teams.com/matches/report/35390/,HTTP 404,404,2026-04-16T09:01:09+00:00
35392,35392/,https://national-football-teams.com/matches/report/35392/,HTTP 404,404,2026-04-16T09:01:09+00:00
35393,35393/,https://national-football-teams.com/matches/report/35393/,HTTP 404,404,2026-04-16T09:01:09+00:00
35395,35395/,https://national-football-teams.com/matches/report/35395/,HTTP 404,404,2026-04-16T09:01:09+00:00
35411,35411/,https://national-football-teams.com/matches/report/35411/,HTTP 404,404,2026-04-16T09:01:09+00:00
35449,35449/,https://national-football-teams.com/matches/report/35449/,HTTP 404,404,2026-04-16T09:01:09+00:00
35450,35450/,https://national-football-teams.com/matches/report/35450/,HTTP 404,404,2026-04-16T09:01:09+00:00
35451,35451/,https://national-football-teams.com/matches/report/35451/,HTTP 404,404,2026-04-16T09:01:09+00:00
35452,35452/,https://national-football-teams.com/matches/report/35452/,HTTP 404,404,2026-04-16T09:01:09+00:00
35453,35453/,https://national-football-teams.com/matches/report/35453/,HTTP 404,404,2026-04-16T09:01:09+00:00
35506,35506/,https://national-football-teams.com/matches/report/35506/,HTTP 404,404,2026-04-16T09:01:09+00:00
35507,35507/,https://national-football-teams.com/matches/report/35507/,HTTP 404,404,2026-04-16T09:01:10+00:00
35508,35508/,https://national-football-teams.com/matches/report/35508/,HTTP 404,404,2026-04-16T09:01:10+00:00
35509,35509/,https://national-football-teams.com/matches/report/35509/,HTTP 404,404,2026-04-16T09:01:10+00:00
35510,35510/,https://national-football-teams.com/matches/report/35510/,HTTP 404,404,2026-04-16T09:01:10+00:00
35511,35511/,https://national-football-teams.com/matches/report/35511/,HTTP 404,404,2026-04-16T09:01:10+00:00
35512,35512/,https://national-football-teams.com/matches/report/35512/,HTTP 404,404,2026-04-16T09:01:10+00:00
35513,35513/,https://national-football-teams.com/matches/report/35513/,HTTP 404,404,2026-04-16T09:01:10+00:00
35514,35514/,https://national-football-teams.com/matches/report/35514/,HTTP 404,404,2026-04-16T09:01:10+00:00
35516,35516/,https://national-football-teams.com/matches/report/35516/,HTTP 404,404,2026-04-16T09:01:10+00:00
35517,35517/,https://national-football-teams.com/matches/report/35517/,HTTP 404,404,2026-04-16T09:01:10+00:00
35518,35518/,https://national-football-teams.com/matches/report/35518/,HTTP 404,404,2026-04-16T09:01:10+00:00
35520,35520/,https://national-football-teams.com/matches/report/35520/,HTTP 404,404,2026-04-16T09:01:10+00:00
35521,35521/,https://national-football-teams.com/matches/report/35521/,HTTP 404,404,2026-04-16T09:01:10+00:00
35522,35522/,https://national-football-teams.com/matches/report/35522/,HTTP 404,404,2026-04-16T09:01:10+00:00
35523,35523/,https://national-football-teams.com/matches/report/35523/,HTTP 404,404,2026-04-16T09:01:10+00:00
35524,35524/,https://national-football-teams.com/matches/report/35524/,HTTP 404,404,2026-04-16T09:01:10+00:00
35527,35527/,https://national-football-teams.com/matches/report/35527/,HTTP 404,404,2026-04-16T09:01:10+00:00
35528,35528/,https://national-football-teams.com/matches/report/35528/,HTTP 404,404,2026-04-16T09:01:10+00:00
35529,35529/,https://national-football-teams.com/matches/report/35529/,HTTP 404,404,2026-04-16T09:01:10+00:00
35530,35530/,https://national-football-teams.com/matches/report/35530/,HTTP 404,404,2026-04-16T09:01:10+00:00
35534,35534/,https://national-football-teams.com/matches/report/35534/,HTTP 404,404,2026-04-16T09:01:11+00:00
35548,35548/,https://national-football-teams.com/matches/report/35548/,HTTP 404,404,2026-04-16T09:01:11+00:00
35559,35559/,https://national-football-teams.com/matches/report/35559/,HTTP 404,404,2026-04-16T09:01:11+00:00
35561,35561/,https://national-football-teams.com/matches/report/35561/,HTTP 404,404,2026-04-16T09:01:11+00:00
35562,35562/,https://national-football-teams.com/matches/report/35562/,HTTP 404,404,2026-04-16T09:01:11+00:00
35563,35563/,https://national-football-teams.com/matches/report/35563/,HTTP 404,404,2026-04-16T09:01:11+00:00
35567,35567/,https://national-football-teams.com/matches/report/35567/,HTTP 404,404,2026-04-16T09:01:11+00:00
35568,35568/,https://national-football-teams.com/matches/report/35568/,HTTP 404,404,2026-04-16T09:01:11+00:00
35571,35571/,https://national-football-teams.com/matches/report/35571/,HTTP 404,404,2026-04-16T09:01:11+00:00
35577,35577/,https://national-football-teams.com/matches/report/35577/,HTTP 404,404,2026-04-16T09:01:11+00:00
35585,35585/,https://national-football-teams.com/matches/report/35585/,HTTP 404,404,2026-04-16T09:01:11+00:00
35589,35589/,https://national-football-teams.com/matches/report/35589/,HTTP 404,404,2026-04-16T09:01:11+00:00
35590,35590/,https://national-football-teams.com/matches/report/35590/,HTTP 404,404,2026-04-16T09:01:11+00:00
35591,35591/,https://national-football-teams.com/matches/report/35591/,HTTP 404,404,2026-04-16T09:01:11+00:00
35593,35593/,https://national-football-teams.com/matches/report/35593/,HTTP 404,404,2026-04-16T09:01:11+00:00
35604,35604/,https://national-football-teams.com/matches/report/35604/,HTTP 404,404,2026-04-16T09:01:11+00:00
35610,35610/,https://national-football-teams.com/matches/report/35610/,HTTP 404,404,2026-04-16T09:01:11+00:00
35615,35615/,https://national-football-teams.com/matches/report/35615/,HTTP 404,404,2026-04-16T09:01:11+00:00
35618,35618/,https://national-football-teams.com/matches/report/35618/,HTTP 404,404,2026-04-16T09:01:11+00:00
35619,35619/,https://national-football-teams.com/matches/report/35619/,HTTP 404,404,2026-04-16T09:01:11+00:00
35625,35625/,https://national-football-teams.com/matches/report/35625/,HTTP 404,404,2026-04-16T09:01:11+00:00
35626,35626/,https://national-football-teams.com/matches/report/35626/,HTTP 404,404,2026-04-16T09:01:11+00:00
35629,35629/,https://national-football-teams.com/matches/report/35629/,HTTP 404,404,2026-04-16T09:01:11+00:00
35636,35636/,https://national-football-teams.com/matches/report/35636/,HTTP 404,404,2026-04-16T09:01:11+00:00
35641,35641/,https://national-football-teams.com/matches/report/35641/,HTTP 404,404,2026-04-16T09:01:11+00:00
35644,35644/,https://national-football-teams.com/matches/report/35644/,HTTP 404,404,2026-04-16T09:01:12+00:00
35648,35648/,https://national-football-teams.com/matches/report/35648/,HTTP 404,404,2026-04-16T09:01:12+00:00
35652,35652/,https://national-football-teams.com/matches/report/35652/,HTTP 404,404,2026-04-16T09:01:12+00:00
35662,35662/,https://national-football-teams.com/matches/report/35662/,HTTP 404,404,2026-04-16T09:01:12+00:00
35677,35677/,https://national-football-teams.com/matches/report/35677/,HTTP 404,404,2026-04-16T09:01:12+00:00
35718,35718/,https://national-football-teams.com/matches/report/35718/,HTTP 404,404,2026-04-16T09:01:12+00:00
35772,35772/,https://national-football-teams.com/matches/report/35772/,HTTP 404,404,2026-04-16T09:01:12+00:00
35773,35773/,https://national-football-teams.com/matches/report/35773/,HTTP 404,404,2026-04-16T09:01:12+00:00
35881,35881/,https://national-football-teams.com/matches/report/35881/,HTTP 404,404,2026-04-16T09:01:12+00:00
35882,35882/,https://national-football-teams.com/matches/report/35882/,HTTP 404,404,2026-04-16T09:01:12+00:00
35885,35885/,https://national-football-teams.com/matches/report/35885/,HTTP 404,404,2026-04-16T09:01:12+00:00
35886,35886/,https://national-football-teams.com/matches/report/35886/,HTTP 404,404,2026-04-16T09:01:12+00:00
35887,35887/,https://national-football-teams.com/matches/report/35887/,HTTP 404,404,2026-04-16T09:01:12+00:00
35889,35889/,https://national-football-teams.com/matches/report/35889/,HTTP 404,404,2026-04-16T09:01:12+00:00
35891,35891/,https://national-football-teams.com/matches/report/35891/,HTTP 404,404,2026-04-16T09:01:12+00:00
35892,35892/,https://national-football-teams.com/matches/report/35892/,HTTP 404,404,2026-04-16T09:01:12+00:00
35893,35893/,https://national-football-teams.com/matches/report/35893/,HTTP 404,404,2026-04-16T09:01:12+00:00
35894,35894/,https://national-football-teams.com/matches/report/35894/,HTTP 404,404,2026-04-16T09:01:12+00:00
35897,35897/,https://national-football-teams.com/matches/report/35897/,HTTP 404,404,2026-04-16T09:01:12+00:00
35898,35898/,https://national-football-teams.com/matches/report/35898/,HTTP 404,404,2026-04-16T09:01:12+00:00
35899,35899/,https://national-football-teams.com/matches/report/35899/,HTTP 404,404,2026-04-16T09:01:13+00:00
35900,35900/,https://national-football-teams.com/matches/report/35900/,HTTP 404,404,2026-04-16T09:01:13+00:00
35901,35901/,https://national-football-teams.com/matches/report/35901/,HTTP 404,404,2026-04-16T09:01:13+00:00
35902,35902/,https://national-football-teams.com/matches/report/35902/,HTTP 404,404,2026-04-16T09:01:13+00:00
35903,35903/,https://national-football-teams.com/matches/report/35903/,HTTP 404,404,2026-04-16T09:01:13+00:00
35904,35904/,https://national-football-teams.com/matches/report/35904/,HTTP 404,404,2026-04-16T09:01:13+00:00
35905,35905/,https://national-football-teams.com/matches/report/35905/,HTTP 404,404,2026-04-16T09:01:13+00:00
35906,35906/,https://national-football-teams.com/matches/report/35906/,HTTP 404,404,2026-04-16T09:01:13+00:00
35907,35907/,https://national-football-teams.com/matches/report/35907/,HTTP 404,404,2026-04-16T09:01:13+00:00
35908,35908/,https://national-football-teams.com/matches/report/35908/,HTTP 404,404,2026-04-16T09:01:13+00:00
35909,35909/,https://national-football-teams.com/matches/report/35909/,HTTP 404,404,2026-04-16T09:01:13+00:00
35910,35910/,https://national-football-teams.com/matches/report/35910/,HTTP 404,404,2026-04-16T09:01:13+00:00
35911,35911/,https://national-football-teams.com/matches/report/35911/,HTTP 404,404,2026-04-16T09:01:13+00:00
35912,35912/,https://national-football-teams.com/matches/report/35912/,HTTP 404,404,2026-04-16T09:01:13+00:00
35913,35913/,https://national-football-teams.com/matches/report/35913/,HTTP 404,404,2026-04-16T09:01:13+00:00
35914,35914/,https://national-football-teams.com/matches/report/35914/,HTTP 404,404,2026-04-16T09:01:13+00:00
35915,35915/,https://national-football-teams.com/matches/report/35915/,HTTP 404,404,2026-04-16T09:01:13+00:00
35916,35916/,https://national-football-teams.com/matches/report/35916/,HTTP 404,404,2026-04-16T09:01:13+00:00
35917,35917/,https://national-football-teams.com/matches/report/35917/,HTTP 404,404,2026-04-16T09:01:13+00:00
35918,35918/,https://national-football-teams.com/matches/report/35918/,HTTP 404,404,2026-04-16T09:01:13+00:00
35919,35919/,https://national-football-teams.com/matches/report/35919/,HTTP 404,404,2026-04-16T09:01:13+00:00
35920,35920/,https://national-football-teams.com/matches/report/35920/,HTTP 404,404,2026-04-16T09:01:13+00:00
35921,35921/,https://national-football-teams.com/matches/report/35921/,HTTP 404,404,2026-04-16T09:01:13+00:00
35922,35922/,https://national-football-teams.com/matches/report/35922/,HTTP 404,404,2026-04-16T09:01:13+00:00
35960,35960/,https://national-football-teams.com/matches/report/35960/,HTTP 404,404,2026-04-16T09:01:13+00:00
35961,35961/,https://national-football-teams.com/matches/report/35961/,HTTP 404,404,2026-04-16T09:01:14+00:00
35962,35962/,https://national-football-teams.com/matches/report/35962/,HTTP 404,404,2026-04-16T09:01:14+00:00
35964,35964/,https://national-football-teams.com/matches/report/35964/,HTTP 404,404,2026-04-16T09:01:14+00:00
35965,35965/,https://national-football-teams.com/matches/report/35965/,HTTP 404,404,2026-04-16T09:01:14+00:00
35966,35966/,https://national-football-teams.com/matches/report/35966/,HTTP 404,404,2026-04-16T09:01:14+00:00
35967,35967/,https://national-football-teams.com/matches/report/35967/,HTTP 404,404,2026-04-16T09:01:14+00:00
35968,35968/,https://national-football-teams.com/matches/report/35968/,HTTP 404,404,2026-04-16T09:01:14+00:00
35971,35971/,https://national-football-teams.com/matches/report/35971/,HTTP 404,404,2026-04-16T09:01:14+00:00
35972,35972/,https://national-football-teams.com/matches/report/35972/,HTTP 404,404,2026-04-16T09:01:14+00:00
35973,35973/,https://national-football-teams.com/matches/report/35973/,HTTP 404,404,2026-04-16T09:01:14+00:00
36,36/,https://national-football-teams.com/matches/report/36/,HTTP 404,404,2026-04-16T09:01:14+00:00
36028,36028/,https://national-football-teams.com/matches/report/36028/,HTTP 404,404,2026-04-16T09:01:14+00:00
36029,36029/,https://national-football-teams.com/matches/report/36029/,HTTP 404,404,2026-04-16T09:01:14+00:00
36030,36030/,https://national-football-teams.com/matches/report/36030/,HTTP 404,404,2026-04-16T09:01:14+00:00
36031,36031/,https://national-football-teams.com/matches/report/36031/,HTTP 404,404,2026-04-16T09:01:14+00:00
36392,36392/,https://national-football-teams.com/matches/report/36392/,HTTP 404,404,2026-04-16T09:01:14+00:00
36393,36393/,https://national-football-teams.com/matches/report/36393/,HTTP 404,404,2026-04-16T09:01:14+00:00
36464,36464/,https://national-football-teams.com/matches/report/36464/,HTTP 404,404,2026-04-16T09:01:14+00:00
36466,36466/,https://national-football-teams.com/matches/report/36466/,HTTP 404,404,2026-04-16T09:01:14+00:00
36467,36467/,https://national-football-teams.com/matches/report/36467/,HTTP 404,404,2026-04-16T09:01:14+00:00
36469,36469/,https://national-football-teams.com/matches/report/36469/,HTTP 404,404,2026-04-16T09:01:15+00:00
36490,36490/,https://national-football-teams.com/matches/report/36490/,HTTP 404,404,2026-04-16T09:01:15+00:00
36491,36491/,https://national-football-teams.com/matches/report/36491/,HTTP 404,404,2026-04-16T09:01:15+00:00
36492,36492/,https://national-football-teams.com/matches/report/36492/,HTTP 404,404,2026-04-16T09:01:15+00:00
36493,36493/,https://national-football-teams.com/matches/report/36493/,HTTP 404,404,2026-04-16T09:01:15+00:00
36494,36494/,https://national-football-teams.com/matches/report/36494/,HTTP 404,404,2026-04-16T09:01:15+00:00
36521,36521/,https://national-football-teams.com/matches/report/36521/,HTTP 404,404,2026-04-16T09:01:15+00:00
36523,36523/,https://national-football-teams.com/matches/report/36523/,HTTP 404,404,2026-04-16T09:01:15+00:00
36524,36524/,https://national-football-teams.com/matches/report/36524/,HTTP 404,404,2026-04-16T09:01:15+00:00
36526,36526/,https://national-football-teams.com/matches/report/36526/,HTTP 404,404,2026-04-16T09:01:15+00:00
36527,36527/,https://national-football-teams.com/matches/report/36527/,HTTP 404,404,2026-04-16T09:01:15+00:00
36541,36541/,https://national-football-teams.com/matches/report/36541/,HTTP 404,404,2026-04-16T09:01:15+00:00
36543,36543/,https://national-football-teams.com/matches/report/36543/,HTTP 404,404,2026-04-16T09:01:15+00:00
36545,36545/,https://national-football-teams.com/matches/report/36545/,HTTP 404,404,2026-04-16T09:01:15+00:00
36546,36546/,https://national-football-teams.com/matches/report/36546/,HTTP 404,404,2026-04-16T09:01:15+00:00
36547,36547/,https://national-football-teams.com/matches/report/36547/,HTTP 404,404,2026-04-16T09:01:15+00:00
36562,36562/,https://national-football-teams.com/matches/report/36562/,HTTP 404,404,2026-04-16T09:01:15+00:00
36587,36587/,https://national-football-teams.com/matches/report/36587/,HTTP 404,404,2026-04-16T09:01:15+00:00
36588,36588/,https://national-football-teams.com/matches/report/36588/,HTTP 404,404,2026-04-16T09:01:15+00:00
36589,36589/,https://national-football-teams.com/matches/report/36589/,HTTP 404,404,2026-04-16T09:01:15+00:00
36590,36590/,https://national-football-teams.com/matches/report/36590/,HTTP 404,404,2026-04-16T09:01:16+00:00
36592,36592/,https://national-football-teams.com/matches/report/36592/,HTTP 404,404,2026-04-16T09:01:16+00:00
36593,36593/,https://national-football-teams.com/matches/report/36593/,HTTP 404,404,2026-04-16T09:01:16+00:00
36594,36594/,https://national-football-teams.com/matches/report/36594/,HTTP 404,404,2026-04-16T09:01:16+00:00
36595,36595/,https://national-football-teams.com/matches/report/36595/,HTTP 404,404,2026-04-16T09:01:16+00:00
36597,36597/,https://national-football-teams.com/matches/report/36597/,HTTP 404,404,2026-04-16T09:01:16+00:00
36626,36626/,https://national-football-teams.com/matches/report/36626/,HTTP 404,404,2026-04-16T09:01:16+00:00
36629,36629/,https://national-football-teams.com/matches/report/36629/,HTTP 404,404,2026-04-16T09:01:16+00:00
36630,36630/,https://national-football-teams.com/matches/report/36630/,HTTP 404,404,2026-04-16T09:01:16+00:00
36631,36631/,https://national-football-teams.com/matches/report/36631/,HTTP 404,404,2026-04-16T09:01:16+00:00
36632,36632/,https://national-football-teams.com/matches/report/36632/,HTTP 404,404,2026-04-16T09:01:16+00:00
36635,36635/,https://national-football-teams.com/matches/report/36635/,HTTP 404,404,2026-04-16T09:01:16+00:00
36636,36636/,https://national-football-teams.com/matches/report/36636/,HTTP 404,404,2026-04-16T09:01:16+00:00
36637,36637/,https://national-football-teams.com/matches/report/36637/,HTTP 404,404,2026-04-16T09:01:16+00:00
36638,36638/,https://national-football-teams.com/matches/report/36638/,HTTP 404,404,2026-04-16T09:01:16+00:00
36639,36639/,https://national-football-teams.com/matches/report/36639/,HTTP 404,404,2026-04-16T09:01:16+00:00
36640,36640/,https://national-football-teams.com/matches/report/36640/,HTTP 404,404,2026-04-16T09:01:16+00:00
36641,36641/,https://national-football-teams.com/matches/report/36641/,HTTP 404,404,2026-04-16T09:01:16+00:00
36876,36876/,https://national-football-teams.com/matches/report/36876/,HTTP 404,404,2026-04-16T09:01:16+00:00
36877,36877/,https://national-football-teams.com/matches/report/36877/,HTTP 404,404,2026-04-16T09:01:16+00:00
36880,36880/,https://national-football-teams.com/matches/report/36880/,HTTP 404,404,2026-04-16T09:01:16+00:00
36882,36882/,https://national-football-teams.com/matches/report/36882/,HTTP 404,404,2026-04-16T09:01:16+00:00
36884,36884/,https://national-football-teams.com/matches/report/36884/,HTTP 404,404,2026-04-16T09:01:16+00:00
36885,36885/,https://national-football-teams.com/matches/report/36885/,HTTP 404,404,2026-04-16T09:01:16+00:00
36887,36887/,https://national-football-teams.com/matches/report/36887/,HTTP 404,404,2026-04-16T09:01:16+00:00
36888,36888/,https://national-football-teams.com/matches/report/36888/,HTTP 404,404,2026-04-16T09:01:17+00:00
36890,36890/,https://national-football-teams.com/matches/report/36890/,HTTP 404,404,2026-04-16T09:01:17+00:00
36891,36891/,https://national-football-teams.com/matches/report/36891/,HTTP 404,404,2026-04-16T09:01:17+00:00
36892,36892/,https://national-football-teams.com/matches/report/36892/,HTTP 404,404,2026-04-16T09:01:17+00:00
36897,36897/,https://national-football-teams.com/matches/report/36897/,HTTP 404,404,2026-04-16T09:01:17+00:00
36899,36899/,https://national-football-teams.com/matches/report/36899/,HTTP 404,404,2026-04-16T09:01:17+00:00
36901,36901/,https://national-football-teams.com/matches/report/36901/,HTTP 404,404,2026-04-16T09:01:17+00:00
36902,36902/,https://national-football-teams.com/matches/report/36902/,HTTP 404,404,2026-04-16T09:01:17+00:00
36903,36903/,https://national-football-teams.com/matches/report/36903/,HTTP 404,404,2026-04-16T09:01:17+00:00
36904,36904/,https://national-football-teams.com/matches/report/36904/,HTTP 404,404,2026-04-16T09:01:17+00:00
36907,36907/,https://national-football-teams.com/matches/report/36907/,HTTP 404,404,2026-04-16T09:01:17+00:00
36911,36911/,https://national-football-teams.com/matches/report/36911/,HTTP 404,404,2026-04-16T09:01:17+00:00
36913,36913/,https://national-football-teams.com/matches/report/36913/,HTTP 404,404,2026-04-16T09:01:17+00:00
36914,36914/,https://national-football-teams.com/matches/report/36914/,HTTP 404,404,2026-04-16T09:01:17+00:00
36916,36916/,https://national-football-teams.com/matches/report/36916/,HTTP 404,404,2026-04-16T09:01:17+00:00
36917,36917/,https://national-football-teams.com/matches/report/36917/,HTTP 404,404,2026-04-16T09:01:17+00:00
36919,36919/,https://national-football-teams.com/matches/report/36919/,HTTP 404,404,2026-04-16T09:01:17+00:00
36937,36937/,https://national-football-teams.com/matches/report/36937/,HTTP 404,404,2026-04-16T09:01:17+00:00
36962,36962/,https://national-football-teams.com/matches/report/36962/,HTTP 404,404,2026-04-16T09:01:17+00:00
36964,36964/,https://national-football-teams.com/matches/report/36964/,HTTP 404,404,2026-04-16T09:01:17+00:00
36967,36967/,https://national-football-teams.com/matches/report/36967/,HTTP 404,404,2026-04-16T09:01:18+00:00
36968,36968/,https://national-football-teams.com/matches/report/36968/,HTTP 404,404,2026-04-16T09:01:18+00:00
36969,36969/,https://national-football-teams.com/matches/report/36969/,HTTP 404,404,2026-04-16T09:01:18+00:00
36970,36970/,https://national-football-teams.com/matches/report/36970/,HTTP 404,404,2026-04-16T09:01:18+00:00
36971,36971/,https://national-football-teams.com/matches/report/36971/,HTTP 404,404,2026-04-16T09:01:18+00:00
36987,36987/,https://national-football-teams.com/matches/report/36987/,HTTP 404,404,2026-04-16T09:01:18+00:00
36988,36988/,https://national-football-teams.com/matches/report/36988/,HTTP 404,404,2026-04-16T09:01:18+00:00
36989,36989/,https://national-football-teams.com/matches/report/36989/,HTTP 404,404,2026-04-16T09:01:18+00:00
36990,36990/,https://national-football-teams.com/matches/report/36990/,HTTP 404,404,2026-04-16T09:01:18+00:00
36991,36991/,https://national-football-teams.com/matches/report/36991/,HTTP 404,404,2026-04-16T09:01:18+00:00
36992,36992/,https://national-football-teams.com/matches/report/36992/,HTTP 404,404,2026-04-16T09:01:18+00:00
37005,37005/,https://national-football-teams.com/matches/report/37005/,HTTP 404,404,2026-04-16T09:01:18+00:00
37007,37007/,https://national-football-teams.com/matches/report/37007/,HTTP 404,404,2026-04-16T09:01:18+00:00
37010,37010/,https://national-football-teams.com/matches/report/37010/,HTTP 404,404,2026-04-16T09:01:18+00:00
37013,37013/,https://national-football-teams.com/matches/report/37013/,HTTP 404,404,2026-04-16T09:01:18+00:00
37016,37016/,https://national-football-teams.com/matches/report/37016/,HTTP 404,404,2026-04-16T09:01:18+00:00
37017,37017/,https://national-football-teams.com/matches/report/37017/,HTTP 404,404,2026-04-16T09:01:18+00:00
37032,37032/,https://national-football-teams.com/matches/report/37032/,HTTP 404,404,2026-04-16T09:01:18+00:00
37036,37036/,https://national-football-teams.com/matches/report/37036/,HTTP 404,404,2026-04-16T09:01:18+00:00
37037,37037/,https://national-football-teams.com/matches/report/37037/,HTTP 404,404,2026-04-16T09:01:18+00:00
37038,37038/,https://national-football-teams.com/matches/report/37038/,HTTP 404,404,2026-04-16T09:01:18+00:00
37039,37039/,https://national-football-teams.com/matches/report/37039/,HTTP 404,404,2026-04-16T09:01:18+00:00
37040,37040/,https://national-football-teams.com/matches/report/37040/,HTTP 404,404,2026-04-16T09:01:18+00:00
37041,37041/,https://national-football-teams.com/matches/report/37041/,HTTP 404,404,2026-04-16T09:01:18+00:00
37043,37043/,https://national-football-teams.com/matches/report/37043/,HTTP 404,404,2026-04-16T09:01:18+00:00
37044,37044/,https://national-football-teams.com/matches/report/37044/,HTTP 404,404,2026-04-16T09:01:19+00:00
37047,37047/,https://national-football-teams.com/matches/report/37047/,HTTP 404,404,2026-04-16T09:01:19+00:00
37050,37050/,https://national-football-teams.com/matches/report/37050/,HTTP 404,404,2026-04-16T09:01:19+00:00
37051,37051/,https://national-football-teams.com/matches/report/37051/,HTTP 404,404,2026-04-16T09:01:19+00:00
37054,37054/,https://national-football-teams.com/matches/report/37054/,HTTP 404,404,2026-04-16T09:01:19+00:00
37055,37055/,https://national-football-teams.com/matches/report/37055/,HTTP 404,404,2026-04-16T09:01:19+00:00
37059,37059/,https://national-football-teams.com/matches/report/37059/,HTTP 404,404,2026-04-16T09:01:19+00:00
37062,37062/,https://national-football-teams.com/matches/report/37062/,HTTP 404,404,2026-04-16T09:01:19+00:00
37063,37063/,https://national-football-teams.com/matches/report/37063/,HTTP 404,404,2026-04-16T09:01:19+00:00
37067,37067/,https://national-football-teams.com/matches/report/37067/,HTTP 404,404,2026-04-16T09:01:19+00:00
37070,37070/,https://national-football-teams.com/matches/report/37070/,HTTP 404,404,2026-04-16T09:01:19+00:00
37071,37071/,https://national-football-teams.com/matches/report/37071/,HTTP 404,404,2026-04-16T09:01:19+00:00
37073,37073/,https://national-football-teams.com/matches/report/37073/,HTTP 404,404,2026-04-16T09:01:19+00:00
37075,37075/,https://national-football-teams.com/matches/report/37075/,HTTP 404,404,2026-04-16T09:01:19+00:00
37082,37082/,https://national-football-teams.com/matches/report/37082/,HTTP 404,404,2026-04-16T09:01:19+00:00
37093,37093/,https://national-football-teams.com/matches/report/37093/,HTTP 404,404,2026-04-16T09:01:19+00:00
37189,37189/,https://national-football-teams.com/matches/report/37189/,HTTP 404,404,2026-04-16T09:01:19+00:00
37190,37190/,https://national-football-teams.com/matches/report/37190/,HTTP 404,404,2026-04-16T09:01:19+00:00
37191,37191/,https://national-football-teams.com/matches/report/37191/,HTTP 404,404,2026-04-16T09:01:19+00:00
37276,37276/,https://national-football-teams.com/matches/report/37276/,HTTP 404,404,2026-04-16T09:01:19+00:00
37279,37279/,https://national-football-teams.com/matches/report/37279/,HTTP 404,404,2026-04-16T09:01:20+00:00
37281,37281/,https://national-football-teams.com/matches/report/37281/,HTTP 404,404,2026-04-16T09:01:20+00:00
37282,37282/,https://national-football-teams.com/matches/report/37282/,HTTP 404,404,2026-04-16T09:01:20+00:00
37283,37283/,https://national-football-teams.com/matches/report/37283/,HTTP 404,404,2026-04-16T09:01:20+00:00
37284,37284/,https://national-football-teams.com/matches/report/37284/,HTTP 404,404,2026-04-16T09:01:20+00:00
37285,37285/,https://national-football-teams.com/matches/report/37285/,HTTP 404,404,2026-04-16T09:01:20+00:00
37286,37286/,https://national-football-teams.com/matches/report/37286/,HTTP 404,404,2026-04-16T09:01:20+00:00
37287,37287/,https://national-football-teams.com/matches/report/37287/,HTTP 404,404,2026-04-16T09:01:20+00:00
37314,37314/,https://national-football-teams.com/matches/report/37314/,HTTP 404,404,2026-04-16T09:01:20+00:00
37315,37315/,https://national-football-teams.com/matches/report/37315/,HTTP 404,404,2026-04-16T09:01:20+00:00
37316,37316/,https://national-football-teams.com/matches/report/37316/,HTTP 404,404,2026-04-16T09:01:20+00:00
37317,37317/,https://national-football-teams.com/matches/report/37317/,HTTP 404,404,2026-04-16T09:01:20+00:00
37337,37337/,https://national-football-teams.com/matches/report/37337/,HTTP 404,404,2026-04-16T09:01:20+00:00
37339,37339/,https://national-football-teams.com/matches/report/37339/,HTTP 404,404,2026-04-16T09:01:20+00:00
37340,37340/,https://national-football-teams.com/matches/report/37340/,HTTP 404,404,2026-04-16T09:01:20+00:00
37341,37341/,https://national-football-teams.com/matches/report/37341/,HTTP 404,404,2026-04-16T09:01:20+00:00
37359,37359/,https://national-football-teams.com/matches/report/37359/,HTTP 404,404,2026-04-16T09:01:20+00:00
37360,37360/,https://national-football-teams.com/matches/report/37360/,HTTP 404,404,2026-04-16T09:01:20+00:00
37379,37379/,https://national-football-teams.com/matches/report/37379/,HTTP 404,404,2026-04-16T09:01:20+00:00
37380,37380/,https://national-football-teams.com/matches/report/37380/,HTTP 404,404,2026-04-16T09:01:20+00:00
37381,37381/,https://national-football-teams.com/matches/report/37381/,HTTP 404,404,2026-04-16T09:01:20+00:00
37392,37392/,https://national-football-teams.com/matches/report/37392/,HTTP 404,404,2026-04-16T09:01:20+00:00
37393,37393/,https://national-football-teams.com/matches/report/37393/,HTTP 404,404,2026-04-16T09:01:20+00:00
37394,37394/,https://national-football-teams.com/matches/report/37394/,HTTP 404,404,2026-04-16T09:01:20+00:00
37396,37396/,https://national-football-teams.com/matches/report/37396/,HTTP 404,404,2026-04-16T09:01:20+00:00
37399,37399/,https://national-football-teams.com/matches/report/37399/,HTTP 404,404,2026-04-16T09:01:21+00:00
37400,37400/,https://national-football-teams.com/matches/report/37400/,HTTP 404,404,2026-04-16T09:01:21+00:00
37402,37402/,https://national-football-teams.com/matches/report/37402/,HTTP 404,404,2026-04-16T09:01:21+00:00
37404,37404/,https://national-football-teams.com/matches/report/37404/,HTTP 404,404,2026-04-16T09:01:21+00:00
37406,37406/,https://national-football-teams.com/matches/report/37406/,HTTP 404,404,2026-04-16T09:01:21+00:00
37410,37410/,https://national-football-teams.com/matches/report/37410/,HTTP 404,404,2026-04-16T09:01:21+00:00
37411,37411/,https://national-football-teams.com/matches/report/37411/,HTTP 404,404,2026-04-16T09:01:21+00:00
37436,37436/,https://national-football-teams.com/matches/report/37436/,HTTP 404,404,2026-04-16T09:01:21+00:00
37443,37443/,https://national-football-teams.com/matches/report/37443/,HTTP 404,404,2026-04-16T09:01:21+00:00
37444,37444/,https://national-football-teams.com/matches/report/37444/,HTTP 404,404,2026-04-16T09:01:21+00:00
37445,37445/,https://national-football-teams.com/matches/report/37445/,HTTP 404,404,2026-04-16T09:01:21+00:00
37446,37446/,https://national-football-teams.com/matches/report/37446/,HTTP 404,404,2026-04-16T09:01:21+00:00
37447,37447/,https://national-football-teams.com/matches/report/37447/,HTTP 404,404,2026-04-16T09:01:21+00:00
37448,37448/,https://national-football-teams.com/matches/report/37448/,HTTP 404,404,2026-04-16T09:01:21+00:00
37449,37449/,https://national-football-teams.com/matches/report/37449/,HTTP 404,404,2026-04-16T09:01:21+00:00
37458,37458/,https://national-football-teams.com/matches/report/37458/,HTTP 404,404,2026-04-16T09:01:21+00:00
37462,37462/,https://national-football-teams.com/matches/report/37462/,HTTP 404,404,2026-04-16T09:01:21+00:00
37463,37463/,https://national-football-teams.com/matches/report/37463/,HTTP 404,404,2026-04-16T09:01:21+00:00
37466,37466/,https://national-football-teams.com/matches/report/37466/,HTTP 404,404,2026-04-16T09:01:21+00:00
37467,37467/,https://national-football-teams.com/matches/report/37467/,HTTP 404,404,2026-04-16T09:01:21+00:00
37468,37468/,https://national-football-teams.com/matches/report/37468/,HTTP 404,404,2026-04-16T09:01:22+00:00
37469,37469/,https://national-football-teams.com/matches/report/37469/,HTTP 404,404,2026-04-16T09:01:22+00:00
37470,37470/,https://national-football-teams.com/matches/report/37470/,HTTP 404,404,2026-04-16T09:01:22+00:00
37471,37471/,https://national-football-teams.com/matches/report/37471/,HTTP 404,404,2026-04-16T09:01:22+00:00
37472,37472/,https://national-football-teams.com/matches/report/37472/,HTTP 404,404,2026-04-16T09:01:22+00:00
37473,37473/,https://national-football-teams.com/matches/report/37473/,HTTP 404,404,2026-04-16T09:01:22+00:00
37474,37474/,https://national-football-teams.com/matches/report/37474/,HTTP 404,404,2026-04-16T09:01:22+00:00
37475,37475/,https://national-football-teams.com/matches/report/37475/,HTTP 404,404,2026-04-16T09:01:22+00:00
37496,37496/,https://national-football-teams.com/matches/report/37496/,HTTP 404,404,2026-04-16T09:01:22+00:00
37498,37498/,https://national-football-teams.com/matches/report/37498/,HTTP 404,404,2026-04-16T09:01:22+00:00
37499,37499/,https://national-football-teams.com/matches/report/37499/,HTTP 404,404,2026-04-16T09:01:22+00:00
37500,37500/,https://national-football-teams.com/matches/report/37500/,HTTP 404,404,2026-04-16T09:01:22+00:00
37501,37501/,https://national-football-teams.com/matches/report/37501/,HTTP 404,404,2026-04-16T09:01:22+00:00
37502,37502/,https://national-football-teams.com/matches/report/37502/,HTTP 404,404,2026-04-16T09:01:22+00:00
37503,37503/,https://national-football-teams.com/matches/report/37503/,HTTP 404,404,2026-04-16T09:01:22+00:00
37548,37548/,https://national-football-teams.com/matches/report/37548/,HTTP 404,404,2026-04-16T09:01:22+00:00
37564,37564/,https://national-football-teams.com/matches/report/37564/,HTTP 404,404,2026-04-16T09:01:22+00:00
37566,37566/,https://national-football-teams.com/matches/report/37566/,HTTP 404,404,2026-04-16T09:01:22+00:00
37567,37567/,https://national-football-teams.com/matches/report/37567/,HTTP 404,404,2026-04-16T09:01:22+00:00
37568,37568/,https://national-football-teams.com/matches/report/37568/,HTTP 404,404,2026-04-16T09:01:22+00:00
37570,37570/,https://national-football-teams.com/matches/report/37570/,HTTP 404,404,2026-04-16T09:01:22+00:00
37573,37573/,https://national-football-teams.com/matches/report/37573/,HTTP 404,404,2026-04-16T09:01:22+00:00
37574,37574/,https://national-football-teams.com/matches/report/37574/,HTTP 404,404,2026-04-16T09:01:22+00:00
37576,37576/,https://national-football-teams.com/matches/report/37576/,HTTP 404,404,2026-04-16T09:01:22+00:00
37577,37577/,https://national-football-teams.com/matches/report/37577/,HTTP 404,404,2026-04-16T09:01:22+00:00
37578,37578/,https://national-football-teams.com/matches/report/37578/,HTTP 404,404,2026-04-16T09:01:23+00:00
37579,37579/,https://national-football-teams.com/matches/report/37579/,HTTP 404,404,2026-04-16T09:01:23+00:00
37580,37580/,https://national-football-teams.com/matches/report/37580/,HTTP 404,404,2026-04-16T09:01:23+00:00
37581,37581/,https://national-football-teams.com/matches/report/37581/,HTTP 404,404,2026-04-16T09:01:23+00:00
37582,37582/,https://national-football-teams.com/matches/report/37582/,HTTP 404,404,2026-04-16T09:01:23+00:00
37583,37583/,https://national-football-teams.com/matches/report/37583/,HTTP 404,404,2026-04-16T09:01:23+00:00
37584,37584/,https://national-football-teams.com/matches/report/37584/,HTTP 404,404,2026-04-16T09:01:23+00:00
37585,37585/,https://national-football-teams.com/matches/report/37585/,HTTP 404,404,2026-04-16T09:01:23+00:00
37610,37610/,https://national-football-teams.com/matches/report/37610/,HTTP 404,404,2026-04-16T09:01:23+00:00
37611,37611/,https://national-football-teams.com/matches/report/37611/,HTTP 404,404,2026-04-16T09:01:23+00:00
37612,37612/,https://national-football-teams.com/matches/report/37612/,HTTP 404,404,2026-04-16T09:01:23+00:00
37624,37624/,https://national-football-teams.com/matches/report/37624/,HTTP 404,404,2026-04-16T09:01:23+00:00
37628,37628/,https://national-football-teams.com/matches/report/37628/,HTTP 404,404,2026-04-16T09:01:23+00:00
37631,37631/,https://national-football-teams.com/matches/report/37631/,HTTP 404,404,2026-04-16T09:01:23+00:00
37635,37635/,https://national-football-teams.com/matches/report/37635/,HTTP 404,404,2026-04-16T09:01:23+00:00
37654,37654/,https://national-football-teams.com/matches/report/37654/,HTTP 404,404,2026-04-16T09:01:23+00:00
37655,37655/,https://national-football-teams.com/matches/report/37655/,HTTP 404,404,2026-04-16T09:01:23+00:00
37656,37656/,https://national-football-teams.com/matches/report/37656/,HTTP 404,404,2026-04-16T09:01:23+00:00
37657,37657/,https://national-football-teams.com/matches/report/37657/,HTTP 404,404,2026-04-16T09:01:23+00:00
37658,37658/,https://national-football-teams.com/matches/report/37658/,HTTP 404,404,2026-04-16T09:01:23+00:00
37659,37659/,https://national-football-teams.com/matches/report/37659/,HTTP 404,404,2026-04-16T09:01:24+00:00
37660,37660/,https://national-football-teams.com/matches/report/37660/,HTTP 404,404,2026-04-16T09:01:24+00:00
37661,37661/,https://national-football-teams.com/matches/report/37661/,HTTP 404,404,2026-04-16T09:01:24+00:00
37662,37662/,https://national-football-teams.com/matches/report/37662/,HTTP 404,404,2026-04-16T09:01:24+00:00
37663,37663/,https://national-football-teams.com/matches/report/37663/,HTTP 404,404,2026-04-16T09:01:24+00:00
37664,37664/,https://national-football-teams.com/matches/report/37664/,HTTP 404,404,2026-04-16T09:01:24+00:00
37665,37665/,https://national-football-teams.com/matches/report/37665/,HTTP 404,404,2026-04-16T09:01:24+00:00
37666,37666/,https://national-football-teams.com/matches/report/37666/,HTTP 404,404,2026-04-16T09:01:24+00:00
37667,37667/,https://national-football-teams.com/matches/report/37667/,HTTP 404,404,2026-04-16T09:01:24+00:00
37668,37668/,https://national-football-teams.com/matches/report/37668/,HTTP 404,404,2026-04-16T09:01:24+00:00
37669,37669/,https://national-football-teams.com/matches/report/37669/,HTTP 404,404,2026-04-16T09:01:24+00:00
37670,37670/,https://national-football-teams.com/matches/report/37670/,HTTP 404,404,2026-04-16T09:01:24+00:00
37671,37671/,https://national-football-teams.com/matches/report/37671/,HTTP 404,404,2026-04-16T09:01:24+00:00
37720,37720/,https://national-football-teams.com/matches/report/37720/,HTTP 404,404,2026-04-16T09:01:24+00:00
37793,37793/,https://national-football-teams.com/matches/report/37793/,HTTP 404,404,2026-04-16T09:01:24+00:00
37794,37794/,https://national-football-teams.com/matches/report/37794/,HTTP 404,404,2026-04-16T09:01:24+00:00
37795,37795/,https://national-football-teams.com/matches/report/37795/,HTTP 404,404,2026-04-16T09:01:24+00:00
37796,37796/,https://national-football-teams.com/matches/report/37796/,HTTP 404,404,2026-04-16T09:01:24+00:00
37797,37797/,https://national-football-teams.com/matches/report/37797/,HTTP 404,404,2026-04-16T09:01:24+00:00
37798,37798/,https://national-football-teams.com/matches/report/37798/,HTTP 404,404,2026-04-16T09:01:24+00:00
37799,37799/,https://national-football-teams.com/matches/report/37799/,HTTP 404,404,2026-04-16T09:01:24+00:00
37800,37800/,https://national-football-teams.com/matches/report/37800/,HTTP 404,404,2026-04-16T09:01:24+00:00
37801,37801/,https://national-football-teams.com/matches/report/37801/,HTTP 404,404,2026-04-16T09:01:24+00:00
37802,37802/,https://national-football-teams.com/matches/report/37802/,HTTP 404,404,2026-04-16T09:01:24+00:00
37803,37803/,https://national-football-teams.com/matches/report/37803/,HTTP 404,404,2026-04-16T09:01:24+00:00
37804,37804/,https://national-football-teams.com/matches/report/37804/,HTTP 404,404,2026-04-16T09:01:25+00:00
37805,37805/,https://national-football-teams.com/matches/report/37805/,HTTP 404,404,2026-04-16T09:01:25+00:00
37806,37806/,https://national-football-teams.com/matches/report/37806/,HTTP 404,404,2026-04-16T09:01:25+00:00
37807,37807/,https://national-football-teams.com/matches/report/37807/,HTTP 404,404,2026-04-16T09:01:25+00:00
37808,37808/,https://national-football-teams.com/matches/report/37808/,HTTP 404,404,2026-04-16T09:01:25+00:00
37809,37809/,https://national-football-teams.com/matches/report/37809/,HTTP 404,404,2026-04-16T09:01:25+00:00
37810,37810/,https://national-football-teams.com/matches/report/37810/,HTTP 404,404,2026-04-16T09:01:25+00:00
37833,37833/,https://national-football-teams.com/matches/report/37833/,HTTP 404,404,2026-04-16T09:01:25+00:00
37838,37838/,https://national-football-teams.com/matches/report/37838/,HTTP 404,404,2026-04-16T09:01:25+00:00
37841,37841/,https://national-football-teams.com/matches/report/37841/,HTTP 404,404,2026-04-16T09:01:25+00:00
37851,37851/,https://national-football-teams.com/matches/report/37851/,HTTP 404,404,2026-04-16T09:01:25+00:00
37852,37852/,https://national-football-teams.com/matches/report/37852/,HTTP 404,404,2026-04-16T09:01:25+00:00
37854,37854/,https://national-football-teams.com/matches/report/37854/,HTTP 404,404,2026-04-16T09:01:25+00:00
37855,37855/,https://national-football-teams.com/matches/report/37855/,HTTP 404,404,2026-04-16T09:01:25+00:00
37856,37856/,https://national-football-teams.com/matches/report/37856/,HTTP 404,404,2026-04-16T09:01:25+00:00
37857,37857/,https://national-football-teams.com/matches/report/37857/,HTTP 404,404,2026-04-16T09:01:25+00:00
37858,37858/,https://national-football-teams.com/matches/report/37858/,HTTP 404,404,2026-04-16T09:01:25+00:00
37859,37859/,https://national-football-teams.com/matches/report/37859/,HTTP 404,404,2026-04-16T09:01:25+00:00
37860,37860/,https://national-football-teams.com/matches/report/37860/,HTTP 404,404,2026-04-16T09:01:25+00:00
37861,37861/,https://national-football-teams.com/matches/report/37861/,HTTP 404,404,2026-04-16T09:01:25+00:00
37862,37862/,https://national-football-teams.com/matches/report/37862/,HTTP 404,404,2026-04-16T09:01:26+00:00
37863,37863/,https://national-football-teams.com/matches/report/37863/,HTTP 404,404,2026-04-16T09:01:26+00:00
37864,37864/,https://national-football-teams.com/matches/report/37864/,HTTP 404,404,2026-04-16T09:01:26+00:00
37865,37865/,https://national-football-teams.com/matches/report/37865/,HTTP 404,404,2026-04-16T09:01:26+00:00
37866,37866/,https://national-football-teams.com/matches/report/37866/,HTTP 404,404,2026-04-16T09:01:26+00:00
37868,37868/,https://national-football-teams.com/matches/report/37868/,HTTP 404,404,2026-04-16T09:01:26+00:00
37869,37869/,https://national-football-teams.com/matches/report/37869/,HTTP 404,404,2026-04-16T09:01:26+00:00
37872,37872/,https://national-football-teams.com/matches/report/37872/,HTTP 404,404,2026-04-16T09:01:26+00:00
37877,37877/,https://national-football-teams.com/matches/report/37877/,HTTP 404,404,2026-04-16T09:01:26+00:00
37880,37880/,https://national-football-teams.com/matches/report/37880/,HTTP 404,404,2026-04-16T09:01:26+00:00
37939,37939/,https://national-football-teams.com/matches/report/37939/,HTTP 404,404,2026-04-16T09:01:26+00:00
37940,37940/,https://national-football-teams.com/matches/report/37940/,HTTP 404,404,2026-04-16T09:01:26+00:00
37941,37941/,https://national-football-teams.com/matches/report/37941/,HTTP 404,404,2026-04-16T09:01:26+00:00
37942,37942/,https://national-football-teams.com/matches/report/37942/,HTTP 404,404,2026-04-16T09:01:26+00:00
37948,37948/,https://national-football-teams.com/matches/report/37948/,HTTP 404,404,2026-04-16T09:01:26+00:00
37950,37950/,https://national-football-teams.com/matches/report/37950/,HTTP 404,404,2026-04-16T09:01:26+00:00
37977,37977/,https://national-football-teams.com/matches/report/37977/,HTTP 404,404,2026-04-16T09:01:26+00:00
37979,37979/,https://national-football-teams.com/matches/report/37979/,HTTP 404,404,2026-04-16T09:01:26+00:00
37980,37980/,https://national-football-teams.com/matches/report/37980/,HTTP 404,404,2026-04-16T09:01:26+00:00
37981,37981/,https://national-football-teams.com/matches/report/37981/,HTTP 404,404,2026-04-16T09:01:26+00:00
37982,37982/,https://national-football-teams.com/matches/report/37982/,HTTP 404,404,2026-04-16T09:01:26+00:00
37985,37985/,https://national-football-teams.com/matches/report/37985/,HTTP 404,404,2026-04-16T09:01:26+00:00
37987,37987/,https://national-football-teams.com/matches/report/37987/,HTTP 404,404,2026-04-16T09:01:26+00:00
37989,37989/,https://national-football-teams.com/matches/report/37989/,HTTP 404,404,2026-04-16T09:01:26+00:00
38,38/,https://national-football-teams.com/matches/report/38/,HTTP 404,404,2026-04-16T09:01:26+00:00
38019,38019/,https://national-football-teams.com/matches/report/38019/,HTTP 404,404,2026-04-16T09:01:27+00:00
38020,38020/,https://national-football-teams.com/matches/report/38020/,HTTP 404,404,2026-04-16T09:01:27+00:00
38021,38021/,https://national-football-teams.com/matches/report/38021/,HTTP 404,404,2026-04-16T09:01:27+00:00
38040,38040/,https://national-football-teams.com/matches/report/38040/,HTTP 404,404,2026-04-16T09:01:27+00:00
38041,38041/,https://national-football-teams.com/matches/report/38041/,HTTP 404,404,2026-04-16T09:01:27+00:00
38087,38087/,https://national-football-teams.com/matches/report/38087/,HTTP 404,404,2026-04-16T09:01:27+00:00
38088,38088/,https://national-football-teams.com/matches/report/38088/,HTTP 404,404,2026-04-16T09:01:27+00:00
38106,38106/,https://national-football-teams.com/matches/report/38106/,HTTP 404,404,2026-04-16T09:01:27+00:00
38107,38107/,https://national-football-teams.com/matches/report/38107/,HTTP 404,404,2026-04-16T09:01:27+00:00
38108,38108/,https://national-football-teams.com/matches/report/38108/,HTTP 404,404,2026-04-16T09:01:27+00:00
38131,38131/,https://national-football-teams.com/matches/report/38131/,HTTP 404,404,2026-04-16T09:01:27+00:00
38132,38132/,https://national-football-teams.com/matches/report/38132/,HTTP 404,404,2026-04-16T09:01:27+00:00
38133,38133/,https://national-football-teams.com/matches/report/38133/,HTTP 404,404,2026-04-16T09:01:27+00:00
38137,38137/,https://national-football-teams.com/matches/report/38137/,HTTP 404,404,2026-04-16T09:01:27+00:00
38138,38138/,https://national-football-teams.com/matches/report/38138/,HTTP 404,404,2026-04-16T09:01:27+00:00
38139,38139/,https://national-football-teams.com/matches/report/38139/,HTTP 404,404,2026-04-16T09:01:27+00:00
38144,38144/,https://national-football-teams.com/matches/report/38144/,HTTP 404,404,2026-04-16T09:01:27+00:00
38145,38145/,https://national-football-teams.com/matches/report/38145/,HTTP 404,404,2026-04-16T09:01:27+00:00
38149,38149/,https://national-football-teams.com/matches/report/38149/,HTTP 404,404,2026-04-16T09:01:27+00:00
38150,38150/,https://national-football-teams.com/matches/report/38150/,HTTP 404,404,2026-04-16T09:01:27+00:00
38155,38155/,https://national-football-teams.com/matches/report/38155/,HTTP 404,404,2026-04-16T09:01:28+00:00
38156,38156/,https://national-football-teams.com/matches/report/38156/,HTTP 404,404,2026-04-16T09:01:28+00:00
38157,38157/,https://national-football-teams.com/matches/report/38157/,HTTP 404,404,2026-04-16T09:01:28+00:00
38158,38158/,https://national-football-teams.com/matches/report/38158/,HTTP 404,404,2026-04-16T09:01:28+00:00
38163,38163/,https://national-football-teams.com/matches/report/38163/,HTTP 404,404,2026-04-16T09:01:28+00:00
38164,38164/,https://national-football-teams.com/matches/report/38164/,HTTP 404,404,2026-04-16T09:01:28+00:00
38176,38176/,https://national-football-teams.com/matches/report/38176/,HTTP 404,404,2026-04-16T09:01:28+00:00
38177,38177/,https://national-football-teams.com/matches/report/38177/,HTTP 404,404,2026-04-16T09:01:28+00:00
38178,38178/,https://national-football-teams.com/matches/report/38178/,HTTP 404,404,2026-04-16T09:01:28+00:00
38179,38179/,https://national-football-teams.com/matches/report/38179/,HTTP 404,404,2026-04-16T09:01:28+00:00
38239,38239/,https://national-football-teams.com/matches/report/38239/,HTTP 404,404,2026-04-16T09:01:28+00:00
38240,38240/,https://national-football-teams.com/matches/report/38240/,HTTP 404,404,2026-04-16T09:01:28+00:00
38273,38273/,https://national-football-teams.com/matches/report/38273/,HTTP 404,404,2026-04-16T09:01:28+00:00
38274,38274/,https://national-football-teams.com/matches/report/38274/,HTTP 404,404,2026-04-16T09:01:28+00:00
38285,38285/,https://national-football-teams.com/matches/report/38285/,HTTP 404,404,2026-04-16T09:01:28+00:00
38286,38286/,https://national-football-teams.com/matches/report/38286/,HTTP 404,404,2026-04-16T09:01:28+00:00
38289,38289/,https://national-football-teams.com/matches/report/38289/,HTTP 404,404,2026-04-16T09:01:28+00:00
38290,38290/,https://national-football-teams.com/matches/report/38290/,HTTP 404,404,2026-04-16T09:01:28+00:00
38307,38307/,https://national-football-teams.com/matches/report/38307/,HTTP 404,404,2026-04-16T09:01:28+00:00
38308,38308/,https://national-football-teams.com/matches/report/38308/,HTTP 404,404,2026-04-16T09:01:28+00:00
38315,38315/,https://national-football-teams.com/matches/report/38315/,HTTP 404,404,2026-04-16T09:01:28+00:00
38316,38316/,https://national-football-teams.com/matches/report/38316/,HTTP 404,404,2026-04-16T09:01:28+00:00
38342,38342/,https://national-football-teams.com/matches/report/38342/,HTTP 404,404,2026-04-16T09:01:28+00:00
38379,38379/,https://national-football-teams.com/matches/report/38379/,HTTP 404,404,2026-04-16T09:01:28+00:00
38394,38394/,https://national-football-teams.com/matches/report/38394/,HTTP 404,404,2026-04-16T09:01:28+00:00
38419,38419/,https://national-football-teams.com/matches/report/38419/,HTTP 404,404,2026-04-16T09:01:29+00:00
38420,38420/,https://national-football-teams.com/matches/report/38420/,HTTP 404,404,2026-04-16T09:01:29+00:00
38421,38421/,https://national-football-teams.com/matches/report/38421/,HTTP 404,404,2026-04-16T09:01:29+00:00
38422,38422/,https://national-football-teams.com/matches/report/38422/,HTTP 404,404,2026-04-16T09:01:29+00:00
38423,38423/,https://national-football-teams.com/matches/report/38423/,HTTP 404,404,2026-04-16T09:01:29+00:00
38425,38425/,https://national-football-teams.com/matches/report/38425/,HTTP 404,404,2026-04-16T09:01:29+00:00
38482,38482/,https://national-football-teams.com/matches/report/38482/,HTTP 404,404,2026-04-16T09:01:29+00:00
38554,38554/,https://national-football-teams.com/matches/report/38554/,HTTP 404,404,2026-04-16T09:01:29+00:00
38582,38582/,https://national-football-teams.com/matches/report/38582/,HTTP 404,404,2026-04-16T09:01:29+00:00
38583,38583/,https://national-football-teams.com/matches/report/38583/,HTTP 404,404,2026-04-16T09:01:29+00:00
38584,38584/,https://national-football-teams.com/matches/report/38584/,HTTP 404,404,2026-04-16T09:01:29+00:00
38606,38606/,https://national-football-teams.com/matches/report/38606/,HTTP 404,404,2026-04-16T09:01:29+00:00
38607,38607/,https://national-football-teams.com/matches/report/38607/,HTTP 404,404,2026-04-16T09:01:29+00:00
38608,38608/,https://national-football-teams.com/matches/report/38608/,HTTP 404,404,2026-04-16T09:01:29+00:00
38609,38609/,https://national-football-teams.com/matches/report/38609/,HTTP 404,404,2026-04-16T09:01:29+00:00
38610,38610/,https://national-football-teams.com/matches/report/38610/,HTTP 404,404,2026-04-16T09:01:29+00:00
38611,38611/,https://national-football-teams.com/matches/report/38611/,HTTP 404,404,2026-04-16T09:01:29+00:00
38612,38612/,https://national-football-teams.com/matches/report/38612/,HTTP 404,404,2026-04-16T09:01:29+00:00
38613,38613/,https://national-football-teams.com/matches/report/38613/,HTTP 404,404,2026-04-16T09:01:29+00:00
38614,38614/,https://national-football-teams.com/matches/report/38614/,HTTP 404,404,2026-04-16T09:01:29+00:00
38615,38615/,https://national-football-teams.com/matches/report/38615/,HTTP 404,404,2026-04-16T09:01:30+00:00
38616,38616/,https://national-football-teams.com/matches/report/38616/,HTTP 404,404,2026-04-16T09:01:30+00:00
38617,38617/,https://national-football-teams.com/matches/report/38617/,HTTP 404,404,2026-04-16T09:01:30+00:00
38618,38618/,https://national-football-teams.com/matches/report/38618/,HTTP 404,404,2026-04-16T09:01:30+00:00
38619,38619/,https://national-football-teams.com/matches/report/38619/,HTTP 404,404,2026-04-16T09:01:30+00:00
38620,38620/,https://national-football-teams.com/matches/report/38620/,HTTP 404,404,2026-04-16T09:01:30+00:00
38621,38621/,https://national-football-teams.com/matches/report/38621/,HTTP 404,404,2026-04-16T09:01:30+00:00
38622,38622/,https://national-football-teams.com/matches/report/38622/,HTTP 404,404,2026-04-16T09:01:30+00:00
38623,38623/,https://national-football-teams.com/matches/report/38623/,HTTP 404,404,2026-04-16T09:01:30+00:00
38635,38635/,https://national-football-teams.com/matches/report/38635/,HTTP 404,404,2026-04-16T09:01:30+00:00
38649,38649/,https://national-football-teams.com/matches/report/38649/,HTTP 404,404,2026-04-16T09:01:30+00:00
38653,38653/,https://national-football-teams.com/matches/report/38653/,HTTP 404,404,2026-04-16T09:01:30+00:00
38657,38657/,https://national-football-teams.com/matches/report/38657/,HTTP 404,404,2026-04-16T09:01:30+00:00
38658,38658/,https://national-football-teams.com/matches/report/38658/,HTTP 404,404,2026-04-16T09:01:30+00:00
38688,38688/,https://national-football-teams.com/matches/report/38688/,HTTP 404,404,2026-04-16T09:01:30+00:00
38690,38690/,https://national-football-teams.com/matches/report/38690/,HTTP 404,404,2026-04-16T09:01:30+00:00
38723,38723/,https://national-football-teams.com/matches/report/38723/,HTTP 404,404,2026-04-16T09:01:30+00:00
38735,38735/,https://national-football-teams.com/matches/report/38735/,HTTP 404,404,2026-04-16T09:01:30+00:00
38748,38748/,https://national-football-teams.com/matches/report/38748/,HTTP 404,404,2026-04-16T09:01:30+00:00
38749,38749/,https://national-football-teams.com/matches/report/38749/,HTTP 404,404,2026-04-16T09:01:30+00:00
38750,38750/,https://national-football-teams.com/matches/report/38750/,HTTP 404,404,2026-04-16T09:01:30+00:00
38751,38751/,https://national-football-teams.com/matches/report/38751/,HTTP 404,404,2026-04-16T09:01:30+00:00
38752,38752/,https://national-football-teams.com/matches/report/38752/,HTTP 404,404,2026-04-16T09:01:30+00:00
38753,38753/,https://national-football-teams.com/matches/report/38753/,HTTP 404,404,2026-04-16T09:01:30+00:00
38754,38754/,https://national-football-teams.com/matches/report/38754/,HTTP 404,404,2026-04-16T09:01:30+00:00
38755,38755/,https://national-football-teams.com/matches/report/38755/,HTTP 404,404,2026-04-16T09:01:31+00:00
38756,38756/,https://national-football-teams.com/matches/report/38756/,HTTP 404,404,2026-04-16T09:01:31+00:00
38757,38757/,https://national-football-teams.com/matches/report/38757/,HTTP 404,404,2026-04-16T09:01:31+00:00
38758,38758/,https://national-football-teams.com/matches/report/38758/,HTTP 404,404,2026-04-16T09:01:31+00:00
38759,38759/,https://national-football-teams.com/matches/report/38759/,HTTP 404,404,2026-04-16T09:01:31+00:00
38760,38760/,https://national-football-teams.com/matches/report/38760/,HTTP 404,404,2026-04-16T09:01:31+00:00
38761,38761/,https://national-football-teams.com/matches/report/38761/,HTTP 404,404,2026-04-16T09:01:31+00:00
38762,38762/,https://national-football-teams.com/matches/report/38762/,HTTP 404,404,2026-04-16T09:01:31+00:00
38763,38763/,https://national-football-teams.com/matches/report/38763/,HTTP 404,404,2026-04-16T09:01:31+00:00
38764,38764/,https://national-football-teams.com/matches/report/38764/,HTTP 404,404,2026-04-16T09:01:31+00:00
38765,38765/,https://national-football-teams.com/matches/report/38765/,HTTP 404,404,2026-04-16T09:01:31+00:00
38817,38817/,https://national-football-teams.com/matches/report/38817/,HTTP 404,404,2026-04-16T09:01:31+00:00
38818,38818/,https://national-football-teams.com/matches/report/38818/,HTTP 404,404,2026-04-16T09:01:31+00:00
38819,38819/,https://national-football-teams.com/matches/report/38819/,HTTP 404,404,2026-04-16T09:01:31+00:00
38820,38820/,https://national-football-teams.com/matches/report/38820/,HTTP 404,404,2026-04-16T09:01:31+00:00
38839,38839/,https://national-football-teams.com/matches/report/38839/,HTTP 404,404,2026-04-16T09:01:31+00:00
38840,38840/,https://national-football-teams.com/matches/report/38840/,HTTP 404,404,2026-04-16T09:01:31+00:00
39,39/,https://national-football-teams.com/matches/report/39/,HTTP 404,404,2026-04-16T09:01:31+00:00
39019,39019/,https://national-football-teams.com/matches/report/39019/,HTTP 404,404,2026-04-16T09:01:31+00:00
39020,39020/,https://national-football-teams.com/matches/report/39020/,HTTP 404,404,2026-04-16T09:01:31+00:00
39021,39021/,https://national-football-teams.com/matches/report/39021/,HTTP 404,404,2026-04-16T09:01:32+00:00
39025,39025/,https://national-football-teams.com/matches/report/39025/,HTTP 404,404,2026-04-16T09:01:32+00:00
39026,39026/,https://national-football-teams.com/matches/report/39026/,HTTP 404,404,2026-04-16T09:01:32+00:00
39027,39027/,https://national-football-teams.com/matches/report/39027/,HTTP 404,404,2026-04-16T09:01:32+00:00
39028,39028/,https://national-football-teams.com/matches/report/39028/,HTTP 404,404,2026-04-16T09:01:32+00:00
39029,39029/,https://national-football-teams.com/matches/report/39029/,HTTP 404,404,2026-04-16T09:01:32+00:00
39030,39030/,https://national-football-teams.com/matches/report/39030/,HTTP 404,404,2026-04-16T09:01:32+00:00
39031,39031/,https://national-football-teams.com/matches/report/39031/,HTTP 404,404,2026-04-16T09:01:32+00:00
39032,39032/,https://national-football-teams.com/matches/report/39032/,HTTP 404,404,2026-04-16T09:01:32+00:00
39033,39033/,https://national-football-teams.com/matches/report/39033/,HTTP 404,404,2026-04-16T09:01:32+00:00
39034,39034/,https://national-football-teams.com/matches/report/39034/,HTTP 404,404,2026-04-16T09:01:32+00:00
39035,39035/,https://national-football-teams.com/matches/report/39035/,HTTP 404,404,2026-04-16T09:01:32+00:00
39036,39036/,https://national-football-teams.com/matches/report/39036/,HTTP 404,404,2026-04-16T09:01:32+00:00
39037,39037/,https://national-football-teams.com/matches/report/39037/,HTTP 404,404,2026-04-16T09:01:32+00:00
39038,39038/,https://national-football-teams.com/matches/report/39038/,HTTP 404,404,2026-04-16T09:01:32+00:00
39039,39039/,https://national-football-teams.com/matches/report/39039/,HTTP 404,404,2026-04-16T09:01:32+00:00
39062,39062/,https://national-football-teams.com/matches/report/39062/,HTTP 404,404,2026-04-16T09:01:32+00:00
39084,39084/,https://national-football-teams.com/matches/report/39084/,HTTP 404,404,2026-04-16T09:01:32+00:00
39134,39134/,https://national-football-teams.com/matches/report/39134/,HTTP 404,404,2026-04-16T09:01:32+00:00
39139,39139/,https://national-football-teams.com/matches/report/39139/,HTTP 404,404,2026-04-16T09:01:32+00:00
39143,39143/,https://national-football-teams.com/matches/report/39143/,HTTP 404,404,2026-04-16T09:01:32+00:00
39144,39144/,https://national-football-teams.com/matches/report/39144/,HTTP 404,404,2026-04-16T09:01:32+00:00
39145,39145/,https://national-football-teams.com/matches/report/39145/,HTTP 404,404,2026-04-16T09:01:32+00:00
39146,39146/,https://national-football-teams.com/matches/report/39146/,HTTP 404,404,2026-04-16T09:01:32+00:00
39147,39147/,https://national-football-teams.com/matches/report/39147/,HTTP 404,404,2026-04-16T09:01:32+00:00
39148,39148/,https://national-football-teams.com/matches/report/39148/,HTTP 404,404,2026-04-16T09:01:33+00:00
39149,39149/,https://national-football-teams.com/matches/report/39149/,HTTP 404,404,2026-04-16T09:01:33+00:00
39153,39153/,https://national-football-teams.com/matches/report/39153/,HTTP 404,404,2026-04-16T09:01:33+00:00
39154,39154/,https://national-football-teams.com/matches/report/39154/,HTTP 404,404,2026-04-16T09:01:33+00:00
39155,39155/,https://national-football-teams.com/matches/report/39155/,HTTP 404,404,2026-04-16T09:01:33+00:00
39156,39156/,https://national-football-teams.com/matches/report/39156/,HTTP 404,404,2026-04-16T09:01:33+00:00
39157,39157/,https://national-football-teams.com/matches/report/39157/,HTTP 404,404,2026-04-16T09:01:33+00:00
39158,39158/,https://national-football-teams.com/matches/report/39158/,HTTP 404,404,2026-04-16T09:01:33+00:00
39159,39159/,https://national-football-teams.com/matches/report/39159/,HTTP 404,404,2026-04-16T09:01:33+00:00
3916,3916/,https://national-football-teams.com/matches/report/3916/,HTTP 404,404,2026-04-16T09:01:33+00:00
39160,39160/,https://national-football-teams.com/matches/report/39160/,HTTP 404,404,2026-04-16T09:01:33+00:00
39161,39161/,https://national-football-teams.com/matches/report/39161/,HTTP 404,404,2026-04-16T09:01:33+00:00
39162,39162/,https://national-football-teams.com/matches/report/39162/,HTTP 404,404,2026-04-16T09:01:33+00:00
39163,39163/,https://national-football-teams.com/matches/report/39163/,HTTP 404,404,2026-04-16T09:01:33+00:00
3917,3917/,https://national-football-teams.com/matches/report/3917/,HTTP 404,404,2026-04-16T09:01:33+00:00
3918,3918/,https://national-football-teams.com/matches/report/3918/,HTTP 404,404,2026-04-16T09:01:33+00:00
3919,3919/,https://national-football-teams.com/matches/report/3919/,HTTP 404,404,2026-04-16T09:01:33+00:00
3920,3920/,https://national-football-teams.com/matches/report/3920/,HTTP 404,404,2026-04-16T09:01:33+00:00
3921,3921/,https://national-football-teams.com/matches/report/3921/,HTTP 404,404,2026-04-16T09:01:33+00:00
3922,3922/,https://national-football-teams.com/matches/report/3922/,HTTP 404,404,2026-04-16T09:01:33+00:00
3923,3923/,https://national-football-teams.com/matches/report/3923/,HTTP 404,404,2026-04-16T09:01:34+00:00
3924,3924/,https://national-football-teams.com/matches/report/3924/,HTTP 404,404,2026-04-16T09:01:34+00:00
3925,3925/,https://national-football-teams.com/matches/report/3925/,HTTP 404,404,2026-04-16T09:01:34+00:00
3926,3926/,https://national-football-teams.com/matches/report/3926/,HTTP 404,404,2026-04-16T09:01:34+00:00
3927,3927/,https://national-football-teams.com/matches/report/3927/,HTTP 404,404,2026-04-16T09:01:34+00:00
3928,3928/,https://national-football-teams.com/matches/report/3928/,HTTP 404,404,2026-04-16T09:01:34+00:00
3929,3929/,https://national-football-teams.com/matches/report/3929/,HTTP 404,404,2026-04-16T09:01:34+00:00
39298,39298/,https://national-football-teams.com/matches/report/39298/,HTTP 404,404,2026-04-16T09:01:34+00:00
39299,39299/,https://national-football-teams.com/matches/report/39299/,HTTP 404,404,2026-04-16T09:01:34+00:00
3930,3930/,https://national-football-teams.com/matches/report/3930/,HTTP 404,404,2026-04-16T09:01:34+00:00
3931,3931/,https://national-football-teams.com/matches/report/3931/,HTTP 404,404,2026-04-16T09:01:34+00:00
3932,3932/,https://national-football-teams.com/matches/report/3932/,HTTP 404,404,2026-04-16T09:01:34+00:00
39329,39329/,https://national-football-teams.com/matches/report/39329/,HTTP 404,404,2026-04-16T09:01:34+00:00
3933,3933/,https://national-football-teams.com/matches/report/3933/,HTTP 404,404,2026-04-16T09:01:34+00:00
39330,39330/,https://national-football-teams.com/matches/report/39330/,HTTP 404,404,2026-04-16T09:01:34+00:00
39334,39334/,https://national-football-teams.com/matches/report/39334/,HTTP 404,404,2026-04-16T09:01:34+00:00
39336,39336/,https://national-football-teams.com/matches/report/39336/,HTTP 404,404,2026-04-16T09:01:34+00:00
39337,39337/,https://national-football-teams.com/matches/report/39337/,HTTP 404,404,2026-04-16T09:01:34+00:00
3934,3934/,https://national-football-teams.com/matches/report/3934/,HTTP 404,404,2026-04-16T09:01:34+00:00
39345,39345/,https://national-football-teams.com/matches/report/39345/,HTTP 404,404,2026-04-16T09:01:34+00:00
39346,39346/,https://national-football-teams.com/matches/report/39346/,HTTP 404,404,2026-04-16T09:01:34+00:00
39347,39347/,https://national-football-teams.com/matches/report/39347/,HTTP 404,404,2026-04-16T09:01:34+00:00
39348,39348/,https://national-football-teams.com/matches/report/39348/,HTTP 404,404,2026-04-16T09:01:34+00:00
39349,39349/,https://national-football-teams.com/matches/report/39349/,HTTP 404,404,2026-04-16T09:01:34+00:00
3935,3935/,https://national-football-teams.com/matches/report/3935/,HTTP 404,404,2026-04-16T09:01:34+00:00
39350,39350/,https://national-football-teams.com/matches/report/39350/,HTTP 404,404,2026-04-16T09:01:35+00:00
39351,39351/,https://national-football-teams.com/matches/report/39351/,HTTP 404,404,2026-04-16T09:01:35+00:00
39352,39352/,https://national-football-teams.com/matches/report/39352/,HTTP 404,404,2026-04-16T09:01:35+00:00
39353,39353/,https://national-football-teams.com/matches/report/39353/,HTTP 404,404,2026-04-16T09:01:35+00:00
39354,39354/,https://national-football-teams.com/matches/report/39354/,HTTP 404,404,2026-04-16T09:01:35+00:00
39355,39355/,https://national-football-teams.com/matches/report/39355/,HTTP 404,404,2026-04-16T09:01:35+00:00
39356,39356/,https://national-football-teams.com/matches/report/39356/,HTTP 404,404,2026-04-16T09:01:35+00:00
39357,39357/,https://national-football-teams.com/matches/report/39357/,HTTP 404,404,2026-04-16T09:01:35+00:00
39358,39358/,https://national-football-teams.com/matches/report/39358/,HTTP 404,404,2026-04-16T09:01:35+00:00
3936,3936/,https://national-football-teams.com/matches/report/3936/,HTTP 404,404,2026-04-16T09:01:35+00:00
3937,3937/,https://national-football-teams.com/matches/report/3937/,HTTP 404,404,2026-04-16T09:01:35+00:00
3938,3938/,https://national-football-teams.com/matches/report/3938/,HTTP 404,404,2026-04-16T09:01:35+00:00
39382,39382/,https://national-football-teams.com/matches/report/39382/,HTTP 404,404,2026-04-16T09:01:35+00:00
39385,39385/,https://national-football-teams.com/matches/report/39385/,HTTP 404,404,2026-04-16T09:01:35+00:00
3939,3939/,https://national-football-teams.com/matches/report/3939/,HTTP 404,404,2026-04-16T09:01:35+00:00
3940,3940/,https://national-football-teams.com/matches/report/3940/,HTTP 404,404,2026-04-16T09:01:35+00:00
3941,3941/,https://national-football-teams.com/matches/report/3941/,HTTP 404,404,2026-04-16T09:01:35+00:00
3942,3942/,https://national-football-teams.com/matches/report/3942/,HTTP 404,404,2026-04-16T09:01:35+00:00
3943,3943/,https://national-football-teams.com/matches/report/3943/,HTTP 404,404,2026-04-16T09:01:35+00:00
39433,39433/,https://national-football-teams.com/matches/report/39433/,HTTP 404,404,2026-04-16T09:01:35+00:00
39434,39434/,https://national-football-teams.com/matches/report/39434/,HTTP 404,404,2026-04-16T09:01:36+00:00
39435,39435/,https://national-football-teams.com/matches/report/39435/,HTTP 404,404,2026-04-16T09:01:36+00:00
39436,39436/,https://national-football-teams.com/matches/report/39436/,HTTP 404,404,2026-04-16T09:01:36+00:00
3944,3944/,https://national-football-teams.com/matches/report/3944/,HTTP 404,404,2026-04-16T09:01:36+00:00
39449,39449/,https://national-football-teams.com/matches/report/39449/,HTTP 404,404,2026-04-16T09:01:36+00:00
3945,3945/,https://national-football-teams.com/matches/report/3945/,HTTP 404,404,2026-04-16T09:01:36+00:00
3946,3946/,https://national-football-teams.com/matches/report/3946/,HTTP 404,404,2026-04-16T09:01:36+00:00
3947,3947/,https://national-football-teams.com/matches/report/3947/,HTTP 404,404,2026-04-16T09:01:36+00:00
39475,39475/,https://national-football-teams.com/matches/report/39475/,HTTP 404,404,2026-04-16T09:01:36+00:00
3948,3948/,https://national-football-teams.com/matches/report/3948/,HTTP 404,404,2026-04-16T09:01:36+00:00
3949,3949/,https://national-football-teams.com/matches/report/3949/,HTTP 404,404,2026-04-16T09:01:36+00:00
39494,39494/,https://national-football-teams.com/matches/report/39494/,HTTP 404,404,2026-04-16T09:01:36+00:00
39495,39495/,https://national-football-teams.com/matches/report/39495/,HTTP 404,404,2026-04-16T09:01:36+00:00
39496,39496/,https://national-football-teams.com/matches/report/39496/,HTTP 404,404,2026-04-16T09:01:36+00:00
39497,39497/,https://national-football-teams.com/matches/report/39497/,HTTP 404,404,2026-04-16T09:01:36+00:00
39498,39498/,https://national-football-teams.com/matches/report/39498/,HTTP 404,404,2026-04-16T09:01:36+00:00
39499,39499/,https://national-football-teams.com/matches/report/39499/,HTTP 404,404,2026-04-16T09:01:36+00:00
3950,3950/,https://national-football-teams.com/matches/report/3950/,HTTP 404,404,2026-04-16T09:01:36+00:00
39500,39500/,https://national-football-teams.com/matches/report/39500/,HTTP 404,404,2026-04-16T09:01:36+00:00
39501,39501/,https://national-football-teams.com/matches/report/39501/,HTTP 404,404,2026-04-16T09:01:36+00:00
39502,39502/,https://national-football-teams.com/matches/report/39502/,HTTP 404,404,2026-04-16T09:01:36+00:00
39503,39503/,https://national-football-teams.com/matches/report/39503/,HTTP 404,404,2026-04-16T09:01:36+00:00
39504,39504/,https://national-football-teams.com/matches/report/39504/,HTTP 404,404,2026-04-16T09:01:36+00:00
39505,39505/,https://national-football-teams.com/matches/report/39505/,HTTP 404,404,2026-04-16T09:01:36+00:00
3951,3951/,https://national-football-teams.com/matches/report/3951/,HTTP 404,404,2026-04-16T09:01:36+00:00
3952,3952/,https://national-football-teams.com/matches/report/3952/,HTTP 404,404,2026-04-16T09:01:37+00:00
39529,39529/,https://national-football-teams.com/matches/report/39529/,HTTP 404,404,2026-04-16T09:01:37+00:00
3953,3953/,https://national-football-teams.com/matches/report/3953/,HTTP 404,404,2026-04-16T09:01:37+00:00
39530,39530/,https://national-football-teams.com/matches/report/39530/,HTTP 404,404,2026-04-16T09:01:37+00:00
3954,3954/,https://national-football-teams.com/matches/report/3954/,HTTP 404,404,2026-04-16T09:01:37+00:00
39545,39545/,https://national-football-teams.com/matches/report/39545/,HTTP 404,404,2026-04-16T09:01:37+00:00
39549,39549/,https://national-football-teams.com/matches/report/39549/,HTTP 404,404,2026-04-16T09:01:37+00:00
3955,3955/,https://national-football-teams.com/matches/report/3955/,HTTP 404,404,2026-04-16T09:01:37+00:00
39552,39552/,https://national-football-teams.com/matches/report/39552/,HTTP 404,404,2026-04-16T09:01:37+00:00
39553,39553/,https://national-football-teams.com/matches/report/39553/,HTTP 404,404,2026-04-16T09:01:37+00:00
39554,39554/,https://national-football-teams.com/matches/report/39554/,HTTP 404,404,2026-04-16T09:01:37+00:00
39555,39555/,https://national-football-teams.com/matches/report/39555/,HTTP 404,404,2026-04-16T09:01:37+00:00
39556,39556/,https://national-football-teams.com/matches/report/39556/,HTTP 404,404,2026-04-16T09:01:37+00:00
39557,39557/,https://national-football-teams.com/matches/report/39557/,HTTP 404,404,2026-04-16T09:01:37+00:00
39558,39558/,https://national-football-teams.com/matches/report/39558/,HTTP 404,404,2026-04-16T09:01:37+00:00
39559,39559/,https://national-football-teams.com/matches/report/39559/,HTTP 404,404,2026-04-16T09:01:37+00:00
3956,3956/,https://national-football-teams.com/matches/report/3956/,HTTP 404,404,2026-04-16T09:01:37+00:00
39560,39560/,https://national-football-teams.com/matches/report/39560/,HTTP 404,404,2026-04-16T09:01:37+00:00
3957,3957/,https://national-football-teams.com/matches/report/3957/,HTTP 404,404,2026-04-16T09:01:37+00:00
3958,3958/,https://national-football-teams.com/matches/report/3958/,HTTP 404,404,2026-04-16T09:01:37+00:00
39586,39586/,https://national-football-teams.com/matches/report/39586/,HTTP 404,404,2026-04-16T09:01:38+00:00
39587,39587/,https://national-football-teams.com/matches/report/39587/,HTTP 404,404,2026-04-16T09:01:38+00:00
39588,39588/,https://national-football-teams.com/matches/report/39588/,HTTP 404,404,2026-04-16T09:01:38+00:00
3959,3959/,https://national-football-teams.com/matches/report/3959/,HTTP 404,404,2026-04-16T09:01:38+00:00
3960,3960/,https://national-football-teams.com/matches/report/3960/,HTTP 404,404,2026-04-16T09:01:38+00:00
3961,3961/,https://national-football-teams.com/matches/report/3961/,HTTP 404,404,2026-04-16T09:01:38+00:00
3962,3962/,https://national-football-teams.com/matches/report/3962/,HTTP 404,404,2026-04-16T09:01:38+00:00
39622,39622/,https://national-football-teams.com/matches/report/39622/,HTTP 404,404,2026-04-16T09:01:38+00:00
3963,3963/,https://national-football-teams.com/matches/report/3963/,HTTP 404,404,2026-04-16T09:01:38+00:00
3964,3964/,https://national-football-teams.com/matches/report/3964/,HTTP 404,404,2026-04-16T09:01:38+00:00
39640,39640/,https://national-football-teams.com/matches/report/39640/,HTTP 404,404,2026-04-16T09:01:38+00:00
3965,3965/,https://national-football-teams.com/matches/report/3965/,HTTP 404,404,2026-04-16T09:01:38+00:00
39653,39653/,https://national-football-teams.com/matches/report/39653/,HTTP 404,404,2026-04-16T09:01:38+00:00
39654,39654/,https://national-football-teams.com/matches/report/39654/,HTTP 404,404,2026-04-16T09:01:38+00:00
39655,39655/,https://national-football-teams.com/matches/report/39655/,HTTP 404,404,2026-04-16T09:01:38+00:00
3966,3966/,https://national-football-teams.com/matches/report/3966/,HTTP 404,404,2026-04-16T09:01:38+00:00
3967,3967/,https://national-football-teams.com/matches/report/3967/,HTTP 404,404,2026-04-16T09:01:38+00:00
3968,3968/,https://national-football-teams.com/matches/report/3968/,HTTP 404,404,2026-04-16T09:01:38+00:00
39680,39680/,https://national-football-teams.com/matches/report/39680/,HTTP 404,404,2026-04-16T09:01:38+00:00
39682,39682/,https://national-football-teams.com/matches/report/39682/,HTTP 404,404,2026-04-16T09:01:38+00:00
39683,39683/,https://national-football-teams.com/matches/report/39683/,HTTP 404,404,2026-04-16T09:01:38+00:00
39684,39684/,https://national-football-teams.com/matches/report/39684/,HTTP 404,404,2026-04-16T09:01:38+00:00
39685,39685/,https://national-football-teams.com/matches/report/39685/,HTTP 404,404,2026-04-16T09:01:38+00:00
39686,39686/,https://national-football-teams.com/matches/report/39686/,HTTP 404,404,2026-04-16T09:01:38+00:00
39687,39687/,https://national-football-teams.com/matches/report/39687/,HTTP 404,404,2026-04-16T09:01:38+00:00
39688,39688/,https://national-football-teams.com/matches/report/39688/,HTTP 404,404,2026-04-16T09:01:39+00:00
39689,39689/,https://national-football-teams.com/matches/report/39689/,HTTP 404,404,2026-04-16T09:01:39+00:00
3969,3969/,https://national-football-teams.com/matches/report/3969/,HTTP 404,404,2026-04-16T09:01:39+00:00
39690,39690/,https://national-football-teams.com/matches/report/39690/,HTTP 404,404,2026-04-16T09:01:39+00:00
39691,39691/,https://national-football-teams.com/matches/report/39691/,HTTP 404,404,2026-04-16T09:01:39+00:00
3970,3970/,https://national-football-teams.com/matches/report/3970/,HTTP 404,404,2026-04-16T09:01:39+00:00
3971,3971/,https://national-football-teams.com/matches/report/3971/,HTTP 404,404,2026-04-16T09:01:39+00:00
3972,3972/,https://national-football-teams.com/matches/report/3972/,HTTP 404,404,2026-04-16T09:01:39+00:00
3973,3973/,https://national-football-teams.com/matches/report/3973/,HTTP 404,404,2026-04-16T09:01:39+00:00
3974,3974/,https://national-football-teams.com/matches/report/3974/,HTTP 404,404,2026-04-16T09:01:39+00:00
3975,3975/,https://national-football-teams.com/matches/report/3975/,HTTP 404,404,2026-04-16T09:01:39+00:00
3976,3976/,https://national-football-teams.com/matches/report/3976/,HTTP 404,404,2026-04-16T09:01:39+00:00
3977,3977/,https://national-football-teams.com/matches/report/3977/,HTTP 404,404,2026-04-16T09:01:39+00:00
3978,3978/,https://national-football-teams.com/matches/report/3978/,HTTP 404,404,2026-04-16T09:01:39+00:00
3979,3979/,https://national-football-teams.com/matches/report/3979/,HTTP 404,404,2026-04-16T09:01:39+00:00
3980,3980/,https://national-football-teams.com/matches/report/3980/,HTTP 404,404,2026-04-16T09:01:39+00:00
3981,3981/,https://national-football-teams.com/matches/report/3981/,HTTP 404,404,2026-04-16T09:01:39+00:00
3982,3982/,https://national-football-teams.com/matches/report/3982/,HTTP 404,404,2026-04-16T09:01:39+00:00
3983,3983/,https://national-football-teams.com/matches/report/3983/,HTTP 404,404,2026-04-16T09:01:39+00:00
3984,3984/,https://national-football-teams.com/matches/report/3984/,HTTP 404,404,2026-04-16T09:01:39+00:00
3985,3985/,https://national-football-teams.com/matches/report/3985/,HTTP 404,404,2026-04-16T09:01:40+00:00
39852,39852/,https://national-football-teams.com/matches/report/39852/,HTTP 404,404,2026-04-16T09:01:40+00:00
39853,39853/,https://national-football-teams.com/matches/report/39853/,HTTP 404,404,2026-04-16T09:01:40+00:00
3986,3986/,https://national-football-teams.com/matches/report/3986/,HTTP 404,404,2026-04-16T09:01:40+00:00
3987,3987/,https://national-football-teams.com/matches/report/3987/,HTTP 404,404,2026-04-16T09:01:40+00:00
3988,3988/,https://national-football-teams.com/matches/report/3988/,HTTP 404,404,2026-04-16T09:01:40+00:00
3989,3989/,https://national-football-teams.com/matches/report/3989/,HTTP 404,404,2026-04-16T09:01:40+00:00
3990,3990/,https://national-football-teams.com/matches/report/3990/,HTTP 404,404,2026-04-16T09:01:40+00:00
3991,3991/,https://national-football-teams.com/matches/report/3991/,HTTP 404,404,2026-04-16T09:01:40+00:00
3992,3992/,https://national-football-teams.com/matches/report/3992/,HTTP 404,404,2026-04-16T09:01:40+00:00
3993,3993/,https://national-football-teams.com/matches/report/3993/,HTTP 404,404,2026-04-16T09:01:40+00:00
3994,3994/,https://national-football-teams.com/matches/report/3994/,HTTP 404,404,2026-04-16T09:01:40+00:00
3995,3995/,https://national-football-teams.com/matches/report/3995/,HTTP 404,404,2026-04-16T09:01:40+00:00
3996,3996/,https://national-football-teams.com/matches/report/3996/,HTTP 404,404,2026-04-16T09:01:40+00:00
3997,3997/,https://national-football-teams.com/matches/report/3997/,HTTP 404,404,2026-04-16T09:01:40+00:00
3998,3998/,https://national-football-teams.com/matches/report/3998/,HTTP 404,404,2026-04-16T09:01:40+00:00
3999,3999/,https://national-football-teams.com/matches/report/3999/,HTTP 404,404,2026-04-16T09:01:40+00:00
4000,4000/,https://national-football-teams.com/matches/report/4000/,HTTP 404,404,2026-04-16T09:01:40+00:00
4001,4001/,https://national-football-teams.com/matches/report/4001/,HTTP 404,404,2026-04-16T09:01:40+00:00
40017,40017/,https://national-football-teams.com/matches/report/40017/,HTTP 404,404,2026-04-16T09:01:40+00:00
4002,4002/,https://national-football-teams.com/matches/report/4002/,HTTP 404,404,2026-04-16T09:01:40+00:00
40022,40022/,https://national-football-teams.com/matches/report/40022/,HTTP 404,404,2026-04-16T09:01:40+00:00
40024,40024/,https://national-football-teams.com/matches/report/40024/,HTTP 404,404,2026-04-16T09:01:40+00:00
4003,4003/,https://national-football-teams.com/matches/report/4003/,HTTP 404,404,2026-04-16T09:01:40+00:00
4004,4004/,https://national-football-teams.com/matches/report/4004/,HTTP 404,404,2026-04-16T09:01:40+00:00
4005,4005/,https://national-football-teams.com/matches/report/4005/,HTTP 404,404,2026-04-16T09:01:41+00:00
40054,40054/,https://national-football-teams.com/matches/report/40054/,HTTP 404,404,2026-04-16T09:01:41+00:00
40055,40055/,https://national-football-teams.com/matches/report/40055/,HTTP 404,404,2026-04-16T09:01:41+00:00
40056,40056/,https://national-football-teams.com/matches/report/40056/,HTTP 404,404,2026-04-16T09:01:41+00:00
40057,40057/,https://national-football-teams.com/matches/report/40057/,HTTP 404,404,2026-04-16T09:01:41+00:00
40058,40058/,https://national-football-teams.com/matches/report/40058/,HTTP 404,404,2026-04-16T09:01:41+00:00
40059,40059/,https://national-football-teams.com/matches/report/40059/,HTTP 404,404,2026-04-16T09:01:41+00:00
4006,4006/,https://national-football-teams.com/matches/report/4006/,HTTP 404,404,2026-04-16T09:01:41+00:00
40060,40060/,https://national-football-teams.com/matches/report/40060/,HTTP 404,404,2026-04-16T09:01:41+00:00
40061,40061/,https://national-football-teams.com/matches/report/40061/,HTTP 404,404,2026-04-16T09:01:41+00:00
4007,4007/,https://national-football-teams.com/matches/report/4007/,HTTP 404,404,2026-04-16T09:01:41+00:00
40071,40071/,https://national-football-teams.com/matches/report/40071/,HTTP 404,404,2026-04-16T09:01:41+00:00
4008,4008/,https://national-football-teams.com/matches/report/4008/,HTTP 404,404,2026-04-16T09:01:41+00:00
40085,40085/,https://national-football-teams.com/matches/report/40085/,HTTP 404,404,2026-04-16T09:01:41+00:00
4009,4009/,https://national-football-teams.com/matches/report/4009/,HTTP 404,404,2026-04-16T09:01:41+00:00
4010,4010/,https://national-football-teams.com/matches/report/4010/,HTTP 404,404,2026-04-16T09:01:41+00:00
40104,40104/,https://national-football-teams.com/matches/report/40104/,HTTP 404,404,2026-04-16T09:01:41+00:00
4011,4011/,https://national-football-teams.com/matches/report/4011/,HTTP 404,404,2026-04-16T09:01:41+00:00
40118,40118/,https://national-football-teams.com/matches/report/40118/,HTTP 404,404,2026-04-16T09:01:41+00:00
4012,4012/,https://national-football-teams.com/matches/report/4012/,HTTP 404,404,2026-04-16T09:01:41+00:00
4013,4013/,https://national-football-teams.com/matches/report/4013/,HTTP 404,404,2026-04-16T09:01:42+00:00
40133,40133/,https://national-football-teams.com/matches/report/40133/,HTTP 404,404,2026-04-16T09:01:42+00:00
40134,40134/,https://national-football-teams.com/matches/report/40134/,HTTP 404,404,2026-04-16T09:01:42+00:00
4014,4014/,https://national-football-teams.com/matches/report/4014/,HTTP 404,404,2026-04-16T09:01:42+00:00
4015,4015/,https://national-football-teams.com/matches/report/4015/,HTTP 404,404,2026-04-16T09:01:42+00:00
4016,4016/,https://national-football-teams.com/matches/report/4016/,HTTP 404,404,2026-04-16T09:01:42+00:00
40162,40162/,https://national-football-teams.com/matches/report/40162/,HTTP 404,404,2026-04-16T09:01:42+00:00
40163,40163/,https://national-football-teams.com/matches/report/40163/,HTTP 404,404,2026-04-16T09:01:42+00:00
40164,40164/,https://national-football-teams.com/matches/report/40164/,HTTP 404,404,2026-04-16T09:01:42+00:00
40165,40165/,https://national-football-teams.com/matches/report/40165/,HTTP 404,404,2026-04-16T09:01:42+00:00
4017,4017/,https://national-football-teams.com/matches/report/4017/,HTTP 404,404,2026-04-16T09:01:42+00:00
4018,4018/,https://national-football-teams.com/matches/report/4018/,HTTP 404,404,2026-04-16T09:01:42+00:00
40189,40189/,https://national-football-teams.com/matches/report/40189/,HTTP 404,404,2026-04-16T09:01:42+00:00
4019,4019/,https://national-football-teams.com/matches/report/4019/,HTTP 404,404,2026-04-16T09:01:42+00:00
40190,40190/,https://national-football-teams.com/matches/report/40190/,HTTP 404,404,2026-04-16T09:01:42+00:00
40191,40191/,https://national-football-teams.com/matches/report/40191/,HTTP 404,404,2026-04-16T09:01:42+00:00
40192,40192/,https://national-football-teams.com/matches/report/40192/,HTTP 404,404,2026-04-16T09:01:42+00:00
40193,40193/,https://national-football-teams.com/matches/report/40193/,HTTP 404,404,2026-04-16T09:01:42+00:00
40194,40194/,https://national-football-teams.com/matches/report/40194/,HTTP 404,404,2026-04-16T09:01:42+00:00
40195,40195/,https://national-football-teams.com/matches/report/40195/,HTTP 404,404,2026-04-16T09:01:42+00:00
40197,40197/,https://national-football-teams.com/matches/report/40197/,HTTP 404,404,2026-04-16T09:01:42+00:00
40198,40198/,https://national-football-teams.com/matches/report/40198/,HTTP 404,404,2026-04-16T09:01:42+00:00
4020,4020/,https://national-football-teams.com/matches/report/4020/,HTTP 404,404,2026-04-16T09:01:42+00:00
4021,4021/,https://national-football-teams.com/matches/report/4021/,HTTP 404,404,2026-04-16T09:01:42+00:00
4022,4022/,https://national-football-teams.com/matches/report/4022/,HTTP 404,404,2026-04-16T09:01:42+00:00
40228,40228/,https://national-football-teams.com/matches/report/40228/,HTTP 404,404,2026-04-16T09:01:43+00:00
40229,40229/,https://national-football-teams.com/matches/report/40229/,HTTP 404,404,2026-04-16T09:01:43+00:00
4023,4023/,https://national-football-teams.com/matches/report/4023/,HTTP 404,404,2026-04-16T09:01:43+00:00
40230,40230/,https://national-football-teams.com/matches/report/40230/,HTTP 404,404,2026-04-16T09:01:43+00:00
40231,40231/,https://national-football-teams.com/matches/report/40231/,HTTP 404,404,2026-04-16T09:01:43+00:00
40232,40232/,https://national-football-teams.com/matches/report/40232/,HTTP 404,404,2026-04-16T09:01:43+00:00
4024,4024/,https://national-football-teams.com/matches/report/4024/,HTTP 404,404,2026-04-16T09:01:43+00:00
40241,40241/,https://national-football-teams.com/matches/report/40241/,HTTP 404,404,2026-04-16T09:01:43+00:00
40242,40242/,https://national-football-teams.com/matches/report/40242/,HTTP 404,404,2026-04-16T09:01:43+00:00
40243,40243/,https://national-football-teams.com/matches/report/40243/,HTTP 404,404,2026-04-16T09:01:43+00:00
40244,40244/,https://national-football-teams.com/matches/report/40244/,HTTP 404,404,2026-04-16T09:01:43+00:00
40245,40245/,https://national-football-teams.com/matches/report/40245/,HTTP 404,404,2026-04-16T09:01:43+00:00
40246,40246/,https://national-football-teams.com/matches/report/40246/,HTTP 404,404,2026-04-16T09:01:43+00:00
40247,40247/,https://national-football-teams.com/matches/report/40247/,HTTP 404,404,2026-04-16T09:01:43+00:00
40248,40248/,https://national-football-teams.com/matches/report/40248/,HTTP 404,404,2026-04-16T09:01:43+00:00
40249,40249/,https://national-football-teams.com/matches/report/40249/,HTTP 404,404,2026-04-16T09:01:43+00:00
4025,4025/,https://national-football-teams.com/matches/report/4025/,HTTP 404,404,2026-04-16T09:01:43+00:00
40252,40252/,https://national-football-teams.com/matches/report/40252/,HTTP 404,404,2026-04-16T09:01:43+00:00
40253,40253/,https://national-football-teams.com/matches/report/40253/,HTTP 404,404,2026-04-16T09:01:43+00:00
4026,4026/,https://national-football-teams.com/matches/report/4026/,HTTP 404,404,2026-04-16T09:01:43+00:00
4027,4027/,https://national-football-teams.com/matches/report/4027/,HTTP 404,404,2026-04-16T09:01:44+00:00
4028,4028/,https://national-football-teams.com/matches/report/4028/,HTTP 404,404,2026-04-16T09:01:44+00:00
40286,40286/,https://national-football-teams.com/matches/report/40286/,HTTP 404,404,2026-04-16T09:01:44+00:00
40287,40287/,https://national-football-teams.com/matches/report/40287/,HTTP 404,404,2026-04-16T09:01:44+00:00
40288,40288/,https://national-football-teams.com/matches/report/40288/,HTTP 404,404,2026-04-16T09:01:44+00:00
4029,4029/,https://national-football-teams.com/matches/report/4029/,HTTP 404,404,2026-04-16T09:01:44+00:00
4030,4030/,https://national-football-teams.com/matches/report/4030/,HTTP 404,404,2026-04-16T09:01:44+00:00
40305,40305/,https://national-football-teams.com/matches/report/40305/,HTTP 404,404,2026-04-16T09:01:44+00:00
40308,40308/,https://national-football-teams.com/matches/report/40308/,HTTP 404,404,2026-04-16T09:01:44+00:00
40309,40309/,https://national-football-teams.com/matches/report/40309/,HTTP 404,404,2026-04-16T09:01:44+00:00
4031,4031/,https://national-football-teams.com/matches/report/4031/,HTTP 404,404,2026-04-16T09:01:44+00:00
40311,40311/,https://national-football-teams.com/matches/report/40311/,HTTP 404,404,2026-04-16T09:01:44+00:00
40312,40312/,https://national-football-teams.com/matches/report/40312/,HTTP 404,404,2026-04-16T09:01:44+00:00
40313,40313/,https://national-football-teams.com/matches/report/40313/,HTTP 404,404,2026-04-16T09:01:44+00:00
40314,40314/,https://national-football-teams.com/matches/report/40314/,HTTP 404,404,2026-04-16T09:01:44+00:00
40315,40315/,https://national-football-teams.com/matches/report/40315/,HTTP 404,404,2026-04-16T09:01:44+00:00
40318,40318/,https://national-football-teams.com/matches/report/40318/,HTTP 404,404,2026-04-16T09:01:44+00:00
40319,40319/,https://national-football-teams.com/matches/report/40319/,HTTP 404,404,2026-04-16T09:01:44+00:00
4032,4032/,https://national-football-teams.com/matches/report/4032/,HTTP 404,404,2026-04-16T09:01:44+00:00
40321,40321/,https://national-football-teams.com/matches/report/40321/,HTTP 404,404,2026-04-16T09:01:44+00:00
40322,40322/,https://national-football-teams.com/matches/report/40322/,HTTP 404,404,2026-04-16T09:01:45+00:00
40323,40323/,https://national-football-teams.com/matches/report/40323/,HTTP 404,404,2026-04-16T09:01:45+00:00
40324,40324/,https://national-football-teams.com/matches/report/40324/,HTTP 404,404,2026-04-16T09:01:45+00:00
40325,40325/,https://national-football-teams.com/matches/report/40325/,HTTP 404,404,2026-04-16T09:01:45+00:00
40326,40326/,https://national-football-teams.com/matches/report/40326/,HTTP 404,404,2026-04-16T09:01:45+00:00
4033,4033/,https://national-football-teams.com/matches/report/4033/,HTTP 404,404,2026-04-16T09:01:45+00:00
4034,4034/,https://national-football-teams.com/matches/report/4034/,HTTP 404,404,2026-04-16T09:01:45+00:00
4035,4035/,https://national-football-teams.com/matches/report/4035/,HTTP 404,404,2026-04-16T09:01:45+00:00
4036,4036/,https://national-football-teams.com/matches/report/4036/,HTTP 404,404,2026-04-16T09:01:45+00:00
4037,4037/,https://national-football-teams.com/matches/report/4037/,HTTP 404,404,2026-04-16T09:01:45+00:00
40373,40373/,https://national-football-teams.com/matches/report/40373/,HTTP 404,404,2026-04-16T09:01:45+00:00
40374,40374/,https://national-football-teams.com/matches/report/40374/,HTTP 404,404,2026-04-16T09:01:45+00:00
40375,40375/,https://national-football-teams.com/matches/report/40375/,HTTP 404,404,2026-04-16T09:01:45+00:00
40376,40376/,https://national-football-teams.com/matches/report/40376/,HTTP 404,404,2026-04-16T09:01:45+00:00
40377,40377/,https://national-football-teams.com/matches/report/40377/,HTTP 404,404,2026-04-16T09:01:45+00:00
4038,4038/,https://national-football-teams.com/matches/report/4038/,HTTP 404,404,2026-04-16T09:01:45+00:00
40380,40380/,https://national-football-teams.com/matches/report/40380/,HTTP 404,404,2026-04-16T09:01:45+00:00
40381,40381/,https://national-football-teams.com/matches/report/40381/,HTTP 404,404,2026-04-16T09:01:45+00:00
4039,4039/,https://national-football-teams.com/matches/report/4039/,HTTP 404,404,2026-04-16T09:01:45+00:00
40399,40399/,https://national-football-teams.com/matches/report/40399/,HTTP 404,404,2026-04-16T09:01:45+00:00
4040,4040/,https://national-football-teams.com/matches/report/4040/,HTTP 404,404,2026-04-16T09:01:45+00:00
40400,40400/,https://national-football-teams.com/matches/report/40400/,HTTP 404,404,2026-04-16T09:01:45+00:00
40401,40401/,https://national-football-teams.com/matches/report/40401/,HTTP 404,404,2026-04-16T09:01:45+00:00
40402,40402/,https://national-football-teams.com/matches/report/40402/,HTTP 404,404,2026-04-16T09:01:45+00:00
40403,40403/,https://national-football-teams.com/matches/report/40403/,HTTP 404,404,2026-04-16T09:01:45+00:00
40404,40404/,https://national-football-teams.com/matches/report/40404/,HTTP 404,404,2026-04-16T09:01:46+00:00
40405,40405/,https://national-football-teams.com/matches/report/40405/,HTTP 404,404,2026-04-16T09:01:46+00:00
40406,40406/,https://national-football-teams.com/matches/report/40406/,HTTP 404,404,2026-04-16T09:01:46+00:00
40407,40407/,https://national-football-teams.com/matches/report/40407/,HTTP 404,404,2026-04-16T09:01:46+00:00
40408,40408/,https://national-football-teams.com/matches/report/40408/,HTTP 404,404,2026-04-16T09:01:46+00:00
40409,40409/,https://national-football-teams.com/matches/report/40409/,HTTP 404,404,2026-04-16T09:01:46+00:00
4041,4041/,https://national-football-teams.com/matches/report/4041/,HTTP 404,404,2026-04-16T09:01:46+00:00
40410,40410/,https://national-football-teams.com/matches/report/40410/,HTTP 404,404,2026-04-16T09:01:46+00:00
40411,40411/,https://national-football-teams.com/matches/report/40411/,HTTP 404,404,2026-04-16T09:01:46+00:00
40412,40412/,https://national-football-teams.com/matches/report/40412/,HTTP 404,404,2026-04-16T09:01:46+00:00
40413,40413/,https://national-football-teams.com/matches/report/40413/,HTTP 404,404,2026-04-16T09:01:46+00:00
40414,40414/,https://national-football-teams.com/matches/report/40414/,HTTP 404,404,2026-04-16T09:01:46+00:00
40415,40415/,https://national-football-teams.com/matches/report/40415/,HTTP 404,404,2026-04-16T09:01:46+00:00
40416,40416/,https://national-football-teams.com/matches/report/40416/,HTTP 404,404,2026-04-16T09:01:46+00:00
40417,40417/,https://national-football-teams.com/matches/report/40417/,HTTP 404,404,2026-04-16T09:01:46+00:00
40419,40419/,https://national-football-teams.com/matches/report/40419/,HTTP 404,404,2026-04-16T09:01:46+00:00
4042,4042/,https://national-football-teams.com/matches/report/4042/,HTTP 404,404,2026-04-16T09:01:46+00:00
40420,40420/,https://national-football-teams.com/matches/report/40420/,HTTP 404,404,2026-04-16T09:01:46+00:00
40421,40421/,https://national-football-teams.com/matches/report/40421/,HTTP 404,404,2026-04-16T09:01:46+00:00
40422,40422/,https://national-football-teams.com/matches/report/40422/,HTTP 404,404,2026-04-16T09:01:46+00:00
40423,40423/,https://national-football-teams.com/matches/report/40423/,HTTP 404,404,2026-04-16T09:01:47+00:00
4043,4043/,https://national-football-teams.com/matches/report/4043/,HTTP 404,404,2026-04-16T09:01:47+00:00
4044,4044/,https://national-football-teams.com/matches/report/4044/,HTTP 404,404,2026-04-16T09:01:47+00:00
40447,40447/,https://national-football-teams.com/matches/report/40447/,HTTP 404,404,2026-04-16T09:01:47+00:00
4045,4045/,https://national-football-teams.com/matches/report/4045/,HTTP 404,404,2026-04-16T09:01:47+00:00
4046,4046/,https://national-football-teams.com/matches/report/4046/,HTTP 404,404,2026-04-16T09:01:47+00:00
4047,4047/,https://national-football-teams.com/matches/report/4047/,HTTP 404,404,2026-04-16T09:01:47+00:00
4048,4048/,https://national-football-teams.com/matches/report/4048/,HTTP 404,404,2026-04-16T09:01:47+00:00
4049,4049/,https://national-football-teams.com/matches/report/4049/,HTTP 404,404,2026-04-16T09:01:47+00:00
40667,40667/,https://national-football-teams.com/matches/report/40667/,HTTP 404,404,2026-04-16T09:01:47+00:00
40742,40742/,https://national-football-teams.com/matches/report/40742/,HTTP 404,404,2026-04-16T09:01:47+00:00
40754,40754/,https://national-football-teams.com/matches/report/40754/,HTTP 404,404,2026-04-16T09:01:47+00:00
40903,40903/,https://national-football-teams.com/matches/report/40903/,HTTP 404,404,2026-04-16T09:01:47+00:00
40987,40987/,https://national-football-teams.com/matches/report/40987/,HTTP 404,404,2026-04-16T09:01:47+00:00
40988,40988/,https://national-football-teams.com/matches/report/40988/,HTTP 404,404,2026-04-16T09:01:47+00:00
40989,40989/,https://national-football-teams.com/matches/report/40989/,HTTP 404,404,2026-04-16T09:01:47+00:00
41010,41010/,https://national-football-teams.com/matches/report/41010/,HTTP 404,404,2026-04-16T09:01:47+00:00
41011,41011/,https://national-football-teams.com/matches/report/41011/,HTTP 404,404,2026-04-16T09:01:47+00:00
41016,41016/,https://national-football-teams.com/matches/report/41016/,HTTP 404,404,2026-04-16T09:01:47+00:00
41017,41017/,https://national-football-teams.com/matches/report/41017/,HTTP 404,404,2026-04-16T09:01:47+00:00
41018,41018/,https://national-football-teams.com/matches/report/41018/,HTTP 404,404,2026-04-16T09:01:47+00:00
41020,41020/,https://national-football-teams.com/matches/report/41020/,HTTP 404,404,2026-04-16T09:01:47+00:00
41021,41021/,https://national-football-teams.com/matches/report/41021/,HTTP 404,404,2026-04-16T09:01:47+00:00
41022,41022/,https://national-football-teams.com/matches/report/41022/,HTTP 404,404,2026-04-16T09:01:47+00:00
41023,41023/,https://national-football-teams.com/matches/report/41023/,HTTP 404,404,2026-04-16T09:01:47+00:00
41024,41024/,https://national-football-teams.com/matches/report/41024/,HTTP 404,404,2026-04-16T09:01:48+00:00
41025,41025/,https://national-football-teams.com/matches/report/41025/,HTTP 404,404,2026-04-16T09:01:48+00:00
41026,41026/,https://national-football-teams.com/matches/report/41026/,HTTP 404,404,2026-04-16T09:01:48+00:00
41054,41054/,https://national-football-teams.com/matches/report/41054/,HTTP 404,404,2026-04-16T09:01:48+00:00
41055,41055/,https://national-football-teams.com/matches/report/41055/,HTTP 404,404,2026-04-16T09:01:48+00:00
41129,41129/,https://national-football-teams.com/matches/report/41129/,HTTP 404,404,2026-04-16T09:01:48+00:00
41131,41131/,https://national-football-teams.com/matches/report/41131/,HTTP 404,404,2026-04-16T09:01:48+00:00
41132,41132/,https://national-football-teams.com/matches/report/41132/,HTTP 404,404,2026-04-16T09:01:48+00:00
41133,41133/,https://national-football-teams.com/matches/report/41133/,HTTP 404,404,2026-04-16T09:01:48+00:00
41134,41134/,https://national-football-teams.com/matches/report/41134/,HTTP 404,404,2026-04-16T09:01:48+00:00
41135,41135/,https://national-football-teams.com/matches/report/41135/,HTTP 404,404,2026-04-16T09:01:48+00:00
41136,41136/,https://national-football-teams.com/matches/report/41136/,HTTP 404,404,2026-04-16T09:01:48+00:00
41137,41137/,https://national-football-teams.com/matches/report/41137/,HTTP 404,404,2026-04-16T09:01:48+00:00
41138,41138/,https://national-football-teams.com/matches/report/41138/,HTTP 404,404,2026-04-16T09:01:48+00:00
41139,41139/,https://national-football-teams.com/matches/report/41139/,HTTP 404,404,2026-04-16T09:01:48+00:00
41140,41140/,https://national-football-teams.com/matches/report/41140/,HTTP 404,404,2026-04-16T09:01:48+00:00
41141,41141/,https://national-football-teams.com/matches/report/41141/,HTTP 404,404,2026-04-16T09:01:48+00:00
41142,41142/,https://national-football-teams.com/matches/report/41142/,HTTP 404,404,2026-04-16T09:01:48+00:00
41143,41143/,https://national-football-teams.com/matches/report/41143/,HTTP 404,404,2026-04-16T09:01:48+00:00
41144,41144/,https://national-football-teams.com/matches/report/41144/,HTTP 404,404,2026-04-16T09:01:48+00:00
41145,41145/,https://national-football-teams.com/matches/report/41145/,HTTP 404,404,2026-04-16T09:01:49+00:00
41146,41146/,https://national-football-teams.com/matches/report/41146/,HTTP 404,404,2026-04-16T09:01:49+00:00
41147,41147/,https://national-football-teams.com/matches/report/41147/,HTTP 404,404,2026-04-16T09:01:49+00:00
41148,41148/,https://national-football-teams.com/matches/report/41148/,HTTP 404,404,2026-04-16T09:01:49+00:00
41149,41149/,https://national-football-teams.com/matches/report/41149/,HTTP 404,404,2026-04-16T09:01:49+00:00
41150,41150/,https://national-football-teams.com/matches/report/41150/,HTTP 404,404,2026-04-16T09:01:49+00:00
41151,41151/,https://national-football-teams.com/matches/report/41151/,HTTP 404,404,2026-04-16T09:01:49+00:00
41185,41185/,https://national-football-teams.com/matches/report/41185/,HTTP 404,404,2026-04-16T09:01:49+00:00
41186,41186/,https://national-football-teams.com/matches/report/41186/,HTTP 404,404,2026-04-16T09:01:49+00:00
41187,41187/,https://national-football-teams.com/matches/report/41187/,HTTP 404,404,2026-04-16T09:01:49+00:00
41408,41408/,https://national-football-teams.com/matches/report/41408/,HTTP 404,404,2026-04-16T09:01:49+00:00
41521,41521/,https://national-football-teams.com/matches/report/41521/,HTTP 404,404,2026-04-16T09:01:49+00:00
41534,41534/,https://national-football-teams.com/matches/report/41534/,HTTP 404,404,2026-04-16T09:01:49+00:00
41537,41537/,https://national-football-teams.com/matches/report/41537/,HTTP 404,404,2026-04-16T09:01:49+00:00
41538,41538/,https://national-football-teams.com/matches/report/41538/,HTTP 404,404,2026-04-16T09:01:49+00:00
41542,41542/,https://national-football-teams.com/matches/report/41542/,HTTP 404,404,2026-04-16T09:01:49+00:00
41574,41574/,https://national-football-teams.com/matches/report/41574/,HTTP 404,404,2026-04-16T09:01:49+00:00
41575,41575/,https://national-football-teams.com/matches/report/41575/,HTTP 404,404,2026-04-16T09:01:49+00:00
41586,41586/,https://national-football-teams.com/matches/report/41586/,HTTP 404,404,2026-04-16T09:01:49+00:00
41588,41588/,https://national-football-teams.com/matches/report/41588/,HTTP 404,404,2026-04-16T09:01:49+00:00
41593,41593/,https://national-football-teams.com/matches/report/41593/,HTTP 404,404,2026-04-16T09:01:49+00:00
41594,41594/,https://national-football-teams.com/matches/report/41594/,HTTP 404,404,2026-04-16T09:01:49+00:00
41595,41595/,https://national-football-teams.com/matches/report/41595/,HTTP 404,404,2026-04-16T09:01:49+00:00
41596,41596/,https://national-football-teams.com/matches/report/41596/,HTTP 404,404,2026-04-16T09:01:49+00:00
41597,41597/,https://national-football-teams.com/matches/report/41597/,HTTP 404,404,2026-04-16T09:01:49+00:00
41598,41598/,https://national-football-teams.com/matches/report/41598/,HTTP 404,404,2026-04-16T09:01:50+00:00
41599,41599/,https://national-football-teams.com/matches/report/41599/,HTTP 404,404,2026-04-16T09:01:50+00:00
41600,41600/,https://national-football-teams.com/matches/report/41600/,HTTP 404,404,2026-04-16T09:01:50+00:00
41601,41601/,https://national-football-teams.com/matches/report/41601/,HTTP 404,404,2026-04-16T09:01:50+00:00
41692,41692/,https://national-football-teams.com/matches/report/41692/,HTTP 404,404,2026-04-16T09:01:50+00:00
41693,41693/,https://national-football-teams.com/matches/report/41693/,HTTP 404,404,2026-04-16T09:01:50+00:00
41694,41694/,https://national-football-teams.com/matches/report/41694/,HTTP 404,404,2026-04-16T09:01:50+00:00
41695,41695/,https://national-football-teams.com/matches/report/41695/,HTTP 404,404,2026-04-16T09:01:50+00:00
41696,41696/,https://national-football-teams.com/matches/report/41696/,HTTP 404,404,2026-04-16T09:01:50+00:00
41697,41697/,https://national-football-teams.com/matches/report/41697/,HTTP 404,404,2026-04-16T09:01:50+00:00
41698,41698/,https://national-football-teams.com/matches/report/41698/,HTTP 404,404,2026-04-16T09:01:50+00:00
41699,41699/,https://national-football-teams.com/matches/report/41699/,HTTP 404,404,2026-04-16T09:01:50+00:00
41700,41700/,https://national-football-teams.com/matches/report/41700/,HTTP 404,404,2026-04-16T09:01:50+00:00
41701,41701/,https://national-football-teams.com/matches/report/41701/,HTTP 404,404,2026-04-16T09:01:50+00:00
41702,41702/,https://national-football-teams.com/matches/report/41702/,HTTP 404,404,2026-04-16T09:01:50+00:00
41703,41703/,https://national-football-teams.com/matches/report/41703/,HTTP 404,404,2026-04-16T09:01:50+00:00
41704,41704/,https://national-football-teams.com/matches/report/41704/,HTTP 404,404,2026-04-16T09:01:50+00:00
41705,41705/,https://national-football-teams.com/matches/report/41705/,HTTP 404,404,2026-04-16T09:01:50+00:00
41706,41706/,https://national-football-teams.com/matches/report/41706/,HTTP 404,404,2026-04-16T09:01:50+00:00
41707,41707/,https://national-football-teams.com/matches/report/41707/,HTTP 404,404,2026-04-16T09:01:50+00:00
41708,41708/,https://national-football-teams.com/matches/report/41708/,HTTP 404,404,2026-04-16T09:01:51+00:00
41709,41709/,https://national-football-teams.com/matches/report/41709/,HTTP 404,404,2026-04-16T09:01:51+00:00
41710,41710/,https://national-football-teams.com/matches/report/41710/,HTTP 404,404,2026-04-16T09:01:51+00:00
41711,41711/,https://national-football-teams.com/matches/report/41711/,HTTP 404,404,2026-04-16T09:01:51+00:00
41712,41712/,https://national-football-teams.com/matches/report/41712/,HTTP 404,404,2026-04-16T09:01:51+00:00
41744,41744/,https://national-football-teams.com/matches/report/41744/,HTTP 404,404,2026-04-16T09:01:51+00:00
41752,41752/,https://national-football-teams.com/matches/report/41752/,HTTP 404,404,2026-04-16T09:01:51+00:00
41759,41759/,https://national-football-teams.com/matches/report/41759/,HTTP 404,404,2026-04-16T09:01:51+00:00
41767,41767/,https://national-football-teams.com/matches/report/41767/,HTTP 404,404,2026-04-16T09:01:51+00:00
41770,41770/,https://national-football-teams.com/matches/report/41770/,HTTP 404,404,2026-04-16T09:01:51+00:00
41771,41771/,https://national-football-teams.com/matches/report/41771/,HTTP 404,404,2026-04-16T09:01:51+00:00
41777,41777/,https://national-football-teams.com/matches/report/41777/,HTTP 404,404,2026-04-16T09:01:51+00:00
41779,41779/,https://national-football-teams.com/matches/report/41779/,HTTP 404,404,2026-04-16T09:01:51+00:00
41783,41783/,https://national-football-teams.com/matches/report/41783/,HTTP 404,404,2026-04-16T09:01:51+00:00
41805,41805/,https://national-football-teams.com/matches/report/41805/,HTTP 404,404,2026-04-16T09:01:51+00:00
41806,41806/,https://national-football-teams.com/matches/report/41806/,HTTP 404,404,2026-04-16T09:01:51+00:00
41807,41807/,https://national-football-teams.com/matches/report/41807/,HTTP 404,404,2026-04-16T09:01:51+00:00
41808,41808/,https://national-football-teams.com/matches/report/41808/,HTTP 404,404,2026-04-16T09:01:51+00:00
41809,41809/,https://national-football-teams.com/matches/report/41809/,HTTP 404,404,2026-04-16T09:01:51+00:00
41810,41810/,https://national-football-teams.com/matches/report/41810/,HTTP 404,404,2026-04-16T09:01:51+00:00
42,42/,https://national-football-teams.com/matches/report/42/,HTTP 404,404,2026-04-16T09:01:51+00:00
42103,42103/,https://national-football-teams.com/matches/report/42103/,HTTP 404,404,2026-04-16T09:01:51+00:00
42104,42104/,https://national-football-teams.com/matches/report/42104/,HTTP 404,404,2026-04-16T09:01:51+00:00
42105,42105/,https://national-football-teams.com/matches/report/42105/,HTTP 404,404,2026-04-16T09:01:51+00:00
42106,42106/,https://national-football-teams.com/matches/report/42106/,HTTP 404,404,2026-04-16T09:01:51+00:00
42107,42107/,https://national-football-teams.com/matches/report/42107/,HTTP 404,404,2026-04-16T09:01:52+00:00
42112,42112/,https://national-football-teams.com/matches/report/42112/,HTTP 404,404,2026-04-16T09:01:52+00:00
42113,42113/,https://national-football-teams.com/matches/report/42113/,HTTP 404,404,2026-04-16T09:01:52+00:00
42114,42114/,https://national-football-teams.com/matches/report/42114/,HTTP 404,404,2026-04-16T09:01:52+00:00
42115,42115/,https://national-football-teams.com/matches/report/42115/,HTTP 404,404,2026-04-16T09:01:52+00:00
42116,42116/,https://national-football-teams.com/matches/report/42116/,HTTP 404,404,2026-04-16T09:01:52+00:00
42117,42117/,https://national-football-teams.com/matches/report/42117/,HTTP 404,404,2026-04-16T09:01:52+00:00
42118,42118/,https://national-football-teams.com/matches/report/42118/,HTTP 404,404,2026-04-16T09:01:52+00:00
42119,42119/,https://national-football-teams.com/matches/report/42119/,HTTP 404,404,2026-04-16T09:01:52+00:00
42121,42121/,https://national-football-teams.com/matches/report/42121/,HTTP 404,404,2026-04-16T09:01:52+00:00
42122,42122/,https://national-football-teams.com/matches/report/42122/,HTTP 404,404,2026-04-16T09:01:52+00:00
42124,42124/,https://national-football-teams.com/matches/report/42124/,HTTP 404,404,2026-04-16T09:01:52+00:00
42126,42126/,https://national-football-teams.com/matches/report/42126/,HTTP 404,404,2026-04-16T09:01:52+00:00
42127,42127/,https://national-football-teams.com/matches/report/42127/,HTTP 404,404,2026-04-16T09:01:52+00:00
42128,42128/,https://national-football-teams.com/matches/report/42128/,HTTP 404,404,2026-04-16T09:01:52+00:00
42129,42129/,https://national-football-teams.com/matches/report/42129/,HTTP 404,404,2026-04-16T09:01:52+00:00
42156,42156/,https://national-football-teams.com/matches/report/42156/,HTTP 404,404,2026-04-16T09:01:52+00:00
42157,42157/,https://national-football-teams.com/matches/report/42157/,HTTP 404,404,2026-04-16T09:01:52+00:00
42158,42158/,https://national-football-teams.com/matches/report/42158/,HTTP 404,404,2026-04-16T09:01:52+00:00
42159,42159/,https://national-football-teams.com/matches/report/42159/,HTTP 404,404,2026-04-16T09:01:52+00:00
42190,42190/,https://national-football-teams.com/matches/report/42190/,HTTP 404,404,2026-04-16T09:01:53+00:00
42191,42191/,https://national-football-teams.com/matches/report/42191/,HTTP 404,404,2026-04-16T09:01:53+00:00
42192,42192/,https://national-football-teams.com/matches/report/42192/,HTTP 404,404,2026-04-16T09:01:53+00:00
42200,42200/,https://national-football-teams.com/matches/report/42200/,HTTP 404,404,2026-04-16T09:01:53+00:00
42201,42201/,https://national-football-teams.com/matches/report/42201/,HTTP 404,404,2026-04-16T09:01:53+00:00
42202,42202/,https://national-football-teams.com/matches/report/42202/,HTTP 404,404,2026-04-16T09:01:53+00:00
42212,42212/,https://national-football-teams.com/matches/report/42212/,HTTP 404,404,2026-04-16T09:01:53+00:00
42213,42213/,https://national-football-teams.com/matches/report/42213/,HTTP 404,404,2026-04-16T09:01:53+00:00
42214,42214/,https://national-football-teams.com/matches/report/42214/,HTTP 404,404,2026-04-16T09:01:53+00:00
42215,42215/,https://national-football-teams.com/matches/report/42215/,HTTP 404,404,2026-04-16T09:01:53+00:00
42236,42236/,https://national-football-teams.com/matches/report/42236/,HTTP 404,404,2026-04-16T09:01:53+00:00
42237,42237/,https://national-football-teams.com/matches/report/42237/,HTTP 404,404,2026-04-16T09:01:53+00:00
42238,42238/,https://national-football-teams.com/matches/report/42238/,HTTP 404,404,2026-04-16T09:01:53+00:00
42240,42240/,https://national-football-teams.com/matches/report/42240/,HTTP 404,404,2026-04-16T09:01:53+00:00
42275,42275/,https://national-football-teams.com/matches/report/42275/,HTTP 404,404,2026-04-16T09:01:53+00:00
42276,42276/,https://national-football-teams.com/matches/report/42276/,HTTP 404,404,2026-04-16T09:01:53+00:00
42277,42277/,https://national-football-teams.com/matches/report/42277/,HTTP 404,404,2026-04-16T09:01:53+00:00
42278,42278/,https://national-football-teams.com/matches/report/42278/,HTTP 404,404,2026-04-16T09:01:53+00:00
42279,42279/,https://national-football-teams.com/matches/report/42279/,HTTP 404,404,2026-04-16T09:01:53+00:00
42280,42280/,https://national-football-teams.com/matches/report/42280/,HTTP 404,404,2026-04-16T09:01:53+00:00
42281,42281/,https://national-football-teams.com/matches/report/42281/,HTTP 404,404,2026-04-16T09:01:53+00:00
42348,42348/,https://national-football-teams.com/matches/report/42348/,HTTP 404,404,2026-04-16T09:01:53+00:00
42349,42349/,https://national-football-teams.com/matches/report/42349/,HTTP 404,404,2026-04-16T09:01:53+00:00
42361,42361/,https://national-football-teams.com/matches/report/42361/,HTTP 404,404,2026-04-16T09:01:53+00:00
42364,42364/,https://national-football-teams.com/matches/report/42364/,HTTP 404,404,2026-04-16T09:01:53+00:00
42366,42366/,https://national-football-teams.com/matches/report/42366/,HTTP 404,404,2026-04-16T09:01:54+00:00
42367,42367/,https://national-football-teams.com/matches/report/42367/,HTTP 404,404,2026-04-16T09:01:54+00:00
42368,42368/,https://national-football-teams.com/matches/report/42368/,HTTP 404,404,2026-04-16T09:01:54+00:00
42369,42369/,https://national-football-teams.com/matches/report/42369/,HTTP 404,404,2026-04-16T09:01:54+00:00
42370,42370/,https://national-football-teams.com/matches/report/42370/,HTTP 404,404,2026-04-16T09:01:54+00:00
42371,42371/,https://national-football-teams.com/matches/report/42371/,HTTP 404,404,2026-04-16T09:01:54+00:00
42372,42372/,https://national-football-teams.com/matches/report/42372/,HTTP 404,404,2026-04-16T09:01:54+00:00
42373,42373/,https://national-football-teams.com/matches/report/42373/,HTTP 404,404,2026-04-16T09:01:54+00:00
42374,42374/,https://national-football-teams.com/matches/report/42374/,HTTP 404,404,2026-04-16T09:01:54+00:00
42375,42375/,https://national-football-teams.com/matches/report/42375/,HTTP 404,404,2026-04-16T09:01:54+00:00
42376,42376/,https://national-football-teams.com/matches/report/42376/,HTTP 404,404,2026-04-16T09:01:54+00:00
42377,42377/,https://national-football-teams.com/matches/report/42377/,HTTP 404,404,2026-04-16T09:01:54+00:00
42395,42395/,https://national-football-teams.com/matches/report/42395/,HTTP 404,404,2026-04-16T09:01:54+00:00
42396,42396/,https://national-football-teams.com/matches/report/42396/,HTTP 404,404,2026-04-16T09:01:54+00:00
42397,42397/,https://national-football-teams.com/matches/report/42397/,HTTP 404,404,2026-04-16T09:01:54+00:00
42399,42399/,https://national-football-teams.com/matches/report/42399/,HTTP 404,404,2026-04-16T09:01:54+00:00
42400,42400/,https://national-football-teams.com/matches/report/42400/,HTTP 404,404,2026-04-16T09:01:54+00:00
42424,42424/,https://national-football-teams.com/matches/report/42424/,HTTP 404,404,2026-04-16T09:01:54+00:00
42425,42425/,https://national-football-teams.com/matches/report/42425/,HTTP 404,404,2026-04-16T09:01:54+00:00
42450,42450/,https://national-football-teams.com/matches/report/42450/,HTTP 404,404,2026-04-16T09:01:54+00:00
42470,42470/,https://national-football-teams.com/matches/report/42470/,HTTP 404,404,2026-04-16T09:01:55+00:00
42471,42471/,https://national-football-teams.com/matches/report/42471/,HTTP 404,404,2026-04-16T09:01:55+00:00
42475,42475/,https://national-football-teams.com/matches/report/42475/,HTTP 404,404,2026-04-16T09:01:55+00:00
42476,42476/,https://national-football-teams.com/matches/report/42476/,HTTP 404,404,2026-04-16T09:01:55+00:00
42479,42479/,https://national-football-teams.com/matches/report/42479/,HTTP 404,404,2026-04-16T09:01:55+00:00
42480,42480/,https://national-football-teams.com/matches/report/42480/,HTTP 404,404,2026-04-16T09:01:55+00:00
42481,42481/,https://national-football-teams.com/matches/report/42481/,HTTP 404,404,2026-04-16T09:01:55+00:00
42482,42482/,https://national-football-teams.com/matches/report/42482/,HTTP 404,404,2026-04-16T09:01:55+00:00
42483,42483/,https://national-football-teams.com/matches/report/42483/,HTTP 404,404,2026-04-16T09:01:55+00:00
42484,42484/,https://national-football-teams.com/matches/report/42484/,HTTP 404,404,2026-04-16T09:01:55+00:00
42485,42485/,https://national-football-teams.com/matches/report/42485/,HTTP 404,404,2026-04-16T09:01:55+00:00
42486,42486/,https://national-football-teams.com/matches/report/42486/,HTTP 404,404,2026-04-16T09:01:55+00:00
42487,42487/,https://national-football-teams.com/matches/report/42487/,HTTP 404,404,2026-04-16T09:01:55+00:00
42488,42488/,https://national-football-teams.com/matches/report/42488/,HTTP 404,404,2026-04-16T09:01:55+00:00
42489,42489/,https://national-football-teams.com/matches/report/42489/,HTTP 404,404,2026-04-16T09:01:55+00:00
42490,42490/,https://national-football-teams.com/matches/report/42490/,HTTP 404,404,2026-04-16T09:01:55+00:00
42491,42491/,https://national-football-teams.com/matches/report/42491/,HTTP 404,404,2026-04-16T09:01:55+00:00
42492,42492/,https://national-football-teams.com/matches/report/42492/,HTTP 404,404,2026-04-16T09:01:55+00:00
42493,42493/,https://national-football-teams.com/matches/report/42493/,HTTP 404,404,2026-04-16T09:01:55+00:00
42665,42665/,https://national-football-teams.com/matches/report/42665/,HTTP 404,404,2026-04-16T09:01:55+00:00
42668,42668/,https://national-football-teams.com/matches/report/42668/,HTTP 404,404,2026-04-16T09:01:55+00:00
42670,42670/,https://national-football-teams.com/matches/report/42670/,HTTP 404,404,2026-04-16T09:01:55+00:00
42672,42672/,https://national-football-teams.com/matches/report/42672/,HTTP 404,404,2026-04-16T09:01:55+00:00
42675,42675/,https://national-football-teams.com/matches/report/42675/,HTTP 404,404,2026-04-16T09:01:55+00:00
42692,42692/,https://national-football-teams.com/matches/report/42692/,HTTP 404,404,2026-04-16T09:01:55+00:00
42693,42693/,https://national-football-teams.com/matches/report/42693/,HTTP 404,404,2026-04-16T09:01:56+00:00
42694,42694/,https://national-football-teams.com/matches/report/42694/,HTTP 404,404,2026-04-16T09:01:56+00:00
42695,42695/,https://national-football-teams.com/matches/report/42695/,HTTP 404,404,2026-04-16T09:01:56+00:00
42696,42696/,https://national-football-teams.com/matches/report/42696/,HTTP 404,404,2026-04-16T09:01:56+00:00
42698,42698/,https://national-football-teams.com/matches/report/42698/,HTTP 404,404,2026-04-16T09:01:56+00:00
42731,42731/,https://national-football-teams.com/matches/report/42731/,HTTP 404,404,2026-04-16T09:01:56+00:00
42739,42739/,https://national-football-teams.com/matches/report/42739/,HTTP 404,404,2026-04-16T09:01:56+00:00
42741,42741/,https://national-football-teams.com/matches/report/42741/,HTTP 404,404,2026-04-16T09:01:56+00:00
42743,42743/,https://national-football-teams.com/matches/report/42743/,HTTP 404,404,2026-04-16T09:01:56+00:00
42745,42745/,https://national-football-teams.com/matches/report/42745/,HTTP 404,404,2026-04-16T09:01:56+00:00
42746,42746/,https://national-football-teams.com/matches/report/42746/,HTTP 404,404,2026-04-16T09:01:56+00:00
42750,42750/,https://national-football-teams.com/matches/report/42750/,HTTP 404,404,2026-04-16T09:01:56+00:00
42755,42755/,https://national-football-teams.com/matches/report/42755/,HTTP 404,404,2026-04-16T09:01:56+00:00
42756,42756/,https://national-football-teams.com/matches/report/42756/,HTTP 404,404,2026-04-16T09:01:56+00:00
42757,42757/,https://national-football-teams.com/matches/report/42757/,HTTP 404,404,2026-04-16T09:01:56+00:00
42758,42758/,https://national-football-teams.com/matches/report/42758/,HTTP 404,404,2026-04-16T09:01:56+00:00
42759,42759/,https://national-football-teams.com/matches/report/42759/,HTTP 404,404,2026-04-16T09:01:56+00:00
42760,42760/,https://national-football-teams.com/matches/report/42760/,HTTP 404,404,2026-04-16T09:01:56+00:00
42761,42761/,https://national-football-teams.com/matches/report/42761/,HTTP 404,404,2026-04-16T09:01:56+00:00
42762,42762/,https://national-football-teams.com/matches/report/42762/,HTTP 404,404,2026-04-16T09:01:56+00:00
42763,42763/,https://national-football-teams.com/matches/report/42763/,HTTP 404,404,2026-04-16T09:01:57+00:00
42764,42764/,https://national-football-teams.com/matches/report/42764/,HTTP 404,404,2026-04-16T09:01:57+00:00
42765,42765/,https://national-football-teams.com/matches/report/42765/,HTTP 404,404,2026-04-16T09:01:57+00:00
42782,42782/,https://national-football-teams.com/matches/report/42782/,HTTP 404,404,2026-04-16T09:01:57+00:00
42783,42783/,https://national-football-teams.com/matches/report/42783/,HTTP 404,404,2026-04-16T09:01:57+00:00
42784,42784/,https://national-football-teams.com/matches/report/42784/,HTTP 404,404,2026-04-16T09:01:57+00:00
42785,42785/,https://national-football-teams.com/matches/report/42785/,HTTP 404,404,2026-04-16T09:01:57+00:00
42788,42788/,https://national-football-teams.com/matches/report/42788/,HTTP 404,404,2026-04-16T09:01:57+00:00
42789,42789/,https://national-football-teams.com/matches/report/42789/,HTTP 404,404,2026-04-16T09:01:57+00:00
42790,42790/,https://national-football-teams.com/matches/report/42790/,HTTP 404,404,2026-04-16T09:01:57+00:00
42791,42791/,https://national-football-teams.com/matches/report/42791/,HTTP 404,404,2026-04-16T09:01:57+00:00
42792,42792/,https://national-football-teams.com/matches/report/42792/,HTTP 404,404,2026-04-16T09:01:57+00:00
42793,42793/,https://national-football-teams.com/matches/report/42793/,HTTP 404,404,2026-04-16T09:01:57+00:00
42794,42794/,https://national-football-teams.com/matches/report/42794/,HTTP 404,404,2026-04-16T09:01:57+00:00
42796,42796/,https://national-football-teams.com/matches/report/42796/,HTTP 404,404,2026-04-16T09:01:57+00:00
42797,42797/,https://national-football-teams.com/matches/report/42797/,HTTP 404,404,2026-04-16T09:01:57+00:00
42798,42798/,https://national-football-teams.com/matches/report/42798/,HTTP 404,404,2026-04-16T09:01:57+00:00
42807,42807/,https://national-football-teams.com/matches/report/42807/,HTTP 404,404,2026-04-16T09:01:57+00:00
42808,42808/,https://national-football-teams.com/matches/report/42808/,HTTP 404,404,2026-04-16T09:01:57+00:00
42809,42809/,https://national-football-teams.com/matches/report/42809/,HTTP 404,404,2026-04-16T09:01:57+00:00
42810,42810/,https://national-football-teams.com/matches/report/42810/,HTTP 404,404,2026-04-16T09:01:58+00:00
42811,42811/,https://national-football-teams.com/matches/report/42811/,HTTP 404,404,2026-04-16T09:01:58+00:00
42812,42812/,https://national-football-teams.com/matches/report/42812/,HTTP 404,404,2026-04-16T09:01:58+00:00
42813,42813/,https://national-football-teams.com/matches/report/42813/,HTTP 404,404,2026-04-16T09:01:58+00:00
42814,42814/,https://national-football-teams.com/matches/report/42814/,HTTP 404,404,2026-04-16T09:01:58+00:00
42815,42815/,https://national-football-teams.com/matches/report/42815/,HTTP 404,404,2026-04-16T09:01:58+00:00
42816,42816/,https://national-football-teams.com/matches/report/42816/,HTTP 404,404,2026-04-16T09:01:58+00:00
42817,42817/,https://national-football-teams.com/matches/report/42817/,HTTP 404,404,2026-04-16T09:01:58+00:00
42818,42818/,https://national-football-teams.com/matches/report/42818/,HTTP 404,404,2026-04-16T09:01:58+00:00
42819,42819/,https://national-football-teams.com/matches/report/42819/,HTTP 404,404,2026-04-16T09:01:58+00:00
42820,42820/,https://national-football-teams.com/matches/report/42820/,HTTP 404,404,2026-04-16T09:01:58+00:00
42821,42821/,https://national-football-teams.com/matches/report/42821/,HTTP 404,404,2026-04-16T09:01:58+00:00
42822,42822/,https://national-football-teams.com/matches/report/42822/,HTTP 404,404,2026-04-16T09:01:58+00:00
42831,42831/,https://national-football-teams.com/matches/report/42831/,HTTP 404,404,2026-04-16T09:01:58+00:00
42833,42833/,https://national-football-teams.com/matches/report/42833/,HTTP 404,404,2026-04-16T09:01:58+00:00
42839,42839/,https://national-football-teams.com/matches/report/42839/,HTTP 404,404,2026-04-16T09:01:58+00:00
42840,42840/,https://national-football-teams.com/matches/report/42840/,HTTP 404,404,2026-04-16T09:01:58+00:00
42841,42841/,https://national-football-teams.com/matches/report/42841/,HTTP 404,404,2026-04-16T09:01:58+00:00
42842,42842/,https://national-football-teams.com/matches/report/42842/,HTTP 404,404,2026-04-16T09:01:58+00:00
42843,42843/,https://national-football-teams.com/matches/report/42843/,HTTP 404,404,2026-04-16T09:01:58+00:00
42844,42844/,https://national-football-teams.com/matches/report/42844/,HTTP 404,404,2026-04-16T09:01:58+00:00
42845,42845/,https://national-football-teams.com/matches/report/42845/,HTTP 404,404,2026-04-16T09:01:58+00:00
42847,42847/,https://national-football-teams.com/matches/report/42847/,HTTP 404,404,2026-04-16T09:01:58+00:00
42852,42852/,https://national-football-teams.com/matches/report/42852/,HTTP 404,404,2026-04-16T09:01:58+00:00
42853,42853/,https://national-football-teams.com/matches/report/42853/,HTTP 404,404,2026-04-16T09:01:58+00:00
42855,42855/,https://national-football-teams.com/matches/report/42855/,HTTP 404,404,2026-04-16T09:01:59+00:00
42974,42974/,https://national-football-teams.com/matches/report/42974/,HTTP 404,404,2026-04-16T09:01:59+00:00
42975,42975/,https://national-football-teams.com/matches/report/42975/,HTTP 404,404,2026-04-16T09:01:59+00:00
43465,43465/,https://national-football-teams.com/matches/report/43465/,HTTP 404,404,2026-04-16T09:01:59+00:00
43522,43522/,https://national-football-teams.com/matches/report/43522/,HTTP 404,404,2026-04-16T09:01:59+00:00
43523,43523/,https://national-football-teams.com/matches/report/43523/,HTTP 404,404,2026-04-16T09:01:59+00:00
43527,43527/,https://national-football-teams.com/matches/report/43527/,HTTP 404,404,2026-04-16T09:01:59+00:00
44,44/,https://national-football-teams.com/matches/report/44/,HTTP 404,404,2026-04-16T09:01:59+00:00
44201,44201/,https://national-football-teams.com/matches/report/44201/,HTTP 404,404,2026-04-16T09:01:59+00:00
44203,44203/,https://national-football-teams.com/matches/report/44203/,HTTP 404,404,2026-04-16T09:01:59+00:00
44211,44211/,https://national-football-teams.com/matches/report/44211/,HTTP 404,404,2026-04-16T09:01:59+00:00
44212,44212/,https://national-football-teams.com/matches/report/44212/,HTTP 404,404,2026-04-16T09:01:59+00:00
4569,4569/,https://national-football-teams.com/matches/report/4569/,HTTP 404,404,2026-04-16T09:01:59+00:00
4570,4570/,https://national-football-teams.com/matches/report/4570/,HTTP 404,404,2026-04-16T09:01:59+00:00
4571,4571/,https://national-football-teams.com/matches/report/4571/,HTTP 404,404,2026-04-16T09:01:59+00:00
4572,4572/,https://national-football-teams.com/matches/report/4572/,HTTP 404,404,2026-04-16T09:01:59+00:00
4573,4573/,https://national-football-teams.com/matches/report/4573/,HTTP 404,404,2026-04-16T09:01:59+00:00
4574,4574/,https://national-football-teams.com/matches/report/4574/,HTTP 404,404,2026-04-16T09:01:59+00:00
4575,4575/,https://national-football-teams.com/matches/report/4575/,HTTP 404,404,2026-04-16T09:01:59+00:00
4576,4576/,https://national-football-teams.com/matches/report/4576/,HTTP 404,404,2026-04-16T09:01:59+00:00
4577,4577/,https://national-football-teams.com/matches/report/4577/,HTTP 404,404,2026-04-16T09:02:00+00:00
4578,4578/,https://national-football-teams.com/matches/report/4578/,HTTP 404,404,2026-04-16T09:02:00+00:00
4579,4579/,https://national-football-teams.com/matches/report/4579/,HTTP 404,404,2026-04-16T09:02:00+00:00
4580,4580/,https://national-football-teams.com/matches/report/4580/,HTTP 404,404,2026-04-16T09:02:00+00:00
4581,4581/,https://national-football-teams.com/matches/report/4581/,HTTP 404,404,2026-04-16T09:02:00+00:00
4582,4582/,https://national-football-teams.com/matches/report/4582/,HTTP 404,404,2026-04-16T09:02:00+00:00
4583,4583/,https://national-football-teams.com/matches/report/4583/,HTTP 404,404,2026-04-16T09:02:00+00:00
4584,4584/,https://national-football-teams.com/matches/report/4584/,HTTP 404,404,2026-04-16T09:02:00+00:00
4585,4585/,https://national-football-teams.com/matches/report/4585/,HTTP 404,404,2026-04-16T09:02:00+00:00
4586,4586/,https://national-football-teams.com/matches/report/4586/,HTTP 404,404,2026-04-16T09:02:00+00:00
4587,4587/,https://national-football-teams.com/matches/report/4587/,HTTP 404,404,2026-04-16T09:02:00+00:00
4588,4588/,https://national-football-teams.com/matches/report/4588/,HTTP 404,404,2026-04-16T09:02:00+00:00
4589,4589/,https://national-football-teams.com/matches/report/4589/,HTTP 404,404,2026-04-16T09:02:00+00:00
4590,4590/,https://national-football-teams.com/matches/report/4590/,HTTP 404,404,2026-04-16T09:02:00+00:00
4591,4591/,https://national-football-teams.com/matches/report/4591/,HTTP 404,404,2026-04-16T09:02:00+00:00
4592,4592/,https://national-football-teams.com/matches/report/4592/,HTTP 404,404,2026-04-16T09:02:00+00:00
4593,4593/,https://national-football-teams.com/matches/report/4593/,HTTP 404,404,2026-04-16T09:02:00+00:00
4594,4594/,https://national-football-teams.com/matches/report/4594/,HTTP 404,404,2026-04-16T09:02:00+00:00
4595,4595/,https://national-football-teams.com/matches/report/4595/,HTTP 404,404,2026-04-16T09:02:00+00:00
4596,4596/,https://national-football-teams.com/matches/report/4596/,HTTP 404,404,2026-04-16T09:02:00+00:00
4597,4597/,https://national-football-teams.com/matches/report/4597/,HTTP 404,404,2026-04-16T09:02:00+00:00
4598,4598/,https://national-football-teams.com/matches/report/4598/,HTTP 404,404,2026-04-16T09:02:00+00:00
4599,4599/,https://national-football-teams.com/matches/report/4599/,HTTP 404,404,2026-04-16T09:02:00+00:00
46,46/,https://national-football-teams.com/matches/report/46/,HTTP 404,404,2026-04-16T09:02:00+00:00
4600,4600/,https://national-football-teams.com/matches/report/4600/,HTTP 404,404,2026-04-16T09:02:00+00:00
4601,4601/,https://national-football-teams.com/matches/report/4601/,HTTP 404,404,2026-04-16T09:02:01+00:00
4602,4602/,https://national-football-teams.com/matches/report/4602/,HTTP 404,404,2026-04-16T09:02:01+00:00
4603,4603/,https://national-football-teams.com/matches/report/4603/,HTTP 404,404,2026-04-16T09:02:01+00:00
4604,4604/,https://national-football-teams.com/matches/report/4604/,HTTP 404,404,2026-04-16T09:02:01+00:00
4605,4605/,https://national-football-teams.com/matches/report/4605/,HTTP 404,404,2026-04-16T09:02:01+00:00
4606,4606/,https://national-football-teams.com/matches/report/4606/,HTTP 404,404,2026-04-16T09:02:01+00:00
4607,4607/,https://national-football-teams.com/matches/report/4607/,HTTP 404,404,2026-04-16T09:02:01+00:00
4608,4608/,https://national-football-teams.com/matches/report/4608/,HTTP 404,404,2026-04-16T09:02:01+00:00
4609,4609/,https://national-football-teams.com/matches/report/4609/,HTTP 404,404,2026-04-16T09:02:01+00:00
4610,4610/,https://national-football-teams.com/matches/report/4610/,HTTP 404,404,2026-04-16T09:02:01+00:00
4612,4612/,https://national-football-teams.com/matches/report/4612/,HTTP 404,404,2026-04-16T09:02:01+00:00
4614,4614/,https://national-football-teams.com/matches/report/4614/,HTTP 404,404,2026-04-16T09:02:01+00:00
4616,4616/,https://national-football-teams.com/matches/report/4616/,HTTP 404,404,2026-04-16T09:02:01+00:00
4644,4644/,https://national-football-teams.com/matches/report/4644/,HTTP 404,404,2026-04-16T09:02:01+00:00
4645,4645/,https://national-football-teams.com/matches/report/4645/,HTTP 404,404,2026-04-16T09:02:01+00:00
4646,4646/,https://national-football-teams.com/matches/report/4646/,HTTP 404,404,2026-04-16T09:02:01+00:00
4647,4647/,https://national-football-teams.com/matches/report/4647/,HTTP 404,404,2026-04-16T09:02:01+00:00
4649,4649/,https://national-football-teams.com/matches/report/4649/,HTTP 404,404,2026-04-16T09:02:01+00:00
4682,4682/,https://national-football-teams.com/matches/report/4682/,HTTP 404,404,2026-04-16T09:02:01+00:00
4687,4687/,https://national-football-teams.com/matches/report/4687/,HTTP 404,404,2026-04-16T09:02:01+00:00
4688,4688/,https://national-football-teams.com/matches/report/4688/,HTTP 404,404,2026-04-16T09:02:02+00:00
4689,4689/,https://national-football-teams.com/matches/report/4689/,HTTP 404,404,2026-04-16T09:02:02+00:00
47,47/,https://national-football-teams.com/matches/report/47/,HTTP 404,404,2026-04-16T09:02:02+00:00
4707,4707/,https://national-football-teams.com/matches/report/4707/,HTTP 404,404,2026-04-16T09:02:02+00:00
4722,4722/,https://national-football-teams.com/matches/report/4722/,HTTP 404,404,2026-04-16T09:02:02+00:00
4724,4724/,https://national-football-teams.com/matches/report/4724/,HTTP 404,404,2026-04-16T09:02:02+00:00
4757,4757/,https://national-football-teams.com/matches/report/4757/,HTTP 404,404,2026-04-16T09:02:02+00:00
4781,4781/,https://national-football-teams.com/matches/report/4781/,HTTP 404,404,2026-04-16T09:02:02+00:00
4802,4802/,https://national-football-teams.com/matches/report/4802/,HTTP 404,404,2026-04-16T09:02:02+00:00
4814,4814/,https://national-football-teams.com/matches/report/4814/,HTTP 404,404,2026-04-16T09:02:02+00:00
4819,4819/,https://national-football-teams.com/matches/report/4819/,HTTP 404,404,2026-04-16T09:02:02+00:00
4827,4827/,https://national-football-teams.com/matches/report/4827/,HTTP 404,404,2026-04-16T09:02:02+00:00
4828,4828/,https://national-football-teams.com/matches/report/4828/,HTTP 404,404,2026-04-16T09:02:02+00:00
4830,4830/,https://national-football-teams.com/matches/report/4830/,HTTP 404,404,2026-04-16T09:02:02+00:00
4847,4847/,https://national-football-teams.com/matches/report/4847/,HTTP 404,404,2026-04-16T09:02:02+00:00
4852,4852/,https://national-football-teams.com/matches/report/4852/,HTTP 404,404,2026-04-16T09:02:02+00:00
4857,4857/,https://national-football-teams.com/matches/report/4857/,HTTP 404,404,2026-04-16T09:02:02+00:00
4858,4858/,https://national-football-teams.com/matches/report/4858/,HTTP 404,404,2026-04-16T09:02:02+00:00
4864,4864/,https://national-football-teams.com/matches/report/4864/,HTTP 404,404,2026-04-16T09:02:02+00:00
4865,4865/,https://national-football-teams.com/matches/report/4865/,HTTP 404,404,2026-04-16T09:02:02+00:00
4867,4867/,https://national-football-teams.com/matches/report/4867/,HTTP 404,404,2026-04-16T09:02:02+00:00
4870,4870/,https://national-football-teams.com/matches/report/4870/,HTTP 404,404,2026-04-16T09:02:02+00:00
4872,4872/,https://national-football-teams.com/matches/report/4872/,HTTP 404,404,2026-04-16T09:02:02+00:00
4873,4873/,https://national-football-teams.com/matches/report/4873/,HTTP 404,404,2026-04-16T09:02:02+00:00
4875,4875/,https://national-football-teams.com/matches/report/4875/,HTTP 404,404,2026-04-16T09:02:02+00:00
4887,4887/,https://national-football-teams.com/matches/report/4887/,HTTP 404,404,2026-04-16T09:02:03+00:00
4888,4888/,https://national-football-teams.com/matches/report/4888/,HTTP 404,404,2026-04-16T09:02:03+00:00
4898,4898/,https://national-football-teams.com/matches/report/4898/,HTTP 404,404,2026-04-16T09:02:03+00:00
4906,4906/,https://national-football-teams.com/matches/report/4906/,HTTP 404,404,2026-04-16T09:02:03+00:00
4908,4908/,https://national-football-teams.com/matches/report/4908/,HTTP 404,404,2026-04-16T09:02:03+00:00
4938,4938/,https://national-football-teams.com/matches/report/4938/,HTTP 404,404,2026-04-16T09:02:03+00:00
4990,4990/,https://national-football-teams.com/matches/report/4990/,HTTP 404,404,2026-04-16T09:02:03+00:00
5027,5027/,https://national-football-teams.com/matches/report/5027/,HTTP 404,404,2026-04-16T09:02:03+00:00
5030,5030/,https://national-football-teams.com/matches/report/5030/,HTTP 404,404,2026-04-16T09:02:03+00:00
5032,5032/,https://national-football-teams.com/matches/report/5032/,HTTP 404,404,2026-04-16T09:02:03+00:00
5035,5035/,https://national-football-teams.com/matches/report/5035/,HTTP 404,404,2026-04-16T09:02:03+00:00
5037,5037/,https://national-football-teams.com/matches/report/5037/,HTTP 404,404,2026-04-16T09:02:03+00:00
5038,5038/,https://national-football-teams.com/matches/report/5038/,HTTP 404,404,2026-04-16T09:02:03+00:00
5042,5042/,https://national-football-teams.com/matches/report/5042/,HTTP 404,404,2026-04-16T09:02:03+00:00
5043,5043/,https://national-football-teams.com/matches/report/5043/,HTTP 404,404,2026-04-16T09:02:03+00:00
5044,5044/,https://national-football-teams.com/matches/report/5044/,HTTP 404,404,2026-04-16T09:02:03+00:00
5045,5045/,https://national-football-teams.com/matches/report/5045/,HTTP 404,404,2026-04-16T09:02:03+00:00
5053,5053/,https://national-football-teams.com/matches/report/5053/,HTTP 404,404,2026-04-16T09:02:03+00:00
5054,5054/,https://national-football-teams.com/matches/report/5054/,HTTP 404,404,2026-04-16T09:02:03+00:00
5058,5058/,https://national-football-teams.com/matches/report/5058/,HTTP 404,404,2026-04-16T09:02:03+00:00
5059,5059/,https://national-football-teams.com/matches/report/5059/,HTTP 404,404,2026-04-16T09:02:04+00:00
5060,5060/,https://national-football-teams.com/matches/report/5060/,HTTP 404,404,2026-04-16T09:02:04+00:00
5061,5061/,https://national-football-teams.com/matches/report/5061/,HTTP 404,404,2026-04-16T09:02:04+00:00
5062,5062/,https://national-football-teams.com/matches/report/5062/,HTTP 404,404,2026-04-16T09:02:04+00:00
5063,5063/,https://national-football-teams.com/matches/report/5063/,HTTP 404,404,2026-04-16T09:02:04+00:00
5064,5064/,https://national-football-teams.com/matches/report/5064/,HTTP 404,404,2026-04-16T09:02:04+00:00
5117,5117/,https://national-football-teams.com/matches/report/5117/,HTTP 404,404,2026-04-16T09:02:04+00:00
5119,5119/,https://national-football-teams.com/matches/report/5119/,HTTP 404,404,2026-04-16T09:02:04+00:00
5123,5123/,https://national-football-teams.com/matches/report/5123/,HTTP 404,404,2026-04-16T09:02:04+00:00
5124,5124/,https://national-football-teams.com/matches/report/5124/,HTTP 404,404,2026-04-16T09:02:04+00:00
5140,5140/,https://national-football-teams.com/matches/report/5140/,HTTP 404,404,2026-04-16T09:02:04+00:00
5141,5141/,https://national-football-teams.com/matches/report/5141/,HTTP 404,404,2026-04-16T09:02:04+00:00
5142,5142/,https://national-football-teams.com/matches/report/5142/,HTTP 404,404,2026-04-16T09:02:04+00:00
5143,5143/,https://national-football-teams.com/matches/report/5143/,HTTP 404,404,2026-04-16T09:02:04+00:00
5144,5144/,https://national-football-teams.com/matches/report/5144/,HTTP 404,404,2026-04-16T09:02:04+00:00
5145,5145/,https://national-football-teams.com/matches/report/5145/,HTTP 404,404,2026-04-16T09:02:04+00:00
5146,5146/,https://national-football-teams.com/matches/report/5146/,HTTP 404,404,2026-04-16T09:02:04+00:00
5147,5147/,https://national-football-teams.com/matches/report/5147/,HTTP 404,404,2026-04-16T09:02:04+00:00
5148,5148/,https://national-football-teams.com/matches/report/5148/,HTTP 404,404,2026-04-16T09:02:04+00:00
5149,5149/,https://national-football-teams.com/matches/report/5149/,HTTP 404,404,2026-04-16T09:02:04+00:00
5150,5150/,https://national-football-teams.com/matches/report/5150/,HTTP 404,404,2026-04-16T09:02:04+00:00
5151,5151/,https://national-football-teams.com/matches/report/5151/,HTTP 404,404,2026-04-16T09:02:04+00:00
5153,5153/,https://national-football-teams.com/matches/report/5153/,HTTP 404,404,2026-04-16T09:02:04+00:00
5154,5154/,https://national-football-teams.com/matches/report/5154/,HTTP 404,404,2026-04-16T09:02:04+00:00
5155,5155/,https://national-football-teams.com/matches/report/5155/,HTTP 404,404,2026-04-16T09:02:04+00:00
5156,5156/,https://national-football-teams.com/matches/report/5156/,HTTP 404,404,2026-04-16T09:02:05+00:00
5158,5158/,https://national-football-teams.com/matches/report/5158/,HTTP 404,404,2026-04-16T09:02:05+00:00
5160,5160/,https://national-football-teams.com/matches/report/5160/,HTTP 404,404,2026-04-16T09:02:05+00:00
5162,5162/,https://national-football-teams.com/matches/report/5162/,HTTP 404,404,2026-04-16T09:02:05+00:00
5168,5168/,https://national-football-teams.com/matches/report/5168/,HTTP 404,404,2026-04-16T09:02:05+00:00
5203,5203/,https://national-football-teams.com/matches/report/5203/,HTTP 404,404,2026-04-16T09:02:05+00:00
5204,5204/,https://national-football-teams.com/matches/report/5204/,HTTP 404,404,2026-04-16T09:02:05+00:00
5214,5214/,https://national-football-teams.com/matches/report/5214/,HTTP 404,404,2026-04-16T09:02:05+00:00
5215,5215/,https://national-football-teams.com/matches/report/5215/,HTTP 404,404,2026-04-16T09:02:05+00:00
5216,5216/,https://national-football-teams.com/matches/report/5216/,HTTP 404,404,2026-04-16T09:02:05+00:00
5218,5218/,https://national-football-teams.com/matches/report/5218/,HTTP 404,404,2026-04-16T09:02:05+00:00
5223,5223/,https://national-football-teams.com/matches/report/5223/,HTTP 404,404,2026-04-16T09:02:05+00:00
5225,5225/,https://national-football-teams.com/matches/report/5225/,HTTP 404,404,2026-04-16T09:02:05+00:00
5226,5226/,https://national-football-teams.com/matches/report/5226/,HTTP 404,404,2026-04-16T09:02:05+00:00
5227,5227/,https://national-football-teams.com/matches/report/5227/,HTTP 404,404,2026-04-16T09:02:05+00:00
5228,5228/,https://national-football-teams.com/matches/report/5228/,HTTP 404,404,2026-04-16T09:02:05+00:00
5234,5234/,https://national-football-teams.com/matches/report/5234/,HTTP 404,404,2026-04-16T09:02:05+00:00
5235,5235/,https://national-football-teams.com/matches/report/5235/,HTTP 404,404,2026-04-16T09:02:05+00:00
5236,5236/,https://national-football-teams.com/matches/report/5236/,HTTP 404,404,2026-04-16T09:02:05+00:00
5237,5237/,https://national-football-teams.com/matches/report/5237/,HTTP 404,404,2026-04-16T09:02:05+00:00
5238,5238/,https://national-football-teams.com/matches/report/5238/,HTTP 404,404,2026-04-16T09:02:06+00:00
5239,5239/,https://national-football-teams.com/matches/report/5239/,HTTP 404,404,2026-04-16T09:02:06+00:00
5241,5241/,https://national-football-teams.com/matches/report/5241/,HTTP 404,404,2026-04-16T09:02:06+00:00
5242,5242/,https://national-football-teams.com/matches/report/5242/,HTTP 404,404,2026-04-16T09:02:06+00:00
5243,5243/,https://national-football-teams.com/matches/report/5243/,HTTP 404,404,2026-04-16T09:02:06+00:00
5244,5244/,https://national-football-teams.com/matches/report/5244/,HTTP 404,404,2026-04-16T09:02:06+00:00
5247,5247/,https://national-football-teams.com/matches/report/5247/,HTTP 404,404,2026-04-16T09:02:06+00:00
5254,5254/,https://national-football-teams.com/matches/report/5254/,HTTP 404,404,2026-04-16T09:02:06+00:00
5255,5255/,https://national-football-teams.com/matches/report/5255/,HTTP 404,404,2026-04-16T09:02:06+00:00
5256,5256/,https://national-football-teams.com/matches/report/5256/,HTTP 404,404,2026-04-16T09:02:06+00:00
5257,5257/,https://national-football-teams.com/matches/report/5257/,HTTP 404,404,2026-04-16T09:02:06+00:00
5258,5258/,https://national-football-teams.com/matches/report/5258/,HTTP 404,404,2026-04-16T09:02:06+00:00
5259,5259/,https://national-football-teams.com/matches/report/5259/,HTTP 404,404,2026-04-16T09:02:06+00:00
5260,5260/,https://national-football-teams.com/matches/report/5260/,HTTP 404,404,2026-04-16T09:02:06+00:00
5261,5261/,https://national-football-teams.com/matches/report/5261/,HTTP 404,404,2026-04-16T09:02:06+00:00
5263,5263/,https://national-football-teams.com/matches/report/5263/,HTTP 404,404,2026-04-16T09:02:06+00:00
5264,5264/,https://national-football-teams.com/matches/report/5264/,HTTP 404,404,2026-04-16T09:02:06+00:00
5265,5265/,https://national-football-teams.com/matches/report/5265/,HTTP 404,404,2026-04-16T09:02:06+00:00
5266,5266/,https://national-football-teams.com/matches/report/5266/,HTTP 404,404,2026-04-16T09:02:06+00:00
5271,5271/,https://national-football-teams.com/matches/report/5271/,HTTP 404,404,2026-04-16T09:02:06+00:00
5272,5272/,https://national-football-teams.com/matches/report/5272/,HTTP 404,404,2026-04-16T09:02:07+00:00
5282,5282/,https://national-football-teams.com/matches/report/5282/,HTTP 404,404,2026-04-16T09:02:07+00:00
5285,5285/,https://national-football-teams.com/matches/report/5285/,HTTP 404,404,2026-04-16T09:02:07+00:00
5286,5286/,https://national-football-teams.com/matches/report/5286/,HTTP 404,404,2026-04-16T09:02:07+00:00
5288,5288/,https://national-football-teams.com/matches/report/5288/,HTTP 404,404,2026-04-16T09:02:07+00:00
5289,5289/,https://national-football-teams.com/matches/report/5289/,HTTP 404,404,2026-04-16T09:02:07+00:00
5293,5293/,https://national-football-teams.com/matches/report/5293/,HTTP 404,404,2026-04-16T09:02:07+00:00
5294,5294/,https://national-football-teams.com/matches/report/5294/,HTTP 404,404,2026-04-16T09:02:07+00:00
5295,5295/,https://national-football-teams.com/matches/report/5295/,HTTP 404,404,2026-04-16T09:02:07+00:00
5297,5297/,https://national-football-teams.com/matches/report/5297/,HTTP 404,404,2026-04-16T09:02:07+00:00
5298,5298/,https://national-football-teams.com/matches/report/5298/,HTTP 404,404,2026-04-16T09:02:08+00:00
5299,5299/,https://national-football-teams.com/matches/report/5299/,HTTP 404,404,2026-04-16T09:02:08+00:00
53,53/,https://national-football-teams.com/matches/report/53/,HTTP 404,404,2026-04-16T09:02:08+00:00
5300,5300/,https://national-football-teams.com/matches/report/5300/,HTTP 404,404,2026-04-16T09:02:08+00:00
5301,5301/,https://national-football-teams.com/matches/report/5301/,HTTP 404,404,2026-04-16T09:02:08+00:00
5317,5317/,https://national-football-teams.com/matches/report/5317/,HTTP 404,404,2026-04-16T09:02:08+00:00
5365,5365/,https://national-football-teams.com/matches/report/5365/,HTTP 404,404,2026-04-16T09:02:08+00:00
5366,5366/,https://national-football-teams.com/matches/report/5366/,HTTP 404,404,2026-04-16T09:02:08+00:00
5368,5368/,https://national-football-teams.com/matches/report/5368/,HTTP 404,404,2026-04-16T09:02:08+00:00
5369,5369/,https://national-football-teams.com/matches/report/5369/,HTTP 404,404,2026-04-16T09:02:08+00:00
5371,5371/,https://national-football-teams.com/matches/report/5371/,HTTP 404,404,2026-04-16T09:02:08+00:00
5373,5373/,https://national-football-teams.com/matches/report/5373/,HTTP 404,404,2026-04-16T09:02:08+00:00
5374,5374/,https://national-football-teams.com/matches/report/5374/,HTTP 404,404,2026-04-16T09:02:08+00:00
5382,5382/,https://national-football-teams.com/matches/report/5382/,HTTP 404,404,2026-04-16T09:02:08+00:00
5384,5384/,https://national-football-teams.com/matches/report/5384/,HTTP 404,404,2026-04-16T09:02:08+00:00
5385,5385/,https://national-football-teams.com/matches/report/5385/,HTTP 404,404,2026-04-16T09:02:09+00:00
5388,5388/,https://national-football-teams.com/matches/report/5388/,HTTP 404,404,2026-04-16T09:02:09+00:00
5392,5392/,https://national-football-teams.com/matches/report/5392/,HTTP 404,404,2026-04-16T09:02:09+00:00
5394,5394/,https://national-football-teams.com/matches/report/5394/,HTTP 404,404,2026-04-16T09:02:09+00:00
5396,5396/,https://national-football-teams.com/matches/report/5396/,HTTP 404,404,2026-04-16T09:02:09+00:00
5397,5397/,https://national-football-teams.com/matches/report/5397/,HTTP 404,404,2026-04-16T09:02:09+00:00
5399,5399/,https://national-football-teams.com/matches/report/5399/,HTTP 404,404,2026-04-16T09:02:09+00:00
5402,5402/,https://national-football-teams.com/matches/report/5402/,HTTP 404,404,2026-04-16T09:02:09+00:00
5405,5405/,https://national-football-teams.com/matches/report/5405/,HTTP 404,404,2026-04-16T09:02:09+00:00
5406,5406/,https://national-football-teams.com/matches/report/5406/,HTTP 404,404,2026-04-16T09:02:09+00:00
5407,5407/,https://national-football-teams.com/matches/report/5407/,HTTP 404,404,2026-04-16T09:02:09+00:00
5416,5416/,https://national-football-teams.com/matches/report/5416/,HTTP 404,404,2026-04-16T09:02:09+00:00
5418,5418/,https://national-football-teams.com/matches/report/5418/,HTTP 404,404,2026-04-16T09:02:09+00:00
5419,5419/,https://national-football-teams.com/matches/report/5419/,HTTP 404,404,2026-04-16T09:02:09+00:00
5426,5426/,https://national-football-teams.com/matches/report/5426/,HTTP 404,404,2026-04-16T09:02:09+00:00
5434,5434/,https://national-football-teams.com/matches/report/5434/,HTTP 404,404,2026-04-16T09:02:09+00:00
5435,5435/,https://national-football-teams.com/matches/report/5435/,HTTP 404,404,2026-04-16T09:02:09+00:00
5436,5436/,https://national-football-teams.com/matches/report/5436/,HTTP 404,404,2026-04-16T09:02:09+00:00
5437,5437/,https://national-football-teams.com/matches/report/5437/,HTTP 404,404,2026-04-16T09:02:09+00:00
5442,5442/,https://national-football-teams.com/matches/report/5442/,HTTP 404,404,2026-04-16T09:02:09+00:00
5458,5458/,https://national-football-teams.com/matches/report/5458/,HTTP 404,404,2026-04-16T09:02:10+00:00
5471,5471/,https://national-football-teams.com/matches/report/5471/,HTTP 404,404,2026-04-16T09:02:10+00:00
5545,5545/,https://national-football-teams.com/matches/report/5545/,HTTP 404,404,2026-04-16T09:02:10+00:00
5563,5563/,https://national-football-teams.com/matches/report/5563/,HTTP 404,404,2026-04-16T09:02:10+00:00
5580,5580/,https://national-football-teams.com/matches/report/5580/,HTTP 404,404,2026-04-16T09:02:10+00:00
5602,5602/,https://national-football-teams.com/matches/report/5602/,HTTP 404,404,2026-04-16T09:02:10+00:00
5603,5603/,https://national-football-teams.com/matches/report/5603/,HTTP 404,404,2026-04-16T09:02:10+00:00
5604,5604/,https://national-football-teams.com/matches/report/5604/,HTTP 404,404,2026-04-16T09:02:10+00:00
5605,5605/,https://national-football-teams.com/matches/report/5605/,HTTP 404,404,2026-04-16T09:02:10+00:00
5607,5607/,https://national-football-teams.com/matches/report/5607/,HTTP 404,404,2026-04-16T09:02:10+00:00
5611,5611/,https://national-football-teams.com/matches/report/5611/,HTTP 404,404,2026-04-16T09:02:10+00:00
5621,5621/,https://national-football-teams.com/matches/report/5621/,HTTP 404,404,2026-04-16T09:02:10+00:00
5623,5623/,https://national-football-teams.com/matches/report/5623/,HTTP 404,404,2026-04-16T09:02:10+00:00
5624,5624/,https://national-football-teams.com/matches/report/5624/,HTTP 404,404,2026-04-16T09:02:10+00:00
5631,5631/,https://national-football-teams.com/matches/report/5631/,HTTP 404,404,2026-04-16T09:02:10+00:00
5639,5639/,https://national-football-teams.com/matches/report/5639/,HTTP 404,404,2026-04-16T09:02:10+00:00
5645,5645/,https://national-football-teams.com/matches/report/5645/,HTTP 404,404,2026-04-16T09:02:10+00:00
5652,5652/,https://national-football-teams.com/matches/report/5652/,HTTP 404,404,2026-04-16T09:02:10+00:00
5654,5654/,https://national-football-teams.com/matches/report/5654/,HTTP 404,404,2026-04-16T09:02:10+00:00
5656,5656/,https://national-football-teams.com/matches/report/5656/,HTTP 404,404,2026-04-16T09:02:10+00:00
5684,5684/,https://national-football-teams.com/matches/report/5684/,HTTP 404,404,2026-04-16T09:02:10+00:00
5685,5685/,https://national-football-teams.com/matches/report/5685/,HTTP 404,404,2026-04-16T09:02:10+00:00
5686,5686/,https://national-football-teams.com/matches/report/5686/,HTTP 404,404,2026-04-16T09:02:10+00:00
5689,5689/,https://national-football-teams.com/matches/report/5689/,HTTP 404,404,2026-04-16T09:02:10+00:00
5691,5691/,https://national-football-teams.com/matches/report/5691/,HTTP 404,404,2026-04-16T09:02:10+00:00
5693,5693/,https://national-football-teams.com/matches/report/5693/,HTTP 404,404,2026-04-16T09:02:11+00:00
5698,5698/,https://national-football-teams.com/matches/report/5698/,HTTP 404,404,2026-04-16T09:02:11+00:00
5699,5699/,https://national-football-teams.com/matches/report/5699/,HTTP 404,404,2026-04-16T09:02:11+00:00
5702,5702/,https://national-football-teams.com/matches/report/5702/,HTTP 404,404,2026-04-16T09:02:11+00:00
5703,5703/,https://national-football-teams.com/matches/report/5703/,HTTP 404,404,2026-04-16T09:02:11+00:00
5705,5705/,https://national-football-teams.com/matches/report/5705/,HTTP 404,404,2026-04-16T09:02:11+00:00
5707,5707/,https://national-football-teams.com/matches/report/5707/,HTTP 404,404,2026-04-16T09:02:11+00:00
5709,5709/,https://national-football-teams.com/matches/report/5709/,HTTP 404,404,2026-04-16T09:02:11+00:00
5711,5711/,https://national-football-teams.com/matches/report/5711/,HTTP 404,404,2026-04-16T09:02:11+00:00
5712,5712/,https://national-football-teams.com/matches/report/5712/,HTTP 404,404,2026-04-16T09:02:11+00:00
5716,5716/,https://national-football-teams.com/matches/report/5716/,HTTP 404,404,2026-04-16T09:02:11+00:00
5719,5719/,https://national-football-teams.com/matches/report/5719/,HTTP 404,404,2026-04-16T09:02:11+00:00
5722,5722/,https://national-football-teams.com/matches/report/5722/,HTTP 404,404,2026-04-16T09:02:11+00:00
5723,5723/,https://national-football-teams.com/matches/report/5723/,HTTP 404,404,2026-04-16T09:02:11+00:00
5724,5724/,https://national-football-teams.com/matches/report/5724/,HTTP 404,404,2026-04-16T09:02:11+00:00
5725,5725/,https://national-football-teams.com/matches/report/5725/,HTTP 404,404,2026-04-16T09:02:11+00:00
5726,5726/,https://national-football-teams.com/matches/report/5726/,HTTP 404,404,2026-04-16T09:02:11+00:00
5730,5730/,https://national-football-teams.com/matches/report/5730/,HTTP 404,404,2026-04-16T09:02:11+00:00
5731,5731/,https://national-football-teams.com/matches/report/5731/,HTTP 404,404,2026-04-16T09:02:11+00:00
5732,5732/,https://national-football-teams.com/matches/report/5732/,HTTP 404,404,2026-04-16T09:02:11+00:00
5734,5734/,https://national-football-teams.com/matches/report/5734/,HTTP 404,404,2026-04-16T09:02:12+00:00
5736,5736/,https://national-football-teams.com/matches/report/5736/,HTTP 404,404,2026-04-16T09:02:12+00:00
5737,5737/,https://national-football-teams.com/matches/report/5737/,HTTP 404,404,2026-04-16T09:02:12+00:00
5781,5781/,https://national-football-teams.com/matches/report/5781/,HTTP 404,404,2026-04-16T09:02:12+00:00
5827,5827/,https://national-football-teams.com/matches/report/5827/,HTTP 404,404,2026-04-16T09:02:12+00:00
5845,5845/,https://national-football-teams.com/matches/report/5845/,HTTP 404,404,2026-04-16T09:02:12+00:00
5851,5851/,https://national-football-teams.com/matches/report/5851/,HTTP 404,404,2026-04-16T09:02:12+00:00
5856,5856/,https://national-football-teams.com/matches/report/5856/,HTTP 404,404,2026-04-16T09:02:12+00:00
5857,5857/,https://national-football-teams.com/matches/report/5857/,HTTP 404,404,2026-04-16T09:02:12+00:00
5860,5860/,https://national-football-teams.com/matches/report/5860/,HTTP 404,404,2026-04-16T09:02:12+00:00
5862,5862/,https://national-football-teams.com/matches/report/5862/,HTTP 404,404,2026-04-16T09:02:12+00:00
5866,5866/,https://national-football-teams.com/matches/report/5866/,HTTP 404,404,2026-04-16T09:02:12+00:00
5868,5868/,https://national-football-teams.com/matches/report/5868/,HTTP 404,404,2026-04-16T09:02:12+00:00
5871,5871/,https://national-football-teams.com/matches/report/5871/,HTTP 404,404,2026-04-16T09:02:12+00:00
5872,5872/,https://national-football-teams.com/matches/report/5872/,HTTP 404,404,2026-04-16T09:02:12+00:00
5873,5873/,https://national-football-teams.com/matches/report/5873/,HTTP 404,404,2026-04-16T09:02:12+00:00
5881,5881/,https://national-football-teams.com/matches/report/5881/,HTTP 404,404,2026-04-16T09:02:12+00:00
5885,5885/,https://national-football-teams.com/matches/report/5885/,HTTP 404,404,2026-04-16T09:02:12+00:00
5887,5887/,https://national-football-teams.com/matches/report/5887/,HTTP 404,404,2026-04-16T09:02:12+00:00
5890,5890/,https://national-football-teams.com/matches/report/5890/,HTTP 404,404,2026-04-16T09:02:12+00:00
5897,5897/,https://national-football-teams.com/matches/report/5897/,HTTP 404,404,2026-04-16T09:02:12+00:00
5907,5907/,https://national-football-teams.com/matches/report/5907/,HTTP 404,404,2026-04-16T09:02:12+00:00
5912,5912/,https://national-football-teams.com/matches/report/5912/,HTTP 404,404,2026-04-16T09:02:12+00:00
5914,5914/,https://national-football-teams.com/matches/report/5914/,HTTP 404,404,2026-04-16T09:02:12+00:00
5918,5918/,https://national-football-teams.com/matches/report/5918/,HTTP 404,404,2026-04-16T09:02:12+00:00
5919,5919/,https://national-football-teams.com/matches/report/5919/,HTTP 404,404,2026-04-16T09:02:13+00:00
5921,5921/,https://national-football-teams.com/matches/report/5921/,HTTP 404,404,2026-04-16T09:02:13+00:00
5922,5922/,https://national-football-teams.com/matches/report/5922/,HTTP 404,404,2026-04-16T09:02:13+00:00
5923,5923/,https://national-football-teams.com/matches/report/5923/,HTTP 404,404,2026-04-16T09:02:13+00:00
5924,5924/,https://national-football-teams.com/matches/report/5924/,HTTP 404,404,2026-04-16T09:02:13+00:00
5925,5925/,https://national-football-teams.com/matches/report/5925/,HTTP 404,404,2026-04-16T09:02:13+00:00
5926,5926/,https://national-football-teams.com/matches/report/5926/,HTTP 404,404,2026-04-16T09:02:13+00:00
5928,5928/,https://national-football-teams.com/matches/report/5928/,HTTP 404,404,2026-04-16T09:02:13+00:00
5929,5929/,https://national-football-teams.com/matches/report/5929/,HTTP 404,404,2026-04-16T09:02:13+00:00
5958,5958/,https://national-football-teams.com/matches/report/5958/,HTTP 404,404,2026-04-16T09:02:13+00:00
5960,5960/,https://national-football-teams.com/matches/report/5960/,HTTP 404,404,2026-04-16T09:02:13+00:00
5962,5962/,https://national-football-teams.com/matches/report/5962/,HTTP 404,404,2026-04-16T09:02:13+00:00
5963,5963/,https://national-football-teams.com/matches/report/5963/,HTTP 404,404,2026-04-16T09:02:13+00:00
5964,5964/,https://national-football-teams.com/matches/report/5964/,HTTP 404,404,2026-04-16T09:02:13+00:00
5965,5965/,https://national-football-teams.com/matches/report/5965/,HTTP 404,404,2026-04-16T09:02:13+00:00
5966,5966/,https://national-football-teams.com/matches/report/5966/,HTTP 404,404,2026-04-16T09:02:13+00:00
5967,5967/,https://national-football-teams.com/matches/report/5967/,HTTP 404,404,2026-04-16T09:02:13+00:00
5968,5968/,https://national-football-teams.com/matches/report/5968/,HTTP 404,404,2026-04-16T09:02:13+00:00
5970,5970/,https://national-football-teams.com/matches/report/5970/,HTTP 404,404,2026-04-16T09:02:13+00:00
5976,5976/,https://national-football-teams.com/matches/report/5976/,HTTP 404,404,2026-04-16T09:02:13+00:00
5980,5980/,https://national-football-teams.com/matches/report/5980/,HTTP 404,404,2026-04-16T09:02:14+00:00
5981,5981/,https://national-football-teams.com/matches/report/5981/,HTTP 404,404,2026-04-16T09:02:14+00:00
5982,5982/,https://national-football-teams.com/matches/report/5982/,HTTP 404,404,2026-04-16T09:02:14+00:00
5983,5983/,https://national-football-teams.com/matches/report/5983/,HTTP 404,404,2026-04-16T09:02:14+00:00
5984,5984/,https://national-football-teams.com/matches/report/5984/,HTTP 404,404,2026-04-16T09:02:14+00:00
5986,5986/,https://national-football-teams.com/matches/report/5986/,HTTP 404,404,2026-04-16T09:02:14+00:00
5994,5994/,https://national-football-teams.com/matches/report/5994/,HTTP 404,404,2026-04-16T09:02:14+00:00
5995,5995/,https://national-football-teams.com/matches/report/5995/,HTTP 404,404,2026-04-16T09:02:14+00:00
5999,5999/,https://national-football-teams.com/matches/report/5999/,HTTP 404,404,2026-04-16T09:02:14+00:00
6002,6002/,https://national-football-teams.com/matches/report/6002/,HTTP 404,404,2026-04-16T09:02:14+00:00
6003,6003/,https://national-football-teams.com/matches/report/6003/,HTTP 404,404,2026-04-16T09:02:14+00:00
6010,6010/,https://national-football-teams.com/matches/report/6010/,HTTP 404,404,2026-04-16T09:02:14+00:00
6011,6011/,https://national-football-teams.com/matches/report/6011/,HTTP 404,404,2026-04-16T09:02:14+00:00
6026,6026/,https://national-football-teams.com/matches/report/6026/,HTTP 404,404,2026-04-16T09:02:14+00:00
6044,6044/,https://national-football-teams.com/matches/report/6044/,HTTP 404,404,2026-04-16T09:02:14+00:00
6045,6045/,https://national-football-teams.com/matches/report/6045/,HTTP 404,404,2026-04-16T09:02:14+00:00
6046,6046/,https://national-football-teams.com/matches/report/6046/,HTTP 404,404,2026-04-16T09:02:14+00:00
6073,6073/,https://national-football-teams.com/matches/report/6073/,HTTP 404,404,2026-04-16T09:02:14+00:00
6147,6147/,https://national-football-teams.com/matches/report/6147/,HTTP 404,404,2026-04-16T09:02:14+00:00
6148,6148/,https://national-football-teams.com/matches/report/6148/,HTTP 404,404,2026-04-16T09:02:14+00:00
6164,6164/,https://national-football-teams.com/matches/report/6164/,HTTP 404,404,2026-04-16T09:02:15+00:00
6165,6165/,https://national-football-teams.com/matches/report/6165/,HTTP 404,404,2026-04-16T09:02:15+00:00
6166,6166/,https://national-football-teams.com/matches/report/6166/,HTTP 404,404,2026-04-16T09:02:15+00:00
6167,6167/,https://national-football-teams.com/matches/report/6167/,HTTP 404,404,2026-04-16T09:02:15+00:00
6168,6168/,https://national-football-teams.com/matches/report/6168/,HTTP 404,404,2026-04-16T09:02:15+00:00
6169,6169/,https://national-football-teams.com/matches/report/6169/,HTTP 404,404,2026-04-16T09:02:15+00:00
6170,6170/,https://national-football-teams.com/matches/report/6170/,HTTP 404,404,2026-04-16T09:02:15+00:00
6171,6171/,https://national-football-teams.com/matches/report/6171/,HTTP 404,404,2026-04-16T09:02:15+00:00
6173,6173/,https://national-football-teams.com/matches/report/6173/,HTTP 404,404,2026-04-16T09:02:15+00:00
6174,6174/,https://national-football-teams.com/matches/report/6174/,HTTP 404,404,2026-04-16T09:02:15+00:00
6175,6175/,https://national-football-teams.com/matches/report/6175/,HTTP 404,404,2026-04-16T09:02:15+00:00
6176,6176/,https://national-football-teams.com/matches/report/6176/,HTTP 404,404,2026-04-16T09:02:15+00:00
6177,6177/,https://national-football-teams.com/matches/report/6177/,HTTP 404,404,2026-04-16T09:02:15+00:00
6178,6178/,https://national-football-teams.com/matches/report/6178/,HTTP 404,404,2026-04-16T09:02:15+00:00
6181,6181/,https://national-football-teams.com/matches/report/6181/,HTTP 404,404,2026-04-16T09:02:15+00:00
6182,6182/,https://national-football-teams.com/matches/report/6182/,HTTP 404,404,2026-04-16T09:02:15+00:00
6183,6183/,https://national-football-teams.com/matches/report/6183/,HTTP 404,404,2026-04-16T09:02:15+00:00
6185,6185/,https://national-football-teams.com/matches/report/6185/,HTTP 404,404,2026-04-16T09:02:15+00:00
6186,6186/,https://national-football-teams.com/matches/report/6186/,HTTP 404,404,2026-04-16T09:02:15+00:00
6187,6187/,https://national-football-teams.com/matches/report/6187/,HTTP 404,404,2026-04-16T09:02:15+00:00
6188,6188/,https://national-football-teams.com/matches/report/6188/,HTTP 404,404,2026-04-16T09:02:15+00:00
6189,6189/,https://national-football-teams.com/matches/report/6189/,HTTP 404,404,2026-04-16T09:02:15+00:00
6194,6194/,https://national-football-teams.com/matches/report/6194/,HTTP 404,404,2026-04-16T09:02:15+00:00
6195,6195/,https://national-football-teams.com/matches/report/6195/,HTTP 404,404,2026-04-16T09:02:15+00:00
6197,6197/,https://national-football-teams.com/matches/report/6197/,HTTP 404,404,2026-04-16T09:02:15+00:00
6198,6198/,https://national-football-teams.com/matches/report/6198/,HTTP 404,404,2026-04-16T09:02:16+00:00
6199,6199/,https://national-football-teams.com/matches/report/6199/,HTTP 404,404,2026-04-16T09:02:16+00:00
6202,6202/,https://national-football-teams.com/matches/report/6202/,HTTP 404,404,2026-04-16T09:02:16+00:00
6203,6203/,https://national-football-teams.com/matches/report/6203/,HTTP 404,404,2026-04-16T09:02:16+00:00
6204,6204/,https://national-football-teams.com/matches/report/6204/,HTTP 404,404,2026-04-16T09:02:16+00:00
6205,6205/,https://national-football-teams.com/matches/report/6205/,HTTP 404,404,2026-04-16T09:02:16+00:00
6210,6210/,https://national-football-teams.com/matches/report/6210/,HTTP 404,404,2026-04-16T09:02:16+00:00
6211,6211/,https://national-football-teams.com/matches/report/6211/,HTTP 404,404,2026-04-16T09:02:16+00:00
6212,6212/,https://national-football-teams.com/matches/report/6212/,HTTP 404,404,2026-04-16T09:02:16+00:00
6213,6213/,https://national-football-teams.com/matches/report/6213/,HTTP 404,404,2026-04-16T09:02:16+00:00
6214,6214/,https://national-football-teams.com/matches/report/6214/,HTTP 404,404,2026-04-16T09:02:16+00:00
6215,6215/,https://national-football-teams.com/matches/report/6215/,HTTP 404,404,2026-04-16T09:02:16+00:00
6216,6216/,https://national-football-teams.com/matches/report/6216/,HTTP 404,404,2026-04-16T09:02:16+00:00
6217,6217/,https://national-football-teams.com/matches/report/6217/,HTTP 404,404,2026-04-16T09:02:16+00:00
6218,6218/,https://national-football-teams.com/matches/report/6218/,HTTP 404,404,2026-04-16T09:02:16+00:00
6221,6221/,https://national-football-teams.com/matches/report/6221/,HTTP 404,404,2026-04-16T09:02:16+00:00
6223,6223/,https://national-football-teams.com/matches/report/6223/,HTTP 404,404,2026-04-16T09:02:16+00:00
6224,6224/,https://national-football-teams.com/matches/report/6224/,HTTP 404,404,2026-04-16T09:02:16+00:00
6225,6225/,https://national-football-teams.com/matches/report/6225/,HTTP 404,404,2026-04-16T09:02:16+00:00
6227,6227/,https://national-football-teams.com/matches/report/6227/,HTTP 404,404,2026-04-16T09:02:16+00:00
6228,6228/,https://national-football-teams.com/matches/report/6228/,HTTP 404,404,2026-04-16T09:02:16+00:00
6229,6229/,https://national-football-teams.com/matches/report/6229/,HTTP 404,404,2026-04-16T09:02:16+00:00
6270,6270/,https://national-football-teams.com/matches/report/6270/,HTTP 404,404,2026-04-16T09:02:16+00:00
6271,6271/,https://national-football-teams.com/matches/report/6271/,HTTP 404,404,2026-04-16T09:02:16+00:00
6274,6274/,https://national-football-teams.com/matches/report/6274/,HTTP 404,404,2026-04-16T09:02:16+00:00
6301,6301/,https://national-football-teams.com/matches/report/6301/,HTTP 404,404,2026-04-16T09:02:17+00:00
6302,6302/,https://national-football-teams.com/matches/report/6302/,HTTP 404,404,2026-04-16T09:02:17+00:00
6304,6304/,https://national-football-teams.com/matches/report/6304/,HTTP 404,404,2026-04-16T09:02:17+00:00
6305,6305/,https://national-football-teams.com/matches/report/6305/,HTTP 404,404,2026-04-16T09:02:17+00:00
6306,6306/,https://national-football-teams.com/matches/report/6306/,HTTP 404,404,2026-04-16T09:02:17+00:00
6309,6309/,https://national-football-teams.com/matches/report/6309/,HTTP 404,404,2026-04-16T09:02:17+00:00
6315,6315/,https://national-football-teams.com/matches/report/6315/,HTTP 404,404,2026-04-16T09:02:17+00:00
6320,6320/,https://national-football-teams.com/matches/report/6320/,HTTP 404,404,2026-04-16T09:02:17+00:00
6335,6335/,https://national-football-teams.com/matches/report/6335/,HTTP 404,404,2026-04-16T09:02:17+00:00
6339,6339/,https://national-football-teams.com/matches/report/6339/,HTTP 404,404,2026-04-16T09:02:17+00:00
6343,6343/,https://national-football-teams.com/matches/report/6343/,HTTP 404,404,2026-04-16T09:02:17+00:00
6357,6357/,https://national-football-teams.com/matches/report/6357/,HTTP 404,404,2026-04-16T09:02:17+00:00
6358,6358/,https://national-football-teams.com/matches/report/6358/,HTTP 404,404,2026-04-16T09:02:17+00:00
6359,6359/,https://national-football-teams.com/matches/report/6359/,HTTP 404,404,2026-04-16T09:02:17+00:00
6365,6365/,https://national-football-teams.com/matches/report/6365/,HTTP 404,404,2026-04-16T09:02:17+00:00
6395,6395/,https://national-football-teams.com/matches/report/6395/,HTTP 404,404,2026-04-16T09:02:17+00:00
6432,6432/,https://national-football-teams.com/matches/report/6432/,HTTP 404,404,2026-04-16T09:02:17+00:00
6433,6433/,https://national-football-teams.com/matches/report/6433/,HTTP 404,404,2026-04-16T09:02:17+00:00
6434,6434/,https://national-football-teams.com/matches/report/6434/,HTTP 404,404,2026-04-16T09:02:17+00:00
6442,6442/,https://national-football-teams.com/matches/report/6442/,HTTP 404,404,2026-04-16T09:02:17+00:00
6443,6443/,https://national-football-teams.com/matches/report/6443/,HTTP 404,404,2026-04-16T09:02:18+00:00
6460,6460/,https://national-football-teams.com/matches/report/6460/,HTTP 404,404,2026-04-16T09:02:18+00:00
65,65/,https://national-football-teams.com/matches/report/65/,HTTP 404,404,2026-04-16T09:02:18+00:00
6530,6530/,https://national-football-teams.com/matches/report/6530/,HTTP 404,404,2026-04-16T09:02:18+00:00
6534,6534/,https://national-football-teams.com/matches/report/6534/,HTTP 404,404,2026-04-16T09:02:18+00:00
66,66/,https://national-football-teams.com/matches/report/66/,HTTP 404,404,2026-04-16T09:02:18+00:00
6693,6693/,https://national-football-teams.com/matches/report/6693/,HTTP 404,404,2026-04-16T09:02:18+00:00
6695,6695/,https://national-football-teams.com/matches/report/6695/,HTTP 404,404,2026-04-16T09:02:18+00:00
67,67/,https://national-football-teams.com/matches/report/67/,HTTP 404,404,2026-04-16T09:02:18+00:00
6716,6716/,https://national-football-teams.com/matches/report/6716/,HTTP 404,404,2026-04-16T09:02:18+00:00
6717,6717/,https://national-football-teams.com/matches/report/6717/,HTTP 404,404,2026-04-16T09:02:18+00:00
6719,6719/,https://national-football-teams.com/matches/report/6719/,HTTP 404,404,2026-04-16T09:02:18+00:00
6720,6720/,https://national-football-teams.com/matches/report/6720/,HTTP 404,404,2026-04-16T09:02:18+00:00
6725,6725/,https://national-football-teams.com/matches/report/6725/,HTTP 404,404,2026-04-16T09:02:18+00:00
6744,6744/,https://national-football-teams.com/matches/report/6744/,HTTP 404,404,2026-04-16T09:02:18+00:00
6792,6792/,https://national-football-teams.com/matches/report/6792/,HTTP 404,404,2026-04-16T09:02:18+00:00
6795,6795/,https://national-football-teams.com/matches/report/6795/,HTTP 404,404,2026-04-16T09:02:18+00:00
6799,6799/,https://national-football-teams.com/matches/report/6799/,HTTP 404,404,2026-04-16T09:02:18+00:00
68,68/,https://national-football-teams.com/matches/report/68/,HTTP 404,404,2026-04-16T09:02:18+00:00
6801,6801/,https://national-football-teams.com/matches/report/6801/,HTTP 404,404,2026-04-16T09:02:18+00:00
6804,6804/,https://national-football-teams.com/matches/report/6804/,HTTP 404,404,2026-04-16T09:02:19+00:00
6812,6812/,https://national-football-teams.com/matches/report/6812/,HTTP 404,404,2026-04-16T09:02:19+00:00
6813,6813/,https://national-football-teams.com/matches/report/6813/,HTTP 404,404,2026-04-16T09:02:19+00:00
6892,6892/,https://national-football-teams.com/matches/report/6892/,HTTP 404,404,2026-04-16T09:02:19+00:00
6897,6897/,https://national-football-teams.com/matches/report/6897/,HTTP 404,404,2026-04-16T09:02:19+00:00
69,69/,https://national-football-teams.com/matches/report/69/,HTTP 404,404,2026-04-16T09:02:19+00:00
6918,6918/,https://national-football-teams.com/matches/report/6918/,HTTP 404,404,2026-04-16T09:02:19+00:00
6922,6922/,https://national-football-teams.com/matches/report/6922/,HTTP 404,404,2026-04-16T09:02:19+00:00
6923,6923/,https://national-football-teams.com/matches/report/6923/,HTTP 404,404,2026-04-16T09:02:19+00:00
6930,6930/,https://national-football-teams.com/matches/report/6930/,HTTP 404,404,2026-04-16T09:02:19+00:00
6933,6933/,https://national-football-teams.com/matches/report/6933/,HTTP 404,404,2026-04-16T09:02:19+00:00
6935,6935/,https://national-football-teams.com/matches/report/6935/,HTTP 404,404,2026-04-16T09:02:19+00:00
6937,6937/,https://national-football-teams.com/matches/report/6937/,HTTP 404,404,2026-04-16T09:02:19+00:00
6939,6939/,https://national-football-teams.com/matches/report/6939/,HTTP 404,404,2026-04-16T09:02:19+00:00
6947,6947/,https://national-football-teams.com/matches/report/6947/,HTTP 404,404,2026-04-16T09:02:19+00:00
6948,6948/,https://national-football-teams.com/matches/report/6948/,HTTP 404,404,2026-04-16T09:02:19+00:00
6975,6975/,https://national-football-teams.com/matches/report/6975/,HTTP 404,404,2026-04-16T09:02:19+00:00
70,70/,https://national-football-teams.com/matches/report/70/,HTTP 404,404,2026-04-16T09:02:19+00:00
7039,7039/,https://national-football-teams.com/matches/report/7039/,HTTP 404,404,2026-04-16T09:02:19+00:00
7041,7041/,https://national-football-teams.com/matches/report/7041/,HTTP 404,404,2026-04-16T09:02:19+00:00
7043,7043/,https://national-football-teams.com/matches/report/7043/,HTTP 404,404,2026-04-16T09:02:19+00:00
7044,7044/,https://national-football-teams.com/matches/report/7044/,HTTP 404,404,2026-04-16T09:02:19+00:00
7061,7061/,https://national-football-teams.com/matches/report/7061/,HTTP 404,404,2026-04-16T09:02:19+00:00
7082,7082/,https://national-football-teams.com/matches/report/7082/,HTTP 404,404,2026-04-16T09:02:19+00:00
7092,7092/,https://national-football-teams.com/matches/report/7092/,HTTP 404,404,2026-04-16T09:02:19+00:00
7093,7093/,https://national-football-teams.com/matches/report/7093/,HTTP 404,404,2026-04-16T09:02:20+00:00
7094,7094/,https://national-football-teams.com/matches/report/7094/,HTTP 404,404,2026-04-16T09:02:20+00:00
7095,7095/,https://national-football-teams.com/matches/report/7095/,HTTP 404,404,2026-04-16T09:02:20+00:00
7096,7096/,https://national-football-teams.com/matches/report/7096/,HTTP 404,404,2026-04-16T09:02:20+00:00
71,71/,https://national-football-teams.com/matches/report/71/,HTTP 404,404,2026-04-16T09:02:20+00:00
7135,7135/,https://national-football-teams.com/matches/report/7135/,HTTP 404,404,2026-04-16T09:02:20+00:00
7140,7140/,https://national-football-teams.com/matches/report/7140/,HTTP 404,404,2026-04-16T09:02:20+00:00
7150,7150/,https://national-football-teams.com/matches/report/7150/,HTTP 404,404,2026-04-16T09:02:20+00:00
7151,7151/,https://national-football-teams.com/matches/report/7151/,HTTP 404,404,2026-04-16T09:02:20+00:00
7152,7152/,https://national-football-teams.com/matches/report/7152/,HTTP 404,404,2026-04-16T09:02:20+00:00
7158,7158/,https://national-football-teams.com/matches/report/7158/,HTTP 404,404,2026-04-16T09:02:20+00:00
7162,7162/,https://national-football-teams.com/matches/report/7162/,HTTP 404,404,2026-04-16T09:02:20+00:00
7167,7167/,https://national-football-teams.com/matches/report/7167/,HTTP 404,404,2026-04-16T09:02:20+00:00
7175,7175/,https://national-football-teams.com/matches/report/7175/,HTTP 404,404,2026-04-16T09:02:20+00:00
7176,7176/,https://national-football-teams.com/matches/report/7176/,HTTP 404,404,2026-04-16T09:02:20+00:00
7178,7178/,https://national-football-teams.com/matches/report/7178/,HTTP 404,404,2026-04-16T09:02:20+00:00
7180,7180/,https://national-football-teams.com/matches/report/7180/,HTTP 404,404,2026-04-16T09:02:20+00:00
7196,7196/,https://national-football-teams.com/matches/report/7196/,HTTP 404,404,2026-04-16T09:02:20+00:00
72,72/,https://national-football-teams.com/matches/report/72/,HTTP 404,404,2026-04-16T09:02:20+00:00
7209,7209/,https://national-football-teams.com/matches/report/7209/,HTTP 404,404,2026-04-16T09:02:20+00:00
7210,7210/,https://national-football-teams.com/matches/report/7210/,HTTP 404,404,2026-04-16T09:02:21+00:00
7211,7211/,https://national-football-teams.com/matches/report/7211/,HTTP 404,404,2026-04-16T09:02:21+00:00
7212,7212/,https://national-football-teams.com/matches/report/7212/,HTTP 404,404,2026-04-16T09:02:21+00:00
7214,7214/,https://national-football-teams.com/matches/report/7214/,HTTP 404,404,2026-04-16T09:02:21+00:00
7217,7217/,https://national-football-teams.com/matches/report/7217/,HTTP 404,404,2026-04-16T09:02:21+00:00
7219,7219/,https://national-football-teams.com/matches/report/7219/,HTTP 404,404,2026-04-16T09:02:21+00:00
7221,7221/,https://national-football-teams.com/matches/report/7221/,HTTP 404,404,2026-04-16T09:02:21+00:00
7222,7222/,https://national-football-teams.com/matches/report/7222/,HTTP 404,404,2026-04-16T09:02:21+00:00
7226,7226/,https://national-football-teams.com/matches/report/7226/,HTTP 404,404,2026-04-16T09:02:21+00:00
7227,7227/,https://national-football-teams.com/matches/report/7227/,HTTP 404,404,2026-04-16T09:02:21+00:00
7230,7230/,https://national-football-teams.com/matches/report/7230/,HTTP 404,404,2026-04-16T09:02:21+00:00
7232,7232/,https://national-football-teams.com/matches/report/7232/,HTTP 404,404,2026-04-16T09:02:21+00:00
7239,7239/,https://national-football-teams.com/matches/report/7239/,HTTP 404,404,2026-04-16T09:02:21+00:00
7240,7240/,https://national-football-teams.com/matches/report/7240/,HTTP 404,404,2026-04-16T09:02:21+00:00
7251,7251/,https://national-football-teams.com/matches/report/7251/,HTTP 404,404,2026-04-16T09:02:21+00:00
7257,7257/,https://national-football-teams.com/matches/report/7257/,HTTP 404,404,2026-04-16T09:02:21+00:00
7258,7258/,https://national-football-teams.com/matches/report/7258/,HTTP 404,404,2026-04-16T09:02:21+00:00
7261,7261/,https://national-football-teams.com/matches/report/7261/,HTTP 404,404,2026-04-16T09:02:21+00:00
7262,7262/,https://national-football-teams.com/matches/report/7262/,HTTP 404,404,2026-04-16T09:02:21+00:00
7264,7264/,https://national-football-teams.com/matches/report/7264/,HTTP 404,404,2026-04-16T09:02:21+00:00
7266,7266/,https://national-football-teams.com/matches/report/7266/,HTTP 404,404,2026-04-16T09:02:21+00:00
7269,7269/,https://national-football-teams.com/matches/report/7269/,HTTP 404,404,2026-04-16T09:02:21+00:00
7278,7278/,https://national-football-teams.com/matches/report/7278/,HTTP 404,404,2026-04-16T09:02:21+00:00
7281,7281/,https://national-football-teams.com/matches/report/7281/,HTTP 404,404,2026-04-16T09:02:21+00:00
7282,7282/,https://national-football-teams.com/matches/report/7282/,HTTP 404,404,2026-04-16T09:02:21+00:00
7289,7289/,https://national-football-teams.com/matches/report/7289/,HTTP 404,404,2026-04-16T09:02:22+00:00
7297,7297/,https://national-football-teams.com/matches/report/7297/,HTTP 404,404,2026-04-16T09:02:22+00:00
7298,7298/,https://national-football-teams.com/matches/report/7298/,HTTP 404,404,2026-04-16T09:02:22+00:00
7299,7299/,https://national-football-teams.com/matches/report/7299/,HTTP 404,404,2026-04-16T09:02:22+00:00
73,73/,https://national-football-teams.com/matches/report/73/,HTTP 404,404,2026-04-16T09:02:22+00:00
7310,7310/,https://national-football-teams.com/matches/report/7310/,HTTP 404,404,2026-04-16T09:02:22+00:00
7311,7311/,https://national-football-teams.com/matches/report/7311/,HTTP 404,404,2026-04-16T09:02:22+00:00
7320,7320/,https://national-football-teams.com/matches/report/7320/,HTTP 404,404,2026-04-16T09:02:22+00:00
7321,7321/,https://national-football-teams.com/matches/report/7321/,HTTP 404,404,2026-04-16T09:02:22+00:00
7325,7325/,https://national-football-teams.com/matches/report/7325/,HTTP 404,404,2026-04-16T09:02:22+00:00
7335,7335/,https://national-football-teams.com/matches/report/7335/,HTTP 404,404,2026-04-16T09:02:22+00:00
7394,7394/,https://national-football-teams.com/matches/report/7394/,HTTP 404,404,2026-04-16T09:02:22+00:00
7395,7395/,https://national-football-teams.com/matches/report/7395/,HTTP 404,404,2026-04-16T09:02:22+00:00
74,74/,https://national-football-teams.com/matches/report/74/,HTTP 404,404,2026-04-16T09:02:22+00:00
7400,7400/,https://national-football-teams.com/matches/report/7400/,HTTP 404,404,2026-04-16T09:02:22+00:00
7417,7417/,https://national-football-teams.com/matches/report/7417/,HTTP 404,404,2026-04-16T09:02:22+00:00
7418,7418/,https://national-football-teams.com/matches/report/7418/,HTTP 404,404,2026-04-16T09:02:22+00:00
7420,7420/,https://national-football-teams.com/matches/report/7420/,HTTP 404,404,2026-04-16T09:02:22+00:00
7426,7426/,https://national-football-teams.com/matches/report/7426/,HTTP 404,404,2026-04-16T09:02:22+00:00
7450,7450/,https://national-football-teams.com/matches/report/7450/,HTTP 404,404,2026-04-16T09:02:22+00:00
7452,7452/,https://national-football-teams.com/matches/report/7452/,HTTP 404,404,2026-04-16T09:02:23+00:00
7464,7464/,https://national-football-teams.com/matches/report/7464/,HTTP 404,404,2026-04-16T09:02:23+00:00
7467,7467/,https://national-football-teams.com/matches/report/7467/,HTTP 404,404,2026-04-16T09:02:23+00:00
75,75/,https://national-football-teams.com/matches/report/75/,HTTP 404,404,2026-04-16T09:02:23+00:00
7507,7507/,https://national-football-teams.com/matches/report/7507/,HTTP 404,404,2026-04-16T09:02:23+00:00
7508,7508/,https://national-football-teams.com/matches/report/7508/,HTTP 404,404,2026-04-16T09:02:23+00:00
7513,7513/,https://national-football-teams.com/matches/report/7513/,HTTP 404,404,2026-04-16T09:02:23+00:00
7516,7516/,https://national-football-teams.com/matches/report/7516/,HTTP 404,404,2026-04-16T09:02:23+00:00
7517,7517/,https://national-football-teams.com/matches/report/7517/,HTTP 404,404,2026-04-16T09:02:23+00:00
7519,7519/,https://national-football-teams.com/matches/report/7519/,HTTP 404,404,2026-04-16T09:02:23+00:00
7553,7553/,https://national-football-teams.com/matches/report/7553/,HTTP 404,404,2026-04-16T09:02:23+00:00
7558,7558/,https://national-football-teams.com/matches/report/7558/,HTTP 404,404,2026-04-16T09:02:23+00:00
7565,7565/,https://national-football-teams.com/matches/report/7565/,HTTP 404,404,2026-04-16T09:02:23+00:00
7572,7572/,https://national-football-teams.com/matches/report/7572/,HTTP 404,404,2026-04-16T09:02:23+00:00
7582,7582/,https://national-football-teams.com/matches/report/7582/,HTTP 404,404,2026-04-16T09:02:23+00:00
7587,7587/,https://national-football-teams.com/matches/report/7587/,HTTP 404,404,2026-04-16T09:02:23+00:00
7588,7588/,https://national-football-teams.com/matches/report/7588/,HTTP 404,404,2026-04-16T09:02:23+00:00
7592,7592/,https://national-football-teams.com/matches/report/7592/,HTTP 404,404,2026-04-16T09:02:23+00:00
7593,7593/,https://national-football-teams.com/matches/report/7593/,HTTP 404,404,2026-04-16T09:02:23+00:00
76,76/,https://national-football-teams.com/matches/report/76/,HTTP 404,404,2026-04-16T09:02:23+00:00
7601,7601/,https://national-football-teams.com/matches/report/7601/,HTTP 404,404,2026-04-16T09:02:23+00:00
7602,7602/,https://national-football-teams.com/matches/report/7602/,HTTP 404,404,2026-04-16T09:02:23+00:00
7606,7606/,https://national-football-teams.com/matches/report/7606/,HTTP 404,404,2026-04-16T09:02:23+00:00
7626,7626/,https://national-football-teams.com/matches/report/7626/,HTTP 404,404,2026-04-16T09:02:23+00:00
7630,7630/,https://national-football-teams.com/matches/report/7630/,HTTP 404,404,2026-04-16T09:02:23+00:00
7636,7636/,https://national-football-teams.com/matches/report/7636/,HTTP 404,404,2026-04-16T09:02:24+00:00
7646,7646/,https://national-football-teams.com/matches/report/7646/,HTTP 404,404,2026-04-16T09:02:24+00:00
7651,7651/,https://national-football-teams.com/matches/report/7651/,HTTP 404,404,2026-04-16T09:02:24+00:00
7652,7652/,https://national-football-teams.com/matches/report/7652/,HTTP 404,404,2026-04-16T09:02:24+00:00
7658,7658/,https://national-football-teams.com/matches/report/7658/,HTTP 404,404,2026-04-16T09:02:24+00:00
7673,7673/,https://national-football-teams.com/matches/report/7673/,HTTP 404,404,2026-04-16T09:02:24+00:00
7699,7699/,https://national-football-teams.com/matches/report/7699/,HTTP 404,404,2026-04-16T09:02:24+00:00
77,77/,https://national-football-teams.com/matches/report/77/,HTTP 404,404,2026-04-16T09:02:24+00:00
7706,7706/,https://national-football-teams.com/matches/report/7706/,HTTP 404,404,2026-04-16T09:02:24+00:00
7721,7721/,https://national-football-teams.com/matches/report/7721/,HTTP 404,404,2026-04-16T09:02:24+00:00
78,78/,https://national-football-teams.com/matches/report/78/,HTTP 404,404,2026-04-16T09:02:24+00:00
7825,7825/,https://national-football-teams.com/matches/report/7825/,HTTP 404,404,2026-04-16T09:02:24+00:00
7834,7834/,https://national-football-teams.com/matches/report/7834/,HTTP 404,404,2026-04-16T09:02:24+00:00
7835,7835/,https://national-football-teams.com/matches/report/7835/,HTTP 404,404,2026-04-16T09:02:24+00:00
7839,7839/,https://national-football-teams.com/matches/report/7839/,HTTP 404,404,2026-04-16T09:02:24+00:00
7840,7840/,https://national-football-teams.com/matches/report/7840/,HTTP 404,404,2026-04-16T09:02:24+00:00
7847,7847/,https://national-football-teams.com/matches/report/7847/,HTTP 404,404,2026-04-16T09:02:24+00:00
7850,7850/,https://national-football-teams.com/matches/report/7850/,HTTP 404,404,2026-04-16T09:02:24+00:00
7863,7863/,https://national-football-teams.com/matches/report/7863/,HTTP 404,404,2026-04-16T09:02:24+00:00
7864,7864/,https://national-football-teams.com/matches/report/7864/,HTTP 404,404,2026-04-16T09:02:24+00:00
7865,7865/,https://national-football-teams.com/matches/report/7865/,HTTP 404,404,2026-04-16T09:02:25+00:00
7866,7866/,https://national-football-teams.com/matches/report/7866/,HTTP 404,404,2026-04-16T09:02:25+00:00
7874,7874/,https://national-football-teams.com/matches/report/7874/,HTTP 404,404,2026-04-16T09:02:25+00:00
7875,7875/,https://national-football-teams.com/matches/report/7875/,HTTP 404,404,2026-04-16T09:02:25+00:00
7894,7894/,https://national-football-teams.com/matches/report/7894/,HTTP 404,404,2026-04-16T09:02:25+00:00
7899,7899/,https://national-football-teams.com/matches/report/7899/,HTTP 404,404,2026-04-16T09:02:25+00:00
79,79/,https://national-football-teams.com/matches/report/79/,HTTP 404,404,2026-04-16T09:02:25+00:00
7902,7902/,https://national-football-teams.com/matches/report/7902/,HTTP 404,404,2026-04-16T09:02:25+00:00
7903,7903/,https://national-football-teams.com/matches/report/7903/,HTTP 404,404,2026-04-16T09:02:25+00:00
7904,7904/,https://national-football-teams.com/matches/report/7904/,HTTP 404,404,2026-04-16T09:02:25+00:00
7905,7905/,https://national-football-teams.com/matches/report/7905/,HTTP 404,404,2026-04-16T09:02:25+00:00
7908,7908/,https://national-football-teams.com/matches/report/7908/,HTTP 404,404,2026-04-16T09:02:25+00:00
7909,7909/,https://national-football-teams.com/matches/report/7909/,HTTP 404,404,2026-04-16T09:02:25+00:00
7910,7910/,https://national-football-teams.com/matches/report/7910/,HTTP 404,404,2026-04-16T09:02:25+00:00
7911,7911/,https://national-football-teams.com/matches/report/7911/,HTTP 404,404,2026-04-16T09:02:25+00:00
7912,7912/,https://national-football-teams.com/matches/report/7912/,HTTP 404,404,2026-04-16T09:02:25+00:00
7920,7920/,https://national-football-teams.com/matches/report/7920/,HTTP 404,404,2026-04-16T09:02:25+00:00
7921,7921/,https://national-football-teams.com/matches/report/7921/,HTTP 404,404,2026-04-16T09:02:25+00:00
7922,7922/,https://national-football-teams.com/matches/report/7922/,HTTP 404,404,2026-04-16T09:02:25+00:00
7925,7925/,https://national-football-teams.com/matches/report/7925/,HTTP 404,404,2026-04-16T09:02:25+00:00
7926,7926/,https://national-football-teams.com/matches/report/7926/,HTTP 404,404,2026-04-16T09:02:25+00:00
7927,7927/,https://national-football-teams.com/matches/report/7927/,HTTP 404,404,2026-04-16T09:02:25+00:00
7930,7930/,https://national-football-teams.com/matches/report/7930/,HTTP 404,404,2026-04-16T09:02:25+00:00
7931,7931/,https://national-football-teams.com/matches/report/7931/,HTTP 404,404,2026-04-16T09:02:25+00:00
7932,7932/,https://national-football-teams.com/matches/report/7932/,HTTP 404,404,2026-04-16T09:02:25+00:00
7933,7933/,https://national-football-teams.com/matches/report/7933/,HTTP 404,404,2026-04-16T09:02:26+00:00
7936,7936/,https://national-football-teams.com/matches/report/7936/,HTTP 404,404,2026-04-16T09:02:26+00:00
7937,7937/,https://national-football-teams.com/matches/report/7937/,HTTP 404,404,2026-04-16T09:02:26+00:00
7938,7938/,https://national-football-teams.com/matches/report/7938/,HTTP 404,404,2026-04-16T09:02:26+00:00
7939,7939/,https://national-football-teams.com/matches/report/7939/,HTTP 404,404,2026-04-16T09:02:26+00:00
7942,7942/,https://national-football-teams.com/matches/report/7942/,HTTP 404,404,2026-04-16T09:02:26+00:00
7944,7944/,https://national-football-teams.com/matches/report/7944/,HTTP 404,404,2026-04-16T09:02:26+00:00
7945,7945/,https://national-football-teams.com/matches/report/7945/,HTTP 404,404,2026-04-16T09:02:26+00:00
7946,7946/,https://national-football-teams.com/matches/report/7946/,HTTP 404,404,2026-04-16T09:02:26+00:00
7947,7947/,https://national-football-teams.com/matches/report/7947/,HTTP 404,404,2026-04-16T09:02:26+00:00
7948,7948/,https://national-football-teams.com/matches/report/7948/,HTTP 404,404,2026-04-16T09:02:26+00:00
7951,7951/,https://national-football-teams.com/matches/report/7951/,HTTP 404,404,2026-04-16T09:02:26+00:00
7952,7952/,https://national-football-teams.com/matches/report/7952/,HTTP 404,404,2026-04-16T09:02:26+00:00
7953,7953/,https://national-football-teams.com/matches/report/7953/,HTTP 404,404,2026-04-16T09:02:26+00:00
7954,7954/,https://national-football-teams.com/matches/report/7954/,HTTP 404,404,2026-04-16T09:02:26+00:00
7964,7964/,https://national-football-teams.com/matches/report/7964/,HTTP 404,404,2026-04-16T09:02:26+00:00
7986,7986/,https://national-football-teams.com/matches/report/7986/,HTTP 404,404,2026-04-16T09:02:26+00:00
7987,7987/,https://national-football-teams.com/matches/report/7987/,HTTP 404,404,2026-04-16T09:02:26+00:00
7992,7992/,https://national-football-teams.com/matches/report/7992/,HTTP 404,404,2026-04-16T09:02:26+00:00
7994,7994/,https://national-football-teams.com/matches/report/7994/,HTTP 404,404,2026-04-16T09:02:26+00:00
7996,7996/,https://national-football-teams.com/matches/report/7996/,HTTP 404,404,2026-04-16T09:02:27+00:00
80,80/,https://national-football-teams.com/matches/report/80/,HTTP 404,404,2026-04-16T09:02:27+00:00
8026,8026/,https://national-football-teams.com/matches/report/8026/,HTTP 404,404,2026-04-16T09:02:27+00:00
8027,8027/,https://national-football-teams.com/matches/report/8027/,HTTP 404,404,2026-04-16T09:02:27+00:00
8028,8028/,https://national-football-teams.com/matches/report/8028/,HTTP 404,404,2026-04-16T09:02:27+00:00
8029,8029/,https://national-football-teams.com/matches/report/8029/,HTTP 404,404,2026-04-16T09:02:27+00:00
8035,8035/,https://national-football-teams.com/matches/report/8035/,HTTP 404,404,2026-04-16T09:02:27+00:00
8036,8036/,https://national-football-teams.com/matches/report/8036/,HTTP 404,404,2026-04-16T09:02:27+00:00
8037,8037/,https://national-football-teams.com/matches/report/8037/,HTTP 404,404,2026-04-16T09:02:27+00:00
8043,8043/,https://national-football-teams.com/matches/report/8043/,HTTP 404,404,2026-04-16T09:02:27+00:00
8044,8044/,https://national-football-teams.com/matches/report/8044/,HTTP 404,404,2026-04-16T09:02:27+00:00
8082,8082/,https://national-football-teams.com/matches/report/8082/,HTTP 404,404,2026-04-16T09:02:27+00:00
8083,8083/,https://national-football-teams.com/matches/report/8083/,HTTP 404,404,2026-04-16T09:02:27+00:00
81,81/,https://national-football-teams.com/matches/report/81/,HTTP 404,404,2026-04-16T09:02:27+00:00
8113,8113/,https://national-football-teams.com/matches/report/8113/,HTTP 404,404,2026-04-16T09:02:27+00:00
8114,8114/,https://national-football-teams.com/matches/report/8114/,HTTP 404,404,2026-04-16T09:02:27+00:00
8122,8122/,https://national-football-teams.com/matches/report/8122/,HTTP 404,404,2026-04-16T09:02:27+00:00
8123,8123/,https://national-football-teams.com/matches/report/8123/,HTTP 404,404,2026-04-16T09:02:27+00:00
8127,8127/,https://national-football-teams.com/matches/report/8127/,HTTP 404,404,2026-04-16T09:02:27+00:00
8128,8128/,https://national-football-teams.com/matches/report/8128/,HTTP 404,404,2026-04-16T09:02:27+00:00
8130,8130/,https://national-football-teams.com/matches/report/8130/,HTTP 404,404,2026-04-16T09:02:27+00:00
8136,8136/,https://national-football-teams.com/matches/report/8136/,HTTP 404,404,2026-04-16T09:02:27+00:00
8138,8138/,https://national-football-teams.com/matches/report/8138/,HTTP 404,404,2026-04-16T09:02:27+00:00
8152,8152/,https://national-football-teams.com/matches/report/8152/,HTTP 404,404,2026-04-16T09:02:27+00:00
8172,8172/,https://national-football-teams.com/matches/report/8172/,HTTP 404,404,2026-04-16T09:02:27+00:00
8173,8173/,https://national-football-teams.com/matches/report/8173/,HTTP 404,404,2026-04-16T09:02:28+00:00
8174,8174/,https://national-football-teams.com/matches/report/8174/,HTTP 404,404,2026-04-16T09:02:28+00:00
8175,8175/,https://national-football-teams.com/matches/report/8175/,HTTP 404,404,2026-04-16T09:02:28+00:00
82,82/,https://national-football-teams.com/matches/report/82/,HTTP 404,404,2026-04-16T09:02:28+00:00
8211,8211/,https://national-football-teams.com/matches/report/8211/,HTTP 404,404,2026-04-16T09:02:28+00:00
8214,8214/,https://national-football-teams.com/matches/report/8214/,HTTP 404,404,2026-04-16T09:02:28+00:00
8274,8274/,https://national-football-teams.com/matches/report/8274/,HTTP 404,404,2026-04-16T09:02:28+00:00
8275,8275/,https://national-football-teams.com/matches/report/8275/,HTTP 404,404,2026-04-16T09:02:28+00:00
8296,8296/,https://national-football-teams.com/matches/report/8296/,HTTP 404,404,2026-04-16T09:02:28+00:00
8298,8298/,https://national-football-teams.com/matches/report/8298/,HTTP 404,404,2026-04-16T09:02:28+00:00
83,83/,https://national-football-teams.com/matches/report/83/,HTTP 404,404,2026-04-16T09:02:29+00:00
8307,8307/,https://national-football-teams.com/matches/report/8307/,HTTP 404,404,2026-04-16T09:02:29+00:00
8308,8308/,https://national-football-teams.com/matches/report/8308/,HTTP 404,404,2026-04-16T09:02:29+00:00
8309,8309/,https://national-football-teams.com/matches/report/8309/,HTTP 404,404,2026-04-16T09:02:29+00:00
8310,8310/,https://national-football-teams.com/matches/report/8310/,HTTP 404,404,2026-04-16T09:02:29+00:00
8311,8311/,https://national-football-teams.com/matches/report/8311/,HTTP 404,404,2026-04-16T09:02:29+00:00
8312,8312/,https://national-football-teams.com/matches/report/8312/,HTTP 404,404,2026-04-16T09:02:29+00:00
8369,8369/,https://national-football-teams.com/matches/report/8369/,HTTP 404,404,2026-04-16T09:02:29+00:00
8371,8371/,https://national-football-teams.com/matches/report/8371/,HTTP 404,404,2026-04-16T09:02:29+00:00
8375,8375/,https://national-football-teams.com/matches/report/8375/,HTTP 404,404,2026-04-16T09:02:29+00:00
8376,8376/,https://national-football-teams.com/matches/report/8376/,HTTP 404,404,2026-04-16T09:02:29+00:00
8382,8382/,https://national-football-teams.com/matches/report/8382/,HTTP 404,404,2026-04-16T09:02:29+00:00
84,84/,https://national-football-teams.com/matches/report/84/,HTTP 404,404,2026-04-16T09:02:29+00:00
8459,8459/,https://national-football-teams.com/matches/report/8459/,HTTP 404,404,2026-04-16T09:02:29+00:00
8471,8471/,https://national-football-teams.com/matches/report/8471/,HTTP 404,404,2026-04-16T09:02:29+00:00
8472,8472/,https://national-football-teams.com/matches/report/8472/,HTTP 404,404,2026-04-16T09:02:30+00:00
8473,8473/,https://national-football-teams.com/matches/report/8473/,HTTP 404,404,2026-04-16T09:02:30+00:00
8475,8475/,https://national-football-teams.com/matches/report/8475/,HTTP 404,404,2026-04-16T09:02:30+00:00
8476,8476/,https://national-football-teams.com/matches/report/8476/,HTTP 404,404,2026-04-16T09:02:30+00:00
8477,8477/,https://national-football-teams.com/matches/report/8477/,HTTP 404,404,2026-04-16T09:02:30+00:00
8488,8488/,https://national-football-teams.com/matches/report/8488/,HTTP 404,404,2026-04-16T09:02:30+00:00
8489,8489/,https://national-football-teams.com/matches/report/8489/,HTTP 404,404,2026-04-16T09:02:30+00:00
8490,8490/,https://national-football-teams.com/matches/report/8490/,HTTP 404,404,2026-04-16T09:02:30+00:00
85,85/,https://national-football-teams.com/matches/report/85/,HTTP 404,404,2026-04-16T09:02:30+00:00
8501,8501/,https://national-football-teams.com/matches/report/8501/,HTTP 404,404,2026-04-16T09:02:30+00:00
8512,8512/,https://national-football-teams.com/matches/report/8512/,HTTP 404,404,2026-04-16T09:02:30+00:00
8514,8514/,https://national-football-teams.com/matches/report/8514/,HTTP 404,404,2026-04-16T09:02:30+00:00
8522,8522/,https://national-football-teams.com/matches/report/8522/,HTTP 404,404,2026-04-16T09:02:30+00:00
8523,8523/,https://national-football-teams.com/matches/report/8523/,HTTP 404,404,2026-04-16T09:02:30+00:00
8524,8524/,https://national-football-teams.com/matches/report/8524/,HTTP 404,404,2026-04-16T09:02:30+00:00
8525,8525/,https://national-football-teams.com/matches/report/8525/,HTTP 404,404,2026-04-16T09:02:30+00:00
8526,8526/,https://national-football-teams.com/matches/report/8526/,HTTP 404,404,2026-04-16T09:02:30+00:00
8527,8527/,https://national-football-teams.com/matches/report/8527/,HTTP 404,404,2026-04-16T09:02:30+00:00
8528,8528/,https://national-football-teams.com/matches/report/8528/,HTTP 404,404,2026-04-16T09:02:30+00:00
8539,8539/,https://national-football-teams.com/matches/report/8539/,HTTP 404,404,2026-04-16T09:02:30+00:00
8540,8540/,https://national-football-teams.com/matches/report/8540/,HTTP 404,404,2026-04-16T09:02:31+00:00
8542,8542/,https://national-football-teams.com/matches/report/8542/,HTTP 404,404,2026-04-16T09:02:31+00:00
8546,8546/,https://national-football-teams.com/matches/report/8546/,HTTP 404,404,2026-04-16T09:02:31+00:00
8555,8555/,https://national-football-teams.com/matches/report/8555/,HTTP 404,404,2026-04-16T09:02:31+00:00
8559,8559/,https://national-football-teams.com/matches/report/8559/,HTTP 404,404,2026-04-16T09:02:31+00:00
8560,8560/,https://national-football-teams.com/matches/report/8560/,HTTP 404,404,2026-04-16T09:02:31+00:00
8562,8562/,https://national-football-teams.com/matches/report/8562/,HTTP 404,404,2026-04-16T09:02:31+00:00
8563,8563/,https://national-football-teams.com/matches/report/8563/,HTTP 404,404,2026-04-16T09:02:31+00:00
86,86/,https://national-football-teams.com/matches/report/86/,HTTP 404,404,2026-04-16T09:02:31+00:00
8647,8647/,https://national-football-teams.com/matches/report/8647/,HTTP 404,404,2026-04-16T09:02:31+00:00
8667,8667/,https://national-football-teams.com/matches/report/8667/,HTTP 404,404,2026-04-16T09:02:31+00:00
8679,8679/,https://national-football-teams.com/matches/report/8679/,HTTP 404,404,2026-04-16T09:02:31+00:00
8683,8683/,https://national-football-teams.com/matches/report/8683/,HTTP 404,404,2026-04-16T09:02:31+00:00
8685,8685/,https://national-football-teams.com/matches/report/8685/,HTTP 404,404,2026-04-16T09:02:31+00:00
87,87/,https://national-football-teams.com/matches/report/87/,HTTP 404,404,2026-04-16T09:02:31+00:00
8700,8700/,https://national-football-teams.com/matches/report/8700/,HTTP 404,404,2026-04-16T09:02:31+00:00
8709,8709/,https://national-football-teams.com/matches/report/8709/,HTTP 404,404,2026-04-16T09:02:31+00:00
8710,8710/,https://national-football-teams.com/matches/report/8710/,HTTP 404,404,2026-04-16T09:02:31+00:00
8711,8711/,https://national-football-teams.com/matches/report/8711/,HTTP 404,404,2026-04-16T09:02:31+00:00
8712,8712/,https://national-football-teams.com/matches/report/8712/,HTTP 404,404,2026-04-16T09:02:31+00:00
8715,8715/,https://national-football-teams.com/matches/report/8715/,HTTP 404,404,2026-04-16T09:02:31+00:00
8716,8716/,https://national-football-teams.com/matches/report/8716/,HTTP 404,404,2026-04-16T09:02:31+00:00
8718,8718/,https://national-football-teams.com/matches/report/8718/,HTTP 404,404,2026-04-16T09:02:31+00:00
8719,8719/,https://national-football-teams.com/matches/report/8719/,HTTP 404,404,2026-04-16T09:02:31+00:00
8720,8720/,https://national-football-teams.com/matches/report/8720/,HTTP 404,404,2026-04-16T09:02:31+00:00
8721,8721/,https://national-football-teams.com/matches/report/8721/,HTTP 404,404,2026-04-16T09:02:32+00:00
8722,8722/,https://national-football-teams.com/matches/report/8722/,HTTP 404,404,2026-04-16T09:02:32+00:00
8724,8724/,https://national-football-teams.com/matches/report/8724/,HTTP 404,404,2026-04-16T09:02:32+00:00
8727,8727/,https://national-football-teams.com/matches/report/8727/,HTTP 404,404,2026-04-16T09:02:32+00:00
8731,8731/,https://national-football-teams.com/matches/report/8731/,HTTP 404,404,2026-04-16T09:02:32+00:00
8732,8732/,https://national-football-teams.com/matches/report/8732/,HTTP 404,404,2026-04-16T09:02:32+00:00
8733,8733/,https://national-football-teams.com/matches/report/8733/,HTTP 404,404,2026-04-16T09:02:32+00:00
8734,8734/,https://national-football-teams.com/matches/report/8734/,HTTP 404,404,2026-04-16T09:02:32+00:00
8735,8735/,https://national-football-teams.com/matches/report/8735/,HTTP 404,404,2026-04-16T09:02:32+00:00
8749,8749/,https://national-football-teams.com/matches/report/8749/,HTTP 404,404,2026-04-16T09:02:32+00:00
8767,8767/,https://national-football-teams.com/matches/report/8767/,HTTP 404,404,2026-04-16T09:02:32+00:00
8772,8772/,https://national-football-teams.com/matches/report/8772/,HTTP 404,404,2026-04-16T09:02:32+00:00
8773,8773/,https://national-football-teams.com/matches/report/8773/,HTTP 404,404,2026-04-16T09:02:32+00:00
8774,8774/,https://national-football-teams.com/matches/report/8774/,HTTP 404,404,2026-04-16T09:02:32+00:00
8786,8786/,https://national-football-teams.com/matches/report/8786/,HTTP 404,404,2026-04-16T09:02:32+00:00
8797,8797/,https://national-football-teams.com/matches/report/8797/,HTTP 404,404,2026-04-16T09:02:32+00:00
8798,8798/,https://national-football-teams.com/matches/report/8798/,HTTP 404,404,2026-04-16T09:02:32+00:00
8799,8799/,https://national-football-teams.com/matches/report/8799/,HTTP 404,404,2026-04-16T09:02:32+00:00
88,88/,https://national-football-teams.com/matches/report/88/,HTTP 404,404,2026-04-16T09:02:32+00:00
8810,8810/,https://national-football-teams.com/matches/report/8810/,HTTP 404,404,2026-04-16T09:02:32+00:00
8817,8817/,https://national-football-teams.com/matches/report/8817/,HTTP 404,404,2026-04-16T09:02:33+00:00
8834,8834/,https://national-football-teams.com/matches/report/8834/,HTTP 404,404,2026-04-16T09:02:33+00:00
8836,8836/,https://national-football-teams.com/matches/report/8836/,HTTP 404,404,2026-04-16T09:02:33+00:00
8837,8837/,https://national-football-teams.com/matches/report/8837/,HTTP 404,404,2026-04-16T09:02:33+00:00
8844,8844/,https://national-football-teams.com/matches/report/8844/,HTTP 404,404,2026-04-16T09:02:33+00:00
8845,8845/,https://national-football-teams.com/matches/report/8845/,HTTP 404,404,2026-04-16T09:02:33+00:00
8849,8849/,https://national-football-teams.com/matches/report/8849/,HTTP 404,404,2026-04-16T09:02:33+00:00
8851,8851/,https://national-football-teams.com/matches/report/8851/,HTTP 404,404,2026-04-16T09:02:33+00:00
8862,8862/,https://national-football-teams.com/matches/report/8862/,HTTP 404,404,2026-04-16T09:02:33+00:00
8878,8878/,https://national-football-teams.com/matches/report/8878/,HTTP 404,404,2026-04-16T09:02:33+00:00
8885,8885/,https://national-football-teams.com/matches/report/8885/,HTTP 404,404,2026-04-16T09:02:33+00:00
8886,8886/,https://national-football-teams.com/matches/report/8886/,HTTP 404,404,2026-04-16T09:02:33+00:00
8887,8887/,https://national-football-teams.com/matches/report/8887/,HTTP 404,404,2026-04-16T09:02:33+00:00
8888,8888/,https://national-football-teams.com/matches/report/8888/,HTTP 404,404,2026-04-16T09:02:33+00:00
8889,8889/,https://national-football-teams.com/matches/report/8889/,HTTP 404,404,2026-04-16T09:02:33+00:00
8890,8890/,https://national-football-teams.com/matches/report/8890/,HTTP 404,404,2026-04-16T09:02:33+00:00
8896,8896/,https://national-football-teams.com/matches/report/8896/,HTTP 404,404,2026-04-16T09:02:33+00:00
8897,8897/,https://national-football-teams.com/matches/report/8897/,HTTP 404,404,2026-04-16T09:02:33+00:00
8898,8898/,https://national-football-teams.com/matches/report/8898/,HTTP 404,404,2026-04-16T09:02:33+00:00
8899,8899/,https://national-football-teams.com/matches/report/8899/,HTTP 404,404,2026-04-16T09:02:33+00:00
89,89/,https://national-football-teams.com/matches/report/89/,HTTP 404,404,2026-04-16T09:02:33+00:00
8900,8900/,https://national-football-teams.com/matches/report/8900/,HTTP 404,404,2026-04-16T09:02:33+00:00
8901,8901/,https://national-football-teams.com/matches/report/8901/,HTTP 404,404,2026-04-16T09:02:33+00:00
891,891/,https://national-football-teams.com/matches/report/891/,HTTP 404,404,2026-04-16T09:02:33+00:00
8914,8914/,https://national-football-teams.com/matches/report/8914/,HTTP 404,404,2026-04-16T09:02:33+00:00
8915,8915/,https://national-football-teams.com/matches/report/8915/,HTTP 404,404,2026-04-16T09:02:34+00:00
8916,8916/,https://national-football-teams.com/matches/report/8916/,HTTP 404,404,2026-04-16T09:02:34+00:00
8917,8917/,https://national-football-teams.com/matches/report/8917/,HTTP 404,404,2026-04-16T09:02:34+00:00
8918,8918/,https://national-football-teams.com/matches/report/8918/,HTTP 404,404,2026-04-16T09:02:34+00:00
8919,8919/,https://national-football-teams.com/matches/report/8919/,HTTP 404,404,2026-04-16T09:02:34+00:00
8920,8920/,https://national-football-teams.com/matches/report/8920/,HTTP 404,404,2026-04-16T09:02:34+00:00
8921,8921/,https://national-football-teams.com/matches/report/8921/,HTTP 404,404,2026-04-16T09:02:34+00:00
8923,8923/,https://national-football-teams.com/matches/report/8923/,HTTP 404,404,2026-04-16T09:02:34+00:00
8925,8925/,https://national-football-teams.com/matches/report/8925/,HTTP 404,404,2026-04-16T09:02:34+00:00
8926,8926/,https://national-football-teams.com/matches/report/8926/,HTTP 404,404,2026-04-16T09:02:34+00:00
8927,8927/,https://national-football-teams.com/matches/report/8927/,HTTP 404,404,2026-04-16T09:02:34+00:00
8928,8928/,https://national-football-teams.com/matches/report/8928/,HTTP 404,404,2026-04-16T09:02:34+00:00
8929,8929/,https://national-football-teams.com/matches/report/8929/,HTTP 404,404,2026-04-16T09:02:34+00:00
8930,8930/,https://national-football-teams.com/matches/report/8930/,HTTP 404,404,2026-04-16T09:02:34+00:00
8931,8931/,https://national-football-teams.com/matches/report/8931/,HTTP 404,404,2026-04-16T09:02:34+00:00
8932,8932/,https://national-football-teams.com/matches/report/8932/,HTTP 404,404,2026-04-16T09:02:34+00:00
8933,8933/,https://national-football-teams.com/matches/report/8933/,HTTP 404,404,2026-04-16T09:02:34+00:00
8935,8935/,https://national-football-teams.com/matches/report/8935/,HTTP 404,404,2026-04-16T09:02:34+00:00
8936,8936/,https://national-football-teams.com/matches/report/8936/,HTTP 404,404,2026-04-16T09:02:34+00:00
8937,8937/,https://national-football-teams.com/matches/report/8937/,HTTP 404,404,2026-04-16T09:02:34+00:00
8938,8938/,https://national-football-teams.com/matches/report/8938/,HTTP 404,404,2026-04-16T09:02:35+00:00
8957,8957/,https://national-football-teams.com/matches/report/8957/,HTTP 404,404,2026-04-16T09:02:35+00:00
8966,8966/,https://national-football-teams.com/matches/report/8966/,HTTP 404,404,2026-04-16T09:02:35+00:00
8973,8973/,https://national-football-teams.com/matches/report/8973/,HTTP 404,404,2026-04-16T09:02:35+00:00
8982,8982/,https://national-football-teams.com/matches/report/8982/,HTTP 404,404,2026-04-16T09:02:35+00:00
8983,8983/,https://national-football-teams.com/matches/report/8983/,HTTP 404,404,2026-04-16T09:02:35+00:00
8984,8984/,https://national-football-teams.com/matches/report/8984/,HTTP 404,404,2026-04-16T09:02:35+00:00
8985,8985/,https://national-football-teams.com/matches/report/8985/,HTTP 404,404,2026-04-16T09:02:35+00:00
8986,8986/,https://national-football-teams.com/matches/report/8986/,HTTP 404,404,2026-04-16T09:02:35+00:00
8987,8987/,https://national-football-teams.com/matches/report/8987/,HTTP 404,404,2026-04-16T09:02:35+00:00
8988,8988/,https://national-football-teams.com/matches/report/8988/,HTTP 404,404,2026-04-16T09:02:35+00:00
8989,8989/,https://national-football-teams.com/matches/report/8989/,HTTP 404,404,2026-04-16T09:02:35+00:00
8992,8992/,https://national-football-teams.com/matches/report/8992/,HTTP 404,404,2026-04-16T09:02:35+00:00
8993,8993/,https://national-football-teams.com/matches/report/8993/,HTTP 404,404,2026-04-16T09:02:35+00:00
8994,8994/,https://national-football-teams.com/matches/report/8994/,HTTP 404,404,2026-04-16T09:02:35+00:00
8995,8995/,https://national-football-teams.com/matches/report/8995/,HTTP 404,404,2026-04-16T09:02:35+00:00
8996,8996/,https://national-football-teams.com/matches/report/8996/,HTTP 404,404,2026-04-16T09:02:35+00:00
90,90/,https://national-football-teams.com/matches/report/90/,HTTP 404,404,2026-04-16T09:02:35+00:00
9019,9019/,https://national-football-teams.com/matches/report/9019/,HTTP 404,404,2026-04-16T09:02:35+00:00
9023,9023/,https://national-football-teams.com/matches/report/9023/,HTTP 404,404,2026-04-16T09:02:35+00:00
9026,9026/,https://national-football-teams.com/matches/report/9026/,HTTP 404,404,2026-04-16T09:02:35+00:00
9033,9033/,https://national-football-teams.com/matches/report/9033/,HTTP 404,404,2026-04-16T09:02:35+00:00
9040,9040/,https://national-football-teams.com/matches/report/9040/,HTTP 404,404,2026-04-16T09:02:35+00:00
9041,9041/,https://national-football-teams.com/matches/report/9041/,HTTP 404,404,2026-04-16T09:02:35+00:00
9043,9043/,https://national-football-teams.com/matches/report/9043/,HTTP 404,404,2026-04-16T09:02:35+00:00
9044,9044/,https://national-football-teams.com/matches/report/9044/,HTTP 404,404,2026-04-16T09:02:36+00:00
9045,9045/,https://national-football-teams.com/matches/report/9045/,HTTP 404,404,2026-04-16T09:02:36+00:00
9046,9046/,https://national-football-teams.com/matches/report/9046/,HTTP 404,404,2026-04-16T09:02:36+00:00
9047,9047/,https://national-football-teams.com/matches/report/9047/,HTTP 404,404,2026-04-16T09:02:36+00:00
9056,9056/,https://national-football-teams.com/matches/report/9056/,HTTP 404,404,2026-04-16T09:02:36+00:00
9059,9059/,https://national-football-teams.com/matches/report/9059/,HTTP 404,404,2026-04-16T09:02:36+00:00
906,906/,https://national-football-teams.com/matches/report/906/,HTTP 404,404,2026-04-16T09:02:36+00:00
9060,9060/,https://national-football-teams.com/matches/report/9060/,HTTP 404,404,2026-04-16T09:02:36+00:00
9061,9061/,https://national-football-teams.com/matches/report/9061/,HTTP 404,404,2026-04-16T09:02:36+00:00
9062,9062/,https://national-football-teams.com/matches/report/9062/,HTTP 404,404,2026-04-16T09:02:36+00:00
9063,9063/,https://national-football-teams.com/matches/report/9063/,HTTP 404,404,2026-04-16T09:02:36+00:00
9064,9064/,https://national-football-teams.com/matches/report/9064/,HTTP 404,404,2026-04-16T09:02:36+00:00
9065,9065/,https://national-football-teams.com/matches/report/9065/,HTTP 404,404,2026-04-16T09:02:36+00:00
9066,9066/,https://national-football-teams.com/matches/report/9066/,HTTP 404,404,2026-04-16T09:02:36+00:00
9067,9067/,https://national-football-teams.com/matches/report/9067/,HTTP 404,404,2026-04-16T09:02:36+00:00
9068,9068/,https://national-football-teams.com/matches/report/9068/,HTTP 404,404,2026-04-16T09:02:36+00:00
9069,9069/,https://national-football-teams.com/matches/report/9069/,HTTP 404,404,2026-04-16T09:02:36+00:00
907,907/,https://national-football-teams.com/matches/report/907/,HTTP 404,404,2026-04-16T09:02:36+00:00
9070,9070/,https://national-football-teams.com/matches/report/9070/,HTTP 404,404,2026-04-16T09:02:36+00:00
908,908/,https://national-football-teams.com/matches/report/908/,HTTP 404,404,2026-04-16T09:02:36+00:00
9086,9086/,https://national-football-teams.com/matches/report/9086/,HTTP 404,404,2026-04-16T09:02:37+00:00
9087,9087/,https://national-football-teams.com/matches/report/9087/,HTTP 404,404,2026-04-16T09:02:37+00:00
9088,9088/,https://national-football-teams.com/matches/report/9088/,HTTP 404,404,2026-04-16T09:02:37+00:00
9089,9089/,https://national-football-teams.com/matches/report/9089/,HTTP 404,404,2026-04-16T09:02:37+00:00
909,909/,https://national-football-teams.com/matches/report/909/,HTTP 404,404,2026-04-16T09:02:37+00:00
9090,9090/,https://national-football-teams.com/matches/report/9090/,HTTP 404,404,2026-04-16T09:02:37+00:00
9091,9091/,https://national-football-teams.com/matches/report/9091/,HTTP 404,404,2026-04-16T09:02:37+00:00
9092,9092/,https://national-football-teams.com/matches/report/9092/,HTTP 404,404,2026-04-16T09:02:37+00:00
9093,9093/,https://national-football-teams.com/matches/report/9093/,HTTP 404,404,2026-04-16T09:02:37+00:00
9094,9094/,https://national-football-teams.com/matches/report/9094/,HTTP 404,404,2026-04-16T09:02:37+00:00
91,91/,https://national-football-teams.com/matches/report/91/,HTTP 404,404,2026-04-16T09:02:37+00:00
9105,9105/,https://national-football-teams.com/matches/report/9105/,HTTP 404,404,2026-04-16T09:02:37+00:00
9106,9106/,https://national-football-teams.com/matches/report/9106/,HTTP 404,404,2026-04-16T09:02:37+00:00
9107,9107/,https://national-football-teams.com/matches/report/9107/,HTTP 404,404,2026-04-16T09:02:37+00:00
9108,9108/,https://national-football-teams.com/matches/report/9108/,HTTP 404,404,2026-04-16T09:02:37+00:00
9109,9109/,https://national-football-teams.com/matches/report/9109/,HTTP 404,404,2026-04-16T09:02:37+00:00
9110,9110/,https://national-football-teams.com/matches/report/9110/,HTTP 404,404,2026-04-16T09:02:37+00:00
9111,9111/,https://national-football-teams.com/matches/report/9111/,HTTP 404,404,2026-04-16T09:02:37+00:00
9140,9140/,https://national-football-teams.com/matches/report/9140/,HTTP 404,404,2026-04-16T09:02:37+00:00
9141,9141/,https://national-football-teams.com/matches/report/9141/,HTTP 404,404,2026-04-16T09:02:37+00:00
9142,9142/,https://national-football-teams.com/matches/report/9142/,HTTP 404,404,2026-04-16T09:02:37+00:00
9143,9143/,https://national-football-teams.com/matches/report/9143/,HTTP 404,404,2026-04-16T09:02:37+00:00
9178,9178/,https://national-football-teams.com/matches/report/9178/,HTTP 404,404,2026-04-16T09:02:37+00:00
9179,9179/,https://national-football-teams.com/matches/report/9179/,HTTP 404,404,2026-04-16T09:02:37+00:00
9180,9180/,https://national-football-teams.com/matches/report/9180/,HTTP 404,404,2026-04-16T09:02:37+00:00
9181,9181/,https://national-football-teams.com/matches/report/9181/,HTTP 404,404,2026-04-16T09:02:38+00:00
9182,9182/,https://national-football-teams.com/matches/report/9182/,HTTP 404,404,2026-04-16T09:02:38+00:00
9183,9183/,https://national-football-teams.com/matches/report/9183/,HTTP 404,404,2026-04-16T09:02:38+00:00
9184,9184/,https://national-football-teams.com/matches/report/9184/,HTTP 404,404,2026-04-16T09:02:38+00:00
9185,9185/,https://national-football-teams.com/matches/report/9185/,HTTP 404,404,2026-04-16T09:02:38+00:00
92,92/,https://national-football-teams.com/matches/report/92/,HTTP 404,404,2026-04-16T09:02:38+00:00
9204,9204/,https://national-football-teams.com/matches/report/9204/,HTTP 404,404,2026-04-16T09:02:38+00:00
9205,9205/,https://national-football-teams.com/matches/report/9205/,HTTP 404,404,2026-04-16T09:02:38+00:00
9206,9206/,https://national-football-teams.com/matches/report/9206/,HTTP 404,404,2026-04-16T09:02:38+00:00
9207,9207/,https://national-football-teams.com/matches/report/9207/,HTTP 404,404,2026-04-16T09:02:38+00:00
9208,9208/,https://national-football-teams.com/matches/report/9208/,HTTP 404,404,2026-04-16T09:02:38+00:00
9209,9209/,https://national-football-teams.com/matches/report/9209/,HTTP 404,404,2026-04-16T09:02:38+00:00
9210,9210/,https://national-football-teams.com/matches/report/9210/,HTTP 404,404,2026-04-16T09:02:38+00:00
9212,9212/,https://national-football-teams.com/matches/report/9212/,HTTP 404,404,2026-04-16T09:02:38+00:00
9221,9221/,https://national-football-teams.com/matches/report/9221/,HTTP 404,404,2026-04-16T09:02:38+00:00
9222,9222/,https://national-football-teams.com/matches/report/9222/,HTTP 404,404,2026-04-16T09:02:38+00:00
9223,9223/,https://national-football-teams.com/matches/report/9223/,HTTP 404,404,2026-04-16T09:02:38+00:00
9224,9224/,https://national-football-teams.com/matches/report/9224/,HTTP 404,404,2026-04-16T09:02:38+00:00
9225,9225/,https://national-football-teams.com/matches/report/9225/,HTTP 404,404,2026-04-16T09:02:38+00:00
9227,9227/,https://national-football-teams.com/matches/report/9227/,HTTP 404,404,2026-04-16T09:02:38+00:00
9228,9228/,https://national-football-teams.com/matches/report/9228/,HTTP 404,404,2026-04-16T09:02:39+00:00
9231,9231/,https://national-football-teams.com/matches/report/9231/,HTTP 404,404,2026-04-16T09:02:39+00:00
9232,9232/,https://national-football-teams.com/matches/report/9232/,HTTP 404,404,2026-04-16T09:02:39+00:00
9233,9233/,https://national-football-teams.com/matches/report/9233/,HTTP 404,404,2026-04-16T09:02:39+00:00
9247,9247/,https://national-football-teams.com/matches/report/9247/,HTTP 404,404,2026-04-16T09:02:39+00:00
9248,9248/,https://national-football-teams.com/matches/report/9248/,HTTP 404,404,2026-04-16T09:02:39+00:00
9249,9249/,https://national-football-teams.com/matches/report/9249/,HTTP 404,404,2026-04-16T09:02:39+00:00
9250,9250/,https://national-football-teams.com/matches/report/9250/,HTTP 404,404,2026-04-16T09:02:39+00:00
9251,9251/,https://national-football-teams.com/matches/report/9251/,HTTP 404,404,2026-04-16T09:02:39+00:00
9252,9252/,https://national-football-teams.com/matches/report/9252/,HTTP 404,404,2026-04-16T09:02:39+00:00
9253,9253/,https://national-football-teams.com/matches/report/9253/,HTTP 404,404,2026-04-16T09:02:39+00:00
9254,9254/,https://national-football-teams.com/matches/report/9254/,HTTP 404,404,2026-04-16T09:02:39+00:00
9279,9279/,https://national-football-teams.com/matches/report/9279/,HTTP 404,404,2026-04-16T09:02:39+00:00
9280,9280/,https://national-football-teams.com/matches/report/9280/,HTTP 404,404,2026-04-16T09:02:39+00:00
9281,9281/,https://national-football-teams.com/matches/report/9281/,HTTP 404,404,2026-04-16T09:02:39+00:00
9282,9282/,https://national-football-teams.com/matches/report/9282/,HTTP 404,404,2026-04-16T09:02:39+00:00
9283,9283/,https://national-football-teams.com/matches/report/9283/,HTTP 404,404,2026-04-16T09:02:39+00:00
9284,9284/,https://national-football-teams.com/matches/report/9284/,HTTP 404,404,2026-04-16T09:02:39+00:00
9285,9285/,https://national-football-teams.com/matches/report/9285/,HTTP 404,404,2026-04-16T09:02:39+00:00
9286,9286/,https://national-football-teams.com/matches/report/9286/,HTTP 404,404,2026-04-16T09:02:39+00:00
9287,9287/,https://national-football-teams.com/matches/report/9287/,HTTP 404,404,2026-04-16T09:02:39+00:00
9288,9288/,https://national-football-teams.com/matches/report/9288/,HTTP 404,404,2026-04-16T09:02:39+00:00
9289,9289/,https://national-football-teams.com/matches/report/9289/,HTTP 404,404,2026-04-16T09:02:39+00:00
9290,9290/,https://national-football-teams.com/matches/report/9290/,HTTP 404,404,2026-04-16T09:02:39+00:00
9291,9291/,https://national-football-teams.com/matches/report/9291/,HTTP 404,404,2026-04-16T09:02:39+00:00
93,93/,https://national-football-teams.com/matches/report/93/,HTTP 404,404,2026-04-16T09:02:40+00:00
9308,9308/,https://national-football-teams.com/matches/report/9308/,HTTP 404,404,2026-04-16T09:02:40+00:00
9310,9310/,https://national-football-teams.com/matches/report/9310/,HTTP 404,404,2026-04-16T09:02:40+00:00
9313,9313/,https://national-football-teams.com/matches/report/9313/,HTTP 404,404,2026-04-16T09:02:40+00:00
9322,9322/,https://national-football-teams.com/matches/report/9322/,HTTP 404,404,2026-04-16T09:02:40+00:00
9323,9323/,https://national-football-teams.com/matches/report/9323/,HTTP 404,404,2026-04-16T09:02:40+00:00
9324,9324/,https://national-football-teams.com/matches/report/9324/,HTTP 404,404,2026-04-16T09:02:40+00:00
9325,9325/,https://national-football-teams.com/matches/report/9325/,HTTP 404,404,2026-04-16T09:02:40+00:00
9326,9326/,https://national-football-teams.com/matches/report/9326/,HTTP 404,404,2026-04-16T09:02:40+00:00
9328,9328/,https://national-football-teams.com/matches/report/9328/,HTTP 404,404,2026-04-16T09:02:40+00:00
9336,9336/,https://national-football-teams.com/matches/report/9336/,HTTP 404,404,2026-04-16T09:02:40+00:00
9337,9337/,https://national-football-teams.com/matches/report/9337/,HTTP 404,404,2026-04-16T09:02:40+00:00
9338,9338/,https://national-football-teams.com/matches/report/9338/,HTTP 404,404,2026-04-16T09:02:40+00:00
9339,9339/,https://national-football-teams.com/matches/report/9339/,HTTP 404,404,2026-04-16T09:02:40+00:00
9346,9346/,https://national-football-teams.com/matches/report/9346/,HTTP 404,404,2026-04-16T09:02:40+00:00
9350,9350/,https://national-football-teams.com/matches/report/9350/,HTTP 404,404,2026-04-16T09:02:40+00:00
9363,9363/,https://national-football-teams.com/matches/report/9363/,HTTP 404,404,2026-04-16T09:02:40+00:00
9369,9369/,https://national-football-teams.com/matches/report/9369/,HTTP 404,404,2026-04-16T09:02:40+00:00
9378,9378/,https://national-football-teams.com/matches/report/9378/,HTTP 404,404,2026-04-16T09:02:40+00:00
9379,9379/,https://national-football-teams.com/matches/report/9379/,HTTP 404,404,2026-04-16T09:02:40+00:00
9380,9380/,https://national-football-teams.com/matches/report/9380/,HTTP 404,404,2026-04-16T09:02:41+00:00
9381,9381/,https://national-football-teams.com/matches/report/9381/,HTTP 404,404,2026-04-16T09:02:41+00:00
9382,9382/,https://national-football-teams.com/matches/report/9382/,HTTP 404,404,2026-04-16T09:02:41+00:00
9383,9383/,https://national-football-teams.com/matches/report/9383/,HTTP 404,404,2026-04-16T09:02:41+00:00
9384,9384/,https://national-football-teams.com/matches/report/9384/,HTTP 404,404,2026-04-16T09:02:41+00:00
9385,9385/,https://national-football-teams.com/matches/report/9385/,HTTP 404,404,2026-04-16T09:02:41+00:00
9386,9386/,https://national-football-teams.com/matches/report/9386/,HTTP 404,404,2026-04-16T09:02:41+00:00
9387,9387/,https://national-football-teams.com/matches/report/9387/,HTTP 404,404,2026-04-16T09:02:41+00:00
9388,9388/,https://national-football-teams.com/matches/report/9388/,HTTP 404,404,2026-04-16T09:02:41+00:00
9389,9389/,https://national-football-teams.com/matches/report/9389/,HTTP 404,404,2026-04-16T09:02:41+00:00
9397,9397/,https://national-football-teams.com/matches/report/9397/,HTTP 404,404,2026-04-16T09:02:41+00:00
94,94/,https://national-football-teams.com/matches/report/94/,HTTP 404,404,2026-04-16T09:02:41+00:00
9403,9403/,https://national-football-teams.com/matches/report/9403/,HTTP 404,404,2026-04-16T09:02:41+00:00
9407,9407/,https://national-football-teams.com/matches/report/9407/,HTTP 404,404,2026-04-16T09:02:41+00:00
9408,9408/,https://national-football-teams.com/matches/report/9408/,HTTP 404,404,2026-04-16T09:02:41+00:00
9410,9410/,https://national-football-teams.com/matches/report/9410/,HTTP 404,404,2026-04-16T09:02:41+00:00
9411,9411/,https://national-football-teams.com/matches/report/9411/,HTTP 404,404,2026-04-16T09:02:41+00:00
9412,9412/,https://national-football-teams.com/matches/report/9412/,HTTP 404,404,2026-04-16T09:02:41+00:00
9413,9413/,https://national-football-teams.com/matches/report/9413/,HTTP 404,404,2026-04-16T09:02:41+00:00
9428,9428/,https://national-football-teams.com/matches/report/9428/,HTTP 404,404,2026-04-16T09:02:41+00:00
9429,9429/,https://national-football-teams.com/matches/report/9429/,HTTP 404,404,2026-04-16T09:02:41+00:00
9430,9430/,https://national-football-teams.com/matches/report/9430/,HTTP 404,404,2026-04-16T09:02:41+00:00
9431,9431/,https://national-football-teams.com/matches/report/9431/,HTTP 404,404,2026-04-16T09:02:41+00:00
9432,9432/,https://national-football-teams.com/matches/report/9432/,HTTP 404,404,2026-04-16T09:02:41+00:00
9439,9439/,https://national-football-teams.com/matches/report/9439/,HTTP 404,404,2026-04-16T09:02:41+00:00
9440,9440/,https://national-football-teams.com/matches/report/9440/,HTTP 404,404,2026-04-16T09:02:42+00:00
9441,9441/,https://national-football-teams.com/matches/report/9441/,HTTP 404,404,2026-04-16T09:02:42+00:00
9442,9442/,https://national-football-teams.com/matches/report/9442/,HTTP 404,404,2026-04-16T09:02:42+00:00
9443,9443/,https://national-football-teams.com/matches/report/9443/,HTTP 404,404,2026-04-16T09:02:42+00:00
9444,9444/,https://national-football-teams.com/matches/report/9444/,HTTP 404,404,2026-04-16T09:02:42+00:00
9445,9445/,https://national-football-teams.com/matches/report/9445/,HTTP 404,404,2026-04-16T09:02:42+00:00
9449,9449/,https://national-football-teams.com/matches/report/9449/,HTTP 404,404,2026-04-16T09:02:42+00:00
9456,9456/,https://national-football-teams.com/matches/report/9456/,HTTP 404,404,2026-04-16T09:02:42+00:00
9469,9469/,https://national-football-teams.com/matches/report/9469/,HTTP 404,404,2026-04-16T09:02:42+00:00
9477,9477/,https://national-football-teams.com/matches/report/9477/,HTTP 404,404,2026-04-16T09:02:42+00:00
9478,9478/,https://national-football-teams.com/matches/report/9478/,HTTP 404,404,2026-04-16T09:02:42+00:00
9479,9479/,https://national-football-teams.com/matches/report/9479/,HTTP 404,404,2026-04-16T09:02:42+00:00
9480,9480/,https://national-football-teams.com/matches/report/9480/,HTTP 404,404,2026-04-16T09:02:42+00:00
9481,9481/,https://national-football-teams.com/matches/report/9481/,HTTP 404,404,2026-04-16T09:02:42+00:00
9482,9482/,https://national-football-teams.com/matches/report/9482/,HTTP 404,404,2026-04-16T09:02:42+00:00
9483,9483/,https://national-football-teams.com/matches/report/9483/,HTTP 404,404,2026-04-16T09:02:42+00:00
9497,9497/,https://national-football-teams.com/matches/report/9497/,HTTP 404,404,2026-04-16T09:02:42+00:00
9505,9505/,https://national-football-teams.com/matches/report/9505/,HTTP 404,404,2026-04-16T09:02:42+00:00
9506,9506/,https://national-football-teams.com/matches/report/9506/,HTTP 404,404,2026-04-16T09:02:42+00:00
9507,9507/,https://national-football-teams.com/matches/report/9507/,HTTP 404,404,2026-04-16T09:02:42+00:00
9508,9508/,https://national-football-teams.com/matches/report/9508/,HTTP 404,404,2026-04-16T09:02:43+00:00
9509,9509/,https://national-football-teams.com/matches/report/9509/,HTTP 404,404,2026-04-16T09:02:43+00:00
9511,9511/,https://national-football-teams.com/matches/report/9511/,HTTP 404,404,2026-04-16T09:02:43+00:00
9512,9512/,https://national-football-teams.com/matches/report/9512/,HTTP 404,404,2026-04-16T09:02:43+00:00
9513,9513/,https://national-football-teams.com/matches/report/9513/,HTTP 404,404,2026-04-16T09:02:43+00:00
9514,9514/,https://national-football-teams.com/matches/report/9514/,HTTP 404,404,2026-04-16T09:02:43+00:00
9518,9518/,https://national-football-teams.com/matches/report/9518/,HTTP 404,404,2026-04-16T09:02:43+00:00
9519,9519/,https://national-football-teams.com/matches/report/9519/,HTTP 404,404,2026-04-16T09:02:43+00:00
9520,9520/,https://national-football-teams.com/matches/report/9520/,HTTP 404,404,2026-04-16T09:02:43+00:00
9521,9521/,https://national-football-teams.com/matches/report/9521/,HTTP 404,404,2026-04-16T09:02:43+00:00
9522,9522/,https://national-football-teams.com/matches/report/9522/,HTTP 404,404,2026-04-16T09:02:43+00:00
9523,9523/,https://national-football-teams.com/matches/report/9523/,HTTP 404,404,2026-04-16T09:02:43+00:00
9524,9524/,https://national-football-teams.com/matches/report/9524/,HTTP 404,404,2026-04-16T09:02:43+00:00
9525,9525/,https://national-football-teams.com/matches/report/9525/,HTTP 404,404,2026-04-16T09:02:43+00:00
9546,9546/,https://national-football-teams.com/matches/report/9546/,HTTP 404,404,2026-04-16T09:02:43+00:00
9547,9547/,https://national-football-teams.com/matches/report/9547/,HTTP 404,404,2026-04-16T09:02:43+00:00
9548,9548/,https://national-football-teams.com/matches/report/9548/,HTTP 404,404,2026-04-16T09:02:43+00:00
9549,9549/,https://national-football-teams.com/matches/report/9549/,HTTP 404,404,2026-04-16T09:02:43+00:00
9550,9550/,https://national-football-teams.com/matches/report/9550/,HTTP 404,404,2026-04-16T09:02:43+00:00
9551,9551/,https://national-football-teams.com/matches/report/9551/,HTTP 404,404,2026-04-16T09:02:43+00:00
9552,9552/,https://national-football-teams.com/matches/report/9552/,HTTP 404,404,2026-04-16T09:02:43+00:00
9553,9553/,https://national-football-teams.com/matches/report/9553/,HTTP 404,404,2026-04-16T09:02:43+00:00
9554,9554/,https://national-football-teams.com/matches/report/9554/,HTTP 404,404,2026-04-16T09:02:43+00:00
9555,9555/,https://national-football-teams.com/matches/report/9555/,HTTP 404,404,2026-04-16T09:02:43+00:00
9560,9560/,https://national-football-teams.com/matches/report/9560/,HTTP 404,404,2026-04-16T09:02:43+00:00
9561,9561/,https://national-football-teams.com/matches/report/9561/,HTTP 404,404,2026-04-16T09:02:44+00:00
9562,9562/,https://national-football-teams.com/matches/report/9562/,HTTP 404,404,2026-04-16T09:02:44+00:00
9563,9563/,https://national-football-teams.com/matches/report/9563/,HTTP 404,404,2026-04-16T09:02:44+00:00
9564,9564/,https://national-football-teams.com/matches/report/9564/,HTTP 404,404,2026-04-16T09:02:44+00:00
9565,9565/,https://national-football-teams.com/matches/report/9565/,HTTP 404,404,2026-04-16T09:02:44+00:00
9570,9570/,https://national-football-teams.com/matches/report/9570/,HTTP 404,404,2026-04-16T09:02:44+00:00
9571,9571/,https://national-football-teams.com/matches/report/9571/,HTTP 404,404,2026-04-16T09:02:44+00:00
9572,9572/,https://national-football-teams.com/matches/report/9572/,HTTP 404,404,2026-04-16T09:02:44+00:00
9576,9576/,https://national-football-teams.com/matches/report/9576/,HTTP 404,404,2026-04-16T09:02:44+00:00
9577,9577/,https://national-football-teams.com/matches/report/9577/,HTTP 404,404,2026-04-16T09:02:44+00:00
9578,9578/,https://national-football-teams.com/matches/report/9578/,HTTP 404,404,2026-04-16T09:02:44+00:00
9579,9579/,https://national-football-teams.com/matches/report/9579/,HTTP 404,404,2026-04-16T09:02:44+00:00
9580,9580/,https://national-football-teams.com/matches/report/9580/,HTTP 404,404,2026-04-16T09:02:44+00:00
9581,9581/,https://national-football-teams.com/matches/report/9581/,HTTP 404,404,2026-04-16T09:02:44+00:00
9582,9582/,https://national-football-teams.com/matches/report/9582/,HTTP 404,404,2026-04-16T09:02:44+00:00
9584,9584/,https://national-football-teams.com/matches/report/9584/,HTTP 404,404,2026-04-16T09:02:44+00:00
9585,9585/,https://national-football-teams.com/matches/report/9585/,HTTP 404,404,2026-04-16T09:02:44+00:00
9586,9586/,https://national-football-teams.com/matches/report/9586/,HTTP 404,404,2026-04-16T09:02:44+00:00
9587,9587/,https://national-football-teams.com/matches/report/9587/,HTTP 404,404,2026-04-16T09:02:44+00:00
9588,9588/,https://national-football-teams.com/matches/report/9588/,HTTP 404,404,2026-04-16T09:02:44+00:00
9594,9594/,https://national-football-teams.com/matches/report/9594/,HTTP 404,404,2026-04-16T09:02:45+00:00
9595,9595/,https://national-football-teams.com/matches/report/9595/,HTTP 404,404,2026-04-16T09:02:45+00:00
96,96/,https://national-football-teams.com/matches/report/96/,HTTP 404,404,2026-04-16T09:02:45+00:00
9600,9600/,https://national-football-teams.com/matches/report/9600/,HTTP 404,404,2026-04-16T09:02:45+00:00
9608,9608/,https://national-football-teams.com/matches/report/9608/,HTTP 404,404,2026-04-16T09:02:45+00:00
9609,9609/,https://national-football-teams.com/matches/report/9609/,HTTP 404,404,2026-04-16T09:02:45+00:00
9610,9610/,https://national-football-teams.com/matches/report/9610/,HTTP 404,404,2026-04-16T09:02:45+00:00
9616,9616/,https://national-football-teams.com/matches/report/9616/,HTTP 404,404,2026-04-16T09:02:45+00:00
9617,9617/,https://national-football-teams.com/matches/report/9617/,HTTP 404,404,2026-04-16T09:02:45+00:00
9635,9635/,https://national-football-teams.com/matches/report/9635/,HTTP 404,404,2026-04-16T09:02:45+00:00
9636,9636/,https://national-football-teams.com/matches/report/9636/,HTTP 404,404,2026-04-16T09:02:45+00:00
9641,9641/,https://national-football-teams.com/matches/report/9641/,HTTP 404,404,2026-04-16T09:02:45+00:00
9642,9642/,https://national-football-teams.com/matches/report/9642/,HTTP 404,404,2026-04-16T09:02:45+00:00
9643,9643/,https://national-football-teams.com/matches/report/9643/,HTTP 404,404,2026-04-16T09:02:45+00:00
9644,9644/,https://national-football-teams.com/matches/report/9644/,HTTP 404,404,2026-04-16T09:02:45+00:00
9648,9648/,https://national-football-teams.com/matches/report/9648/,HTTP 404,404,2026-04-16T09:02:45+00:00
9671,9671/,https://national-football-teams.com/matches/report/9671/,HTTP 404,404,2026-04-16T09:02:45+00:00
9679,9679/,https://national-football-teams.com/matches/report/9679/,HTTP 404,404,2026-04-16T09:02:45+00:00
9680,9680/,https://national-football-teams.com/matches/report/9680/,HTTP 404,404,2026-04-16T09:02:45+00:00
9682,9682/,https://national-football-teams.com/matches/report/9682/,HTTP 404,404,2026-04-16T09:02:45+00:00
9685,9685/,https://national-football-teams.com/matches/report/9685/,HTTP 404,404,2026-04-16T09:02:45+00:00
9687,9687/,https://national-football-teams.com/matches/report/9687/,HTTP 404,404,2026-04-16T09:02:45+00:00
9688,9688/,https://national-football-teams.com/matches/report/9688/,HTTP 404,404,2026-04-16T09:02:45+00:00
97,97/,https://national-football-teams.com/matches/report/97/,HTTP 404,404,2026-04-16T09:02:45+00:00
9703,9703/,https://national-football-teams.com/matches/report/9703/,HTTP 404,404,2026-04-16T09:02:45+00:00
9704,9704/,https://national-football-teams.com/matches/report/9704/,HTTP 404,404,2026-04-16T09:02:46+00:00
9707,9707/,https://national-football-teams.com/matches/report/9707/,HTTP 404,404,2026-04-16T09:02:46+00:00
9715,9715/,https://national-football-teams.com/matches/report/9715/,HTTP 404,404,2026-04-16T09:02:46+00:00
9717,9717/,https://national-football-teams.com/matches/report/9717/,HTTP 404,404,2026-04-16T09:02:46+00:00
9718,9718/,https://national-football-teams.com/matches/report/9718/,HTTP 404,404,2026-04-16T09:02:46+00:00
9736,9736/,https://national-football-teams.com/matches/report/9736/,HTTP 404,404,2026-04-16T09:02:46+00:00
9737,9737/,https://national-football-teams.com/matches/report/9737/,HTTP 404,404,2026-04-16T09:02:46+00:00
9738,9738/,https://national-football-teams.com/matches/report/9738/,HTTP 404,404,2026-04-16T09:02:46+00:00
9739,9739/,https://national-football-teams.com/matches/report/9739/,HTTP 404,404,2026-04-16T09:02:46+00:00
9740,9740/,https://national-football-teams.com/matches/report/9740/,HTTP 404,404,2026-04-16T09:02:46+00:00
9749,9749/,https://national-football-teams.com/matches/report/9749/,HTTP 404,404,2026-04-16T09:02:46+00:00
9770,9770/,https://national-football-teams.com/matches/report/9770/,HTTP 404,404,2026-04-16T09:02:46+00:00
9771,9771/,https://national-football-teams.com/matches/report/9771/,HTTP 404,404,2026-04-16T09:02:46+00:00
9772,9772/,https://national-football-teams.com/matches/report/9772/,HTTP 404,404,2026-04-16T09:02:46+00:00
9773,9773/,https://national-football-teams.com/matches/report/9773/,HTTP 404,404,2026-04-16T09:02:46+00:00
9774,9774/,https://national-football-teams.com/matches/report/9774/,HTTP 404,404,2026-04-16T09:02:46+00:00
9775,9775/,https://national-football-teams.com/matches/report/9775/,HTTP 404,404,2026-04-16T09:02:46+00:00
9776,9776/,https://national-football-teams.com/matches/report/9776/,HTTP 404,404,2026-04-16T09:02:46+00:00
9777,9777/,https://national-football-teams.com/matches/report/9777/,HTTP 404,404,2026-04-16T09:02:46+00:00
9778,9778/,https://national-football-teams.com/matches/report/9778/,HTTP 404,404,2026-04-16T09:02:46+00:00
9779,9779/,https://national-football-teams.com/matches/report/9779/,HTTP 404,404,2026-04-16T09:02:47+00:00
9780,9780/,https://national-football-teams.com/matches/report/9780/,HTTP 404,404,2026-04-16T09:02:47+00:00
9781,9781/,https://national-football-teams.com/matches/report/9781/,HTTP 404,404,2026-04-16T09:02:47+00:00
9782,9782/,https://national-football-teams.com/matches/report/9782/,HTTP 404,404,2026-04-16T09:02:47+00:00
9783,9783/,https://national-football-teams.com/matches/report/9783/,HTTP 404,404,2026-04-16T09:02:47+00:00
9784,9784/,https://national-football-teams.com/matches/report/9784/,HTTP 404,404,2026-04-16T09:02:47+00:00
9785,9785/,https://national-football-teams.com/matches/report/9785/,HTTP 404,404,2026-04-16T09:02:47+00:00
9786,9786/,https://national-football-teams.com/matches/report/9786/,HTTP 404,404,2026-04-16T09:02:47+00:00
9797,9797/,https://national-football-teams.com/matches/report/9797/,HTTP 404,404,2026-04-16T09:02:47+00:00
9798,9798/,https://national-football-teams.com/matches/report/9798/,HTTP 404,404,2026-04-16T09:02:47+00:00
98,98/,https://national-football-teams.com/matches/report/98/,HTTP 404,404,2026-04-16T09:02:47+00:00
9800,9800/,https://national-football-teams.com/matches/report/9800/,HTTP 404,404,2026-04-16T09:02:47+00:00
9801,9801/,https://national-football-teams.com/matches/report/9801/,HTTP 404,404,2026-04-16T09:02:47+00:00
9802,9802/,https://national-football-teams.com/matches/report/9802/,HTTP 404,404,2026-04-16T09:02:47+00:00
9803,9803/,https://national-football-teams.com/matches/report/9803/,HTTP 404,404,2026-04-16T09:02:47+00:00
9804,9804/,https://national-football-teams.com/matches/report/9804/,HTTP 404,404,2026-04-16T09:02:47+00:00
9805,9805/,https://national-football-teams.com/matches/report/9805/,HTTP 404,404,2026-04-16T09:02:47+00:00
9806,9806/,https://national-football-teams.com/matches/report/9806/,HTTP 404,404,2026-04-16T09:02:47+00:00
9807,9807/,https://national-football-teams.com/matches/report/9807/,HTTP 404,404,2026-04-16T09:02:47+00:00
9808,9808/,https://national-football-teams.com/matches/report/9808/,HTTP 404,404,2026-04-16T09:02:47+00:00
9809,9809/,https://national-football-teams.com/matches/report/9809/,HTTP 404,404,2026-04-16T09:02:47+00:00
9832,9832/,https://national-football-teams.com/matches/report/9832/,HTTP 404,404,2026-04-16T09:02:47+00:00
9842,9842/,https://national-football-teams.com/matches/report/9842/,HTTP 404,404,2026-04-16T09:02:47+00:00
9843,9843/,https://national-football-teams.com/matches/report/9843/,HTTP 404,404,2026-04-16T09:02:47+00:00
9844,9844/,https://national-football-teams.com/matches/report/9844/,HTTP 404,404,2026-04-16T09:02:47+00:00
9845,9845/,https://national-football-teams.com/matches/report/9845/,HTTP 404,404,2026-04-16T09:02:48+00:00
9846,9846/,https://national-football-teams.com/matches/report/9846/,HTTP 404,404,2026-04-16T09:02:48+00:00
9847,9847/,https://national-football-teams.com/matches/report/9847/,HTTP 404,404,2026-04-16T09:02:48+00:00
9848,9848/,https://national-football-teams.com/matches/report/9848/,HTTP 404,404,2026-04-16T09:02:48+00:00
9865,9865/,https://national-football-teams.com/matches/report/9865/,HTTP 404,404,2026-04-16T09:02:48+00:00
9866,9866/,https://national-football-teams.com/matches/report/9866/,HTTP 404,404,2026-04-16T09:02:48+00:00
9867,9867/,https://national-football-teams.com/matches/report/9867/,HTTP 404,404,2026-04-16T09:02:48+00:00
9868,9868/,https://national-football-teams.com/matches/report/9868/,HTTP 404,404,2026-04-16T09:02:48+00:00
9869,9869/,https://national-football-teams.com/matches/report/9869/,HTTP 404,404,2026-04-16T09:02:48+00:00
9870,9870/,https://national-football-teams.com/matches/report/9870/,HTTP 404,404,2026-04-16T09:02:48+00:00
9871,9871/,https://national-football-teams.com/matches/report/9871/,HTTP 404,404,2026-04-16T09:02:48+00:00
9872,9872/,https://national-football-teams.com/matches/report/9872/,HTTP 404,404,2026-04-16T09:02:48+00:00
9890,9890/,https://national-football-teams.com/matches/report/9890/,HTTP 404,404,2026-04-16T09:02:48+00:00
9891,9891/,https://national-football-teams.com/matches/report/9891/,HTTP 404,404,2026-04-16T09:02:48+00:00
9892,9892/,https://national-football-teams.com/matches/report/9892/,HTTP 404,404,2026-04-16T09:02:48+00:00
9893,9893/,https://national-football-teams.com/matches/report/9893/,HTTP 404,404,2026-04-16T09:02:48+00:00
9896,9896/,https://national-football-teams.com/matches/report/9896/,HTTP 404,404,2026-04-16T09:02:48+00:00
99,99/,https://national-football-teams.com/matches/report/99/,HTTP 404,404,2026-04-16T09:02:48+00:00
9907,9907/,https://national-football-teams.com/matches/report/9907/,HTTP 404,404,2026-04-16T09:02:48+00:00
9908,9908/,https://national-football-teams.com/matches/report/9908/,HTTP 404,404,2026-04-16T09:02:48+00:00
9909,9909/,https://national-football-teams.com/matches/report/9909/,HTTP 404,404,2026-04-16T09:02:49+00:00
9916,9916/,https://national-football-teams.com/matches/report/9916/,HTTP 404,404,2026-04-16T09:02:49+00:00
9917,9917/,https://national-football-teams.com/matches/report/9917/,HTTP 404,404,2026-04-16T09:02:49+00:00
9924,9924/,https://national-football-teams.com/matches/report/9924/,HTTP 404,404,2026-04-16T09:02:49+00:00
9925,9925/,https://national-football-teams.com/matches/report/9925/,HTTP 404,404,2026-04-16T09:02:49+00:00
9926,9926/,https://national-football-teams.com/matches/report/9926/,HTTP 404,404,2026-04-16T09:02:49+00:00
9927,9927/,https://national-football-teams.com/matches/report/9927/,HTTP 404,404,2026-04-16T09:02:49+00:00
9941,9941/,https://national-football-teams.com/matches/report/9941/,HTTP 404,404,2026-04-16T09:02:49+00:00
9957,9957/,https://national-football-teams.com/matches/report/9957/,HTTP 404,404,2026-04-16T09:02:49+00:00
9958,9958/,https://national-football-teams.com/matches/report/9958/,HTTP 404,404,2026-04-16T09:02:49+00:00
9959,9959/,https://national-football-teams.com/matches/report/9959/,HTTP 404,404,2026-04-16T09:02:49+00:00
9960,9960/,https://national-football-teams.com/matches/report/9960/,HTTP 404,404,2026-04-16T09:02:49+00:00
9970,9970/,https://national-football-teams.com/matches/report/9970/,HTTP 404,404,2026-04-16T09:02:49+00:00
9976,9976/,https://national-football-teams.com/matches/report/9976/,HTTP 404,404,2026-04-16T09:02:49+00:00
9977,9977/,https://national-football-teams.com/matches/report/9977/,HTTP 404,404,2026-04-16T09:02:49+00:00
9978,9978/,https://national-football-teams.com/matches/report/9978/,HTTP 404,404,2026-04-16T09:02:49+00:00
9980,9980/,https://national-football-teams.com/matches/report/9980/,HTTP 404,404,2026-04-16T09:02:49+00:00
9981,9981/,https://national-football-teams.com/matches/report/9981/,HTTP 404,404,2026-04-16T09:02:49+00:00
9982,9982/,https://national-football-teams.com/matches/report/9982/,HTTP 404,404,2026-04-16T09:02:49+00:00
9983,9983/,https://national-football-teams.com/matches/report/9983/,HTTP 404,404,2026-04-16T09:02:49+00:00
9984,9984/,https://national-football-teams.com/matches/report/9984/,HTTP 404,404,2026-04-16T09:02:49+00:00
9989,9989/,https://national-football-teams.com/matches/report/9989/,HTTP 404,404,2026-04-16T09:02:49+00:00
9993,9993/,https://national-football-teams.com/matches/report/9993/,HTTP 404,404,2026-04-16T09:02:49+00:00
9998,9998/,https://national-football-teams.com/matches/report/9998/,HTTP 404,404,2026-04-16T09:02:49+00:00
9999,9999/,https://national-football-teams.com/matches/report/9999/,HTTP 404,404,2026-04-16T09:02:49+00:00
