date,home_team,away_team,home_score,away_score,tournament,city,country,neutral
1995-02-15,Australia,Japan,2.0,1.0,Friendly,Sydney,Australia,False
1995-02-19,China PR,South Korea,0.0,0.0,Dynasty Cup,Victoria,Hong Kong,True
1995-02-19,Hong Kong,Japan,0.0,3.0,Dynasty Cup,Victoria,Hong Kong,False
1995-02-21,Hong Kong,China PR,0.0,0.0,Dynasty Cup,Victoria,Hong Kong,False
1995-02-21,Japan,South Korea,1.0,1.0,Dynasty Cup,Victoria,Hong Kong,True
1995-02-22,Thailand,Japan,3.0,2.0,King's Cup,Bangkok,Thailand,False
1995-02-23,China PR,Japan,1.0,2.0,Dynasty Cup,Victoria,Hong Kong,True
1995-02-23,Hong Kong,South Korea,2.0,3.0,Dynasty Cup,Victoria,Hong Kong,False
1995-02-26,Hong Kong,China PR,1.0,1.0,Dynasty Cup,Victoria,Hong Kong,False
1995-02-26,Japan,South Korea,2.0,2.0,Dynasty Cup,Victoria,Hong Kong,True
1995-03-08,Iraq,Uzbekistan,3.0,1.0,Nehru Cup,Calcutta,India,True
1995-03-10,India,Thailand,0.0,5.0,Nehru Cup,Calcutta,India,False
1995-03-12,India,Iraq,1.0,1.0,Nehru Cup,Calcutta,India,False
1995-03-14,India,Uzbekistan,1.0,0.0,Nehru Cup,Calcutta,India,False
1995-03-14,Iraq,Thailand,3.0,1.0,Nehru Cup,Calcutta,India,True
1995-03-16,Thailand,Uzbekistan,0.0,1.0,Nehru Cup,Calcutta,India,True
1995-03-25,Nepal,Bangladesh,0.0,2.0,SAFF Cup,Colombo,Sri Lanka,True
1995-03-25,Pakistan,Bangladesh,1.0,0.0,SAFF Cup,Colombo,Sri Lanka,True
1995-03-29,Nepal,Pakistan,2.0,0.0,SAFF Cup,Colombo,Sri Lanka,True
1995-03-29,Sri Lanka,India,2.0,2.0,SAFF Cup,Colombo,Sri Lanka,False
1995-03-31,India,Bangladesh,0.0,0.0,SAFF Cup,Colombo,Sri Lanka,True
1995-03-31,Sri Lanka,Nepal,2.0,1.0,SAFF Cup,Colombo,Sri Lanka,False
1995-04-02,Sri Lanka,India,1.0,0.0,SAFF Cup,Colombo,Sri Lanka,False
1995-07-21,Malaysia,Iraq,1.0,2.0,Merdeka Tournament,Kuala Lumpur,Malaysia,False
1995-08-01,Indonesia,Singapore,0.0,0.0,Friendly,Jakarta,Indonesia,False
1995-10-24,Japan,Saudi Arabia,2.0,1.0,Friendly,Tokyo,Japan,False
1995-10-26,Myanmar,Bangladesh,4.0,0.0,Friendly,Yangon,Myanmar,False
1995-10-28,Japan,Saudi Arabia,2.0,1.0,Friendly,Matsuyama,Japan,False
1995-10-29,Myanmar,Sri Lanka,2.0,0.0,Friendly,Yangon,Myanmar,False
1995-10-31,South Korea,Saudi Arabia,1.0,1.0,Friendly,Seoul,South Korea,False
1995-11-01,Bangladesh,Sri Lanka,1.0,0.0,Friendly,Yangon,Myanmar,True
1995-11-04,Myanmar,Bangladesh,1.0,2.0,Friendly,Yangon,Myanmar,False
1995-12-04,Thailand,Indonesia,2.0,1.0,Southeast Asian Games,Chiang Mai,Thailand,False
1995-12-04,Vietnam,Malaysia,2.0,0.0,Southeast Asian Games,Chiang Mai,Thailand,True
1995-12-04,Singapore,Brunei,2.0,2.0,Southeast Asian Games,Chiang Mai,Thailand,True
1995-12-04,Myanmar,Philippines,4.0,1.0,Southeast Asian Games,Chiang Mai,Thailand,True
1995-12-06,Thailand,Malaysia,0.0,0.0,Southeast Asian Games,Chiang Mai,Thailand,False
1995-12-06,Indonesia,Cambodia,10.0,0.0,Southeast Asian Games,Chiang Mai,Thailand,True
1995-12-06,Singapore,Myanmar,4.0,2.0,Southeast Asian Games,Chiang Mai,Thailand,True
1995-12-06,Laos,Philippines,1.0,0.0,Southeast Asian Games,Chiang Mai,Thailand,True
1995-12-08,Vietnam,Cambodia,4.0,0.0,Southeast Asian Games,Chiang Mai,Thailand,True
1995-12-08,Indonesia,Malaysia,3.0,0.0,Southeast Asian Games,Chiang Mai,Thailand,True
1995-12-08,Singapore,Philippines,4.0,0.0,Southeast Asian Games,Chiang Mai,Thailand,True
1995-12-08,Laos,Brunei,3.0,0.0,Southeast Asian Games,Chiang Mai,Thailand,True
1995-12-10,Thailand,Vietnam,3.0,1.0,Southeast Asian Games,Chiang Mai,Thailand,False
1995-12-10,Malaysia,Cambodia,9.0,0.0,Southeast Asian Games,Chiang Mai,Thailand,True
1995-12-10,Singapore,Laos,0.0,0.0,Southeast Asian Games,Chiang Mai,Thailand,True
1995-12-10,Myanmar,Brunei,2.0,0.0,Southeast Asian Games,Chiang Mai,Thailand,True
1995-12-12,Thailand,Cambodia,9.0,0.0,Southeast Asian Games,Chiang Mai,Thailand,False
1995-12-12,Vietnam,Indonesia,1.0,0.0,Southeast Asian Games,Chiang Mai,Thailand,True
1995-12-12,Philippines,Brunei,1.0,0.0,Southeast Asian Games,Chiang Mai,Thailand,True
1995-12-12,Myanmar,Laos,1.0,0.0,Southeast Asian Games,Chiang Mai,Thailand,True
1995-12-14,Thailand,Singapore,1.0,0.0,Southeast Asian Games,Chiang Mai,Thailand,False
1995-12-14,Vietnam,Myanmar,2.0,1.0,Southeast Asian Games,Chiang Mai,Thailand,True
1995-12-16,Singapore,Myanmar,1.0,0.0,Southeast Asian Games,Chiang Mai,Thailand,True
1995-12-16,Thailand,Vietnam,4.0,0.0,Southeast Asian Games,Chiang Mai,Thailand,False
1995-12-19,Nepal,Maldives,1.0,0.0,South Asian Games,Madras,India,True
1995-12-21,Maldives,Bangladesh,0.0,0.0,South Asian Games,Madras,India,True
1995-12-23,India,Sri Lanka,1.0,0.0,South Asian Games,Madras,India,False
1995-12-23,Bangladesh,Nepal,2.0,1.0,South Asian Games,Madras,India,True
1995-12-25,Bangladesh,Sri Lanka,0.0,0.0,South Asian Games,Madras,India,True
1995-12-25,India,Nepal,3.0,0.0,South Asian Games,Madras,India,False
1995-12-27,Sri Lanka,Nepal,0.0,0.0,South Asian Games,Madras,India,True
1995-12-27,India,Bangladesh,1.0,0.0,South Asian Games,Madras,India,False
1996-01-24,Saudi Arabia,Kyrgyzstan,3.0,0.0,AFC Asian Cup qualification,Riyadh,Saudi Arabia,False
1996-01-26,Yemen,Kyrgyzstan,1.0,0.0,AFC Asian Cup qualification,Riyadh,Saudi Arabia,True
1996-01-28,Saudi Arabia,Yemen,4.0,0.0,AFC Asian Cup qualification,Riyadh,Saudi Arabia,False
1996-01-30,China PR,Macau,7.0,1.0,AFC Asian Cup qualification,Victoria,Hong Kong,True
1996-01-30,Hong Kong,Philippines,8.0,0.0,AFC Asian Cup qualification,Victoria,Hong Kong,False
1996-01-31,Saudi Arabia,Kyrgyzstan,2.0,0.0,AFC Asian Cup qualification,Riyadh,Saudi Arabia,False
1996-02-01,Hong Kong,Macau,4.0,1.0,AFC Asian Cup qualification,Victoria,Hong Kong,False
1996-02-01,Philippines,China PR,0.0,7.0,AFC Asian Cup qualification,Victoria,Hong Kong,True
1996-02-02,Kyrgyzstan,Yemen,3.0,1.0,AFC Asian Cup qualification,Riyadh,Saudi Arabia,True
1996-02-04,Hong Kong,China PR,0.0,2.0,AFC Asian Cup qualification,Victoria,Hong Kong,False
1996-02-04,Macau,Philippines,5.0,1.0,AFC Asian Cup qualification,Victoria,Hong Kong,True
1996-02-04,Saudi Arabia,Yemen,1.0,0.0,AFC Asian Cup qualification,Riyadh,Saudi Arabia,False
1996-02-10,Australia,Japan,1.0,4.0,Friendly,Wollongong,Australia,False
1996-02-14,Australia,Japan,3.0,0.0,Friendly,Melbourne,Australia,False
1996-02-23,Thailand,Indonesia,4.0,1.0,Friendly,Bangkok,Thailand,False
1996-02-24,Kuwait,Oman,1.0,0.0,Friendly,Kuwait City,Kuwait,False
1996-03-02,Malaysia,Indonesia,1.0,1.0,AFC Asian Cup qualification,Kuala Lumpur,Malaysia,False
1996-03-02,Oman,Kuwait,0.0,3.0,Friendly,Muscat,Oman,False
1996-03-04,Indonesia,India,7.0,1.0,AFC Asian Cup qualification,Kuala Lumpur,Malaysia,True
1996-03-05,Syria,Kuwait,0.0,2.0,Friendly,Damascus,Syria,False
1996-03-06,Malaysia,India,5.0,2.0,AFC Asian Cup qualification,Kuala Lumpur,Malaysia,False
1996-03-10,Turkmenistan,Kuwait,2.0,2.0,AFC Asian Cup qualification,Ashgabat,Turkmenistan,False
1996-03-19,United Arab Emirates,South Korea,3.0,2.0,United Arab Emirates Friendship Tournament,Dubai,United Arab Emirates,False
1996-03-22,Kuwait,Turkmenistan,2.0,0.0,AFC Asian Cup qualification,Kuwait City,Kuwait,False
1996-04-21,Qatar,Kuwait,3.0,1.0,Friendly,Doha,Qatar,False
1996-04-26,Turkmenistan,Iran,1.0,1.0,Friendly,Ashgabat,Turkmenistan,False
1996-04-28,Turkmenistan,Iran,0.0,1.0,Friendly,Ashgabat,Turkmenistan,False
1996-05-08,Tajikistan,Uzbekistan,4.0,0.0,AFC Asian Cup qualification,Dushanbe,Tajikistan,False
1996-05-12,Lebanon,Turkmenistan,3.0,1.0,AFC Asian Cup qualification,Beirut,Lebanon,False
1996-05-17,Iran,Qatar,2.0,0.0,Friendly,Tabriz,Iran,False
1996-05-23,Kuwait,Syria,3.0,1.0,Friendly,Kuwait City,Kuwait,False
1996-05-26,Turkmenistan,Lebanon,0.0,1.0,AFC Asian Cup qualification,Ashgabat,Turkmenistan,False
1996-06-01,Qatar,Iran,0.0,1.0,Friendly,Doha,Qatar,False
1996-06-03,Oman,Bahrain,3.0,0.0,Friendly,Muscat,Oman,False
1996-06-09,Lebanon,Kuwait,3.0,5.0,AFC Asian Cup qualification,Beirut,Lebanon,False
1996-06-10,Iran,Nepal,8.0,0.0,AFC Asian Cup qualification,Tehran,Iran,False
1996-06-10,Sri Lanka,Oman,0.0,3.0,AFC Asian Cup qualification,Tehran,Iran,True
1996-06-12,Iran,Sri Lanka,7.0,0.0,AFC Asian Cup qualification,Tehran,Iran,False
1996-06-12,Nepal,Oman,0.0,7.0,AFC Asian Cup qualification,Tehran,Iran,True
1996-06-14,Iran,Oman,2.0,0.0,AFC Asian Cup qualification,Tehran,Iran,False
1996-06-14,Sri Lanka,Nepal,3.0,1.0,AFC Asian Cup qualification,Tehran,Iran,True
1996-06-17,Oman,Nepal,2.0,1.0,AFC Asian Cup qualification,Muscat,Oman,False
1996-06-17,Sri Lanka,Iran,0.0,4.0,AFC Asian Cup qualification,Muscat,Oman,True
1996-06-19,Nepal,Iran,0.0,4.0,AFC Asian Cup qualification,Muscat,Oman,True
1996-06-19,Oman,Sri Lanka,10.0,0.0,AFC Asian Cup qualification,Muscat,Oman,False
1996-06-19,Uzbekistan,Tajikistan,5.0,0.0,AFC Asian Cup qualification,Tashkent,Uzbekistan,False
1996-06-20,Kuwait,Lebanon,0.0,0.0,AFC Asian Cup qualification,Kuwait City,Kuwait,False
1996-06-21,Nepal,Sri Lanka,0.0,2.0,AFC Asian Cup qualification,Muscat,Oman,True
1996-06-21,Oman,Iran,1.0,2.0,AFC Asian Cup qualification,Muscat,Oman,False
1996-06-27,Myanmar,Singapore,0.0,4.0,AFC Asian Cup qualification,Bangkok,Thailand,True
1996-06-27,Thailand,Maldives,8.0,0.0,AFC Asian Cup qualification,Bangkok,Thailand,False
1996-06-28,Qatar,Syria,1.0,0.0,AFC Asian Cup qualification,Doha,Qatar,False
1996-06-29,Maldives,Singapore,0.0,2.0,AFC Asian Cup qualification,Bangkok,Thailand,True
1996-06-29,Thailand,Myanmar,5.0,1.0,AFC Asian Cup qualification,Bangkok,Thailand,False
1996-07-01,Myanmar,Maldives,3.0,1.0,AFC Asian Cup qualification,Bangkok,Thailand,True
1996-07-01,Thailand,Singapore,1.0,1.0,AFC Asian Cup qualification,Bangkok,Thailand,False
1996-07-04,Maldives,Thailand,0.0,8.0,AFC Asian Cup qualification,Singapore,Singapore,True
1996-07-04,Singapore,Myanmar,2.0,2.0,AFC Asian Cup qualification,Singapore,Singapore,False
1996-07-07,Myanmar,Thailand,1.0,7.0,AFC Asian Cup qualification,Singapore,Singapore,True
1996-07-07,Singapore,Maldives,5.0,2.0,AFC Asian Cup qualification,Singapore,Singapore,False
1996-07-09,Myanmar,Maldives,4.0,1.0,AFC Asian Cup qualification,Singapore,Singapore,True
1996-07-09,Singapore,Thailand,2.0,2.0,AFC Asian Cup qualification,Singapore,Singapore,False
1996-07-19,Syria,Qatar,3.0,1.0,AFC Asian Cup qualification,Damascus,Syria,False
1996-08-04,Vietnam,Taiwan,4.0,1.0,AFC Asian Cup qualification,Ho Chi Minh City,Vietnam,False
1996-08-05,South Korea,Guam,9.0,0.0,AFC Asian Cup qualification,Ho Chi Minh City,Vietnam,True
1996-08-07,Vietnam,Guam,9.0,0.0,AFC Asian Cup qualification,Ho Chi Minh City,Vietnam,False
1996-08-08,South Korea,Taiwan,4.0,0.0,AFC Asian Cup qualification,Ho Chi Minh City,Vietnam,True
1996-08-09,Jordan,Pakistan,4.0,0.0,AFC Asian Cup qualification,Amman,Jordan,False
1996-08-11,Iraq,Pakistan,3.0,0.0,AFC Asian Cup qualification,Amman,Jordan,True
1996-08-11,Vietnam,South Korea,0.0,4.0,AFC Asian Cup qualification,Ho Chi Minh City,Vietnam,False
1996-08-13,Jordan,Iraq,0.0,1.0,AFC Asian Cup qualification,Amman,Jordan,False
1996-09-01,Singapore,Malaysia,1.0,1.0,AFF Championship,Singapore,Singapore,False
1996-09-02,Cambodia,Vietnam,1.0,3.0,AFF Championship,Singapore,Singapore,True
1996-09-02,Laos,Indonesia,1.0,5.0,AFF Championship,Singapore,Singapore,True
1996-09-02,Philippines,Thailand,0.0,5.0,AFF Championship,Singapore,Singapore,True
1996-09-04,Malaysia,Philippines,7.0,0.0,AFF Championship,Singapore,Singapore,True
1996-09-04,Singapore,Brunei,3.0,0.0,AFF Championship,Singapore,Singapore,False
1996-09-05,Myanmar,Cambodia,5.0,0.0,AFF Championship,Singapore,Singapore,True
1996-09-05,Laos,Vietnam,1.0,1.0,AFF Championship,Singapore,Singapore,True
1996-09-05,Lebanon,Oman,1.0,2.0,Friendly,Beirut,Lebanon,False
1996-09-06,Singapore,Philippines,3.0,0.0,AFF Championship,Singapore,Singapore,False
1996-09-06,Thailand,Brunei,6.0,0.0,AFF Championship,Singapore,Singapore,True
1996-09-07,Myanmar,Vietnam,1.0,4.0,AFF Championship,Singapore,Singapore,True
1996-09-07,Indonesia,Cambodia,3.0,0.0,AFF Championship,Singapore,Singapore,True
1996-09-08,Brunei,Philippines,1.0,0.0,AFF Championship,Singapore,Singapore,True
1996-09-08,Thailand,Malaysia,1.0,1.0,AFF Championship,Singapore,Singapore,True
1996-09-09,Indonesia,Myanmar,6.0,1.0,AFF Championship,Singapore,Singapore,True
1996-09-09,Laos,Cambodia,1.0,0.0,AFF Championship,Singapore,Singapore,True
1996-09-10,Brunei,Malaysia,0.0,6.0,AFF Championship,Singapore,Singapore,True
1996-09-10,Singapore,Thailand,0.0,1.0,AFF Championship,Singapore,Singapore,False
1996-09-11,Japan,Uzbekistan,1.0,0.0,Friendly,Tokyo,Japan,False
1996-09-11,Laos,Myanmar,2.0,4.0,AFF Championship,Singapore,Singapore,True
1996-09-11,Vietnam,Indonesia,1.0,1.0,AFF Championship,Singapore,Singapore,True
1996-09-13,Malaysia,Indonesia,3.0,1.0,AFF Championship,Singapore,Singapore,True
1996-09-13,Thailand,Vietnam,4.0,2.0,AFF Championship,Singapore,Singapore,True
1996-09-15,Indonesia,Vietnam,2.0,3.0,AFF Championship,Singapore,Singapore,True
1996-09-15,Thailand,Malaysia,1.0,0.0,AFF Championship,Singapore,Singapore,True
1996-09-20,Qatar,Sri Lanka,3.0,0.0,FIFA World Cup qualification,Doha,Qatar,False
1996-09-21,India,Philippines,2.0,0.0,FIFA World Cup qualification,Doha,Qatar,True
1996-09-23,Qatar,Philippines,5.0,0.0,FIFA World Cup qualification,Doha,Qatar,False
1996-09-24,Sri Lanka,India,1.0,1.0,FIFA World Cup qualification,Doha,Qatar,True
1996-09-25,South Korea,China PR,3.0,1.0,Friendly,Seoul,South Korea,False
1996-09-26,Philippines,Sri Lanka,0.0,3.0,FIFA World Cup qualification,Doha,Qatar,True
1996-09-27,Qatar,India,6.0,0.0,FIFA World Cup qualification,Doha,Qatar,False
1996-10-03,Lebanon,Bahrain,2.0,3.0,Friendly,Tripoli,Lebanon,False
1996-10-04,Kuwait,Iran,0.0,1.0,Friendly,Kuwait City,Kuwait,False
1996-10-09,Saudi Arabia,Australia,0.0,0.0,Friendly,Dammam,Saudi Arabia,False
1996-10-15,Oman,Saudi Arabia,0.0,1.0,Gulf Cup,Muscat,Oman,False
1996-10-16,Kuwait,Bahrain,1.0,0.0,Gulf Cup,Muscat,Oman,True
1996-10-16,United Arab Emirates,Qatar,0.0,1.0,Gulf Cup,Muscat,Oman,True
1996-10-18,Oman,Kuwait,1.0,2.0,Gulf Cup,Muscat,Oman,False
1996-10-18,United Arab Emirates,Bahrain,1.0,1.0,Gulf Cup,Muscat,Oman,True
1996-10-19,Qatar,Saudi Arabia,2.0,2.0,Gulf Cup,Muscat,Oman,True
1996-10-21,Oman,Qatar,0.0,3.0,Gulf Cup,Muscat,Oman,False
1996-10-21,Saudi Arabia,Bahrain,3.0,1.0,Gulf Cup,Muscat,Oman,True
1996-10-22,Kuwait,United Arab Emirates,1.0,2.0,Gulf Cup,Muscat,Oman,True
1996-10-24,Kuwait,Saudi Arabia,1.0,0.0,Gulf Cup,Muscat,Oman,True
1996-10-24,Oman,United Arab Emirates,0.0,0.0,Gulf Cup,Muscat,Oman,False
1996-10-25,Bahrain,Qatar,1.0,2.0,Gulf Cup,Muscat,Oman,True
1996-10-27,United Arab Emirates,Saudi Arabia,2.0,2.0,Gulf Cup,Muscat,Oman,True
1996-10-28,Oman,Bahrain,1.0,1.0,Gulf Cup,Muscat,Oman,False
1996-10-28,Qatar,Kuwait,1.0,2.0,Gulf Cup,Muscat,Oman,True
1996-11-13,Lebanon,Iran,0.0,0.0,Friendly,Beirut,Lebanon,False
1996-11-16,Saudi Arabia,Syria,3.0,1.0,Friendly,Jeddah,Saudi Arabia,False
1996-11-19,Kuwait,Syria,2.0,2.0,Friendly,Kuwait City,Kuwait,False
1996-11-19,United Arab Emirates,Uzbekistan,4.0,2.0,Friendly,Abu Dhabi,United Arab Emirates,False
1996-11-22,United Arab Emirates,Uzbekistan,2.0,0.0,Friendly,Abu Dhabi,United Arab Emirates,False
1996-11-24,Indonesia,Iraq,0.0,4.0,Friendly,Genoa,Italy,True
1996-11-25,Iran,Turkmenistan,0.0,1.0,Friendly,Tehran,Iran,False
1996-11-26,China PR,South Korea,2.0,3.0,Friendly,Guangzhou,China PR,False
1996-11-26,United Arab Emirates,Syria,1.0,1.0,Friendly,Abu Dhabi,United Arab Emirates,False
1996-11-28,United Arab Emirates,Syria,1.0,0.0,Friendly,Abu Dhabi,United Arab Emirates,False
1996-11-29,Saudi Arabia,Indonesia,4.0,1.0,Friendly,Dammam,Saudi Arabia,False
1996-12-04,Indonesia,Kuwait,2.0,2.0,AFC Asian Cup,Abu Dhabi,United Arab Emirates,True
1996-12-04,United Arab Emirates,South Korea,1.0,1.0,AFC Asian Cup,Abu Dhabi,United Arab Emirates,False
1996-12-05,Iran,Iraq,1.0,2.0,AFC Asian Cup,Dubai,United Arab Emirates,True
1996-12-05,Saudi Arabia,Thailand,6.0,0.0,AFC Asian Cup,Dubai,United Arab Emirates,True
1996-12-06,China PR,Uzbekistan,0.0,2.0,AFC Asian Cup,Al Ain,United Arab Emirates,True
1996-12-06,Japan,Syria,2.0,1.0,AFC Asian Cup,Al Ain,United Arab Emirates,True
1996-12-07,South Korea,Indonesia,4.0,2.0,AFC Asian Cup,Abu Dhabi,United Arab Emirates,True
1996-12-07,United Arab Emirates,Kuwait,3.0,2.0,AFC Asian Cup,Abu Dhabi,United Arab Emirates,False
1996-12-08,Saudi Arabia,Iraq,1.0,0.0,AFC Asian Cup,Dubai,United Arab Emirates,True
1996-12-08,Thailand,Iran,1.0,3.0,AFC Asian Cup,Dubai,United Arab Emirates,True
1996-12-09,Japan,Uzbekistan,4.0,0.0,AFC Asian Cup,Al Ain,United Arab Emirates,True
1996-12-09,Syria,China PR,0.0,3.0,AFC Asian Cup,Al Ain,United Arab Emirates,True
1996-12-10,Kuwait,South Korea,2.0,0.0,AFC Asian Cup,Abu Dhabi,United Arab Emirates,True
1996-12-10,United Arab Emirates,Indonesia,2.0,0.0,AFC Asian Cup,Abu Dhabi,United Arab Emirates,False
1996-12-11,Iraq,Thailand,4.0,1.0,AFC Asian Cup,Dubai,United Arab Emirates,True
1996-12-11,Saudi Arabia,Iran,0.0,3.0,AFC Asian Cup,Dubai,United Arab Emirates,True
1996-12-12,Japan,China PR,1.0,0.0,AFC Asian Cup,Al Ain,United Arab Emirates,True
1996-12-12,Uzbekistan,Syria,1.0,2.0,AFC Asian Cup,Al Ain,United Arab Emirates,True
1996-12-15,Kuwait,Japan,2.0,0.0,AFC Asian Cup,Al Ain,United Arab Emirates,True
1996-12-15,United Arab Emirates,Iraq,1.0,0.0,AFC Asian Cup,Abu Dhabi,United Arab Emirates,False
1996-12-16,South Korea,Iran,2.0,6.0,AFC Asian Cup,Dubai,United Arab Emirates,True
1996-12-16,Saudi Arabia,China PR,4.0,3.0,AFC Asian Cup,Abu Dhabi,United Arab Emirates,True
1996-12-19,Iran,Saudi Arabia,0.0,0.0,AFC Asian Cup,Abu Dhabi,United Arab Emirates,True
1996-12-19,United Arab Emirates,Kuwait,1.0,0.0,AFC Asian Cup,Abu Dhabi,United Arab Emirates,False
1996-12-21,Iran,Kuwait,1.0,1.0,AFC Asian Cup,Abu Dhabi,United Arab Emirates,True
1996-12-21,United Arab Emirates,Saudi Arabia,0.0,0.0,AFC Asian Cup,Abu Dhabi,United Arab Emirates,False
1997-01-22,Australia,South Korea,2.0,1.0,Friendly,Brisbane,Australia,False
1997-02-02,Lebanon,Jordan,1.0,0.0,Friendly,Beirut,Lebanon,False
1997-02-07,Jordan,Lebanon,0.0,0.0,Friendly,Amman,Jordan,False
1997-02-09,Lebanon,Jordan,0.0,0.0,Friendly,Beirut,Lebanon,False
1997-02-09,Thailand,Japan,1.0,1.0,King's Cup,Bangkok,Thailand,False
1997-02-16,Iraq,Jordan,1.0,0.0,Friendly,Baghdad,Iraq,False
1997-02-21,China PR,Singapore,3.0,1.0,Dunhill Cup,Kuala Lumpur,Malaysia,True
1997-02-22,Hong Kong,South Korea,0.0,2.0,FIFA World Cup qualification,Victoria,Hong Kong,False
1997-02-23,Malaysia,Singapore,0.0,0.0,Dunhill Cup,Kuala Lumpur,Malaysia,False
1997-02-24,Indonesia,Vietnam,1.0,0.0,Dunhill Cup,Kuala Lumpur,Malaysia,True
1997-02-25,Malaysia,China PR,0.0,2.0,Dunhill Cup,Kuala Lumpur,Malaysia,False
1997-03-02,Saudi Arabia,Syria,3.0,0.0,Friendly,Riyadh,Saudi Arabia,False
1997-03-02,Thailand,South Korea,1.0,3.0,FIFA World Cup qualification,Bangkok,Thailand,False
1997-03-06,Bahrain,Oman,1.0,0.0,Friendly,Muharraq,Bahrain,False
1997-03-09,Saudi Arabia,Indonesia,2.0,0.0,Friendly,Dammam,Saudi Arabia,False
1997-03-09,Thailand,Hong Kong,2.0,0.0,FIFA World Cup qualification,Bangkok,Thailand,False
1997-03-12,Saudi Arabia,Indonesia,3.0,1.0,Friendly,Dammam,Saudi Arabia,False
1997-03-15,Thailand,Japan,3.0,1.0,Friendly,Bangkok,Thailand,False
1997-03-16,Taiwan,Saudi Arabia,0.0,2.0,FIFA World Cup qualification,Shah Alam,Malaysia,True
1997-03-16,Malaysia,Bangladesh,2.0,0.0,FIFA World Cup qualification,Kuala Lumpur,Malaysia,False
1997-03-18,Bangladesh,Taiwan,1.0,3.0,FIFA World Cup qualification,Kuala Lumpur,Malaysia,True
1997-03-18,Kuwait,Bahrain,3.0,1.0,Friendly,Kuwait City,Kuwait,False
1997-03-18,Malaysia,Saudi Arabia,0.0,0.0,FIFA World Cup qualification,Kuala Lumpur,Malaysia,False
1997-03-19,United Arab Emirates,Lebanon,2.0,1.0,Friendly,Abu Dhabi,United Arab Emirates,False
1997-03-20,Bangladesh,Saudi Arabia,1.0,4.0,FIFA World Cup qualification,Kuala Lumpur,Malaysia,True
1997-03-20,Malaysia,Taiwan,2.0,0.0,FIFA World Cup qualification,Kuala Lumpur,Malaysia,False
1997-03-23,Nepal,Macau,1.0,1.0,FIFA World Cup qualification,Muscat,Oman,True
1997-03-23,Oman,Japan,0.0,1.0,FIFA World Cup qualification,Muscat,Oman,False
1997-03-25,Macau,Japan,0.0,10.0,FIFA World Cup qualification,Muscat,Oman,True
1997-03-25,Oman,Nepal,1.0,0.0,FIFA World Cup qualification,Muscat,Oman,False
1997-03-27,Nepal,Japan,0.0,6.0,FIFA World Cup qualification,Muscat,Oman,True
1997-03-27,Oman,Macau,4.0,0.0,FIFA World Cup qualification,Muscat,Oman,False
1997-03-27,Saudi Arabia,Bangladesh,3.0,0.0,FIFA World Cup qualification,Jeddah,Saudi Arabia,False
1997-03-29,Taiwan,Bangladesh,1.0,2.0,FIFA World Cup qualification,Jeddah,Saudi Arabia,True
1997-03-29,Saudi Arabia,Malaysia,3.0,0.0,FIFA World Cup qualification,Jeddah,Saudi Arabia,False
1997-03-30,China PR,Iraq,0.0,2.0,Nehru Cup,Kochi,India,True
1997-03-30,Hong Kong,Thailand,3.0,2.0,FIFA World Cup qualification,Victoria,Hong Kong,False
1997-03-31,Bangladesh,Malaysia,0.0,1.0,FIFA World Cup qualification,Jeddah,Saudi Arabia,True
1997-03-31,Saudi Arabia,Taiwan,6.0,0.0,FIFA World Cup qualification,Jeddah,Saudi Arabia,False
1997-04-01,India,China PR,0.0,0.0,Nehru Cup,Kochi,India,False
1997-04-06,India,Iraq,0.0,1.0,Nehru Cup,Kochi,India,False
1997-04-06,Indonesia,Cambodia,8.0,0.0,FIFA World Cup qualification,Jakarta,Indonesia,False
1997-04-08,Jordan,United Arab Emirates,0.0,0.0,FIFA World Cup qualification,Manama,Bahrain,True
1997-04-10,India,Iraq,1.0,1.0,Nehru Cup,Kochi,India,False
1997-04-11,Bahrain,United Arab Emirates,1.0,2.0,FIFA World Cup qualification,Manama,Bahrain,False
1997-04-11,India,China PR,1.0,2.0,Nehru Cup,Kochi,India,False
1997-04-11,Kuwait,Iran,0.0,2.0,Friendly,Kuwait City,Kuwait,False
1997-04-13,Indonesia,Yemen,0.0,0.0,FIFA World Cup qualification,Jakarta,Indonesia,False
1997-04-13,Lebanon,Singapore,1.0,1.0,FIFA World Cup qualification,Beirut,Lebanon,False
1997-04-14,Bahrain,Jordan,1.0,0.0,FIFA World Cup qualification,Manama,Bahrain,False
1997-04-17,Thailand,Kuwait,3.0,1.0,Friendly,Bangkok,Thailand,False
1997-04-19,Jordan,Bahrain,4.0,1.0,FIFA World Cup qualification,Sharjah,United Arab Emirates,True
1997-04-20,Cambodia,Yemen,0.0,1.0,FIFA World Cup qualification,Phnom Penh,Cambodia,False
1997-04-21,China PR,Myanmar,5.0,0.0,Friendly,Beijing,China PR,False
1997-04-22,United Arab Emirates,Bahrain,3.0,0.0,FIFA World Cup qualification,Sharjah,United Arab Emirates,False
1997-04-23,China PR,South Korea,0.0,2.0,Friendly,Beijing,China PR,False
1997-04-26,Singapore,Kuwait,0.0,1.0,FIFA World Cup qualification,Singapore,Singapore,False
1997-04-26,United Arab Emirates,Jordan,2.0,0.0,FIFA World Cup qualification,Sharjah,United Arab Emirates,False
1997-04-27,Cambodia,Indonesia,1.0,1.0,FIFA World Cup qualification,Phnom Penh,Cambodia,False
1997-04-27,China PR,Iran,0.0,0.0,Friendly,Beijing,China PR,False
1997-05-04,Tajikistan,Vietnam,4.0,0.0,FIFA World Cup qualification,Dushanbe,Tajikistan,False
1997-05-04,Turkmenistan,China PR,1.0,4.0,FIFA World Cup qualification,Ashgabat,Turkmenistan,False
1997-05-08,Kuwait,Lebanon,2.0,0.0,FIFA World Cup qualification,Kuwait City,Kuwait,False
1997-05-09,Yemen,Uzbekistan,0.0,1.0,FIFA World Cup qualification,Sana'a,Yemen,False
1997-05-11,Tajikistan,China PR,0.0,1.0,FIFA World Cup qualification,Dushanbe,Tajikistan,False
1997-05-11,Turkmenistan,Vietnam,2.0,1.0,FIFA World Cup qualification,Ashgabat,Turkmenistan,False
1997-05-11,Mongolia,China PR,0.0,6.0,East Asian Games,Busan,South Korea,True
1997-05-11,Guam,Japan,0.0,12.0,East Asian Games,Busan,South Korea,True
1997-05-13,Japan,Mongolia,5.0,0.0,East Asian Games,Busan,South Korea,True
1997-05-15,Guam,China PR,0.0,7.0,East Asian Games,Busan,South Korea,True
1997-05-16,Yemen,Cambodia,7.0,0.0,FIFA World Cup qualification,Sana'a,Yemen,False
1997-05-17,China PR,Japan,2.0,0.0,East Asian Games,Busan,South Korea,True
1997-05-19,Guam,Mongolia,0.0,4.0,East Asian Games,Busan,South Korea,True
1997-05-21,Japan,South Korea,1.0,1.0,Friendly,Tokyo,Japan,False
1997-05-23,Pakistan,Iraq,2.0,6.0,FIFA World Cup qualification,Lahore,Pakistan,False
1997-05-24,Singapore,Lebanon,1.0,2.0,FIFA World Cup qualification,Singapore,Singapore,False
1997-05-25,Turkmenistan,Tajikistan,1.0,2.0,FIFA World Cup qualification,Ashgabat,Turkmenistan,False
1997-05-25,Uzbekistan,Cambodia,6.0,0.0,FIFA World Cup qualification,Tashkent,Uzbekistan,False
1997-05-25,Vietnam,China PR,1.0,3.0,FIFA World Cup qualification,Ho Chi Minh City,Vietnam,False
1997-05-28,South Korea,Hong Kong,4.0,0.0,FIFA World Cup qualification,Daejeon,South Korea,False
1997-06-01,China PR,Turkmenistan,1.0,0.0,FIFA World Cup qualification,Beijing,China PR,False
1997-06-01,Indonesia,Uzbekistan,1.0,1.0,FIFA World Cup qualification,Jakarta,Indonesia,False
1997-06-01,South Korea,Thailand,0.0,0.0,FIFA World Cup qualification,Seoul,South Korea,False
1997-06-01,Vietnam,Tajikistan,0.0,4.0,FIFA World Cup qualification,Ho Chi Minh City,Vietnam,False
1997-06-02,Maldives,Iran,0.0,17.0,FIFA World Cup qualification,Damascus,Syria,True
1997-06-04,Kyrgyzstan,Iran,0.0,7.0,FIFA World Cup qualification,Damascus,Syria,True
1997-06-04,Syria,Maldives,12.0,0.0,FIFA World Cup qualification,Damascus,Syria,False
1997-06-05,Kuwait,Singapore,4.0,0.0,FIFA World Cup qualification,Kuwait City,Kuwait,False
1997-06-06,Kyrgyzstan,Maldives,3.0,0.0,FIFA World Cup qualification,Damascus,Syria,True
1997-06-06,Palestine,Jordan,0.0,0.0,Friendly,Jericho,Palestine,False
1997-06-06,Syria,Iran,0.0,1.0,FIFA World Cup qualification,Damascus,Syria,False
1997-06-08,China PR,Tajikistan,0.0,0.0,FIFA World Cup qualification,Beijing,China PR,False
1997-06-08,Vietnam,Turkmenistan,0.0,4.0,FIFA World Cup qualification,Ho Chi Minh City,Vietnam,False
1997-06-09,Iran,Kyrgyzstan,3.0,1.0,FIFA World Cup qualification,Tehran,Iran,False
1997-06-09,Maldives,Syria,0.0,12.0,FIFA World Cup qualification,Tehran,Iran,True
1997-06-11,Iran,Maldives,9.0,0.0,FIFA World Cup qualification,Tehran,Iran,False
1997-06-11,Kyrgyzstan,Syria,2.0,1.0,FIFA World Cup qualification,Tehran,Iran,True
1997-06-13,Iran,Syria,2.0,2.0,FIFA World Cup qualification,Tehran,Iran,False
1997-06-13,Maldives,Kyrgyzstan,0.0,6.0,FIFA World Cup qualification,Tehran,Iran,True
1997-06-13,Yemen,Indonesia,1.0,1.0,FIFA World Cup qualification,Sana'a,Yemen,False
1997-06-20,Iraq,Pakistan,6.0,1.0,FIFA World Cup qualification,Baghdad,Iraq,False
1997-06-20,Uzbekistan,Indonesia,3.0,0.0,FIFA World Cup qualification,Tashkent,Uzbekistan,False
1997-06-22,China PR,Vietnam,4.0,0.0,FIFA World Cup qualification,Beijing,China PR,False
1997-06-22,Japan,Macau,10.0,0.0,FIFA World Cup qualification,Tokyo,Japan,False
1997-06-22,Lebanon,Kuwait,1.0,3.0,FIFA World Cup qualification,Beirut,Lebanon,False
1997-06-22,Nepal,Oman,0.0,6.0,FIFA World Cup qualification,Tokyo,Japan,True
1997-06-22,Tajikistan,Turkmenistan,5.0,0.0,FIFA World Cup qualification,Dushanbe,Tajikistan,False
1997-06-25,Japan,Nepal,3.0,0.0,FIFA World Cup qualification,Tokyo,Japan,False
1997-06-25,Macau,Oman,0.0,2.0,FIFA World Cup qualification,Tokyo,Japan,True
1997-06-28,Japan,Oman,1.0,1.0,FIFA World Cup qualification,Tokyo,Japan,False
1997-06-28,Macau,Nepal,2.0,1.0,FIFA World Cup qualification,Tokyo,Japan,True
1997-06-29,Cambodia,Uzbekistan,1.0,4.0,FIFA World Cup qualification,Phnom Penh,Cambodia,False
1997-08-21,Lebanon,Iraq,0.0,2.0,Friendly,Beirut,Lebanon,False
1997-08-24,South Korea,Tajikistan,4.0,1.0,Friendly,Daegu,South Korea,False
1997-08-24,Uzbekistan,Yemen,5.0,1.0,FIFA World Cup qualification,Tashkent,Uzbekistan,False
1997-08-30,South Korea,China PR,0.0,0.0,Friendly,Seoul,South Korea,False
1997-09-02,United Arab Emirates,Iran,3.0,1.0,Friendly,Abu Dhabi,United Arab Emirates,False
1997-09-04,Nepal,Pakistan,0.0,2.0,SAFF Cup,Kathmandu,Nepal,False
1997-09-05,Maldives,Bangladesh,1.0,1.0,SAFF Cup,Kathmandu,Nepal,True
1997-09-06,Sri Lanka,Pakistan,2.0,0.0,SAFF Cup,Kathmandu,Nepal,True
1997-09-07,India,Bangladesh,3.0,0.0,SAFF Cup,Kathmandu,Nepal,True
1997-09-07,Japan,Uzbekistan,6.0,3.0,FIFA World Cup qualification,Tokyo,Japan,False
1997-09-08,Nepal,Sri Lanka,1.0,3.0,SAFF Cup,Kathmandu,Nepal,False
1997-09-09,Maldives,India,2.0,2.0,SAFF Cup,Kathmandu,Nepal,True
1997-09-10,Sri Lanka,Maldives,1.0,2.0,SAFF Cup,Kathmandu,Nepal,True
1997-09-11,India,Pakistan,2.0,0.0,SAFF Cup,Kathmandu,Nepal,True
1997-09-12,South Korea,Uzbekistan,2.0,1.0,FIFA World Cup qualification,Seoul,South Korea,False
1997-09-13,China PR,Iran,2.0,4.0,FIFA World Cup qualification,Dalian,China PR,False
1997-09-13,India,Maldives,5.0,1.0,SAFF Cup,Kathmandu,Nepal,True
1997-09-13,Pakistan,Sri Lanka,1.0,0.0,SAFF Cup,Kathmandu,Nepal,True
1997-09-14,Saudi Arabia,Kuwait,2.0,1.0,FIFA World Cup qualification,Taif,Saudi Arabia,False
1997-09-19,Iran,Saudi Arabia,1.0,1.0,FIFA World Cup qualification,Tehran,Iran,False
1997-09-19,Qatar,Kuwait,0.0,2.0,FIFA World Cup qualification,Doha,Qatar,False
1997-09-19,United Arab Emirates,Japan,0.0,0.0,FIFA World Cup qualification,Abu Dhabi,United Arab Emirates,False
1997-09-26,Kuwait,Iran,1.0,1.0,FIFA World Cup qualification,Kuwait City,Kuwait,False
1997-09-26,Qatar,China PR,1.0,1.0,FIFA World Cup qualification,Doha,Qatar,False
1997-09-27,Uzbekistan,United Arab Emirates,2.0,3.0,FIFA World Cup qualification,Tashkent,Uzbekistan,False
1997-09-28,Japan,South Korea,1.0,2.0,FIFA World Cup qualification,Tokyo,Japan,False
1997-10-03,China PR,Saudi Arabia,1.0,0.0,FIFA World Cup qualification,Dalian,China PR,False
1997-10-03,Iran,Qatar,3.0,0.0,FIFA World Cup qualification,Tehran,Iran,False
1997-10-04,South Korea,United Arab Emirates,3.0,0.0,FIFA World Cup qualification,Seoul,South Korea,False
1997-10-05,Vietnam,Malaysia,0.0,1.0,Southeast Asian Games,Jakarta,Indonesia,True
1997-10-05,Indonesia,Laos,5.0,2.0,Southeast Asian Games,Jakarta,Indonesia,False
1997-10-05,Thailand,Myanmar,2.0,1.0,Southeast Asian Games,Jakarta,Indonesia,True
1997-10-05,Brunei,Cambodia,0.0,4.0,Southeast Asian Games,Jakarta,Indonesia,True
1997-10-07,Malaysia,Philippines,4.0,0.0,Southeast Asian Games,Jakarta,Indonesia,True
1997-10-07,Indonesia,Vietnam,2.0,2.0,Southeast Asian Games,Jakarta,Indonesia,False
1997-10-07,Brunei,Thailand,0.0,6.0,Southeast Asian Games,Jakarta,Indonesia,True
1997-10-07,Singapore,Myanmar,2.0,2.0,Southeast Asian Games,Jakarta,Indonesia,True
1997-10-09,Laos,Philippines,4.0,1.0,Southeast Asian Games,Jakarta,Indonesia,True
1997-10-09,Indonesia,Malaysia,4.0,0.0,Southeast Asian Games,Jakarta,Indonesia,False
1997-10-09,Singapore,Cambodia,2.0,1.0,Southeast Asian Games,Jakarta,Indonesia,True
1997-10-09,Brunei,Myanmar,1.0,6.0,Southeast Asian Games,Jakarta,Indonesia,True
1997-10-10,Kuwait,China PR,1.0,2.0,FIFA World Cup qualification,Kuwait City,Kuwait,False
1997-10-11,Saudi Arabia,Qatar,1.0,0.0,FIFA World Cup qualification,Taif,Saudi Arabia,False
1997-10-11,Uzbekistan,Japan,1.0,1.0,FIFA World Cup qualification,Tashkent,Uzbekistan,False
1997-10-12,Indonesia,Philippines,2.0,0.0,Southeast Asian Games,Jakarta,Indonesia,False
1997-10-12,Vietnam,Laos,2.0,1.0,Southeast Asian Games,Jakarta,Indonesia,True
1997-10-12,Thailand,Cambodia,4.0,0.0,Southeast Asian Games,Jakarta,Indonesia,True
1997-10-12,Singapore,Brunei,1.0,0.0,Southeast Asian Games,Jakarta,Indonesia,True
1997-10-14,Vietnam,Philippines,3.0,0.0,Southeast Asian Games,Jakarta,Indonesia,True
1997-10-14,Laos,Malaysia,1.0,0.0,Southeast Asian Games,Jakarta,Indonesia,True
1997-10-14,Myanmar,Cambodia,1.0,3.0,Southeast Asian Games,Jakarta,Indonesia,True
1997-10-14,Singapore,Thailand,0.0,0.0,Southeast Asian Games,Jakarta,Indonesia,True
1997-10-16,Thailand,Vietnam,2.0,1.0,Southeast Asian Games,Jakarta,Indonesia,True
1997-10-16,Indonesia,Singapore,2.0,1.0,Southeast Asian Games,Jakarta,Indonesia,False
1997-10-17,Iran,China PR,4.0,1.0,FIFA World Cup qualification,Tehran,Iran,False
1997-10-17,Kuwait,Saudi Arabia,2.0,1.0,FIFA World Cup qualification,Kuwait City,Kuwait,False
1997-10-18,Uzbekistan,South Korea,1.0,5.0,FIFA World Cup qualification,Tashkent,Uzbekistan,False
1997-10-18,Vietnam,Singapore,1.0,0.0,Southeast Asian Games,Jakarta,Indonesia,True
1997-10-18,Indonesia,Thailand,1.0,1.0,Southeast Asian Games,Jakarta,Indonesia,False
1997-10-24,Kuwait,Qatar,0.0,1.0,FIFA World Cup qualification,Kuwait City,Kuwait,False
1997-10-24,Saudi Arabia,Iran,1.0,0.0,FIFA World Cup qualification,Taif,Saudi Arabia,False
1997-10-26,Japan,United Arab Emirates,1.0,1.0,FIFA World Cup qualification,Tokyo,Japan,False
1997-10-31,China PR,Qatar,2.0,3.0,FIFA World Cup qualification,Dalian,China PR,False
1997-10-31,Iran,Kuwait,0.0,0.0,FIFA World Cup qualification,Tehran,Iran,False
1997-11-01,South Korea,Japan,0.0,2.0,FIFA World Cup qualification,Seoul,South Korea,False
1997-11-02,United Arab Emirates,Uzbekistan,0.0,0.0,FIFA World Cup qualification,Abu Dhabi,United Arab Emirates,False
1997-11-06,Saudi Arabia,China PR,1.0,1.0,FIFA World Cup qualification,Riyadh,Saudi Arabia,False
1997-11-07,Qatar,Iran,2.0,0.0,FIFA World Cup qualification,Doha,Qatar,False
1997-11-09,United Arab Emirates,South Korea,1.0,3.0,FIFA World Cup qualification,Abu Dhabi,United Arab Emirates,False
1997-11-12,China PR,Kuwait,1.0,0.0,FIFA World Cup qualification,Dalian,China PR,False
1997-11-12,Qatar,Saudi Arabia,0.0,1.0,FIFA World Cup qualification,Doha,Qatar,False
1997-11-16,Japan,Iran,3.0,2.0,FIFA World Cup qualification,Johor Bahru,Malaysia,True
1997-11-22,Iran,Australia,1.0,1.0,FIFA World Cup qualification,Tehran,Iran,False
1997-11-29,Australia,Iran,2.0,2.0,FIFA World Cup qualification,Melbourne,Australia,False
1997-12-16,Saudi Arabia,Australia,1.0,0.0,Confederations Cup,Riyadh,Saudi Arabia,False
1998-01-29,Thailand,South Korea,0.0,2.0,King's Cup,Bangkok,Thailand,False
1998-02-11,Australia,South Korea,1.0,0.0,Friendly,Sydney,Australia,False
1998-02-15,Australia,Japan,0.0,3.0,Friendly,Adelaide,Australia,False
1998-03-01,China PR,Hong Kong,1.0,0.0,Dynasty Cup,Yokohama,Japan,True
1998-03-01,Japan,South Korea,2.0,1.0,Dynasty Cup,Yokohama,Japan,False
1998-03-04,China PR,South Korea,1.0,2.0,Dynasty Cup,Yokohama,Japan,True
1998-03-04,Japan,Hong Kong,5.0,1.0,Dynasty Cup,Yokohama,Japan,False
1998-03-07,Japan,China PR,0.0,2.0,Dynasty Cup,Tokyo,Japan,False
1998-03-08,Hong Kong,South Korea,0.0,1.0,Dynasty Cup,Tokyo,Japan,True
1998-03-14,Myanmar,Brunei,4.0,1.0,AFF Championship qualification,Yangon,Myanmar,False
1998-03-16,Laos,Brunei,2.0,1.0,AFF Championship qualification,Yangon,Myanmar,True
1998-03-18,Myanmar,Laos,3.0,0.0,AFF Championship qualification,Yangon,Myanmar,False
1998-03-24,Singapore,Philippines,1.0,0.0,AFF Championship qualification,Singapore,Singapore,False
1998-03-26,Cambodia,Philippines,1.0,1.0,AFF Championship qualification,Singapore,Singapore,True
1998-03-28,Singapore,Cambodia,3.0,0.0,AFF Championship qualification,Singapore,Singapore,False
1998-04-01,South Korea,Japan,2.0,1.0,Friendly,Seoul,South Korea,False
1998-04-14,Iran,Kuwait,1.0,1.0,Friendly,Tehran,Iran,False
1998-06-04,South Korea,China PR,1.0,1.0,Friendly,Seoul,South Korea,False
1998-06-27,Thailand,China PR,0.0,3.0,Friendly,Bangkok,Thailand,False
1998-07-02,Oman,Syria,1.0,2.0,Friendly,Muscat,Oman,False
1998-07-20,Lebanon,Palestine,3.0,1.0,Arab Cup qualification,Beirut,Lebanon,False
1998-07-20,Syria,Jordan,3.0,0.0,Arab Cup qualification,Beirut,Lebanon,True
1998-07-23,Lebanon,Jordan,0.0,2.0,Arab Cup qualification,Beirut,Lebanon,False
1998-07-23,Palestine,Syria,1.0,2.0,Arab Cup qualification,Beirut,Lebanon,True
1998-07-26,Jordan,Palestine,1.0,1.0,Arab Cup qualification,Beirut,Lebanon,True
1998-07-26,Lebanon,Syria,0.0,1.0,Arab Cup qualification,Beirut,Lebanon,False
1998-07-30,Guam,Northern Mariana Islands,2.0,1.0,Friendly,Koror,Palau,True
1998-08-03,Guam,Northern Mariana Islands,0.0,3.0,Friendly,Koror,Palau,True
1998-08-15,Thailand,Uzbekistan,4.0,1.0,Friendly,Bangkok,Thailand,False
1998-08-26,Malaysia,Singapore,0.0,2.0,AFF Championship,Hanoi,Vietnam,True
1998-08-26,Vietnam,Laos,4.0,1.0,AFF Championship,Hanoi,Vietnam,False
1998-08-27,Indonesia,Philippines,3.0,0.0,AFF Championship,Ho Chi Minh City,Vietnam,True
1998-08-27,Thailand,Myanmar,1.0,1.0,AFF Championship,Ho Chi Minh City,Vietnam,True
1998-08-28,Malaysia,Laos,0.0,0.0,AFF Championship,Hanoi,Vietnam,True
1998-08-28,Vietnam,Singapore,0.0,0.0,AFF Championship,Hanoi,Vietnam,False
1998-08-29,Indonesia,Myanmar,6.0,2.0,AFF Championship,Ho Chi Minh City,Vietnam,True
1998-08-29,Thailand,Philippines,3.0,1.0,AFF Championship,Ho Chi Minh City,Vietnam,True
1998-08-30,Singapore,Laos,4.0,1.0,AFF Championship,Hanoi,Vietnam,True
1998-08-30,Vietnam,Malaysia,1.0,0.0,AFF Championship,Hanoi,Vietnam,False
1998-08-31,Myanmar,Philippines,5.0,2.0,AFF Championship,Ho Chi Minh City,Vietnam,True
1998-08-31,Thailand,Indonesia,3.0,2.0,AFF Championship,Ho Chi Minh City,Vietnam,True
1998-09-02,Singapore,Indonesia,2.0,1.0,AFF Championship,Ho Chi Minh City,Vietnam,True
1998-09-03,Vietnam,Thailand,3.0,0.0,AFF Championship,Hanoi,Vietnam,False
1998-09-05,Indonesia,Thailand,3.0,3.0,AFF Championship,Ho Chi Minh City,Vietnam,True
1998-09-05,Vietnam,Singapore,0.0,1.0,AFF Championship,Hanoi,Vietnam,False
1998-09-09,Kuwait,Lebanon,0.0,0.0,Friendly,Kuwait City,Kuwait,False
1998-09-12,Syria,Oman,3.0,0.0,Friendly,Damascus,Syria,False
1998-09-13,Kuwait,North Korea,4.0,0.0,Friendly,Kuwait City,Kuwait,False
1998-09-15,Syria,Oman,0.0,0.0,Friendly,Damascus,Syria,False
1998-09-18,Bahrain,Syria,2.0,0.0,Friendly,Manama,Bahrain,False
1998-09-26,Kuwait,Syria,4.0,0.0,Arab Cup,Doha,Qatar,True
1998-09-26,Qatar,Jordan,2.0,0.0,Arab Cup,Doha,Qatar,False
1998-09-27,Saudi Arabia,Lebanon,4.0,1.0,Arab Cup,Doha,Qatar,True
1998-09-29,Qatar,United Arab Emirates,2.0,1.0,Arab Cup,Doha,Qatar,False
1998-09-29,Saudi Arabia,Kuwait,2.0,1.0,Arab Cup,Doha,Qatar,True
1998-10-01,Kuwait,United Arab Emirates,4.0,1.0,Arab Cup,Doha,Qatar,True
1998-10-01,Qatar,Saudi Arabia,1.0,3.0,Arab Cup,Doha,Qatar,False
1998-10-13,Kuwait,Iran,3.0,0.0,Friendly,Kuwait City,Kuwait,False
1998-10-17,Lebanon,Syria,3.0,3.0,United Arab Emirates Friendship Tournament,Abu Dhabi,United Arab Emirates,True
1998-10-19,United Arab Emirates,Syria,1.0,0.0,United Arab Emirates Friendship Tournament,Abu Dhabi,United Arab Emirates,False
1998-10-21,United Arab Emirates,Lebanon,1.0,0.0,United Arab Emirates Friendship Tournament,Abu Dhabi,United Arab Emirates,False
1998-10-30,Bahrain,United Arab Emirates,0.0,1.0,Gulf Cup,Manama,Bahrain,False
1998-10-31,Kuwait,Saudi Arabia,1.0,2.0,Gulf Cup,Manama,Bahrain,True
1998-10-31,Oman,Qatar,2.0,1.0,Gulf Cup,Manama,Bahrain,True
1998-11-02,Bahrain,Saudi Arabia,1.0,1.0,Gulf Cup,Manama,Bahrain,False
1998-11-02,Kuwait,Qatar,6.0,2.0,Gulf Cup,Manama,Bahrain,True
1998-11-03,United Arab Emirates,Oman,3.0,2.0,Gulf Cup,Manama,Bahrain,True
1998-11-05,Oman,Saudi Arabia,0.0,1.0,Gulf Cup,Manama,Bahrain,True
1998-11-05,Qatar,United Arab Emirates,0.0,0.0,Gulf Cup,Manama,Bahrain,True
1998-11-06,Bahrain,Kuwait,0.0,2.0,Gulf Cup,Manama,Bahrain,False
1998-11-08,Bahrain,Qatar,0.0,0.0,Gulf Cup,Manama,Bahrain,False
1998-11-08,Saudi Arabia,United Arab Emirates,1.0,0.0,Gulf Cup,Manama,Bahrain,True
1998-11-09,Oman,Kuwait,0.0,5.0,Gulf Cup,Manama,Bahrain,True
1998-11-11,Qatar,Saudi Arabia,0.0,0.0,Gulf Cup,Manama,Bahrain,True
1998-11-12,Bahrain,Oman,2.0,2.0,Gulf Cup,Manama,Bahrain,False
1998-11-12,United Arab Emirates,Kuwait,1.0,4.0,Gulf Cup,Manama,Bahrain,True
1998-11-15,Sri Lanka,Maldives,2.0,2.0,Friendly,Colombo,Sri Lanka,False
1998-11-16,India,Uzbekistan,0.0,0.0,Friendly,New Delhi,India,False
1998-11-19,Hong Kong,Vietnam,1.0,1.0,Friendly,Victoria,Hong Kong,False
1998-11-19,India,Uzbekistan,0.0,4.0,Friendly,Calcutta,India,False
1998-11-21,Thailand,Turkmenistan,3.0,3.0,Friendly,Bangkok,Thailand,False
1998-11-22,China PR,South Korea,0.0,0.0,Friendly,Shanghai,China PR,False
1998-11-25,Singapore,United Arab Emirates,0.0,4.0,Friendly,Singapore,Singapore,False
1998-11-27,Thailand,Nepal,2.0,0.0,Friendly,Bangkok,Thailand,False
1998-11-30,Turkmenistan,Vietnam,2.0,0.0,Asian Games,Nakhon Sawan,Thailand,True
1998-11-30,China PR,Lebanon,4.0,1.0,Asian Games,Surat Thani,Thailand,True
1998-11-30,Hong Kong,Oman,0.0,6.0,Asian Games,Bangkok,Thailand,True
1998-12-01,Nepal,Japan,0.0,5.0,Asian Games,Trang,Thailand,True
1998-12-01,Tajikistan,Maldives,3.0,0.0,Asian Games,Suphan Buri,Thailand,True
1998-12-01,Mongolia,Kuwait,0.0,11.0,Asian Games,Chiang Mai,Thailand,True
1998-12-02,South Korea,Turkmenistan,2.0,3.0,Asian Games,Nakhon Sawan,Thailand,True
1998-12-02,Cambodia,China PR,1.0,4.0,Asian Games,Surat Thani,Thailand,True
1998-12-02,United Arab Emirates,North Korea,3.0,3.0,Asian Games,Songkhla,Thailand,True
1998-12-02,Thailand,Hong Kong,5.0,0.0,Asian Games,Bangkok,Thailand,False
1998-12-03,Japan,India,1.0,0.0,Asian Games,Trang,Thailand,True
1998-12-03,Qatar,Tajikistan,2.0,1.0,Asian Games,Suphan Buri,Thailand,True
1998-12-03,Uzbekistan,Kuwait,3.0,3.0,Asian Games,Chiang Mai,Thailand,True
1998-12-04,Vietnam,South Korea,0.0,4.0,Asian Games,Nakhon Sawan,Thailand,True
1998-12-04,Lebanon,Cambodia,5.0,1.0,Asian Games,Surat Thani,Thailand,True
1998-12-04,Thailand,Oman,2.0,0.0,Asian Games,Bangkok,Thailand,False
1998-12-05,India,Nepal,1.0,0.0,Asian Games,Trang,Thailand,True
1998-12-05,Maldives,Qatar,0.0,4.0,Asian Games,Suphan Buri,Thailand,True
1998-12-05,Mongolia,Uzbekistan,0.0,15.0,Asian Games,Chiang Mai,Thailand,True
1998-12-05,Iran,Laos,6.0,1.0,Asian Games,Sisaket,Thailand,True
1998-12-07,Turkmenistan,India,3.0,2.0,Asian Games,Bangkok,Thailand,True
1998-12-07,North Korea,Uzbekistan,0.0,4.0,Asian Games,Bangkok,Thailand,True
1998-12-07,Japan,South Korea,0.0,2.0,Asian Games,Bangkok,Thailand,True
1998-12-07,United Arab Emirates,Kuwait,0.0,5.0,Asian Games,Bangkok,Thailand,True
1998-12-08,China PR,Tajikistan,3.0,1.0,Asian Games,Bangkok,Thailand,True
1998-12-08,Iran,Oman,2.0,4.0,Asian Games,Bangkok,Thailand,True
1998-12-08,Qatar,Lebanon,1.0,0.0,Asian Games,Bangkok,Thailand,True
1998-12-09,North Korea,Turkmenistan,1.0,1.0,Asian Games,Bangkok,Thailand,True
1998-12-09,India,Uzbekistan,0.0,2.0,Asian Games,Bangkok,Thailand,True
1998-12-09,United Arab Emirates,South Korea,1.0,2.0,Asian Games,Bangkok,Thailand,True
1998-12-09,Japan,Kuwait,2.0,1.0,Asian Games,Bangkok,Thailand,True
1998-12-10,Tajikistan,Iran,0.0,5.0,Asian Games,Bangkok,Thailand,True
1998-12-10,Oman,China PR,1.0,6.0,Asian Games,Bangkok,Thailand,True
1998-12-10,Thailand,Lebanon,1.0,0.0,Asian Games,Bangkok,Thailand,False
1998-12-11,India,North Korea,0.0,2.0,Asian Games,Bangkok,Thailand,True
1998-12-11,Uzbekistan,Turkmenistan,1.0,1.0,Asian Games,Bangkok,Thailand,True
1998-12-11,Japan,United Arab Emirates,0.0,1.0,Asian Games,Bangkok,Thailand,True
1998-12-11,South Korea,Kuwait,1.0,0.0,Asian Games,Bangkok,Thailand,True
1998-12-12,Iran,China PR,2.0,1.0,Asian Games,Bangkok,Thailand,True
1998-12-12,Tajikistan,Oman,3.0,3.0,Asian Games,Bangkok,Thailand,True
1998-12-12,Thailand,Qatar,1.0,2.0,Asian Games,Bangkok,Thailand,False
1998-12-14,Uzbekistan,Iran,0.0,4.0,Asian Games,Bangkok,Thailand,True
1998-12-14,Thailand,South Korea,2.0,1.0,Asian Games,Bangkok,Thailand,False
1998-12-14,Turkmenistan,China PR,0.0,3.0,Asian Games,Bangkok,Thailand,True
1998-12-14,Qatar,Kuwait,0.0,0.0,Asian Games,Bangkok,Thailand,True
1998-12-16,Iran,China PR,1.0,0.0,Asian Games,Bangkok,Thailand,True
1998-12-16,Thailand,Kuwait,0.0,3.0,Asian Games,Bangkok,Thailand,False
1998-12-19,Thailand,China PR,0.0,3.0,Asian Games,Songkhla,Thailand,False
1998-12-19,Iran,Kuwait,2.0,0.0,Asian Games,Bangkok,Thailand,True
1999-01-29,Vietnam,Singapore,1.0,0.0,Friendly,Ho Chi Minh City,Vietnam,False
1999-02-15,Kuwait,Iran,1.0,2.0,Friendly,Kuwait City,Kuwait,False
1999-02-23,Thailand,North Korea,2.0,2.0,King's Cup,Bangkok,Thailand,False
1999-04-22,India,Bangladesh,0.0,0.0,SAFF Cup,Margao,India,False
1999-04-23,Sri Lanka,Maldives,0.0,0.0,SAFF Cup,Margao,India,True
1999-04-24,Pakistan,Bangladesh,0.0,4.0,SAFF Cup,Margao,India,True
1999-04-25,Sri Lanka,Nepal,2.0,3.0,SAFF Cup,Margao,India,True
1999-04-26,India,Pakistan,2.0,0.0,SAFF Cup,Margao,India,False
1999-04-27,Nepal,Maldives,2.0,3.0,SAFF Cup,Margao,India,True
1999-04-29,Bangladesh,Nepal,2.0,1.0,SAFF Cup,Margao,India,True
1999-04-29,India,Maldives,2.0,1.0,SAFF Cup,Margao,India,False
1999-05-01,India,Bangladesh,2.0,0.0,SAFF Cup,Margao,India,False
1999-05-01,Maldives,Nepal,2.0,0.0,SAFF Cup,Margao,India,True
1999-06-18,Saudi Arabia,Jordan,2.0,1.0,Friendly,Riyadh,Saudi Arabia,False
1999-06-22,Saudi Arabia,Jordan,2.0,0.0,Friendly,Riyadh,Saudi Arabia,False
1999-06-28,Jordan,Iraq,0.0,1.0,Friendly,Amman,Jordan,False
1999-06-30,Jordan,Iraq,1.0,1.0,Friendly,Amman,Jordan,False
1999-07-11,Uzbekistan,Malaysia,3.0,0.0,Friendly,Samarqand,Uzbekistan,False
1999-07-16,Jordan,Syria,1.0,0.0,Friendly,Amman,Jordan,False
1999-07-18,Jordan,Syria,4.0,0.0,Friendly,Amman,Jordan,False
1999-07-24,Thailand,Uzbekistan,1.0,0.0,Friendly,Bangkok,Thailand,False
1999-07-30,Thailand,Philippines,9.0,0.0,Southeast Asian Games,Bandar Seri Begawan,Brunei,True
1999-07-30,Vietnam,Laos,9.0,0.0,Southeast Asian Games,Bandar Seri Begawan,Brunei,True
1999-07-31,Indonesia,Cambodia,1.0,0.0,Southeast Asian Games,Bandar Seri Begawan,Brunei,True
1999-07-31,Singapore,Malaysia,2.0,1.0,Southeast Asian Games,Bandar Seri Begawan,Brunei,True
1999-08-01,Laos,Thailand,1.0,4.0,Southeast Asian Games,Bandar Seri Begawan,Brunei,True
1999-08-01,Myanmar,Philippines,4.0,1.0,Southeast Asian Games,Bandar Seri Begawan,Brunei,True
1999-08-02,Indonesia,Malaysia,6.0,0.0,Southeast Asian Games,Bandar Seri Begawan,Brunei,True
1999-08-02,Brunei,Cambodia,3.0,3.0,Southeast Asian Games,Bandar Seri Begawan,Brunei,False
1999-08-03,Oman,Kyrgyzstan,3.0,0.0,AFC Asian Cup qualification,Dushanbe,Tajikistan,True
1999-08-03,Tajikistan,Iraq,1.0,2.0,AFC Asian Cup qualification,Dushanbe,Tajikistan,False
1999-08-03,Myanmar,Vietnam,0.0,2.0,Southeast Asian Games,Bandar Seri Begawan,Brunei,True
1999-08-03,Philippines,Laos,2.0,3.0,Southeast Asian Games,Bandar Seri Begawan,Brunei,True
1999-08-04,Brunei,Singapore,1.0,3.0,Southeast Asian Games,Bandar Seri Begawan,Brunei,False
1999-08-04,Cambodia,Malaysia,2.0,7.0,Southeast Asian Games,Bandar Seri Begawan,Brunei,True
1999-08-05,Iraq,Oman,2.0,0.0,AFC Asian Cup qualification,Dushanbe,Tajikistan,True
1999-08-05,Tajikistan,Kyrgyzstan,3.0,2.0,AFC Asian Cup qualification,Dushanbe,Tajikistan,False
1999-08-05,Laos,Myanmar,0.0,0.0,Southeast Asian Games,Bandar Seri Begawan,Brunei,True
1999-08-05,Vietnam,Thailand,0.0,0.0,Southeast Asian Games,Bandar Seri Begawan,Brunei,True
1999-08-06,Brunei,Malaysia,0.0,2.0,Southeast Asian Games,Bandar Seri Begawan,Brunei,False
1999-08-06,Indonesia,Singapore,1.0,1.0,Southeast Asian Games,Bandar Seri Begawan,Brunei,True
1999-08-07,Iraq,Kyrgyzstan,5.0,1.0,AFC Asian Cup qualification,Dushanbe,Tajikistan,True
1999-08-07,Tajikistan,Oman,2.0,1.0,AFC Asian Cup qualification,Dushanbe,Tajikistan,False
1999-08-08,Philippines,Vietnam,0.0,2.0,Southeast Asian Games,Bandar Seri Begawan,Brunei,True
1999-08-08,Thailand,Myanmar,7.0,0.0,Southeast Asian Games,Bandar Seri Begawan,Brunei,True
1999-08-09,Cambodia,Singapore,0.0,2.0,Southeast Asian Games,Bandar Seri Begawan,Brunei,True
1999-08-09,Brunei,Indonesia,0.0,3.0,Southeast Asian Games,Bandar Seri Begawan,Brunei,False
1999-08-12,Thailand,Singapore,2.0,0.0,Southeast Asian Games,Bandar Seri Begawan,Brunei,True
1999-08-12,Indonesia,Vietnam,0.0,1.0,Southeast Asian Games,Bandar Seri Begawan,Brunei,True
1999-08-14,Indonesia,Singapore,0.0,0.0,Southeast Asian Games,Bandar Seri Begawan,Brunei,True
1999-08-14,Thailand,Vietnam,2.0,0.0,Southeast Asian Games,Bandar Seri Begawan,Brunei,True
1999-09-08,Japan,Iran,1.0,1.0,Friendly,Yokohama,Japan,False
1999-09-24,Sri Lanka,Maldives,0.0,4.0,South Asian Games,Kathmandu,Nepal,True
1999-09-26,India,Pakistan,5.0,2.0,South Asian Games,Kathmandu,Nepal,True
1999-09-26,Nepal,Bhutan,7.0,0.0,South Asian Games,Kathmandu,Nepal,False
1999-09-27,Bangladesh,Maldives,1.0,2.0,South Asian Games,Kathmandu,Nepal,True
1999-09-28,India,Bhutan,3.0,0.0,South Asian Games,Kathmandu,Nepal,True
1999-09-28,Nepal,Pakistan,3.0,1.0,South Asian Games,Kathmandu,Nepal,False
1999-09-29,Bangladesh,Sri Lanka,1.0,0.0,South Asian Games,Kathmandu,Nepal,True
1999-09-30,Nepal,India,0.0,4.0,South Asian Games,Kathmandu,Nepal,False
1999-09-30,Pakistan,Bhutan,2.0,1.0,South Asian Games,Kathmandu,Nepal,True
1999-10-02,Nepal,Maldives,2.0,1.0,South Asian Games,Kathmandu,Nepal,False
1999-10-02,India,Bangladesh,0.0,1.0,South Asian Games,Kathmandu,Nepal,True
1999-10-04,India,Maldives,3.0,1.0,South Asian Games,Kathmandu,Nepal,True
1999-10-04,Nepal,Bangladesh,0.0,1.0,South Asian Games,Kathmandu,Nepal,False
1999-10-18,Hong Kong,Cambodia,4.0,1.0,AFC Asian Cup qualification,Victoria,Hong Kong,False
1999-10-24,Hong Kong,Indonesia,1.0,1.0,AFC Asian Cup qualification,Victoria,Hong Kong,False
1999-10-30,Cambodia,Indonesia,1.0,5.0,AFC Asian Cup qualification,Phnom Penh,Cambodia,False
1999-10-30,United Arab Emirates,Turkmenistan,3.0,1.0,United Arab Emirates Friendship Tournament,Abu Dhabi,United Arab Emirates,False
1999-11-01,Iraq,Turkmenistan,3.0,0.0,United Arab Emirates Friendship Tournament,Abu Dhabi,United Arab Emirates,True
1999-11-03,United Arab Emirates,Iraq,2.0,2.0,United Arab Emirates Friendship Tournament,Abu Dhabi,United Arab Emirates,False
1999-11-07,Cambodia,Hong Kong,0.0,1.0,AFC Asian Cup qualification,Phnom Penh,Cambodia,False
1999-11-14,Indonesia,Hong Kong,3.0,1.0,AFC Asian Cup qualification,Jakarta,Indonesia,False
1999-11-20,Indonesia,Cambodia,9.0,2.0,AFC Asian Cup qualification,Jakarta,Indonesia,False
1999-11-21,Bangladesh,Uzbekistan,0.0,6.0,AFC Asian Cup qualification,Abu Dhabi,United Arab Emirates,True
1999-11-21,United Arab Emirates,India,3.0,1.0,AFC Asian Cup qualification,Abu Dhabi,United Arab Emirates,False
1999-11-23,Sri Lanka,Uzbekistan,0.0,6.0,AFC Asian Cup qualification,Abu Dhabi,United Arab Emirates,True
1999-11-23,United Arab Emirates,Bangladesh,3.0,0.0,AFC Asian Cup qualification,Abu Dhabi,United Arab Emirates,False
1999-11-25,India,Uzbekistan,2.0,3.0,AFC Asian Cup qualification,Abu Dhabi,United Arab Emirates,True
1999-11-25,Sri Lanka,Bangladesh,1.0,3.0,AFC Asian Cup qualification,Abu Dhabi,United Arab Emirates,True
1999-11-27,Sri Lanka,India,1.0,3.0,AFC Asian Cup qualification,Abu Dhabi,United Arab Emirates,True
1999-11-27,United Arab Emirates,Uzbekistan,0.0,1.0,AFC Asian Cup qualification,Abu Dhabi,United Arab Emirates,False
1999-11-29,India,Bangladesh,2.0,2.0,AFC Asian Cup qualification,Abu Dhabi,United Arab Emirates,True
1999-11-29,United Arab Emirates,Sri Lanka,6.0,0.0,AFC Asian Cup qualification,Abu Dhabi,United Arab Emirates,False
1999-12-28,Malaysia,Singapore,1.0,0.0,Friendly,Dubai,United Arab Emirates,True
2000-01-23,China PR,Philippines,8.0,0.0,AFC Asian Cup qualification,Hanoi,Vietnam,True
2000-01-23,Vietnam,Guam,11.0,0.0,AFC Asian Cup qualification,Hanoi,Vietnam,False
2000-01-26,China PR,Guam,19.0,0.0,AFC Asian Cup qualification,Hanoi,Vietnam,True
2000-01-26,Vietnam,Philippines,3.0,0.0,AFC Asian Cup qualification,Hanoi,Vietnam,False
2000-01-29,Philippines,Guam,2.0,0.0,AFC Asian Cup qualification,Hanoi,Vietnam,True
2000-01-29,Vietnam,China PR,0.0,2.0,AFC Asian Cup qualification,Hanoi,Vietnam,False
2000-01-31,Kuwait,Syria,4.0,0.0,Friendly,Kuwait City,Kuwait,False
2000-02-04,Kuwait,Iran,1.0,1.0,Friendly,Kuwait City,Kuwait,False
2000-02-07,Singapore,Malaysia,3.0,1.0,Friendly,Singapore,Singapore,False
2000-02-08,Syria,North Korea,5.0,1.0,Friendly,Damascus,Syria,False
2000-02-10,Hong Kong,Singapore,0.0,0.0,Friendly,Victoria,Hong Kong,False
2000-02-10,Kuwait,Turkmenistan,6.0,1.0,AFC Asian Cup qualification,Kuwait City,Kuwait,False
2000-02-10,Nepal,Yemen,0.0,3.0,AFC Asian Cup qualification,Kuwait City,Kuwait,True
2000-02-12,Nepal,Bhutan,3.0,0.0,AFC Asian Cup qualification,Kuwait City,Kuwait,True
2000-02-12,Yemen,Turkmenistan,0.0,1.0,AFC Asian Cup qualification,Kuwait City,Kuwait,True
2000-02-13,Macau,Brunei,1.0,0.0,AFC Asian Cup qualification,Macau,Macau,False
2000-02-13,Singapore,Japan,0.0,3.0,AFC Asian Cup qualification,Macau,Macau,True
2000-02-13,Syria,North Korea,0.0,0.0,Friendly,Damascus,Syria,False
2000-02-14,Kuwait,Bhutan,20.0,0.0,AFC Asian Cup qualification,Kuwait City,Kuwait,False
2000-02-14,Turkmenistan,Nepal,5.0,0.0,AFC Asian Cup qualification,Kuwait City,Kuwait,True
2000-02-15,Malaysia,Maldives,2.0,0.0,Friendly,Kuala Lumpur,Malaysia,False
2000-02-16,Bhutan,Turkmenistan,0.0,8.0,AFC Asian Cup qualification,Kuwait City,Kuwait,True
2000-02-16,Japan,Brunei,9.0,0.0,AFC Asian Cup qualification,Macau,Macau,True
2000-02-16,Kuwait,Yemen,2.0,0.0,AFC Asian Cup qualification,Kuwait City,Kuwait,False
2000-02-16,Lebanon,North Korea,1.0,0.0,Friendly,Beirut,Lebanon,False
2000-02-16,Macau,Singapore,0.0,1.0,AFC Asian Cup qualification,Macau,Macau,False
2000-02-17,Malaysia,Maldives,3.0,0.0,Friendly,Kuala Lumpur,Malaysia,False
2000-02-18,Kuwait,Nepal,5.0,0.0,AFC Asian Cup qualification,Kuwait City,Kuwait,False
2000-02-18,Yemen,Bhutan,11.0,2.0,AFC Asian Cup qualification,Kuwait City,Kuwait,True
2000-02-20,Macau,Japan,0.0,3.0,AFC Asian Cup qualification,Macau,Macau,False
2000-02-20,Singapore,Brunei,1.0,0.0,AFC Asian Cup qualification,Macau,Macau,True
2000-02-21,Oman,United Arab Emirates,0.0,1.0,Friendly,Muscat,Oman,False
2000-02-23,Lebanon,Jordan,1.0,1.0,Friendly,Tripoli,Lebanon,False
2000-02-29,Uzbekistan,Mongolia,8.0,1.0,Friendly,Tashkent,Uzbekistan,False
2000-03-06,Syria,Jordan,0.0,0.0,Friendly,Damascus,Syria,False
2000-03-08,Jordan,Lebanon,1.0,1.0,Friendly,Amman,Jordan,False
2000-03-13,Jordan,Syria,0.0,0.0,Friendly,Amman,Jordan,False
2000-03-15,Japan,China PR,0.0,0.0,Friendly,Kobe,Japan,False
2000-03-17,Jordan,Syria,0.0,0.0,Friendly,Amman,Jordan,False
2000-03-22,Bahrain,Qatar,1.0,0.0,Friendly,Manama,Bahrain,False
2000-03-25,Bahrain,Jordan,1.0,1.0,Friendly,Manama,Bahrain,False
2000-03-25,Malaysia,Taiwan,3.0,0.0,AFC Asian Cup qualification,Kuala Lumpur,Malaysia,False
2000-03-25,Thailand,North Korea,0.0,0.0,AFC Asian Cup qualification,Kuala Lumpur,Malaysia,True
2000-03-27,Malaysia,North Korea,1.0,1.0,AFC Asian Cup qualification,Kuala Lumpur,Malaysia,False
2000-03-27,Thailand,Taiwan,2.0,0.0,AFC Asian Cup qualification,Kuala Lumpur,Malaysia,True
2000-03-29,Malaysia,Thailand,3.0,2.0,AFC Asian Cup qualification,Kuala Lumpur,Malaysia,False
2000-03-31,Maldives,Iran,0.0,8.0,AFC Asian Cup qualification,Damascus,Syria,True
2000-03-31,Qatar,Palestine,1.0,0.0,AFC Asian Cup qualification,Doha,Qatar,False
2000-03-31,Syria,Bahrain,1.0,0.0,AFC Asian Cup qualification,Damascus,Syria,False
2000-04-02,Bahrain,Maldives,4.0,1.0,AFC Asian Cup qualification,Damascus,Syria,True
2000-04-02,Palestine,Pakistan,2.0,0.0,AFC Asian Cup qualification,Doha,Qatar,True
2000-04-02,Syria,Iran,0.0,1.0,AFC Asian Cup qualification,Damascus,Syria,False
2000-04-04,Bahrain,Iran,1.0,0.0,AFC Asian Cup qualification,Damascus,Syria,True
2000-04-04,Malaysia,Taiwan,2.0,3.0,AFC Asian Cup qualification,Bangkok,Thailand,True
2000-04-04,Palestine,Jordan,1.0,5.0,AFC Asian Cup qualification,Doha,Qatar,True
2000-04-04,Qatar,Pakistan,5.0,0.0,AFC Asian Cup qualification,Doha,Qatar,False
2000-04-04,Syria,Maldives,6.0,0.0,AFC Asian Cup qualification,Damascus,Syria,False
2000-04-04,Thailand,North Korea,5.0,3.0,AFC Asian Cup qualification,Bangkok,Thailand,False
2000-04-05,Myanmar,Mongolia,2.0,0.0,AFC Asian Cup qualification,Seoul,South Korea,True
2000-04-05,South Korea,Laos,9.0,0.0,AFC Asian Cup qualification,Seoul,South Korea,False
2000-04-06,Malaysia,North Korea,1.0,4.0,AFC Asian Cup qualification,Bangkok,Thailand,True
2000-04-06,Pakistan,Jordan,0.0,5.0,AFC Asian Cup qualification,Doha,Qatar,True
2000-04-06,Thailand,Taiwan,1.0,0.0,AFC Asian Cup qualification,Bangkok,Thailand,False
2000-04-07,Myanmar,Laos,4.0,0.0,AFC Asian Cup qualification,Seoul,South Korea,True
2000-04-07,South Korea,Mongolia,6.0,0.0,AFC Asian Cup qualification,Seoul,South Korea,False
2000-04-08,Qatar,Jordan,2.0,2.0,AFC Asian Cup qualification,Doha,Qatar,False
2000-04-08,Thailand,Malaysia,3.0,2.0,AFC Asian Cup qualification,Bangkok,Thailand,False
2000-04-09,Iran,Bahrain,3.0,0.0,AFC Asian Cup qualification,Tehran,Iran,False
2000-04-09,South Korea,Myanmar,4.0,0.0,AFC Asian Cup qualification,Seoul,South Korea,False
2000-04-09,Laos,Mongolia,2.0,1.0,AFC Asian Cup qualification,Seoul,South Korea,True
2000-04-09,Syria,Maldives,2.0,1.0,AFC Asian Cup qualification,Tehran,Iran,True
2000-04-11,Bahrain,Maldives,1.0,0.0,AFC Asian Cup qualification,Tehran,Iran,True
2000-04-11,Iran,Syria,1.0,1.0,AFC Asian Cup qualification,Tehran,Iran,False
2000-04-13,Bahrain,Syria,0.0,1.0,AFC Asian Cup qualification,Tehran,Iran,True
2000-04-13,Iran,Maldives,3.0,0.0,AFC Asian Cup qualification,Tehran,Iran,False
2000-04-25,Hong Kong,China PR,0.0,1.0,Friendly,Victoria,Hong Kong,False
2000-04-26,South Korea,Japan,1.0,0.0,Friendly,Seoul,South Korea,False
2000-05-01,Maldives,Sri Lanka,1.0,1.0,Friendly,Malé,Maldives,False
2000-05-02,Bangladesh,India,1.0,1.0,Friendly,Malé,Maldives,True
2000-05-04,Maldives,Bangladesh,1.0,1.0,Friendly,Malé,Maldives,False
2000-05-05,India,Sri Lanka,0.0,1.0,Friendly,Malé,Maldives,True
2000-05-07,Bangladesh,Sri Lanka,0.0,1.0,Friendly,Malé,Maldives,True
2000-05-08,Maldives,India,1.0,0.0,Friendly,Malé,Maldives,False
2000-05-10,Maldives,Sri Lanka,1.0,1.0,Friendly,Malé,Maldives,False
2000-05-13,Jordan,Lebanon,1.0,1.0,Friendly,Limassol,Cyprus,True
2000-05-18,Thailand,Uzbekistan,2.0,0.0,Friendly,Bangkok,Thailand,False
2000-05-21,Lebanon,Saudi Arabia,0.0,0.0,Friendly,Zahlé,Lebanon,False
2000-05-23,Jordan,Kyrgyzstan,2.0,0.0,WAFF Championship,Amman,Jordan,False
2000-05-23,Lebanon,Iraq,1.0,2.0,WAFF Championship,Amman,Jordan,True
2000-05-24,Syria,Palestine,1.0,0.0,WAFF Championship,Amman,Jordan,True
2000-05-25,Jordan,Iraq,0.0,0.0,WAFF Championship,Amman,Jordan,False
2000-05-25,Kyrgyzstan,Lebanon,0.0,2.0,WAFF Championship,Amman,Jordan,True
2000-05-26,Palestine,Iran,1.0,1.0,WAFF Championship,Amman,Jordan,True
2000-05-27,Iraq,Kyrgyzstan,4.0,0.0,WAFF Championship,Amman,Jordan,True
2000-05-27,Jordan,Lebanon,0.0,0.0,WAFF Championship,Amman,Jordan,False
2000-05-28,Iran,Syria,1.0,0.0,WAFF Championship,Amman,Jordan,True
2000-05-28,Macau,Hong Kong,0.0,1.0,Friendly,Macau,Macau,False
2000-05-31,Iraq,Syria,0.0,0.0,WAFF Championship,Amman,Jordan,True
2000-05-31,Jordan,Iran,0.0,1.0,WAFF Championship,Amman,Jordan,False
2000-06-02,Iran,Syria,1.0,0.0,WAFF Championship,Amman,Jordan,True
2000-06-02,Jordan,Iraq,1.0,4.0,WAFF Championship,Amman,Jordan,False
2000-06-02,Singapore,Qatar,1.0,5.0,Friendly,Singapore,Singapore,False
2000-06-10,Thailand,Qatar,2.0,3.0,Friendly,Bangkok,Thailand,False
2000-06-25,Lebanon,Kuwait,3.0,1.0,Friendly,Tripoli,Lebanon,False
2000-07-28,China PR,South Korea,0.0,1.0,Friendly,Beijing,China PR,False
2000-07-29,Bangladesh,India,0.0,1.0,Friendly,Leicester,England,True
2000-08-05,Lebanon,Oman,3.0,1.0,Friendly,Zahlé,Lebanon,False
2000-08-06,Malaysia,Myanmar,6.0,0.0,Friendly,Kuala Lumpur,Malaysia,False
2000-08-08,Lebanon,Oman,1.0,2.0,Friendly,Zahlé,Lebanon,False
2000-08-09,Malaysia,Myanmar,1.0,2.0,Friendly,Ipoh,Malaysia,False
2000-08-09,Syria,Bahrain,1.0,0.0,Friendly,Latakia,Syria,False
2000-08-11,Bahrain,Jordan,0.0,2.0,Friendly,Latakia,Syria,True
2000-08-13,Syria,Jordan,1.0,0.0,Friendly,Latakia,Syria,False
2000-08-15,Malaysia,Oman,2.0,0.0,Merdeka Tournament,Kuala Lumpur,Malaysia,False
2000-08-16,Japan,United Arab Emirates,3.0,1.0,Friendly,Hiroshima,Japan,False
2000-08-25,Vietnam,Sri Lanka,2.0,2.0,Friendly,Ho Chi Minh City,Vietnam,False
2000-08-28,Indonesia,Myanmar,4.0,1.0,Friendly,Jakarta,Indonesia,False
2000-08-28,Iraq,Taiwan,3.0,0.0,Friendly,Jakarta,Indonesia,True
2000-08-30,Myanmar,Iraq,0.0,1.0,Friendly,Jakarta,Indonesia,True
2000-08-30,Indonesia,Taiwan,1.0,0.0,Friendly,Jakarta,Indonesia,False
2000-09-01,Indonesia,Iraq,0.0,0.0,Friendly,Jakarta,Indonesia,False
2000-09-02,China PR,Thailand,3.0,1.0,Friendly,Shanghai,China PR,False
2000-09-02,Iraq,Uzbekistan,2.0,0.0,Friendly,Shanghai,China PR,True
2000-09-03,China PR,Iraq,4.0,1.0,Friendly,Shanghai,China PR,False
2000-09-03,Indonesia,Iraq,3.0,0.0,Friendly,Jakarta,Indonesia,False
2000-09-03,Thailand,Uzbekistan,4.0,2.0,Friendly,Shanghai,China PR,True
2000-09-07,Lebanon,United Arab Emirates,0.0,1.0,Friendly,Beirut,Lebanon,False
2000-09-10,Lebanon,United Arab Emirates,2.0,2.0,Friendly,Beirut,Lebanon,False
2000-09-24,Qatar,Kuwait,0.0,0.0,Friendly,Doha,Qatar,False
2000-09-24,Saudi Arabia,Syria,2.0,1.0,Friendly,Abha,Saudi Arabia,False
2000-09-26,Saudi Arabia,Syria,3.0,0.0,Friendly,Abha,Saudi Arabia,False
2000-09-27,Qatar,Iran,1.0,2.0,Friendly,Doha,Qatar,False
2000-09-28,Saudi Arabia,United Arab Emirates,6.0,1.0,Friendly,Abha,Saudi Arabia,False
2000-09-30,Kuwait,Thailand,3.0,2.0,Friendly,Kuwait City,Kuwait,False
2000-10-02,Jordan,Saudi Arabia,1.0,0.0,Friendly,Amman,Jordan,False
2000-10-04,Australia,Kuwait,1.0,0.0,United Arab Emirates Friendship Tournament,Dubai,United Arab Emirates,True
2000-10-04,United Arab Emirates,South Korea,1.0,1.0,United Arab Emirates Friendship Tournament,Dubai,United Arab Emirates,False
2000-10-05,China PR,Saudi Arabia,0.0,2.0,Friendly,Zarqa,Jordan,True
2000-10-06,Qatar,Thailand,1.0,1.0,Friendly,Doha,Qatar,False
2000-10-07,Australia,South Korea,2.0,4.0,United Arab Emirates Friendship Tournament,Dubai,United Arab Emirates,True
2000-10-07,Jordan,China PR,1.0,1.0,Friendly,Amman,Jordan,False
2000-10-07,United Arab Emirates,Kuwait,1.0,0.0,United Arab Emirates Friendship Tournament,Dubai,United Arab Emirates,False
2000-10-08,Hong Kong,Singapore,1.0,0.0,Friendly,Victoria,Hong Kong,False
2000-10-08,Qatar,Thailand,3.0,1.0,Friendly,Doha,Qatar,False
2000-10-08,Uzbekistan,Turkmenistan,3.0,0.0,Friendly,Tashkent,Uzbekistan,False
2000-10-12,Iraq,Thailand,2.0,0.0,AFC Asian Cup,Tripoli,Lebanon,True
2000-10-12,Lebanon,Iran,0.0,4.0,AFC Asian Cup,Beirut,Lebanon,False
2000-10-13,South Korea,China PR,2.0,2.0,AFC Asian Cup,Tripoli,Lebanon,True
2000-10-13,Kuwait,Indonesia,0.0,0.0,AFC Asian Cup,Tripoli,Lebanon,True
2000-10-14,Malaysia,Cambodia,2.0,0.0,Friendly,Kuala Lumpur,Malaysia,False
2000-10-14,Qatar,Uzbekistan,1.0,1.0,AFC Asian Cup,Sidon,Lebanon,True
2000-10-14,Saudi Arabia,Japan,1.0,4.0,AFC Asian Cup,Sidon,Lebanon,True
2000-10-15,Iran,Thailand,1.0,1.0,AFC Asian Cup,Beirut,Lebanon,True
2000-10-15,Lebanon,Iraq,2.0,2.0,AFC Asian Cup,Beirut,Lebanon,False
2000-10-16,China PR,Indonesia,4.0,0.0,AFC Asian Cup,Tripoli,Lebanon,True
2000-10-16,South Korea,Kuwait,0.0,1.0,AFC Asian Cup,Tripoli,Lebanon,True
2000-10-17,Japan,Uzbekistan,8.0,1.0,AFC Asian Cup,Sidon,Lebanon,True
2000-10-17,Malaysia,Cambodia,1.0,1.0,Friendly,Kuala Lumpur,Malaysia,False
2000-10-17,Saudi Arabia,Qatar,0.0,0.0,AFC Asian Cup,Sidon,Lebanon,True
2000-10-18,Iran,Iraq,1.0,0.0,AFC Asian Cup,Sidon,Lebanon,True
2000-10-18,Lebanon,Thailand,1.0,1.0,AFC Asian Cup,Beirut,Lebanon,False
2000-10-19,China PR,Kuwait,0.0,0.0,AFC Asian Cup,Tripoli,Lebanon,True
2000-10-19,South Korea,Indonesia,3.0,0.0,AFC Asian Cup,Beirut,Lebanon,True
2000-10-20,Japan,Qatar,1.0,1.0,AFC Asian Cup,Beirut,Lebanon,True
2000-10-20,Saudi Arabia,Uzbekistan,5.0,0.0,AFC Asian Cup,Sidon,Lebanon,True
2000-10-23,China PR,Qatar,3.0,1.0,AFC Asian Cup,Sidon,Lebanon,True
2000-10-23,Iran,South Korea,1.0,2.0,AFC Asian Cup,Tripoli,Lebanon,True
2000-10-23,Malaysia,Sri Lanka,2.0,0.0,Friendly,Kuala Lumpur,Malaysia,False
2000-10-24,Japan,Iraq,4.0,1.0,AFC Asian Cup,Beirut,Lebanon,True
2000-10-24,Kuwait,Saudi Arabia,2.0,3.0,AFC Asian Cup,Beirut,Lebanon,True
2000-10-25,Malaysia,Sri Lanka,3.0,1.0,Friendly,Kuala Lumpur,Malaysia,False
2000-10-26,China PR,Japan,2.0,3.0,AFC Asian Cup,Beirut,Lebanon,True
2000-10-26,South Korea,Saudi Arabia,1.0,2.0,AFC Asian Cup,Beirut,Lebanon,True
2000-10-28,Singapore,Sri Lanka,4.0,0.0,Friendly,Singapore,Singapore,False
2000-10-29,China PR,South Korea,0.0,1.0,AFC Asian Cup,Beirut,Lebanon,True
2000-10-29,Japan,Saudi Arabia,1.0,0.0,AFC Asian Cup,Beirut,Lebanon,True
2000-10-29,Oman,Yemen,4.0,0.0,Friendly,Muscat,Oman,False
2000-10-31,Oman,Yemen,4.0,0.0,Friendly,Muscat,Oman,False
2000-11-01,Singapore,Indonesia,1.0,0.0,Friendly,Singapore,Singapore,False
2000-11-05,Singapore,Cambodia,1.0,0.0,AFF Championship,Songkhla,Thailand,True
2000-11-05,Vietnam,Malaysia,0.0,0.0,AFF Championship,Songkhla,Thailand,True
2000-11-06,Indonesia,Philippines,3.0,0.0,AFF Championship,Chiang Mai,Thailand,True
2000-11-06,Thailand,Myanmar,3.0,1.0,AFF Championship,Chiang Mai,Thailand,False
2000-11-07,Cambodia,Vietnam,0.0,6.0,AFF Championship,Songkhla,Thailand,True
2000-11-07,Laos,Malaysia,0.0,5.0,AFF Championship,Songkhla,Thailand,True
2000-11-08,Myanmar,Philippines,3.0,0.0,AFF Championship,Chiang Mai,Thailand,True
2000-11-09,Malaysia,Cambodia,3.0,2.0,AFF Championship,Songkhla,Thailand,True
2000-11-09,Singapore,Laos,3.0,0.0,AFF Championship,Songkhla,Thailand,True
2000-11-10,Thailand,Indonesia,4.0,1.0,AFF Championship,Chiang Mai,Thailand,False
2000-11-11,Cambodia,Laos,3.0,0.0,AFF Championship,Songkhla,Thailand,True
2000-11-11,Vietnam,Singapore,1.0,0.0,AFF Championship,Songkhla,Thailand,True
2000-11-12,Myanmar,Indonesia,0.0,5.0,AFF Championship,Chiang Mai,Thailand,True
2000-11-12,Thailand,Philippines,2.0,0.0,AFF Championship,Chiang Mai,Thailand,False
2000-11-12,United Arab Emirates,Hong Kong,1.0,1.0,Friendly,Abu Dhabi,United Arab Emirates,False
2000-11-13,Laos,Vietnam,0.0,5.0,AFF Championship,Songkhla,Thailand,True
2000-11-13,Malaysia,Singapore,1.0,0.0,AFF Championship,Songkhla,Thailand,True
2000-11-16,Thailand,Malaysia,2.0,0.0,AFF Championship,Bangkok,Thailand,False
2000-11-16,Vietnam,Indonesia,2.0,3.0,AFF Championship,Bangkok,Thailand,True
2000-11-18,Thailand,Indonesia,4.0,1.0,AFF Championship,Bangkok,Thailand,False
2000-11-18,Vietnam,Malaysia,0.0,3.0,AFF Championship,Bangkok,Thailand,True
2000-11-21,Oman,Bahrain,2.0,1.0,Friendly,Muscat,Oman,False
2000-11-24,Iran,Guam,19.0,0.0,FIFA World Cup qualification,Tabriz,Iran,False
2000-11-26,Tajikistan,Guam,16.0,0.0,FIFA World Cup qualification,Tabriz,Iran,True
2000-11-28,Iran,Tajikistan,2.0,0.0,FIFA World Cup qualification,Tabriz,Iran,False
2000-12-20,Japan,South Korea,1.0,1.0,Friendly,Tokyo,Japan,False
2001-01-12,Qatar,Kuwait,1.0,0.0,Friendly,Doha,Qatar,False
2001-01-12,Uzbekistan,Bahrain,5.0,0.0,Millennium Cup,Calcutta,India,True
2001-01-16,Hong Kong,Jordan,0.0,2.0,Millennium Cup,Margao,India,True
2001-01-17,Kuwait,Syria,2.0,0.0,Friendly,Doha,Qatar,True
2001-01-19,Iran,China PR,4.0,0.0,Cup of Ancient Civilizations,Tehran,Iran,False
2001-01-23,Thailand,Kuwait,5.0,4.0,Friendly,Bangkok,Thailand,False
2001-01-27,Singapore,Thailand,1.0,1.0,Friendly,Singapore,Singapore,False
2001-01-28,Jordan,North Korea,1.0,0.0,Friendly,Zarqa,Jordan,False
2001-01-30,Jordan,North Korea,0.0,2.0,Friendly,Zarqa,Jordan,False
2001-01-30,Saudi Arabia,Syria,1.0,0.0,Friendly,Dammam,Saudi Arabia,False
2001-01-30,Thailand,Kyrgyzstan,3.0,1.0,Friendly,Bangkok,Thailand,False
2001-01-31,Lebanon,Iraq,0.0,0.0,Friendly,Beirut,Lebanon,False
2001-02-03,Bahrain,Kuwait,1.0,2.0,FIFA World Cup qualification,Singapore,Singapore,True
2001-02-03,Singapore,Kyrgyzstan,0.0,1.0,FIFA World Cup qualification,Singapore,Singapore,False
2001-02-06,Bahrain,Kyrgyzstan,1.0,0.0,FIFA World Cup qualification,Singapore,Singapore,True
2001-02-06,Singapore,Kuwait,1.0,1.0,FIFA World Cup qualification,Singapore,Singapore,False
2001-02-08,Saudi Arabia,Mongolia,6.0,0.0,FIFA World Cup qualification,Dammam,Saudi Arabia,False
2001-02-08,Vietnam,Bangladesh,0.0,0.0,FIFA World Cup qualification,Dammam,Saudi Arabia,True
2001-02-09,Kyrgyzstan,Kuwait,0.0,3.0,FIFA World Cup qualification,Singapore,Singapore,True
2001-02-09,Singapore,Bahrain,1.0,2.0,FIFA World Cup qualification,Singapore,Singapore,False
2001-02-10,China PR,Qatar,1.0,1.0,King's Cup,Bangkok,Thailand,True
2001-02-10,Mongolia,Vietnam,0.0,1.0,FIFA World Cup qualification,Dammam,Saudi Arabia,True
2001-02-10,Saudi Arabia,Bangladesh,3.0,0.0,FIFA World Cup qualification,Dammam,Saudi Arabia,False
2001-02-11,United Arab Emirates,South Korea,1.0,4.0,United Arab Emirates Friendship Tournament,Dubai,United Arab Emirates,False
2001-02-12,Mongolia,Bangladesh,0.0,3.0,FIFA World Cup qualification,Dammam,Saudi Arabia,True
2001-02-12,Saudi Arabia,Vietnam,5.0,0.0,FIFA World Cup qualification,Dammam,Saudi Arabia,False
2001-02-12,Thailand,Qatar,1.0,3.0,King's Cup,Bangkok,Thailand,False
2001-02-14,Thailand,China PR,1.0,5.0,King's Cup,Bangkok,Thailand,False
2001-02-15,Bangladesh,Vietnam,0.0,4.0,FIFA World Cup qualification,Dammam,Saudi Arabia,True
2001-02-15,Saudi Arabia,Mongolia,6.0,0.0,FIFA World Cup qualification,Dammam,Saudi Arabia,False
2001-02-17,Saudi Arabia,Bangladesh,6.0,0.0,FIFA World Cup qualification,Dammam,Saudi Arabia,False
2001-02-17,Thailand,Qatar,2.0,0.0,King's Cup,Bangkok,Thailand,False
2001-02-17,Vietnam,Mongolia,4.0,0.0,FIFA World Cup qualification,Dammam,Saudi Arabia,True
2001-02-19,Bangladesh,Mongolia,2.0,2.0,FIFA World Cup qualification,Dammam,Saudi Arabia,True
2001-02-19,Saudi Arabia,Vietnam,4.0,0.0,FIFA World Cup qualification,Dammam,Saudi Arabia,False
2001-02-21,Kuwait,Singapore,1.0,0.0,FIFA World Cup qualification,Kuwait City,Kuwait,False
2001-02-21,Kyrgyzstan,Bahrain,1.0,2.0,FIFA World Cup qualification,Kuwait City,Kuwait,True
2001-02-24,Bahrain,Singapore,2.0,0.0,FIFA World Cup qualification,Kuwait City,Kuwait,True
2001-02-24,Kuwait,Kyrgyzstan,2.0,0.0,FIFA World Cup qualification,Kuwait City,Kuwait,False
2001-02-25,Oman,Maldives,5.0,0.0,Friendly,Muscat,Oman,False
2001-02-27,Kuwait,Bahrain,0.0,1.0,FIFA World Cup qualification,Kuwait City,Kuwait,False
2001-02-27,Kyrgyzstan,Singapore,1.0,1.0,FIFA World Cup qualification,Kuwait City,Kuwait,True
2001-02-27,Oman,Maldives,2.0,0.0,Friendly,Muscat,Oman,False
2001-03-04,Hong Kong,Palestine,1.0,1.0,FIFA World Cup qualification,So Kon Po,Hong Kong,False
2001-03-04,Qatar,Malaysia,5.0,1.0,FIFA World Cup qualification,So Kon Po,Hong Kong,True
2001-03-07,Lebanon,Syria,2.0,2.0,Friendly,Tripoli,Lebanon,False
2001-03-08,Hong Kong,Malaysia,0.0,2.0,FIFA World Cup qualification,So Kon Po,Hong Kong,False
2001-03-08,Palestine,Qatar,1.0,2.0,FIFA World Cup qualification,So Kon Po,Hong Kong,True
2001-03-11,Hong Kong,Qatar,0.0,2.0,FIFA World Cup qualification,So Kon Po,Hong Kong,False
2001-03-11,Palestine,Malaysia,1.0,0.0,FIFA World Cup qualification,So Kon Po,Hong Kong,True
2001-03-20,Palestine,Hong Kong,1.0,0.0,FIFA World Cup qualification,Doha,Qatar,True
2001-03-20,Qatar,Malaysia,0.0,0.0,FIFA World Cup qualification,Doha,Qatar,False
2001-03-23,Hong Kong,Malaysia,2.0,1.0,FIFA World Cup qualification,Doha,Qatar,True
2001-03-23,Qatar,Palestine,2.0,1.0,FIFA World Cup qualification,Doha,Qatar,False
2001-03-25,Malaysia,Palestine,4.0,3.0,FIFA World Cup qualification,Doha,Qatar,True
2001-03-25,Qatar,Hong Kong,3.0,0.0,FIFA World Cup qualification,Doha,Qatar,False
2001-03-27,Oman,United Arab Emirates,2.0,1.0,Friendly,Muscat,Oman,False
2001-03-28,Sri Lanka,Cambodia,1.0,0.0,Friendly,Colombo,Sri Lanka,False
2001-04-01,Maldives,Cambodia,6.0,0.0,FIFA World Cup qualification,Malé,Maldives,False
2001-04-04,Lebanon,Bahrain,1.0,1.0,Friendly,Beirut,Lebanon,False
2001-04-07,Brunei,Yemen,0.0,5.0,FIFA World Cup qualification,Bandar Seri Begawan,Brunei,False
2001-04-08,India,United Arab Emirates,1.0,0.0,FIFA World Cup qualification,Bangalore,India,False
2001-04-08,Indonesia,Maldives,5.0,0.0,FIFA World Cup qualification,Jakarta,Indonesia,False
2001-04-12,Iraq,Macau,8.0,0.0,FIFA World Cup qualification,Baghdad,Iraq,False
2001-04-14,Brunei,United Arab Emirates,0.0,12.0,FIFA World Cup qualification,Bandar Seri Begawan,Brunei,False
2001-04-14,Iraq,Nepal,9.0,1.0,FIFA World Cup qualification,Baghdad,Iraq,False
2001-04-15,Cambodia,Maldives,1.0,1.0,FIFA World Cup qualification,Phnom Penh,Cambodia,False
2001-04-15,India,Yemen,1.0,1.0,FIFA World Cup qualification,Bangalore,India,False
2001-04-16,Bahrain,Oman,0.0,1.0,Friendly,Manama,Bahrain,False
2001-04-16,Nepal,Macau,4.0,1.0,FIFA World Cup qualification,Baghdad,Iraq,True
2001-04-21,Macau,Iraq,0.0,5.0,FIFA World Cup qualification,Almaty,Kazakhstan,True
2001-04-22,China PR,Maldives,10.0,1.0,FIFA World Cup qualification,Xi'an,China PR,False
2001-04-22,Indonesia,Cambodia,6.0,0.0,FIFA World Cup qualification,Jakarta,Indonesia,False
2001-04-23,Iraq,Nepal,4.0,2.0,FIFA World Cup qualification,Almaty,Kazakhstan,True
2001-04-23,Turkmenistan,Jordan,2.0,0.0,FIFA World Cup qualification,Tashkent,Uzbekistan,True
2001-04-23,Uzbekistan,Taiwan,7.0,0.0,FIFA World Cup qualification,Tashkent,Uzbekistan,False
2001-04-24,Iran,South Korea,0.0,1.0,Friendly,Cairo,Egypt,True
2001-04-25,Lebanon,Philippines,3.0,0.0,Friendly,Tripoli,Lebanon,False
2001-04-25,Macau,Nepal,1.0,6.0,FIFA World Cup qualification,Almaty,Kazakhstan,True
2001-04-25,Uzbekistan,Turkmenistan,1.0,0.0,FIFA World Cup qualification,Tashkent,Uzbekistan,False
2001-04-25,Taiwan,Jordan,0.0,2.0,FIFA World Cup qualification,Tashkent,Uzbekistan,True
2001-04-26,United Arab Emirates,India,1.0,0.0,FIFA World Cup qualification,Al Ain,United Arab Emirates,False
2001-04-27,Uzbekistan,Jordan,2.0,2.0,FIFA World Cup qualification,Tashkent,Uzbekistan,False
2001-04-27,Yemen,Brunei,1.0,0.0,FIFA World Cup qualification,Sana'a,Yemen,False
2001-04-27,Taiwan,Turkmenistan,0.0,5.0,FIFA World Cup qualification,Tashkent,Uzbekistan,True
2001-04-28,Bangladesh,Bhutan,3.0,1.0,Friendly,Dhaka,Bangladesh,False
2001-04-28,Maldives,China PR,0.0,1.0,FIFA World Cup qualification,Malé,Maldives,False
2001-04-29,Cambodia,Indonesia,0.0,2.0,FIFA World Cup qualification,Phnom Penh,Cambodia,False
2001-04-30,Oman,Laos,12.0,0.0,FIFA World Cup qualification,Muscat,Oman,False
2001-04-30,Syria,Philippines,12.0,0.0,FIFA World Cup qualification,Aleppo,Syria,False
2001-05-03,Jordan,Taiwan,6.0,0.0,FIFA World Cup qualification,Amman,Jordan,False
2001-05-03,Turkmenistan,Uzbekistan,2.0,5.0,FIFA World Cup qualification,Amman,Jordan,True
2001-05-04,Oman,Laos,7.0,0.0,FIFA World Cup qualification,Muscat,Oman,False
2001-05-04,Syria,Philippines,5.0,1.0,FIFA World Cup qualification,Aleppo,Syria,False
2001-05-04,United Arab Emirates,Brunei,4.0,0.0,FIFA World Cup qualification,Al Ain,United Arab Emirates,False
2001-05-04,Yemen,India,3.0,3.0,FIFA World Cup qualification,Sana'a,Yemen,False
2001-05-05,Jordan,Turkmenistan,1.0,2.0,FIFA World Cup qualification,Amman,Jordan,False
2001-05-05,Taiwan,Uzbekistan,0.0,4.0,FIFA World Cup qualification,Amman,Jordan,True
2001-05-06,Cambodia,China PR,0.0,4.0,FIFA World Cup qualification,Phnom Penh,Cambodia,False
2001-05-06,Maldives,Indonesia,0.0,2.0,FIFA World Cup qualification,Malé,Maldives,False
2001-05-07,Jordan,Uzbekistan,1.0,1.0,FIFA World Cup qualification,Amman,Jordan,False
2001-05-07,Oman,Philippines,7.0,0.0,FIFA World Cup qualification,Muscat,Oman,False
2001-05-07,Syria,Laos,11.0,0.0,FIFA World Cup qualification,Aleppo,Syria,False
2001-05-07,Turkmenistan,Taiwan,1.0,0.0,FIFA World Cup qualification,Amman,Jordan,True
2001-05-11,Oman,Philippines,2.0,0.0,FIFA World Cup qualification,Muscat,Oman,False
2001-05-11,Syria,Laos,9.0,0.0,FIFA World Cup qualification,Aleppo,Syria,False
2001-05-11,Yemen,United Arab Emirates,2.0,1.0,FIFA World Cup qualification,Sana'a,Yemen,False
2001-05-11,Brunei,India,0.0,1.0,FIFA World Cup qualification,Bandar Seri Begawan,Brunei,False
2001-05-13,China PR,Indonesia,5.0,1.0,FIFA World Cup qualification,Kunming,China PR,False
2001-05-13,Lebanon,Pakistan,6.0,0.0,FIFA World Cup qualification,Beirut,Lebanon,False
2001-05-13,Thailand,Sri Lanka,4.0,2.0,FIFA World Cup qualification,Beirut,Lebanon,True
2001-05-15,Lebanon,Sri Lanka,4.0,0.0,FIFA World Cup qualification,Beirut,Lebanon,False
2001-05-15,Thailand,Pakistan,3.0,0.0,FIFA World Cup qualification,Beirut,Lebanon,True
2001-05-17,Lebanon,Thailand,1.0,2.0,FIFA World Cup qualification,Beirut,Lebanon,False
2001-05-17,Pakistan,Sri Lanka,3.0,3.0,FIFA World Cup qualification,Beirut,Lebanon,True
2001-05-18,Syria,Oman,3.0,3.0,FIFA World Cup qualification,Aleppo,Syria,False
2001-05-18,United Arab Emirates,Yemen,3.0,2.0,FIFA World Cup qualification,Al Ain,United Arab Emirates,False
2001-05-19,Laos,Philippines,2.0,0.0,FIFA World Cup qualification,Vientiane,Laos,False
2001-05-20,China PR,Cambodia,3.0,1.0,FIFA World Cup qualification,Guangzhou,China PR,False
2001-05-20,India,Brunei,5.0,0.0,FIFA World Cup qualification,Bangalore,India,False
2001-05-25,Oman,Syria,2.0,0.0,FIFA World Cup qualification,Muscat,Oman,False
2001-05-26,Pakistan,Lebanon,1.0,8.0,FIFA World Cup qualification,Bangkok,Thailand,True
2001-05-26,Philippines,Laos,1.0,1.0,FIFA World Cup qualification,Pasig City,Philippines,False
2001-05-26,Thailand,Sri Lanka,3.0,0.0,FIFA World Cup qualification,Bangkok,Thailand,False
2001-05-27,Indonesia,China PR,0.0,2.0,FIFA World Cup qualification,Jakarta,Indonesia,False
2001-05-28,Sri Lanka,Lebanon,0.0,5.0,FIFA World Cup qualification,Bangkok,Thailand,True
2001-05-28,Thailand,Pakistan,6.0,0.0,FIFA World Cup qualification,Bangkok,Thailand,False
2001-05-30,Sri Lanka,Pakistan,3.0,1.0,FIFA World Cup qualification,Bangkok,Thailand,True
2001-05-30,Thailand,Lebanon,2.0,2.0,FIFA World Cup qualification,Bangkok,Thailand,False
2001-06-03,South Korea,Australia,1.0,0.0,Confederations Cup,Suwon,South Korea,False
2001-06-07,Japan,Australia,1.0,0.0,Confederations Cup,Yokohama,Japan,False
2001-06-21,Malaysia,Bahrain,2.0,4.0,Merdeka Tournament,Shah Alam,Malaysia,False
2001-06-26,India,Uzbekistan,1.0,2.0,Merdeka Tournament,Shah Alam,Malaysia,True
2001-06-28,Bahrain,Uzbekistan,0.0,2.0,Merdeka Tournament,Shah Alam,Malaysia,True
2001-07-10,Singapore,Saudi Arabia,0.0,3.0,Friendly,Singapore,Singapore,False
2001-07-19,Malaysia,Saudi Arabia,0.0,4.0,Friendly,Kuala Lumpur,Malaysia,False
2001-07-23,Saudi Arabia,North Korea,1.0,0.0,Friendly,Kuala Lumpur,Malaysia,True
2001-07-29,Oman,Iraq,1.0,0.0,Friendly,Muscat,Oman,False
2001-08-01,Qatar,Iran,2.0,1.0,Friendly,Doha,Qatar,False
2001-08-02,United Arab Emirates,Iraq,2.0,2.0,Friendly,Abu Dhabi,United Arab Emirates,False
2001-08-03,China PR,North Korea,2.0,2.0,Friendly,Shanghai,China PR,False
2001-08-05,Kuwait,North Korea,1.0,1.0,Friendly,Shanghai,China PR,True
2001-08-05,Saudi Arabia,Qatar,1.0,2.0,Friendly,Riyadh,Saudi Arabia,False
2001-08-08,Iran,Oman,5.0,2.0,Friendly,Tehran,Iran,False
2001-08-08,United Arab Emirates,Saudi Arabia,0.0,1.0,Friendly,Doha,Qatar,True
2001-08-10,Qatar,Bahrain,1.0,1.0,Friendly,Doha,Qatar,False
2001-08-13,Singapore,Thailand,0.0,5.0,Friendly,Singapore,Singapore,False
2001-08-15,Japan,Australia,3.0,0.0,Friendly,Fukuroi,Japan,False
2001-08-16,Qatar,Oman,0.0,0.0,FIFA World Cup qualification,Doha,Qatar,False
2001-08-17,Iraq,Thailand,4.0,0.0,FIFA World Cup qualification,Baghdad,Iraq,False
2001-08-17,Saudi Arabia,Bahrain,1.0,1.0,FIFA World Cup qualification,Riyadh,Saudi Arabia,False
2001-08-17,United Arab Emirates,Uzbekistan,4.0,1.0,FIFA World Cup qualification,Abu Dhabi,United Arab Emirates,False
2001-08-23,Bahrain,Iraq,2.0,0.0,FIFA World Cup qualification,Riffa,Bahrain,False
2001-08-24,Iran,Saudi Arabia,2.0,0.0,FIFA World Cup qualification,Tehran,Iran,False
2001-08-25,China PR,United Arab Emirates,3.0,0.0,FIFA World Cup qualification,Shenyang,China PR,False
2001-08-26,Uzbekistan,Qatar,2.0,1.0,FIFA World Cup qualification,Tashkent,Uzbekistan,False
2001-08-31,Oman,China PR,0.0,2.0,FIFA World Cup qualification,Muscat,Oman,False
2001-08-31,Saudi Arabia,Iraq,1.0,0.0,FIFA World Cup qualification,Riffa,Bahrain,True
2001-08-31,United Arab Emirates,Qatar,0.0,2.0,FIFA World Cup qualification,Abu Dhabi,United Arab Emirates,False
2001-09-01,Thailand,Iran,0.0,0.0,FIFA World Cup qualification,Bangkok,Thailand,False
2001-09-06,Bahrain,Thailand,1.0,1.0,FIFA World Cup qualification,Riffa,Bahrain,False
2001-09-07,Iraq,Iran,1.0,2.0,FIFA World Cup qualification,Baghdad,Iraq,False
2001-09-07,Qatar,China PR,1.0,1.0,FIFA World Cup qualification,Doha,Qatar,False
2001-09-07,Saudi Arabia,United Arab Emirates,0.0,2.0,Friendly,Dammam,Saudi Arabia,False
2001-09-08,Uzbekistan,Oman,5.0,0.0,FIFA World Cup qualification,Tashkent,Uzbekistan,False
2001-09-14,Iran,Bahrain,0.0,0.0,FIFA World Cup qualification,Tehran,Iran,False
2001-09-14,Oman,United Arab Emirates,1.0,1.0,FIFA World Cup qualification,Muscat,Oman,False
2001-09-14,Qatar,Iraq,0.0,0.0,Friendly,Doha,Qatar,False
2001-09-15,China PR,Uzbekistan,2.0,0.0,FIFA World Cup qualification,Shenyang,China PR,False
2001-09-15,Thailand,Saudi Arabia,1.0,3.0,FIFA World Cup qualification,Bangkok,Thailand,False
2001-09-21,Bahrain,Saudi Arabia,0.0,4.0,FIFA World Cup qualification,Riffa,Bahrain,False
2001-09-21,Oman,Qatar,0.0,3.0,FIFA World Cup qualification,Muscat,Oman,False
2001-09-22,Thailand,Iraq,1.0,1.0,FIFA World Cup qualification,Bangkok,Thailand,False
2001-09-22,Uzbekistan,United Arab Emirates,0.0,1.0,FIFA World Cup qualification,Tashkent,Uzbekistan,False
2001-09-27,United Arab Emirates,China PR,0.0,1.0,FIFA World Cup qualification,Abu Dhabi,United Arab Emirates,False
2001-09-28,Iraq,Bahrain,1.0,0.0,FIFA World Cup qualification,Baghdad,Iraq,False
2001-09-28,Qatar,Uzbekistan,2.0,2.0,FIFA World Cup qualification,Doha,Qatar,False
2001-09-28,Saudi Arabia,Iran,2.0,2.0,FIFA World Cup qualification,Jeddah,Saudi Arabia,False
2001-09-29,Thailand,Oman,2.0,0.0,Friendly,Bangkok,Thailand,False
2001-10-04,Qatar,United Arab Emirates,1.0,2.0,FIFA World Cup qualification,Doha,Qatar,False
2001-10-05,Bahrain,Qatar,1.0,0.0,Friendly,Manama,Bahrain,False
2001-10-05,Iran,Thailand,1.0,0.0,FIFA World Cup qualification,Tehran,Iran,False
2001-10-05,Iraq,Saudi Arabia,1.0,2.0,FIFA World Cup qualification,Amman,Jordan,True
2001-10-07,China PR,Oman,1.0,0.0,FIFA World Cup qualification,Shenyang,China PR,False
2001-10-12,Iran,Iraq,2.0,1.0,FIFA World Cup qualification,Tehran,Iran,False
2001-10-13,China PR,Qatar,3.0,0.0,FIFA World Cup qualification,Shenyang,China PR,False
2001-10-13,Oman,Uzbekistan,4.0,2.0,FIFA World Cup qualification,Muscat,Oman,False
2001-10-16,Thailand,Bahrain,1.0,1.0,FIFA World Cup qualification,Bangkok,Thailand,False
2001-10-18,Kuwait,Qatar,0.0,1.0,Friendly,Kuwait City,Kuwait,False
2001-10-19,United Arab Emirates,Oman,2.0,2.0,FIFA World Cup qualification,Abu Dhabi,United Arab Emirates,False
2001-10-19,Uzbekistan,China PR,1.0,0.0,FIFA World Cup qualification,Tashkent,Uzbekistan,False
2001-10-21,Bahrain,Iran,3.0,1.0,FIFA World Cup qualification,Riffa,Bahrain,False
2001-10-21,Saudi Arabia,Thailand,4.0,1.0,FIFA World Cup qualification,Riyadh,Saudi Arabia,False
2001-10-25,Iran,United Arab Emirates,1.0,0.0,FIFA World Cup qualification,Tehran,Iran,False
2001-10-31,United Arab Emirates,Iran,0.0,3.0,FIFA World Cup qualification,Abu Dhabi,United Arab Emirates,False
2001-11-29,Oman,Kuwait,1.0,1.0,Friendly,Muscat,Oman,False
2001-12-13,Bahrain,Oman,2.0,2.0,Friendly,Manama,Bahrain,False
2001-12-23,Oman,Syria,2.0,0.0,Friendly,Muscat,Oman,False
2001-12-25,Oman,Syria,1.0,0.0,Friendly,Muscat,Oman,False
2001-12-29,Kuwait,Syria,0.0,0.0,Friendly,Kuwait City,Kuwait,False
2001-12-31,Kuwait,Syria,2.0,2.0,Friendly,Kuwait City,Kuwait,False
2002-01-11,Iraq,Oman,2.0,0.0,Friendly,Doha,Qatar,True
2002-01-13,Qatar,Iraq,1.0,3.0,Friendly,Doha,Qatar,False
2002-01-16,Saudi Arabia,Kuwait,1.0,1.0,Gulf Cup,Riyadh,Saudi Arabia,False
2002-01-17,Qatar,Bahrain,1.0,0.0,Gulf Cup,Riyadh,Saudi Arabia,True
2002-01-17,United Arab Emirates,Oman,1.0,0.0,Gulf Cup,Riyadh,Saudi Arabia,True
2002-01-19,Kuwait,Oman,1.0,3.0,Gulf Cup,Riyadh,Saudi Arabia,True
2002-01-20,Saudi Arabia,Bahrain,3.0,1.0,Gulf Cup,Riyadh,Saudi Arabia,False
2002-01-20,United Arab Emirates,Qatar,0.0,2.0,Gulf Cup,Riyadh,Saudi Arabia,True
2002-01-22,Kuwait,Bahrain,0.0,0.0,Gulf Cup,Riyadh,Saudi Arabia,True
2002-01-24,Oman,Qatar,1.0,2.0,Gulf Cup,Riyadh,Saudi Arabia,True
2002-01-24,Saudi Arabia,United Arab Emirates,1.0,0.0,Gulf Cup,Riyadh,Saudi Arabia,False
2002-01-26,Kuwait,Qatar,0.0,1.0,Gulf Cup,Riyadh,Saudi Arabia,True
2002-01-27,United Arab Emirates,Bahrain,1.0,2.0,Gulf Cup,Riyadh,Saudi Arabia,True
2002-01-27,Saudi Arabia,Oman,2.0,0.0,Gulf Cup,Riyadh,Saudi Arabia,False
2002-01-29,Kuwait,United Arab Emirates,2.0,1.0,Gulf Cup,Riyadh,Saudi Arabia,True
2002-01-30,Bahrain,Oman,1.0,1.0,Gulf Cup,Riyadh,Saudi Arabia,True
2002-01-30,Saudi Arabia,Qatar,3.0,1.0,Gulf Cup,Riyadh,Saudi Arabia,False
2002-02-07,Singapore,North Korea,2.0,1.0,Friendly,Singapore,Singapore,False
2002-02-10,North Korea,Qatar,1.0,1.0,King's Cup,Bangkok,Thailand,True
2002-02-10,Thailand,Singapore,4.0,0.0,King's Cup,Bangkok,Thailand,False
2002-02-12,North Korea,Singapore,4.0,2.0,King's Cup,Bangkok,Thailand,True
2002-02-12,Thailand,Qatar,1.0,0.0,King's Cup,Bangkok,Thailand,False
2002-02-14,Qatar,Singapore,3.0,0.0,King's Cup,Bangkok,Thailand,True
2002-02-14,Thailand,North Korea,0.0,1.0,King's Cup,Bangkok,Thailand,False
2002-02-16,Qatar,Singapore,2.0,0.0,King's Cup,Bangkok,Thailand,True
2002-02-16,Thailand,North Korea,0.0,0.0,King's Cup,Bangkok,Thailand,False
2002-03-17,Sri Lanka,Pakistan,1.0,1.0,Friendly,Colombo,Sri Lanka,False
2002-03-19,Sri Lanka,Pakistan,0.0,0.0,Friendly,Kurunegala,Sri Lanka,False
2002-03-23,Sri Lanka,Pakistan,1.0,0.0,Friendly,Colombo,Sri Lanka,False
2002-03-25,Sri Lanka,Pakistan,2.0,1.0,Friendly,Kalutara,Sri Lanka,False
2002-04-04,Sri Lanka,Maldives,1.0,0.0,Friendly,Colombo,Sri Lanka,False
2002-04-06,Sri Lanka,Maldives,1.0,1.0,Friendly,Jaffna,Sri Lanka,False
2002-04-09,Singapore,Maldives,2.0,0.0,Friendly,Singapore,Singapore,False
2002-04-27,South Korea,China PR,0.0,0.0,Friendly,Incheon,South Korea,False
2002-05-17,Myanmar,Malaysia,1.0,1.0,Friendly,Yangon,Myanmar,False
2002-05-19,Myanmar,Malaysia,0.0,0.0,Friendly,Yangon,Myanmar,False
2002-05-30,Kuwait,Iran,1.0,3.0,Friendly,Kuwait City,Kuwait,False
2002-07-16,Malaysia,Singapore,1.0,2.0,Friendly,Kuantan,Malaysia,False
2002-07-19,Iraq,Syria,2.0,0.0,Friendly,Baghdad,Iraq,False
2002-07-22,Iraq,Syria,2.0,1.0,Friendly,Baghdad,Iraq,False
2002-08-30,Jordan,Iran,1.0,0.0,WAFF Championship,Damascus,Syria,True
2002-08-30,Syria,Palestine,2.0,1.0,WAFF Championship,Damascus,Syria,False
2002-09-01,Lebanon,Jordan,0.0,1.0,WAFF Championship,Damascus,Syria,True
2002-09-01,Palestine,Iraq,0.0,2.0,WAFF Championship,Damascus,Syria,True
2002-09-03,Iran,Lebanon,2.0,0.0,WAFF Championship,Damascus,Syria,True
2002-09-03,Syria,Iraq,0.0,1.0,WAFF Championship,Damascus,Syria,False
2002-09-05,Iraq,Iran,0.0,0.0,WAFF Championship,Damascus,Syria,True
2002-09-05,Syria,Jordan,1.0,2.0,WAFF Championship,Damascus,Syria,False
2002-09-07,Jordan,Iraq,2.0,3.0,WAFF Championship,Damascus,Syria,True
2002-09-07,South Korea,North Korea,0.0,0.0,Friendly,Seoul,South Korea,False
2002-09-07,Syria,Iran,2.0,2.0,WAFF Championship,Damascus,Syria,False
2002-09-25,Oman,United Arab Emirates,2.0,1.0,Friendly,Muscat,Oman,False
2002-11-10,Singapore,Indonesia,1.0,1.0,Friendly,Singapore,Singapore,False
2002-11-20,Qatar,Iraq,2.0,1.0,Friendly,Doha,Qatar,False
2002-11-23,Bahrain,Iraq,2.0,2.0,Friendly,Doha,Qatar,True
2002-11-27,Sri Lanka,Vietnam,1.0,2.0,Friendly,Colombo,Sri Lanka,False
2002-11-29,Jordan,Malaysia,1.0,0.0,Friendly,Abu Dhabi,United Arab Emirates,True
2002-11-29,Sri Lanka,Vietnam,1.0,1.0,Friendly,Colombo,Sri Lanka,False
2002-11-30,Jordan,Singapore,3.0,1.0,Friendly,Abu Dhabi,United Arab Emirates,True
2002-12-01,Sri Lanka,Vietnam,2.0,2.0,Friendly,Colombo,Sri Lanka,False
2002-12-07,Bahrain,Jordan,0.0,3.0,Prime Minister's Cup,Riffa,Bahrain,False
2002-12-07,China PR,Syria,3.0,1.0,Prime Minister's Cup,Riffa,Bahrain,True
2002-12-08,Thailand,Vietnam,2.0,1.0,Friendly,Bangkok,Thailand,False
2002-12-09,Bahrain,Syria,2.0,3.0,Prime Minister's Cup,Riffa,Bahrain,False
2002-12-09,China PR,Jordan,0.0,0.0,Prime Minister's Cup,Riffa,Bahrain,True
2002-12-11,Malaysia,Cambodia,5.0,0.0,Friendly,Petaling Jaya,Malaysia,False
2002-12-11,Singapore,Philippines,2.0,0.0,Friendly,Singapore,Singapore,False
2002-12-12,Bahrain,China PR,2.0,2.0,Prime Minister's Cup,Riffa,Bahrain,False
2002-12-12,Jordan,Syria,3.0,0.0,Prime Minister's Cup,Riffa,Bahrain,True
2002-12-13,Saudi Arabia,Lebanon,1.0,1.0,Friendly,Dammam,Saudi Arabia,False
2002-12-15,Indonesia,Myanmar,0.0,0.0,AFF Championship,Jakarta,Indonesia,False
2002-12-15,Vietnam,Cambodia,9.0,2.0,AFF Championship,Jakarta,Indonesia,True
2002-12-16,Palestine,Jordan,1.0,1.0,Arab Cup,Kuwait City,Kuwait,True
2002-12-17,Indonesia,Cambodia,4.0,2.0,AFF Championship,Jakarta,Indonesia,False
2002-12-17,Philippines,Myanmar,1.0,6.0,AFF Championship,Jakarta,Indonesia,True
2002-12-17,Saudi Arabia,Bahrain,2.0,1.0,Arab Cup,Kuwait City,Kuwait,True
2002-12-17,Yemen,Syria,0.0,4.0,Arab Cup,Kuwait City,Kuwait,True
2002-12-18,Singapore,Malaysia,0.0,4.0,AFF Championship,Singapore,Singapore,False
2002-12-18,Thailand,Laos,5.0,1.0,AFF Championship,Singapore,Singapore,True
2002-12-19,Bahrain,Syria,2.0,0.0,Arab Cup,Kuwait City,Kuwait,True
2002-12-19,Myanmar,Cambodia,5.0,0.0,AFF Championship,Jakarta,Indonesia,True
2002-12-19,Saudi Arabia,Lebanon,1.0,0.0,Arab Cup,Kuwait City,Kuwait,True
2002-12-19,Vietnam,Philippines,4.0,1.0,AFF Championship,Jakarta,Indonesia,True
2002-12-20,Singapore,Laos,2.0,1.0,AFF Championship,Singapore,Singapore,False
2002-12-20,Thailand,Malaysia,1.0,3.0,AFF Championship,Singapore,Singapore,True
2002-12-21,Bahrain,Yemen,3.0,1.0,Arab Cup,Kuwait City,Kuwait,True
2002-12-21,Cambodia,Philippines,1.0,0.0,AFF Championship,Jakarta,Indonesia,True
2002-12-21,Indonesia,Vietnam,2.0,2.0,AFF Championship,Jakarta,Indonesia,False
2002-12-21,Syria,Lebanon,4.0,1.0,Arab Cup,Kuwait City,Kuwait,True
2002-12-22,Malaysia,Laos,1.0,1.0,AFF Championship,Singapore,Singapore,True
2002-12-22,Singapore,Thailand,1.0,1.0,AFF Championship,Singapore,Singapore,False
2002-12-23,Myanmar,Vietnam,2.0,4.0,AFF Championship,Jakarta,Indonesia,True
2002-12-23,Indonesia,Philippines,13.0,1.0,AFF Championship,Jakarta,Indonesia,False
2002-12-23,Kuwait,Jordan,1.0,2.0,Arab Cup,Kuwait City,Kuwait,False
2002-12-24,Lebanon,Yemen,4.0,2.0,Arab Cup,Kuwait City,Kuwait,True
2002-12-24,Syria,Saudi Arabia,0.0,3.0,Arab Cup,Kuwait City,Kuwait,True
2002-12-25,Kuwait,Palestine,3.0,3.0,Arab Cup,Kuwait City,Kuwait,False
2002-12-26,Lebanon,Bahrain,0.0,0.0,Arab Cup,Kuwait City,Kuwait,True
2002-12-26,Yemen,Saudi Arabia,2.0,2.0,Arab Cup,Kuwait City,Kuwait,True
2002-12-27,Indonesia,Malaysia,1.0,0.0,AFF Championship,Jakarta,Indonesia,False
2002-12-27,Vietnam,Thailand,0.0,4.0,AFF Championship,Jakarta,Indonesia,True
2002-12-28,Jordan,Bahrain,1.0,2.0,Arab Cup,Kuwait City,Kuwait,True
2002-12-29,Indonesia,Thailand,2.0,2.0,AFF Championship,Jakarta,Indonesia,False
2002-12-29,Vietnam,Malaysia,2.0,1.0,AFF Championship,Jakarta,Indonesia,True
2002-12-30,Saudi Arabia,Bahrain,1.0,0.0,Arab Cup,Kuwait City,Kuwait,True
2003-01-10,India,Pakistan,0.0,1.0,SAFF Cup,Dhaka,Bangladesh,True
2003-01-10,Sri Lanka,Afghanistan,1.0,0.0,SAFF Cup,Dhaka,Bangladesh,True
2003-01-11,Bangladesh,Nepal,1.0,0.0,SAFF Cup,Dhaka,Bangladesh,False
2003-01-11,Maldives,Bhutan,6.0,0.0,SAFF Cup,Dhaka,Bangladesh,True
2003-01-12,Afghanistan,India,0.0,4.0,SAFF Cup,Dhaka,Bangladesh,True
2003-01-12,Pakistan,Sri Lanka,2.0,1.0,SAFF Cup,Dhaka,Bangladesh,True
2003-01-13,Bangladesh,Maldives,1.0,0.0,SAFF Cup,Dhaka,Bangladesh,False
2003-01-13,Nepal,Bhutan,2.0,0.0,SAFF Cup,Dhaka,Bangladesh,True
2003-01-14,Afghanistan,Pakistan,0.0,1.0,SAFF Cup,Dhaka,Bangladesh,True
2003-01-14,India,Sri Lanka,1.0,1.0,SAFF Cup,Dhaka,Bangladesh,True
2003-01-15,Bangladesh,Bhutan,3.0,0.0,SAFF Cup,Dhaka,Bangladesh,False
2003-01-15,Nepal,Maldives,2.0,3.0,SAFF Cup,Dhaka,Bangladesh,True
2003-01-18,Bangladesh,India,2.0,1.0,SAFF Cup,Dhaka,Bangladesh,False
2003-01-18,Pakistan,Maldives,0.0,1.0,SAFF Cup,Dhaka,Bangladesh,True
2003-01-20,Bangladesh,Maldives,1.0,1.0,SAFF Cup,Dhaka,Bangladesh,False
2003-01-20,Pakistan,India,1.0,2.0,SAFF Cup,Dhaka,Bangladesh,True
2003-02-16,Thailand,North Korea,2.0,2.0,King's Cup,Bangkok,Thailand,False
2003-02-18,Thailand,Qatar,1.0,1.0,King's Cup,Bangkok,Thailand,False
2003-02-20,North Korea,Qatar,2.0,2.0,King's Cup,Bangkok,Thailand,True
2003-02-22,Hong Kong,Taiwan,2.0,0.0,EAFF Championship,So Kon Po,Hong Kong,False
2003-02-22,Macau,Mongolia,2.0,0.0,EAFF Championship,So Kon Po,Hong Kong,True
2003-02-22,Thailand,Qatar,3.0,1.0,King's Cup,Bangkok,Thailand,False
2003-02-24,Hong Kong,Macau,3.0,0.0,EAFF Championship,So Kon Po,Hong Kong,False
2003-02-24,Mongolia,Guam,2.0,0.0,EAFF Championship,So Kon Po,Hong Kong,True
2003-02-26,Guam,Macau,0.0,2.0,EAFF Championship,So Kon Po,Hong Kong,True
2003-02-28,Guam,Taiwan,0.0,7.0,EAFF Championship,So Kon Po,Hong Kong,True
2003-02-28,Hong Kong,Mongolia,10.0,0.0,EAFF Championship,So Kon Po,Hong Kong,False
2003-03-02,Hong Kong,Guam,11.0,0.0,EAFF Championship,So Kon Po,Hong Kong,False
2003-03-02,Macau,Taiwan,1.0,2.0,EAFF Championship,So Kon Po,Hong Kong,True
2003-03-04,Singapore,Maldives,4.0,1.0,Friendly,Singapore,Singapore,False
2003-03-16,Kyrgyzstan,Afghanistan,1.0,2.0,AFC Asian Cup qualification,Kathmandu,Nepal,True
2003-03-18,Nepal,Afghanistan,4.0,0.0,AFC Asian Cup qualification,Kathmandu,Nepal,False
2003-03-20,Nepal,Kyrgyzstan,0.0,2.0,AFC Asian Cup qualification,Kathmandu,Nepal,False
2003-03-21,Macau,Pakistan,0.0,3.0,AFC Asian Cup qualification,Singapore,Singapore,True
2003-03-21,Maldives,Brunei,1.0,1.0,AFC Asian Cup qualification,Malé,Maldives,False
2003-03-21,Sri Lanka,Timor-Leste,3.0,2.0,AFC Asian Cup qualification,Colombo,Sri Lanka,False
2003-03-23,Myanmar,Brunei,5.0,0.0,AFC Asian Cup qualification,Malé,Maldives,True
2003-03-23,Singapore,Macau,2.0,0.0,AFC Asian Cup qualification,Singapore,Singapore,False
2003-03-24,North Korea,India,2.0,0.0,AFC Asian Cup qualification,Pyongyang,North Korea,False
2003-03-25,Hong Kong,Laos,5.0,1.0,AFC Asian Cup qualification,Kowloon,Hong Kong,False
2003-03-25,Maldives,Myanmar,0.0,2.0,AFC Asian Cup qualification,Malé,Maldives,False
2003-03-25,Singapore,Pakistan,3.0,0.0,AFC Asian Cup qualification,Singapore,Singapore,False
2003-03-25,Sri Lanka,Taiwan,2.0,1.0,AFC Asian Cup qualification,Colombo,Sri Lanka,False
2003-03-27,Laos,Bangladesh,2.0,1.0,AFC Asian Cup qualification,Kowloon,Hong Kong,True
2003-03-30,Hong Kong,Bangladesh,2.0,2.0,AFC Asian Cup qualification,Kowloon,Hong Kong,False
2003-03-30,India,North Korea,1.0,1.0,AFC Asian Cup qualification,Margao,India,False
2003-04-16,South Korea,Japan,0.0,1.0,Friendly,Seoul,South Korea,False
2003-04-23,Bhutan,Guam,6.0,0.0,AFC Asian Cup qualification,Thimphu,Bhutan,False
2003-04-25,Guam,Mongolia,0.0,5.0,AFC Asian Cup qualification,Thimphu,Bhutan,True
2003-04-27,Bhutan,Mongolia,0.0,0.0,AFC Asian Cup qualification,Thimphu,Bhutan,False
2003-05-31,Japan,South Korea,0.0,1.0,Friendly,Tokyo,Japan,False
2003-08-04,Singapore,Hong Kong,4.0,1.0,Friendly,Singapore,Singapore,False
2003-08-13,Iran,Iraq,0.0,1.0,Friendly,Tehran,Iran,False
2003-08-22,Lebanon,Syria,1.0,0.0,Friendly,Beirut,Lebanon,False
2003-08-26,Jordan,Iraq,2.0,1.0,Friendly,Amman,Jordan,False
2003-09-04,North Korea,Lebanon,0.0,1.0,AFC Asian Cup qualification,Pyongyang,North Korea,False
2003-09-04,Singapore,Kuwait,1.0,3.0,AFC Asian Cup qualification,Singapore,Singapore,False
2003-09-05,Iran,Jordan,4.0,1.0,AFC Asian Cup qualification,Tehran,Iran,False
2003-09-10,Oman,Bahrain,1.0,0.0,Friendly,Muscat,Oman,False
2003-09-14,Kuwait,Qatar,2.0,1.0,AFC Asian Cup qualification,Kuwait City,Kuwait,False
2003-09-16,Singapore,Oman,1.0,3.0,Friendly,Singapore,Singapore,False
2003-09-19,Bahrain,Lebanon,4.0,3.0,Friendly,Manama,Bahrain,False
2003-09-19,Jordan,Syria,0.0,0.0,Friendly,Amman,Jordan,False
2003-09-20,Qatar,Kuwait,2.0,2.0,AFC Asian Cup qualification,Doha,Qatar,False
2003-09-24,Qatar,Palestine,1.0,1.0,AFC Asian Cup qualification,Doha,Qatar,False
2003-09-25,South Korea,Vietnam,5.0,0.0,AFC Asian Cup qualification,Incheon,South Korea,False
2003-09-25,Nepal,Oman,0.0,7.0,AFC Asian Cup qualification,Incheon,South Korea,True
2003-09-26,Jordan,Iran,3.0,2.0,AFC Asian Cup qualification,Amman,Jordan,False
2003-09-26,Malaysia,Indonesia,1.0,1.0,Friendly,Kuala Lumpur,Malaysia,False
2003-09-27,South Korea,Oman,1.0,0.0,AFC Asian Cup qualification,Incheon,South Korea,False
2003-09-27,Kuwait,Singapore,4.0,0.0,AFC Asian Cup qualification,Kuwait City,Kuwait,False
2003-09-27,Qatar,Palestine,2.0,1.0,AFC Asian Cup qualification,Doha,Qatar,False
2003-09-27,Syria,Yemen,8.0,2.0,Friendly,Jeddah,Saudi Arabia,True
2003-09-27,Vietnam,Nepal,5.0,0.0,AFC Asian Cup qualification,Incheon,South Korea,True
2003-09-29,South Korea,Nepal,16.0,0.0,AFC Asian Cup qualification,Incheon,South Korea,False
2003-09-29,Vietnam,Oman,0.0,6.0,AFC Asian Cup qualification,Incheon,South Korea,True
2003-09-30,Saudi Arabia,Syria,1.0,1.0,Friendly,Riyadh,Saudi Arabia,False
2003-10-05,Kuwait,Palestine,2.0,1.0,AFC Asian Cup qualification,Kuwait City,Kuwait,False
2003-10-06,Indonesia,Bhutan,2.0,0.0,AFC Asian Cup qualification,Jeddah,Saudi Arabia,True
2003-10-06,Saudi Arabia,Yemen,7.0,0.0,AFC Asian Cup qualification,Jeddah,Saudi Arabia,False
2003-10-08,Iraq,Bahrain,5.0,1.0,AFC Asian Cup qualification,Kuala Lumpur,Malaysia,True
2003-10-08,Kuwait,Palestine,4.0,0.0,AFC Asian Cup qualification,Kuwait City,Kuwait,False
2003-10-08,Malaysia,Myanmar,4.0,0.0,AFC Asian Cup qualification,Kuala Lumpur,Malaysia,False
2003-10-08,Oman,Jordan,2.0,1.0,Friendly,Muscat,Oman,False
2003-10-08,Saudi Arabia,Bhutan,6.0,0.0,AFC Asian Cup qualification,Jeddah,Saudi Arabia,False
2003-10-08,Yemen,Indonesia,0.0,3.0,AFC Asian Cup qualification,Jeddah,Saudi Arabia,True
2003-10-10,Bhutan,Yemen,0.0,8.0,AFC Asian Cup qualification,Jeddah,Saudi Arabia,True
2003-10-10,Myanmar,Bahrain,1.0,3.0,AFC Asian Cup qualification,Kuala Lumpur,Malaysia,True
2003-10-10,Malaysia,Iraq,0.0,0.0,AFC Asian Cup qualification,Kuala Lumpur,Malaysia,False
2003-10-10,Saudi Arabia,Indonesia,5.0,0.0,AFC Asian Cup qualification,Jeddah,Saudi Arabia,False
2003-10-11,United Arab Emirates,Uzbekistan,2.0,2.0,Friendly,Dubai,United Arab Emirates,False
2003-10-12,Iraq,Myanmar,3.0,0.0,AFC Asian Cup qualification,Kuala Lumpur,Malaysia,True
2003-10-12,Malaysia,Bahrain,2.0,2.0,AFC Asian Cup qualification,Kuala Lumpur,Malaysia,False
2003-10-13,Bhutan,Indonesia,0.0,2.0,AFC Asian Cup qualification,Jeddah,Saudi Arabia,True
2003-10-13,Saudi Arabia,Yemen,3.0,1.0,AFC Asian Cup qualification,Jeddah,Saudi Arabia,False
2003-10-15,Indonesia,Yemen,2.0,2.0,AFC Asian Cup qualification,Jeddah,Saudi Arabia,True
2003-10-15,Saudi Arabia,Bhutan,4.0,0.0,AFC Asian Cup qualification,Jeddah,Saudi Arabia,False
2003-10-15,Syria,Sri Lanka,5.0,0.0,AFC Asian Cup qualification,Damascus,Syria,False
2003-10-16,Thailand,India,2.0,0.0,Friendly,Bangkok,Thailand,False
2003-10-17,Jordan,Lebanon,1.0,0.0,AFC Asian Cup qualification,Amman,Jordan,False
2003-10-17,Saudi Arabia,Indonesia,6.0,0.0,AFC Asian Cup qualification,Jeddah,Saudi Arabia,False
2003-10-17,Yemen,Bhutan,4.0,0.0,AFC Asian Cup qualification,Jeddah,Saudi Arabia,True
2003-10-18,Syria,Sri Lanka,8.0,0.0,AFC Asian Cup qualification,Damascus,Syria,False
2003-10-19,Oman,Nepal,6.0,0.0,AFC Asian Cup qualification,Muscat,Oman,False
2003-10-19,Singapore,Palestine,2.0,0.0,AFC Asian Cup qualification,Singapore,Singapore,False
2003-10-19,Turkmenistan,United Arab Emirates,1.0,0.0,AFC Asian Cup qualification,Ashgabat,Turkmenistan,False
2003-10-19,Vietnam,South Korea,1.0,0.0,AFC Asian Cup qualification,Muscat,Oman,True
2003-10-20,Bahrain,Myanmar,4.0,0.0,AFC Asian Cup qualification,Riffa,Bahrain,False
2003-10-20,Iraq,Malaysia,5.0,1.0,AFC Asian Cup qualification,Riffa,Bahrain,True
2003-10-21,Nepal,Vietnam,0.0,2.0,AFC Asian Cup qualification,Muscat,Oman,True
2003-10-21,Oman,South Korea,3.0,1.0,AFC Asian Cup qualification,Muscat,Oman,False
2003-10-22,Bahrain,Malaysia,3.0,1.0,AFC Asian Cup qualification,Riffa,Bahrain,False
2003-10-22,Myanmar,Iraq,1.0,3.0,AFC Asian Cup qualification,Riffa,Bahrain,True
2003-10-22,Singapore,Palestine,0.0,0.0,AFC Asian Cup qualification,Singapore,Singapore,False
2003-10-24,Bahrain,Iraq,1.0,0.0,AFC Asian Cup qualification,Riffa,Bahrain,False
2003-10-24,Myanmar,Malaysia,2.0,1.0,AFC Asian Cup qualification,Riffa,Bahrain,True
2003-10-24,Nepal,South Korea,0.0,7.0,AFC Asian Cup qualification,Muscat,Oman,True
2003-10-24,Oman,Vietnam,2.0,0.0,AFC Asian Cup qualification,Muscat,Oman,False
2003-10-27,North Korea,Iran,1.0,3.0,AFC Asian Cup qualification,Pyongyang,North Korea,False
2003-10-30,United Arab Emirates,Turkmenistan,1.0,1.0,AFC Asian Cup qualification,Sharjah,United Arab Emirates,False
2003-11-03,Lebanon,North Korea,1.0,1.0,AFC Asian Cup qualification,Beirut,Lebanon,False
2003-11-06,Thailand,Tajikistan,0.0,1.0,AFC Asian Cup qualification,Tashkent,Uzbekistan,True
2003-11-06,Uzbekistan,Hong Kong,4.0,1.0,AFC Asian Cup qualification,Tashkent,Uzbekistan,False
2003-11-07,Syria,United Arab Emirates,1.0,3.0,AFC Asian Cup qualification,Damascus,Syria,False
2003-11-08,Hong Kong,Tajikistan,0.0,0.0,AFC Asian Cup qualification,Tashkent,Uzbekistan,True
2003-11-08,Uzbekistan,Thailand,3.0,0.0,AFC Asian Cup qualification,Tashkent,Uzbekistan,False
2003-11-09,Turkmenistan,Sri Lanka,1.0,0.0,AFC Asian Cup qualification,Balkanabat,Turkmenistan,False
2003-11-10,Hong Kong,Thailand,2.0,1.0,AFC Asian Cup qualification,Tashkent,Uzbekistan,True
2003-11-10,Uzbekistan,Tajikistan,0.0,0.0,AFC Asian Cup qualification,Tashkent,Uzbekistan,False
2003-11-12,Iran,North Korea,3.0,0.0,AFC Asian Cup qualification,Tehran,Iran,False
2003-11-12,Lebanon,Jordan,0.0,2.0,AFC Asian Cup qualification,Beirut,Lebanon,False
2003-11-12,Turkmenistan,Sri Lanka,3.0,0.0,AFC Asian Cup qualification,Ashgabat,Turkmenistan,False
2003-11-14,United Arab Emirates,Syria,3.0,1.0,AFC Asian Cup qualification,Sharjah,United Arab Emirates,False
2003-11-17,Tajikistan,Uzbekistan,1.0,4.0,AFC Asian Cup qualification,Bangkok,Thailand,True
2003-11-17,Thailand,Hong Kong,4.0,0.0,AFC Asian Cup qualification,Bangkok,Thailand,False
2003-11-18,Jordan,North Korea,3.0,0.0,AFC Asian Cup qualification,Amman,Jordan,False
2003-11-18,United Arab Emirates,Sri Lanka,3.0,1.0,AFC Asian Cup qualification,Dubai,United Arab Emirates,False
2003-11-19,Hong Kong,Uzbekistan,0.0,1.0,AFC Asian Cup qualification,Bangkok,Thailand,True
2003-11-19,Lebanon,Iran,0.0,3.0,AFC Asian Cup qualification,Beirut,Lebanon,False
2003-11-19,Qatar,Singapore,2.0,0.0,AFC Asian Cup qualification,Doha,Qatar,False
2003-11-19,Thailand,Tajikistan,1.0,0.0,AFC Asian Cup qualification,Bangkok,Thailand,False
2003-11-19,Turkmenistan,Afghanistan,11.0,0.0,FIFA World Cup qualification,Ashgabat,Turkmenistan,False
2003-11-21,Tajikistan,Hong Kong,1.0,0.0,AFC Asian Cup qualification,Bangkok,Thailand,True
2003-11-21,Thailand,Uzbekistan,4.0,1.0,AFC Asian Cup qualification,Bangkok,Thailand,False
2003-11-22,United Arab Emirates,Sri Lanka,3.0,0.0,AFC Asian Cup qualification,Dubai,United Arab Emirates,False
2003-11-23,Afghanistan,Turkmenistan,0.0,2.0,FIFA World Cup qualification,Kabul,Afghanistan,False
2003-11-23,Taiwan,Macau,3.0,0.0,FIFA World Cup qualification,Taipei,Taiwan,False
2003-11-26,Bangladesh,Tajikistan,0.0,2.0,FIFA World Cup qualification,Dhaka,Bangladesh,False
2003-11-28,Iran,Lebanon,1.0,0.0,AFC Asian Cup qualification,Tehran,Iran,False
2003-11-28,Syria,Turkmenistan,1.0,1.0,AFC Asian Cup qualification,Aleppo,Syria,False
2003-11-29,Laos,Sri Lanka,0.0,0.0,FIFA World Cup qualification,Vientiane,Laos,False
2003-11-29,Macau,Taiwan,1.0,3.0,FIFA World Cup qualification,Macau,Macau,False
2003-11-29,Mongolia,Maldives,0.0,1.0,FIFA World Cup qualification,Ulaanbaatar,Mongolia,False
2003-11-29,Pakistan,Kyrgyzstan,0.0,2.0,FIFA World Cup qualification,Karachi,Pakistan,False
2003-11-29,Singapore,Qatar,0.0,2.0,Friendly,Singapore,Singapore,False
2003-11-30,Tajikistan,Bangladesh,2.0,0.0,FIFA World Cup qualification,Dushanbe,Tajikistan,False
2003-12-03,Kyrgyzstan,Pakistan,4.0,0.0,FIFA World Cup qualification,Bishkek,Kyrgyzstan,False
2003-12-03,Maldives,Mongolia,12.0,0.0,FIFA World Cup qualification,Malé,Maldives,False
2003-12-03,Sri Lanka,Laos,3.0,0.0,FIFA World Cup qualification,Colombo,Sri Lanka,False
2003-12-04,Hong Kong,South Korea,1.0,3.0,EAFF Championship,Tokyo,Japan,True
2003-12-04,Japan,China PR,2.0,0.0,EAFF Championship,Tokyo,Japan,False
2003-12-07,South Korea,China PR,1.0,0.0,EAFF Championship,Saitama,Japan,True
2003-12-10,China PR,Hong Kong,3.0,1.0,EAFF Championship,Yokohama,Japan,True
2003-12-10,Japan,South Korea,0.0,0.0,EAFF Championship,Yokohama,Japan,False
2003-12-12,Bahrain,Iraq,2.0,2.0,Prime Minister's Cup,Riffa,Bahrain,False
2003-12-16,Kuwait,Lebanon,2.0,0.0,Friendly,Paphos,Cyprus,True
2003-12-18,Kuwait,Lebanon,0.0,0.0,Friendly,Paphos,Cyprus,True
2003-12-21,Qatar,Iraq,0.0,0.0,Friendly,Doha,Qatar,False
2003-12-26,Kuwait,Oman,0.0,0.0,Gulf Cup,Kuwait City,Kuwait,False
2003-12-26,United Arab Emirates,Saudi Arabia,0.0,2.0,Gulf Cup,Kuwait City,Kuwait,True
2003-12-27,Bahrain,Qatar,0.0,0.0,Gulf Cup,Kuwait City,Kuwait,True
2003-12-28,Yemen,Oman,1.0,1.0,Gulf Cup,Kuwait City,Kuwait,True
2003-12-29,Kuwait,United Arab Emirates,0.0,2.0,Gulf Cup,Kuwait City,Kuwait,False
2003-12-29,Saudi Arabia,Qatar,0.0,0.0,Gulf Cup,Kuwait City,Kuwait,True
2003-12-30,Bahrain,Yemen,5.0,1.0,Gulf Cup,Kuwait City,Kuwait,True
2003-12-31,Oman,United Arab Emirates,2.0,0.0,Gulf Cup,Kuwait City,Kuwait,True
2004-01-01,Bahrain,Saudi Arabia,0.0,1.0,Gulf Cup,Kuwait City,Kuwait,True
2004-01-01,Kuwait,Yemen,4.0,0.0,Gulf Cup,Kuwait City,Kuwait,False
2004-01-03,Oman,Bahrain,0.0,1.0,Gulf Cup,Kuwait City,Kuwait,True
2004-01-03,United Arab Emirates,Qatar,0.0,0.0,Gulf Cup,Kuwait City,Kuwait,True
2004-01-04,Kuwait,Saudi Arabia,1.0,1.0,Gulf Cup,Kuwait City,Kuwait,False
2004-01-05,Qatar,Yemen,3.0,0.0,Gulf Cup,Kuwait City,Kuwait,True
2004-01-06,Oman,Saudi Arabia,1.0,2.0,Gulf Cup,Kuwait City,Kuwait,True
2004-01-07,United Arab Emirates,Bahrain,1.0,3.0,Gulf Cup,Kuwait City,Kuwait,True
2004-01-08,Kuwait,Qatar,1.0,2.0,Gulf Cup,Kuwait City,Kuwait,False
2004-01-08,Yemen,Saudi Arabia,0.0,2.0,Gulf Cup,Kuwait City,Kuwait,True
2004-01-10,Kuwait,Bahrain,0.0,4.0,Gulf Cup,Kuwait City,Kuwait,False
2004-01-11,Oman,Qatar,2.0,0.0,Gulf Cup,Kuwait City,Kuwait,True
2004-01-11,Yemen,United Arab Emirates,0.0,3.0,Gulf Cup,Kuwait City,Kuwait,True
2004-02-07,Japan,Malaysia,4.0,0.0,Friendly,Kashima,Japan,False
2004-02-08,Lebanon,Bahrain,2.0,1.0,Friendly,Beirut,Lebanon,False
2004-02-12,Japan,Iraq,2.0,0.0,Friendly,Tokyo,Japan,False
2004-02-12,Jordan,Indonesia,2.0,1.0,Friendly,Amman,Jordan,False
2004-02-13,Qatar,Bahrain,2.0,0.0,Friendly,Doha,Qatar,False
2004-02-14,South Korea,Oman,5.0,0.0,Friendly,Ulsan,South Korea,False
2004-02-18,Bahrain,Syria,2.0,1.0,FIFA World Cup qualification,Muharraq,Bahrain,False
2004-02-18,China PR,Kuwait,1.0,0.0,FIFA World Cup qualification,Guangzhou,China PR,False
2004-02-18,India,Singapore,1.0,0.0,FIFA World Cup qualification,Margao,India,False
2004-02-18,Iran,Qatar,3.0,1.0,FIFA World Cup qualification,Tehran,Iran,False
2004-02-18,Japan,Oman,1.0,0.0,FIFA World Cup qualification,Saitama,Japan,False
2004-02-18,Jordan,Laos,5.0,0.0,FIFA World Cup qualification,Amman,Jordan,False
2004-02-18,South Korea,Lebanon,2.0,0.0,FIFA World Cup qualification,Suwon,South Korea,False
2004-02-18,Kyrgyzstan,Tajikistan,1.0,2.0,FIFA World Cup qualification,Bishkek,Kyrgyzstan,False
2004-02-18,Malaysia,Hong Kong,1.0,3.0,FIFA World Cup qualification,Kuantan,Malaysia,False
2004-02-18,Palestine,Taiwan,8.0,0.0,FIFA World Cup qualification,Al Wakrah,Qatar,True
2004-02-18,Saudi Arabia,Indonesia,3.0,0.0,FIFA World Cup qualification,Riyadh,Saudi Arabia,False
2004-02-18,Turkmenistan,Sri Lanka,2.0,0.0,FIFA World Cup qualification,Ashgabat,Turkmenistan,False
2004-02-18,United Arab Emirates,Thailand,1.0,0.0,FIFA World Cup qualification,Al Ain,United Arab Emirates,False
2004-02-18,Uzbekistan,Iraq,1.0,1.0,FIFA World Cup qualification,Tashkent,Uzbekistan,False
2004-02-18,Vietnam,Maldives,4.0,0.0,FIFA World Cup qualification,Hanoi,Vietnam,False
2004-02-18,Yemen,North Korea,1.0,1.0,FIFA World Cup qualification,Sana'a,Yemen,False
2004-03-17,China PR,Myanmar,2.0,0.0,Friendly,Guangzhou,China PR,False
2004-03-17,Malaysia,Indonesia,0.0,0.0,Friendly,Johor Bahru,Malaysia,False
2004-03-17,Yemen,Turkmenistan,1.0,2.0,Friendly,Sana'a,Yemen,False
2004-03-21,Bahrain,Jordan,0.0,0.0,Friendly,Muharraq,Bahrain,False
2004-03-23,Bahrain,Jordan,0.0,2.0,Friendly,Muharraq,Bahrain,False
2004-03-23,Lebanon,Syria,0.0,1.0,Friendly,Jounieh,Lebanon,False
2004-03-26,Syria,Palestine,1.0,1.0,Friendly,Damascus,Syria,False
2004-03-31,Hong Kong,China PR,0.0,1.0,FIFA World Cup qualification,Siu Sai Wan,Hong Kong,False
2004-03-31,India,Oman,1.0,5.0,FIFA World Cup qualification,Kochi,India,False
2004-03-31,Jordan,Qatar,1.0,0.0,FIFA World Cup qualification,Amman,Jordan,False
2004-03-31,North Korea,United Arab Emirates,0.0,0.0,FIFA World Cup qualification,Pyongyang,North Korea,False
2004-03-31,Kyrgyzstan,Syria,1.0,1.0,FIFA World Cup qualification,Bishkek,Kyrgyzstan,False
2004-03-31,Laos,Iran,0.0,7.0,FIFA World Cup qualification,Vientiane,Laos,False
2004-03-31,Malaysia,Kuwait,0.0,2.0,FIFA World Cup qualification,Kuantan,Malaysia,False
2004-03-31,Maldives,South Korea,0.0,0.0,FIFA World Cup qualification,Malé,Maldives,False
2004-03-31,Palestine,Iraq,1.0,1.0,FIFA World Cup qualification,Al Wakrah,Qatar,True
2004-03-31,Singapore,Japan,1.0,2.0,FIFA World Cup qualification,Singapore,Singapore,False
2004-03-31,Sri Lanka,Saudi Arabia,0.0,1.0,FIFA World Cup qualification,Colombo,Sri Lanka,False
2004-03-31,Tajikistan,Bahrain,0.0,0.0,FIFA World Cup qualification,Dushanbe,Tajikistan,False
2004-03-31,Turkmenistan,Indonesia,3.0,1.0,FIFA World Cup qualification,Ashgabat,Turkmenistan,False
2004-03-31,Vietnam,Lebanon,0.0,2.0,FIFA World Cup qualification,Nam Định,Vietnam,False
2004-03-31,Yemen,Thailand,0.0,3.0,FIFA World Cup qualification,Sana'a,Yemen,False
2004-03-31,Taiwan,Uzbekistan,0.0,1.0,FIFA World Cup qualification,Taipei,Taiwan,False
2004-05-26,Lebanon,Bahrain,2.0,2.0,Friendly,Beirut,Lebanon,False
2004-05-31,Oman,Maldives,3.0,0.0,Friendly,Muscat,Oman,False
2004-05-31,Qatar,Turkmenistan,5.0,0.0,Friendly,Doha,Qatar,False
2004-05-31,United Arab Emirates,Bahrain,2.0,3.0,Friendly,Dubai,United Arab Emirates,False
2004-06-01,Kuwait,Syria,0.0,1.0,Friendly,Kuwait City,Kuwait,False
2004-06-03,Indonesia,India,1.0,1.0,Friendly,Jakarta,Indonesia,False
2004-06-03,Kuwait,Syria,1.0,2.0,Friendly,Kuwait City,Kuwait,False
2004-06-03,Oman,Maldives,4.0,1.0,Friendly,Muscat,Oman,False
2004-06-05,Qatar,Kyrgyzstan,0.0,0.0,Friendly,Doha,Qatar,False
2004-06-09,Bahrain,Kyrgyzstan,5.0,0.0,FIFA World Cup qualification,Muharraq,Bahrain,False
2004-06-09,China PR,Malaysia,4.0,0.0,FIFA World Cup qualification,Tianjin,China PR,False
2004-06-09,Indonesia,Sri Lanka,1.0,0.0,FIFA World Cup qualification,Jakarta,Indonesia,False
2004-06-09,Iran,Jordan,0.0,1.0,FIFA World Cup qualification,Tehran,Iran,False
2004-06-09,Iraq,Taiwan,6.0,1.0,FIFA World Cup qualification,Amman,Jordan,True
2004-06-09,Japan,India,7.0,0.0,FIFA World Cup qualification,Saitama,Japan,False
2004-06-09,South Korea,Vietnam,2.0,0.0,FIFA World Cup qualification,Daejeon,South Korea,False
2004-06-09,Kuwait,Hong Kong,4.0,0.0,FIFA World Cup qualification,Kuwait City,Kuwait,False
2004-06-09,Lebanon,Maldives,3.0,0.0,FIFA World Cup qualification,Beirut,Lebanon,False
2004-06-09,Oman,Singapore,7.0,0.0,FIFA World Cup qualification,Muscat,Oman,False
2004-06-09,Qatar,Laos,5.0,0.0,FIFA World Cup qualification,Doha,Qatar,False
2004-06-09,Saudi Arabia,Turkmenistan,3.0,0.0,FIFA World Cup qualification,Riyadh,Saudi Arabia,False
2004-06-09,Thailand,North Korea,1.0,4.0,FIFA World Cup qualification,Bangkok,Thailand,False
2004-06-09,United Arab Emirates,Yemen,3.0,0.0,FIFA World Cup qualification,Al Ain,United Arab Emirates,False
2004-06-09,Uzbekistan,Palestine,3.0,0.0,FIFA World Cup qualification,Tashkent,Uzbekistan,False
2004-06-10,Syria,Tajikistan,2.0,1.0,FIFA World Cup qualification,Homs,Syria,False
2004-06-17,Iran,Lebanon,4.0,0.0,WAFF Championship,Tehran,Iran,False
2004-06-17,Palestine,Jordan,1.0,1.0,WAFF Championship,Tehran,Iran,True
2004-06-19,Iraq,Palestine,2.0,1.0,WAFF Championship,Tehran,Iran,True
2004-06-19,Syria,Lebanon,3.0,1.0,WAFF Championship,Tehran,Iran,True
2004-06-21,Iran,Syria,7.0,1.0,WAFF Championship,Tehran,Iran,False
2004-06-21,Jordan,Iraq,2.0,0.0,WAFF Championship,Tehran,Iran,True
2004-06-23,Iran,Iraq,2.0,1.0,WAFF Championship,Tehran,Iran,False
2004-06-23,Jordan,Syria,1.0,1.0,WAFF Championship,Tehran,Iran,True
2004-06-25,Iran,Syria,4.0,1.0,WAFF Championship,Tehran,Iran,False
2004-06-25,Iraq,Jordan,1.0,3.0,WAFF Championship,Tehran,Iran,True
2004-07-03,China PR,Lebanon,6.0,0.0,Friendly,Chongqing,China PR,False
2004-07-05,Thailand,Bahrain,0.0,2.0,Friendly,Bangkok,Thailand,False
2004-07-08,Thailand,Jordan,0.0,0.0,Friendly,Bangkok,Thailand,False
2004-07-10,China PR,United Arab Emirates,2.0,2.0,Friendly,Hohhot,China PR,False
2004-07-10,South Korea,Bahrain,2.0,0.0,Friendly,Gwangju,South Korea,False
2004-07-12,Malaysia,Singapore,2.0,0.0,Friendly,Kuala Lumpur,Malaysia,False
2004-07-17,China PR,Bahrain,2.0,2.0,AFC Asian Cup,Beijing,China PR,False
2004-07-18,Iraq,Uzbekistan,0.0,1.0,AFC Asian Cup,Chengdu,China PR,True
2004-07-18,Qatar,Indonesia,1.0,2.0,AFC Asian Cup,Beijing,China PR,True
2004-07-18,Saudi Arabia,Turkmenistan,2.0,2.0,AFC Asian Cup,Chengdu,China PR,True
2004-07-19,South Korea,Jordan,0.0,0.0,AFC Asian Cup,Jinan,China PR,True
2004-07-19,Kuwait,United Arab Emirates,3.0,1.0,AFC Asian Cup,Jinan,China PR,True
2004-07-20,Iran,Thailand,3.0,0.0,AFC Asian Cup,Chongqing,China PR,True
2004-07-20,Japan,Oman,1.0,0.0,AFC Asian Cup,Chongqing,China PR,True
2004-07-21,Bahrain,Qatar,1.0,1.0,AFC Asian Cup,Beijing,China PR,True
2004-07-21,China PR,Indonesia,5.0,0.0,AFC Asian Cup,Beijing,China PR,False
2004-07-22,Turkmenistan,Iraq,2.0,3.0,AFC Asian Cup,Chengdu,China PR,True
2004-07-22,Uzbekistan,Saudi Arabia,1.0,0.0,AFC Asian Cup,Chengdu,China PR,True
2004-07-23,Jordan,Kuwait,2.0,0.0,AFC Asian Cup,Jinan,China PR,True
2004-07-23,United Arab Emirates,South Korea,0.0,2.0,AFC Asian Cup,Jinan,China PR,True
2004-07-24,Oman,Iran,2.0,2.0,AFC Asian Cup,Chongqing,China PR,True
2004-07-24,Thailand,Japan,1.0,4.0,AFC Asian Cup,Chongqing,China PR,True
2004-07-25,Bahrain,Indonesia,3.0,1.0,AFC Asian Cup,Jinan,China PR,True
2004-07-25,China PR,Qatar,1.0,0.0,AFC Asian Cup,Beijing,China PR,False
2004-07-26,Saudi Arabia,Iraq,1.0,2.0,AFC Asian Cup,Chengdu,China PR,True
2004-07-26,Turkmenistan,Uzbekistan,0.0,1.0,AFC Asian Cup,Chongqing,China PR,True
2004-07-27,Jordan,United Arab Emirates,0.0,0.0,AFC Asian Cup,Beijing,China PR,True
2004-07-27,South Korea,Kuwait,4.0,0.0,AFC Asian Cup,Jinan,China PR,True
2004-07-28,Japan,Iran,0.0,0.0,AFC Asian Cup,Chongqing,China PR,True
2004-07-28,Oman,Thailand,2.0,0.0,AFC Asian Cup,Chengdu,China PR,True
2004-07-30,China PR,Iraq,3.0,0.0,AFC Asian Cup,Beijing,China PR,False
2004-07-30,Uzbekistan,Bahrain,2.0,2.0,AFC Asian Cup,Chengdu,China PR,True
2004-07-31,Japan,Jordan,1.0,1.0,AFC Asian Cup,Chongqing,China PR,True
2004-07-31,South Korea,Iran,3.0,4.0,AFC Asian Cup,Jinan,China PR,True
2004-08-03,Bahrain,Japan,3.0,4.0,AFC Asian Cup,Jinan,China PR,True
2004-08-03,China PR,Iran,1.0,1.0,AFC Asian Cup,Beijing,China PR,False
2004-08-06,Iran,Bahrain,4.0,2.0,AFC Asian Cup,Beijing,China PR,True
2004-08-07,China PR,Japan,1.0,3.0,AFC Asian Cup,Beijing,China PR,False
2004-08-19,Thailand,Malaysia,1.0,2.0,Friendly,Bangkok,Thailand,False
2004-08-20,Vietnam,Myanmar,5.0,0.0,Friendly,Ho Chi Minh City,Vietnam,False
2004-08-22,India,Myanmar,2.0,1.0,Friendly,Ho Chi Minh City,Vietnam,True
2004-08-24,Vietnam,India,2.0,1.0,Friendly,Ho Chi Minh City,Vietnam,False
2004-08-26,Bahrain,Kuwait,0.0,0.0,Friendly,Muharraq,Bahrain,False
2004-08-26,Yemen,Syria,1.0,2.0,Friendly,Sana'a,Yemen,False
2004-08-28,Yemen,Syria,2.0,1.0,Friendly,Sana'a,Yemen,False
2004-08-31,Jordan,Lebanon,2.0,2.0,Friendly,Amman,Jordan,False
2004-08-31,Maldives,Oman,0.0,1.0,Friendly,Malé,Maldives,False
2004-09-01,Saudi Arabia,Kuwait,1.0,1.0,Friendly,Riyadh,Saudi Arabia,False
2004-09-02,Bahrain,Palestine,1.0,0.0,Friendly,Muharraq,Bahrain,False
2004-09-03,Maldives,Oman,1.0,2.0,Friendly,Malé,Maldives,False
2004-09-04,Singapore,Indonesia,2.0,0.0,Friendly,Singapore,Singapore,False
2004-09-08,Hong Kong,Kuwait,0.0,2.0,FIFA World Cup qualification,Siu Sai Wan,Hong Kong,False
2004-09-08,India,Japan,0.0,4.0,FIFA World Cup qualification,Calcutta,India,False
2004-09-08,Jordan,Iran,0.0,2.0,FIFA World Cup qualification,Amman,Jordan,False
2004-09-08,North Korea,Thailand,4.0,1.0,FIFA World Cup qualification,Pyongyang,North Korea,False
2004-09-08,Kyrgyzstan,Bahrain,1.0,2.0,FIFA World Cup qualification,Bishkek,Kyrgyzstan,False
2004-09-08,Laos,Qatar,1.0,6.0,FIFA World Cup qualification,Vientiane,Laos,False
2004-09-08,Malaysia,China PR,0.0,1.0,FIFA World Cup qualification,George Town,Malaysia,False
2004-09-08,Maldives,Lebanon,2.0,5.0,FIFA World Cup qualification,Malé,Maldives,False
2004-09-08,Palestine,Uzbekistan,0.0,3.0,FIFA World Cup qualification,Al Rayyan,Qatar,True
2004-09-08,Singapore,Oman,0.0,2.0,FIFA World Cup qualification,Singapore,Singapore,False
2004-09-08,Sri Lanka,Indonesia,2.0,2.0,FIFA World Cup qualification,Colombo,Sri Lanka,False
2004-09-08,Tajikistan,Syria,0.0,1.0,FIFA World Cup qualification,Dushanbe,Tajikistan,False
2004-09-08,Turkmenistan,Saudi Arabia,0.0,1.0,FIFA World Cup qualification,Ashgabat,Turkmenistan,False
2004-09-08,Vietnam,South Korea,1.0,2.0,FIFA World Cup qualification,Ho Chi Minh City,Vietnam,False
2004-09-08,Yemen,United Arab Emirates,3.0,1.0,FIFA World Cup qualification,Sana'a,Yemen,False
2004-09-08,Taiwan,Iraq,1.0,4.0,FIFA World Cup qualification,Taipei,Taiwan,False
2004-09-29,Kuwait,Syria,1.0,1.0,Friendly,Tripoli,Lebanon,True
2004-10-03,Lebanon,Kuwait,1.0,3.0,Friendly,Tripoli,Lebanon,False
2004-10-06,Lebanon,Kuwait,1.0,1.0,Friendly,Beirut,Lebanon,False
2004-10-06,Saudi Arabia,Syria,2.0,2.0,Friendly,Riyadh,Saudi Arabia,False
2004-10-07,Oman,Iraq,1.0,0.0,Friendly,Muscat,Oman,False
2004-10-08,Qatar,Syria,1.0,2.0,Friendly,Doha,Qatar,False
2004-10-08,Singapore,United Arab Emirates,1.0,2.0,Friendly,Singapore,Singapore,False
2004-10-08,Thailand,Jordan,2.0,3.0,Friendly,Bangkok,Thailand,False
2004-10-09,Sri Lanka,Turkmenistan,2.0,2.0,FIFA World Cup qualification,Colombo,Sri Lanka,False
2004-10-12,Indonesia,Saudi Arabia,1.0,3.0,FIFA World Cup qualification,Jakarta,Indonesia,False
2004-10-13,Hong Kong,Malaysia,2.0,0.0,FIFA World Cup qualification,Kowloon,Hong Kong,False
2004-10-13,Iraq,Uzbekistan,1.0,2.0,FIFA World Cup qualification,Amman,Jordan,True
2004-10-13,North Korea,Yemen,2.0,1.0,FIFA World Cup qualification,Pyongyang,North Korea,False
2004-10-13,Kuwait,China PR,1.0,0.0,FIFA World Cup qualification,Kuwait City,Kuwait,False
2004-10-13,Laos,Jordan,2.0,3.0,FIFA World Cup qualification,Vientiane,Laos,False
2004-10-13,Lebanon,South Korea,1.0,1.0,FIFA World Cup qualification,Beirut,Lebanon,False
2004-10-13,Maldives,Vietnam,3.0,0.0,FIFA World Cup qualification,Malé,Maldives,False
2004-10-13,Oman,Japan,0.0,1.0,FIFA World Cup qualification,Muscat,Oman,False
2004-10-13,Qatar,Iran,2.0,3.0,FIFA World Cup qualification,Doha,Qatar,False
2004-10-13,Singapore,India,2.0,0.0,FIFA World Cup qualification,Singapore,Singapore,False
2004-10-13,Syria,Bahrain,2.0,2.0,FIFA World Cup qualification,Damascus,Syria,False
2004-10-13,Tajikistan,Kyrgyzstan,2.0,1.0,FIFA World Cup qualification,Dushanbe,Tajikistan,False
2004-10-13,Thailand,United Arab Emirates,3.0,0.0,FIFA World Cup qualification,Bangkok,Thailand,False
2004-10-14,Taiwan,Palestine,0.0,1.0,FIFA World Cup qualification,Taipei,Taiwan,False
2004-11-05,Kuwait,India,2.0,3.0,Friendly,Kuwait City,Kuwait,False
2004-11-10,Kuwait,Kyrgyzstan,3.0,0.0,Friendly,Kuwait City,Kuwait,False
2004-11-11,United Arab Emirates,Jordan,4.0,0.0,Friendly,Abu Dhabi,United Arab Emirates,False
2004-11-16,Iraq,Palestine,4.0,1.0,FIFA World Cup qualification,Doha,Qatar,True
2004-11-17,Bahrain,Tajikistan,4.0,0.0,FIFA World Cup qualification,Riffa,Bahrain,False
2004-11-17,China PR,Hong Kong,7.0,0.0,FIFA World Cup qualification,Guangzhou,China PR,False
2004-11-17,Indonesia,Turkmenistan,3.0,1.0,FIFA World Cup qualification,Jakarta,Indonesia,False
2004-11-17,Iran,Laos,7.0,0.0,FIFA World Cup qualification,Tehran,Iran,False
2004-11-17,Japan,Singapore,1.0,0.0,FIFA World Cup qualification,Saitama,Japan,False
2004-11-17,South Korea,Maldives,2.0,0.0,FIFA World Cup qualification,Seoul,South Korea,False
2004-11-17,Kuwait,Malaysia,6.0,1.0,FIFA World Cup qualification,Kuwait City,Kuwait,False
2004-11-17,Lebanon,Vietnam,0.0,0.0,FIFA World Cup qualification,Beirut,Lebanon,False
2004-11-17,Oman,India,0.0,0.0,FIFA World Cup qualification,Muscat,Oman,False
2004-11-17,Qatar,Jordan,2.0,0.0,FIFA World Cup qualification,Doha,Qatar,False
2004-11-17,Saudi Arabia,Sri Lanka,3.0,0.0,FIFA World Cup qualification,Dammam,Saudi Arabia,False
2004-11-17,Syria,Kyrgyzstan,0.0,1.0,FIFA World Cup qualification,Damascus,Syria,False
2004-11-17,Thailand,Yemen,1.0,1.0,FIFA World Cup qualification,Bangkok,Thailand,False
2004-11-17,United Arab Emirates,North Korea,1.0,0.0,FIFA World Cup qualification,Dubai,United Arab Emirates,False
2004-11-17,Uzbekistan,Taiwan,6.0,1.0,FIFA World Cup qualification,Tashkent,Uzbekistan,False
2004-11-27,United Arab Emirates,Kuwait,0.0,1.0,Friendly,Abu Dhabi,United Arab Emirates,False
2004-11-28,Singapore,Myanmar,1.0,0.0,Friendly,Singapore,Singapore,False
2004-11-30,Singapore,Hong Kong,0.0,0.0,Friendly,Singapore,Singapore,False
2004-12-01,Qatar,Lebanon,4.0,1.0,Friendly,Doha,Qatar,False
2004-12-02,Hong Kong,Myanmar,2.0,2.0,Friendly,Singapore,Singapore,True
2004-12-03,Iraq,Yemen,3.0,1.0,Friendly,Dubai,United Arab Emirates,True
2004-12-03,United Arab Emirates,Kuwait,1.0,1.0,Friendly,Dubai,United Arab Emirates,False
2004-12-05,Qatar,Yemen,3.0,0.0,Friendly,Doha,Qatar,False
2004-12-06,Kuwait,Tajikistan,3.0,0.0,Friendly,Kuwait City,Kuwait,False
2004-12-07,Laos,Indonesia,0.0,6.0,AFF Championship,Ho Chi Minh City,Vietnam,True
2004-12-07,Vietnam,Singapore,1.0,1.0,AFF Championship,Ho Chi Minh City,Vietnam,False
2004-12-08,Malaysia,Timor-Leste,5.0,0.0,AFF Championship,Kuala Lumpur,Malaysia,False
2004-12-08,Philippines,Myanmar,0.0,1.0,AFF Championship,Kuala Lumpur,Malaysia,True
2004-12-09,Indonesia,Singapore,0.0,0.0,AFF Championship,Ho Chi Minh City,Vietnam,True
2004-12-09,Vietnam,Cambodia,9.0,1.0,AFF Championship,Ho Chi Minh City,Vietnam,False
2004-12-10,Iraq,Oman,1.0,3.0,Gulf Cup,Doha,Qatar,True
2004-12-10,Malaysia,Philippines,4.0,1.0,AFF Championship,Kuala Lumpur,Malaysia,False
2004-12-10,Qatar,United Arab Emirates,2.0,2.0,Gulf Cup,Doha,Qatar,False
2004-12-10,Thailand,Myanmar,1.0,1.0,AFF Championship,Kuala Lumpur,Malaysia,True
2004-12-11,Bahrain,Yemen,1.0,1.0,Gulf Cup,Al Rayyan,Qatar,True
2004-12-11,Laos,Cambodia,2.0,1.0,AFF Championship,Hanoi,Vietnam,True
2004-12-11,Saudi Arabia,Kuwait,1.0,2.0,Gulf Cup,Al Rayyan,Qatar,True
2004-12-11,Vietnam,Indonesia,0.0,3.0,AFF Championship,Hanoi,Vietnam,False
2004-12-12,Timor-Leste,Thailand,0.0,8.0,AFF Championship,Kuala Lumpur,Malaysia,True
2004-12-12,Malaysia,Myanmar,0.0,1.0,AFF Championship,Kuala Lumpur,Malaysia,False
2004-12-13,Indonesia,Cambodia,8.0,0.0,AFF Championship,Hanoi,Vietnam,True
2004-12-13,Oman,United Arab Emirates,2.0,1.0,Gulf Cup,Doha,Qatar,True
2004-12-13,Qatar,Iraq,3.0,3.0,Gulf Cup,Doha,Qatar,False
2004-12-13,Singapore,Laos,6.0,2.0,AFF Championship,Hanoi,Vietnam,True
2004-12-14,Kuwait,Bahrain,1.0,1.0,Gulf Cup,Al Rayyan,Qatar,True
2004-12-14,Malaysia,Thailand,2.0,1.0,AFF Championship,Kuala Lumpur,Malaysia,False
2004-12-14,Philippines,Timor-Leste,2.0,1.0,AFF Championship,Kuala Lumpur,Malaysia,True
2004-12-14,Saudi Arabia,Yemen,2.0,0.0,Gulf Cup,Al Rayyan,Qatar,True
2004-12-15,Cambodia,Singapore,0.0,3.0,AFF Championship,Haiphong,Vietnam,True
2004-12-15,Vietnam,Laos,3.0,0.0,AFF Championship,Hanoi,Vietnam,False
2004-12-16,Myanmar,Timor-Leste,3.0,1.0,AFF Championship,Kuala Lumpur,Malaysia,True
2004-12-16,Iraq,United Arab Emirates,1.0,1.0,Gulf Cup,Al Rayyan,Qatar,True
2004-12-16,Qatar,Oman,2.0,1.0,Gulf Cup,Doha,Qatar,False
2004-12-16,Thailand,Philippines,3.0,1.0,AFF Championship,Kuala Lumpur,Malaysia,True
2004-12-17,Bahrain,Saudi Arabia,3.0,0.0,Gulf Cup,Al Rayyan,Qatar,True
2004-12-17,Kuwait,Yemen,3.0,0.0,Gulf Cup,Doha,Qatar,True
2004-12-18,Maldives,Sri Lanka,0.0,0.0,Friendly,Malé,Maldives,False
2004-12-20,Oman,Bahrain,3.0,2.0,Gulf Cup,Al Rayyan,Qatar,True
2004-12-20,Qatar,Kuwait,2.0,0.0,Gulf Cup,Doha,Qatar,False
2004-12-23,Bahrain,Kuwait,3.0,1.0,Gulf Cup,Doha,Qatar,True
2004-12-24,Qatar,Oman,1.0,1.0,Gulf Cup,Doha,Qatar,False
2004-12-28,Indonesia,Malaysia,1.0,2.0,AFF Championship,Jakarta,Indonesia,False
2004-12-29,Myanmar,Singapore,3.0,4.0,AFF Championship,Kuala Lumpur,Malaysia,True
2005-01-02,Singapore,Myanmar,4.0,2.0,AFF Championship,Singapore,Singapore,False
2005-01-03,Malaysia,Indonesia,1.0,4.0,AFF Championship,Kuala Lumpur,Malaysia,False
2005-01-08,Indonesia,Singapore,1.0,3.0,AFF Championship,Jakarta,Indonesia,False
2005-01-15,Malaysia,Myanmar,2.0,1.0,AFF Championship,Singapore,Singapore,True
2005-01-16,Singapore,Indonesia,2.0,1.0,AFF Championship,Singapore,Singapore,False
2005-01-25,Saudi Arabia,Tajikistan,3.0,0.0,Friendly,Riyadh,Saudi Arabia,False
2005-01-26,Kuwait,Syria,3.0,2.0,Friendly,Kuwait City,Kuwait,False
2005-01-29,Saudi Arabia,Turkmenistan,1.0,0.0,Friendly,Riyadh,Saudi Arabia,False
2005-02-02,Bahrain,Lebanon,2.0,1.0,Friendly,Doha,Qatar,True
2005-02-02,Japan,Syria,3.0,0.0,Friendly,Saitama,Japan,False
2005-02-02,North Korea,Kuwait,0.0,0.0,Friendly,Beijing,China PR,True
2005-02-09,Bahrain,Iran,0.0,0.0,FIFA World Cup qualification,Riffa,Bahrain,False
2005-02-09,Japan,North Korea,2.0,1.0,FIFA World Cup qualification,Saitama,Japan,False
2005-02-09,South Korea,Kuwait,2.0,0.0,FIFA World Cup qualification,Seoul,South Korea,False
2005-02-09,Uzbekistan,Saudi Arabia,1.0,1.0,FIFA World Cup qualification,Tashkent,Uzbekistan,False
2005-03-05,Hong Kong,Mongolia,6.0,0.0,EAFF Championship,Taipei,Taiwan,True
2005-03-07,Guam,Hong Kong,0.0,15.0,EAFF Championship,Taipei,Taiwan,True
2005-03-07,North Korea,Mongolia,6.0,0.0,EAFF Championship,Taipei,Taiwan,True
2005-03-09,Mongolia,Guam,4.0,1.0,EAFF Championship,Taipei,Taiwan,True
2005-03-11,Guam,North Korea,0.0,21.0,EAFF Championship,Taipei,Taiwan,True
2005-03-13,Hong Kong,North Korea,0.0,2.0,EAFF Championship,Taipei,Taiwan,True
2005-03-25,Iran,Japan,2.0,1.0,FIFA World Cup qualification,Tehran,Iran,False
2005-03-25,North Korea,Bahrain,1.0,2.0,FIFA World Cup qualification,Pyongyang,North Korea,False
2005-03-25,Kuwait,Uzbekistan,2.0,1.0,FIFA World Cup qualification,Kuwait City,Kuwait,False
2005-03-25,Saudi Arabia,South Korea,2.0,0.0,FIFA World Cup qualification,Dammam,Saudi Arabia,False
2005-03-26,Australia,Iraq,2.0,1.0,Friendly,Sydney,Australia,False
2005-03-29,Australia,Indonesia,3.0,0.0,Friendly,Perth,Australia,False
2005-03-30,Japan,Bahrain,1.0,0.0,FIFA World Cup qualification,Saitama,Japan,False
2005-03-30,North Korea,Iran,0.0,2.0,FIFA World Cup qualification,Pyongyang,North Korea,False
2005-03-30,South Korea,Uzbekistan,2.0,1.0,FIFA World Cup qualification,Seoul,South Korea,False
2005-03-30,Kuwait,Saudi Arabia,0.0,0.0,FIFA World Cup qualification,Kuwait City,Kuwait,False
2005-05-27,Japan,United Arab Emirates,0.0,1.0,Kirin Cup,Tokyo,Japan,False
2005-05-27,Saudi Arabia,Bahrain,1.0,1.0,Friendly,Riyadh,Saudi Arabia,False
2005-05-29,Hong Kong,Macau,8.0,1.0,Friendly,Victoria,Hong Kong,False
2005-06-03,Bahrain,Japan,0.0,1.0,FIFA World Cup qualification,Riffa,Bahrain,False
2005-06-03,Iran,North Korea,1.0,0.0,FIFA World Cup qualification,Tehran,Iran,False
2005-06-03,Saudi Arabia,Kuwait,3.0,0.0,FIFA World Cup qualification,Riyadh,Saudi Arabia,False
2005-06-03,Uzbekistan,South Korea,1.0,1.0,FIFA World Cup qualification,Tashkent,Uzbekistan,False
2005-06-04,Singapore,Malaysia,2.0,0.0,Friendly,Singapore,Singapore,False
2005-06-08,Iran,Bahrain,1.0,0.0,FIFA World Cup qualification,Tehran,Iran,False
2005-06-08,Jordan,Iraq,0.0,1.0,Friendly,Amman,Jordan,False
2005-06-08,North Korea,Japan,0.0,2.0,FIFA World Cup qualification,Bangkok,Thailand,True
2005-06-08,Kuwait,South Korea,0.0,4.0,FIFA World Cup qualification,Kuwait City,Kuwait,False
2005-06-08,Malaysia,Singapore,1.0,2.0,Friendly,George Town,Malaysia,False
2005-06-08,Saudi Arabia,Uzbekistan,3.0,0.0,FIFA World Cup qualification,Riyadh,Saudi Arabia,False
2005-06-12,Pakistan,India,1.0,1.0,Friendly,Quetta,Pakistan,False
2005-06-16,Pakistan,India,0.0,1.0,Friendly,Peshawar,Pakistan,False
2005-06-18,Pakistan,India,3.0,0.0,Friendly,Lahore,Pakistan,False
2005-07-28,Kuwait,United Arab Emirates,1.0,1.0,Friendly,Geneva,Switzerland,True
2005-07-31,North Korea,Japan,1.0,0.0,EAFF Championship,Daejeon,South Korea,True
2005-07-31,South Korea,China PR,1.0,1.0,EAFF Championship,Daejeon,South Korea,False
2005-08-03,Bahrain,Turkmenistan,5.0,0.0,Friendly,Manama,Bahrain,False
2005-08-03,Japan,China PR,2.0,2.0,EAFF Championship,Daejeon,South Korea,True
2005-08-04,South Korea,North Korea,0.0,0.0,EAFF Championship,Jeonju,South Korea,False
2005-08-07,Bahrain,Iraq,2.0,2.0,Friendly,Manama,Bahrain,False
2005-08-07,China PR,North Korea,2.0,0.0,EAFF Championship,Daegu,South Korea,True
2005-08-07,South Korea,Japan,0.0,1.0,EAFF Championship,Daegu,South Korea,False
2005-08-14,South Korea,North Korea,3.0,0.0,Friendly,Seoul,South Korea,False
2005-08-17,Bahrain,North Korea,2.0,3.0,FIFA World Cup qualification,Riffa,Bahrain,False
2005-08-17,Japan,Iran,2.0,1.0,FIFA World Cup qualification,Yokohama,Japan,False
2005-08-17,South Korea,Saudi Arabia,0.0,1.0,FIFA World Cup qualification,Seoul,South Korea,False
2005-08-17,Uzbekistan,Kuwait,3.0,2.0,FIFA World Cup qualification,Tashkent,Uzbekistan,False
2005-10-08,Uzbekistan,Bahrain,1.0,1.0,FIFA World Cup qualification,Tashkent,Uzbekistan,False
2005-10-11,Cambodia,Singapore,0.0,2.0,Friendly,Phnom Penh,Cambodia,False
2005-10-11,Qatar,Iraq,0.0,0.0,Friendly,Doha,Qatar,False
2005-10-11,United Arab Emirates,Oman,2.0,2.0,Friendly,Al Ain,United Arab Emirates,False
2005-10-12,Bahrain,Uzbekistan,0.0,0.0,FIFA World Cup qualification,Riffa,Bahrain,False
2005-10-12,South Korea,Iran,2.0,0.0,Friendly,Seoul,South Korea,False
2005-10-25,Oman,Syria,0.0,0.0,Friendly,Muscat,Oman,False
2005-11-09,Tajikistan,Afghanistan,4.0,0.0,Friendly,Dushanbe,Tajikistan,False
2005-11-16,Syria,United Arab Emirates,0.0,3.0,Friendly,Damascus,Syria,False
2005-11-26,Kuwait,Iraq,0.0,0.0,Friendly,Kuwait City,Kuwait,False
2005-12-01,Iraq,Palestine,4.0,0.0,Friendly,Al Rayyan,Qatar,True
2005-12-03,Oman,Syria,1.0,3.0,Friendly,Doha,Qatar,True
2005-12-03,Saudi Arabia,Palestine,2.0,0.0,Friendly,Al Rayyan,Qatar,True
2005-12-04,Bahrain,Syria,2.0,2.0,Friendly,Doha,Qatar,True
2005-12-05,Iraq,Saudi Arabia,5.0,1.0,Friendly,Al Rayyan,Qatar,True
2005-12-06,Bahrain,Oman,2.0,2.0,Friendly,Doha,Qatar,True
2005-12-07,Maldives,Afghanistan,9.0,1.0,SAFF Cup,Karachi,Pakistan,True
2005-12-07,Pakistan,Sri Lanka,1.0,0.0,SAFF Cup,Karachi,Pakistan,False
2005-12-08,Bangladesh,Bhutan,3.0,0.0,SAFF Cup,Karachi,Pakistan,True
2005-12-08,India,Nepal,2.0,1.0,SAFF Cup,Karachi,Pakistan,True
2005-12-08,Iraq,Saudi Arabia,2.0,0.0,Friendly,Doha,Qatar,True
2005-12-09,Maldives,Sri Lanka,2.0,0.0,SAFF Cup,Karachi,Pakistan,True
2005-12-09,Pakistan,Afghanistan,1.0,0.0,SAFF Cup,Karachi,Pakistan,False
2005-12-10,Bangladesh,Nepal,2.0,0.0,SAFF Cup,Karachi,Pakistan,True
2005-12-10,India,Bhutan,3.0,0.0,SAFF Cup,Karachi,Pakistan,True
2005-12-10,Syria,Iraq,2.0,2.0,Friendly,Doha,Qatar,True
2005-12-11,Pakistan,Maldives,0.0,0.0,SAFF Cup,Karachi,Pakistan,False
2005-12-11,Sri Lanka,Afghanistan,1.0,2.0,SAFF Cup,Karachi,Pakistan,True
2005-12-12,Bangladesh,India,1.0,1.0,SAFF Cup,Karachi,Pakistan,True
2005-12-12,Nepal,Bhutan,3.0,1.0,SAFF Cup,Karachi,Pakistan,True
2005-12-14,Maldives,India,0.0,1.0,SAFF Cup,Karachi,Pakistan,True
2005-12-14,Pakistan,Bangladesh,0.0,1.0,SAFF Cup,Karachi,Pakistan,False
2005-12-17,Bangladesh,India,0.0,2.0,SAFF Cup,Karachi,Pakistan,True
2005-12-22,Bangladesh,Pakistan,0.0,0.0,AFC Asian Cup qualification,Dhaka,Bangladesh,False
2005-12-26,Pakistan,Bangladesh,0.0,1.0,AFC Asian Cup qualification,Karachi,Pakistan,False
2005-12-28,Thailand,North Korea,0.0,2.0,King's Cup,Phuket,Thailand,False
2006-01-18,United Arab Emirates,South Korea,1.0,0.0,Friendly,Dubai,United Arab Emirates,False
2006-01-27,Saudi Arabia,Lebanon,1.0,2.0,Friendly,Riyadh,Saudi Arabia,False
2006-01-30,Bahrain,Syria,1.0,1.0,Friendly,Manama,Bahrain,False
2006-02-01,Thailand,Jordan,0.0,0.0,Friendly,Ayutthaya,Thailand,False
2006-02-06,Oman,Singapore,1.0,0.0,Friendly,Doha,Qatar,True
2006-02-07,Kuwait,Jordan,2.0,1.0,Friendly,Kuwait City,Kuwait,False
2006-02-07,Syria,Palestine,3.0,0.0,Friendly,Aleppo,Syria,False
2006-02-13,Oman,Iraq,1.0,0.0,Friendly,Muscat,Oman,False
2006-02-14,Qatar,Tajikistan,2.0,0.0,Friendly,Doha,Qatar,False
2006-02-14,Saudi Arabia,Syria,1.0,1.0,Friendly,Jeddah,Saudi Arabia,False
2006-02-15,Hong Kong,Singapore,1.0,1.0,Friendly,Victoria,Hong Kong,False
2006-02-16,Bahrain,Palestine,0.0,2.0,Friendly,Muharraq,Bahrain,False
2006-02-16,Thailand,Iraq,4.0,3.0,Friendly,Ayutthaya,Thailand,False
2006-02-18,Hong Kong,India,2.0,2.0,Friendly,Victoria,Hong Kong,False
2006-02-18,Pakistan,Palestine,0.0,3.0,Friendly,Muharraq,Bahrain,True
2006-02-22,Bahrain,Australia,1.0,3.0,AFC Asian Cup qualification,Riffa,Bahrain,False
2006-02-22,China PR,Palestine,2.0,0.0,AFC Asian Cup qualification,Guangzhou,China PR,False
2006-02-22,Hong Kong,Qatar,0.0,3.0,AFC Asian Cup qualification,So Kon Po,Hong Kong,False
2006-02-22,Iran,Taiwan,4.0,0.0,AFC Asian Cup qualification,Tehran,Iran,False
2006-02-22,Japan,India,6.0,0.0,AFC Asian Cup qualification,Yokohama,Japan,False
2006-02-22,Jordan,Pakistan,3.0,0.0,AFC Asian Cup qualification,Amman,Jordan,False
2006-02-22,Lebanon,Kuwait,1.0,1.0,AFC Asian Cup qualification,Beirut,Lebanon,False
2006-02-22,Singapore,Iraq,2.0,0.0,AFC Asian Cup qualification,Singapore,Singapore,False
2006-02-22,Syria,South Korea,1.0,2.0,AFC Asian Cup qualification,Aleppo,Syria,False
2006-02-22,United Arab Emirates,Oman,1.0,0.0,AFC Asian Cup qualification,Dubai,United Arab Emirates,False
2006-02-22,Uzbekistan,Bangladesh,5.0,0.0,AFC Asian Cup qualification,Tashkent,Uzbekistan,False
2006-02-22,Yemen,Saudi Arabia,0.0,4.0,AFC Asian Cup qualification,Sana'a,Yemen,False
2006-03-01,Bangladesh,Hong Kong,0.0,1.0,AFC Asian Cup qualification,Dhaka,Bangladesh,False
2006-03-01,India,Yemen,0.0,3.0,AFC Asian Cup qualification,New Delhi,India,False
2006-03-01,Iraq,China PR,2.0,1.0,AFC Asian Cup qualification,Al Ain,United Arab Emirates,True
2006-03-01,Kuwait,Bahrain,0.0,0.0,AFC Asian Cup qualification,Kuwait City,Kuwait,False
2006-03-01,Oman,Jordan,3.0,0.0,AFC Asian Cup qualification,Muscat,Oman,False
2006-03-01,Pakistan,United Arab Emirates,1.0,4.0,AFC Asian Cup qualification,Karachi,Pakistan,False
2006-03-01,Palestine,Singapore,1.0,0.0,AFC Asian Cup qualification,Amman,Jordan,True
2006-03-01,Qatar,Uzbekistan,2.0,1.0,AFC Asian Cup qualification,Doha,Qatar,False
2006-03-15,Saudi Arabia,Iraq,2.0,2.0,Friendly,Jeddah,Saudi Arabia,False
2006-03-26,Thailand,Philippines,5.0,0.0,Friendly,Chonburi,Thailand,False
2006-04-01,Bangladesh,Cambodia,2.0,1.0,AFC Challenge Cup,Dhaka,Bangladesh,False
2006-04-01,Palestine,Guam,11.0,0.0,AFC Challenge Cup,Dhaka,Bangladesh,True
2006-04-02,Kyrgyzstan,Pakistan,0.0,1.0,AFC Challenge Cup,Dhaka,Bangladesh,True
2006-04-02,Nepal,Bhutan,2.0,0.0,AFC Challenge Cup,Chittagong,Bangladesh,True
2006-04-02,Sri Lanka,Brunei,1.0,0.0,AFC Challenge Cup,Chittagong,Bangladesh,True
2006-04-02,Tajikistan,Macau,4.0,0.0,AFC Challenge Cup,Dhaka,Bangladesh,True
2006-04-03,Afghanistan,Taiwan,2.0,2.0,AFC Challenge Cup,Chittagong,Bangladesh,True
2006-04-03,Bangladesh,Guam,3.0,0.0,AFC Challenge Cup,Dhaka,Bangladesh,False
2006-04-03,Cambodia,Palestine,0.0,4.0,AFC Challenge Cup,Dhaka,Bangladesh,True
2006-04-04,Bhutan,Sri Lanka,0.0,1.0,AFC Challenge Cup,Chittagong,Bangladesh,True
2006-04-04,Brunei,Nepal,2.0,1.0,AFC Challenge Cup,Chittagong,Bangladesh,True
2006-04-04,Pakistan,Tajikistan,0.0,2.0,AFC Challenge Cup,Dhaka,Bangladesh,True
2006-04-05,Bangladesh,Palestine,1.0,1.0,AFC Challenge Cup,Dhaka,Bangladesh,False
2006-04-05,Philippines,Afghanistan,1.0,1.0,AFC Challenge Cup,Chittagong,Bangladesh,True
2006-04-06,Bhutan,Brunei,0.0,0.0,AFC Challenge Cup,Chittagong,Bangladesh,True
2006-04-06,Cambodia,Guam,3.0,0.0,AFC Challenge Cup,Dhaka,Bangladesh,True
2006-04-06,Pakistan,Macau,2.0,2.0,AFC Challenge Cup,Dhaka,Bangladesh,True
2006-04-06,Sri Lanka,Nepal,1.0,1.0,AFC Challenge Cup,Chittagong,Bangladesh,True
2006-04-06,Tajikistan,Kyrgyzstan,0.0,1.0,AFC Challenge Cup,Dhaka,Bangladesh,True
2006-04-07,Macau,Kyrgyzstan,0.0,2.0,AFC Challenge Cup,Dhaka,Bangladesh,True
2006-04-08,Sri Lanka,Taiwan,3.0,0.0,AFC Challenge Cup,Chittagong,Bangladesh,True
2006-04-09,Palestine,Kyrgyzstan,0.0,1.0,AFC Challenge Cup,Dhaka,Bangladesh,True
2006-04-10,Bangladesh,Tajikistan,1.0,6.0,AFC Challenge Cup,Dhaka,Bangladesh,False
2006-04-12,Sri Lanka,Nepal,1.0,1.0,AFC Challenge Cup,Chittagong,Bangladesh,True
2006-04-13,Tajikistan,Kyrgyzstan,2.0,0.0,AFC Challenge Cup,Dhaka,Bangladesh,True
2006-04-16,Sri Lanka,Tajikistan,0.0,4.0,AFC Challenge Cup,Dhaka,Bangladesh,True
2006-05-02,United Arab Emirates,Syria,2.0,1.0,Friendly,Dubai,United Arab Emirates,False
2006-05-31,Singapore,Malaysia,0.0,0.0,Friendly,Singapore,Singapore,False
2006-06-03,Macau,Hong Kong,0.0,0.0,Friendly,Macau,Macau,False
2006-06-03,Malaysia,Singapore,0.0,0.0,Friendly,Seremban,Malaysia,False
2006-06-12,Australia,Japan,3.0,1.0,FIFA World Cup,Kaiserslautern,Germany,True
2006-07-15,Syria,Iraq,1.0,3.0,Friendly,Damascus,Syria,False
2006-07-21,Jordan,Iraq,2.0,1.0,Friendly,Amman,Jordan,False
2006-07-25,Syria,Iraq,1.0,2.0,Friendly,Damascus,Syria,False
2006-07-30,Jordan,Syria,3.0,0.0,Friendly,Amman,Jordan,False
2006-08-08,Iran,United Arab Emirates,1.0,0.0,Friendly,Tehran,Iran,False
2006-08-09,Jordan,Iraq,0.0,1.0,Friendly,Amman,Jordan,False
2006-08-09,Macau,Taiwan,0.0,1.0,Friendly,Macau,Macau,False
2006-08-09,Saudi Arabia,Bahrain,1.0,0.0,Friendly,Riyadh,Saudi Arabia,False
2006-08-12,Hong Kong,Singapore,1.0,2.0,Friendly,Victoria,Hong Kong,False
2006-08-16,Australia,Kuwait,2.0,0.0,AFC Asian Cup qualification,Sydney,Australia,False
2006-08-16,Bangladesh,Qatar,1.0,4.0,AFC Asian Cup qualification,Chittagong,Bangladesh,False
2006-08-16,China PR,Singapore,1.0,0.0,AFC Asian Cup qualification,Tianjin,China PR,False
2006-08-16,India,Saudi Arabia,0.0,3.0,AFC Asian Cup qualification,Calcutta,India,False
2006-08-16,Iran,Syria,1.0,1.0,AFC Asian Cup qualification,Tehran,Iran,False
2006-08-16,Japan,Yemen,2.0,0.0,AFC Asian Cup qualification,Niigata,Japan,False
2006-08-16,Jordan,United Arab Emirates,1.0,2.0,AFC Asian Cup qualification,Amman,Jordan,False
2006-08-16,Pakistan,Oman,1.0,4.0,AFC Asian Cup qualification,Islamabad,Pakistan,False
2006-08-16,Uzbekistan,Hong Kong,2.0,2.0,AFC Asian Cup qualification,Tashkent,Uzbekistan,False
2006-08-17,Palestine,Iraq,0.0,3.0,AFC Asian Cup qualification,Amman,Jordan,True
2006-08-23,Malaysia,Indonesia,1.0,1.0,Merdeka Tournament,Shah Alam,Malaysia,False
2006-08-25,Indonesia,Myanmar,0.0,0.0,Merdeka Tournament,Shah Alam,Malaysia,True
2006-08-27,Malaysia,Myanmar,1.0,2.0,Merdeka Tournament,Shah Alam,Malaysia,False
2006-08-27,Saudi Arabia,United Arab Emirates,1.0,0.0,Friendly,Jeddah,Saudi Arabia,False
2006-08-29,Myanmar,Indonesia,2.0,1.0,Merdeka Tournament,Shah Alam,Malaysia,True
2006-09-01,Oman,Syria,3.0,0.0,Friendly,Muscat,Oman,False
2006-09-02,Bahrain,Jordan,0.0,2.0,Friendly,Manama,Bahrain,False
2006-09-02,South Korea,Iran,1.0,1.0,AFC Asian Cup qualification,Seoul,South Korea,False
2006-09-03,Saudi Arabia,Japan,1.0,0.0,AFC Asian Cup qualification,Jeddah,Saudi Arabia,False
2006-09-06,Hong Kong,Uzbekistan,0.0,0.0,AFC Asian Cup qualification,So Kon Po,Hong Kong,False
2006-09-06,Iraq,Palestine,2.0,2.0,AFC Asian Cup qualification,Al Ain,United Arab Emirates,True
2006-09-06,South Korea,Taiwan,8.0,0.0,AFC Asian Cup qualification,Suwon,South Korea,False
2006-09-06,Kuwait,Australia,2.0,0.0,AFC Asian Cup qualification,Kuwait City,Kuwait,False
2006-09-06,Oman,Pakistan,5.0,0.0,AFC Asian Cup qualification,Muscat,Oman,False
2006-09-06,Qatar,Bangladesh,3.0,0.0,AFC Asian Cup qualification,Doha,Qatar,False
2006-09-06,Saudi Arabia,India,7.0,1.0,AFC Asian Cup qualification,Jeddah,Saudi Arabia,False
2006-09-06,Singapore,China PR,0.0,0.0,AFC Asian Cup qualification,Singapore,Singapore,False
2006-09-06,United Arab Emirates,Jordan,0.0,0.0,AFC Asian Cup qualification,Sharjah,United Arab Emirates,False
2006-09-06,Yemen,Japan,0.0,1.0,AFC Asian Cup qualification,Sana'a,Yemen,False
2006-10-04,Iran,Iraq,2.0,0.0,Friendly,Amman,Jordan,True
2006-10-06,Jordan,Iran,0.0,0.0,Friendly,Amman,Jordan,False
2006-10-11,Australia,Bahrain,2.0,0.0,AFC Asian Cup qualification,Sydney,Australia,False
2006-10-11,Bangladesh,Uzbekistan,0.0,4.0,AFC Asian Cup qualification,Dhaka,Bangladesh,False
2006-10-11,India,Japan,0.0,3.0,AFC Asian Cup qualification,Bangalore,India,False
2006-10-11,Iraq,Singapore,4.0,2.0,AFC Asian Cup qualification,Al Ain,United Arab Emirates,True
2006-10-11,South Korea,Syria,1.0,1.0,AFC Asian Cup qualification,Seoul,South Korea,False
2006-10-11,Oman,United Arab Emirates,2.0,1.0,AFC Asian Cup qualification,Muscat,Oman,False
2006-10-11,Pakistan,Jordan,0.0,3.0,AFC Asian Cup qualification,Lahore,Pakistan,False
2006-10-11,Palestine,China PR,0.0,2.0,AFC Asian Cup qualification,Amman,Jordan,True
2006-10-11,Qatar,Hong Kong,2.0,0.0,AFC Asian Cup qualification,Doha,Qatar,False
2006-10-11,Saudi Arabia,Yemen,5.0,0.0,AFC Asian Cup qualification,Jeddah,Saudi Arabia,False
2006-11-08,Oman,Bahrain,1.0,1.0,Friendly,Muscat,Oman,False
2006-11-08,Saudi Arabia,Jordan,2.0,1.0,Friendly,Riyadh,Saudi Arabia,False
2006-11-09,Kuwait,Taiwan,10.0,0.0,Friendly,Al Ain,United Arab Emirates,True
2006-11-11,Singapore,Indonesia,1.0,2.0,Friendly,Singapore,Singapore,False
2006-11-12,Philippines,Laos,1.0,2.0,AFF Championship qualification,Bacolod,Philippines,False
2006-11-12,Timor-Leste,Brunei,2.0,3.0,AFF Championship qualification,Bacolod,Philippines,True
2006-11-14,Cambodia,Laos,2.0,2.0,AFF Championship qualification,Bacolod,Philippines,True
2006-11-14,Philippines,Timor-Leste,7.0,0.0,AFF Championship qualification,Bacolod,Philippines,False
2006-11-15,Bahrain,Kuwait,2.0,1.0,AFC Asian Cup qualification,Riffa,Bahrain,False
2006-11-15,China PR,Iraq,1.0,1.0,AFC Asian Cup qualification,Changsha,China PR,False
2006-11-15,Hong Kong,Bangladesh,2.0,0.0,AFC Asian Cup qualification,Kowloon,Hong Kong,False
2006-11-15,Iran,South Korea,2.0,0.0,AFC Asian Cup qualification,Tehran,Iran,False
2006-11-15,Japan,Saudi Arabia,3.0,1.0,AFC Asian Cup qualification,Sapporo,Japan,False
2006-11-15,Jordan,Oman,3.0,0.0,AFC Asian Cup qualification,Amman,Jordan,False
2006-11-15,Syria,Taiwan,3.0,0.0,AFC Asian Cup qualification,Damascus,Syria,False
2006-11-15,United Arab Emirates,Pakistan,3.0,2.0,AFC Asian Cup qualification,Abu Dhabi,United Arab Emirates,False
2006-11-15,Uzbekistan,Qatar,2.0,0.0,AFC Asian Cup qualification,Tashkent,Uzbekistan,False
2006-11-15,Yemen,India,2.0,1.0,AFC Asian Cup qualification,Sana'a,Yemen,False
2006-11-16,Laos,Timor-Leste,3.0,2.0,AFF Championship qualification,Bacolod,Philippines,True
2006-11-16,Brunei,Cambodia,1.0,1.0,AFF Championship qualification,Bacolod,Philippines,True
2006-11-18,Philippines,Cambodia,1.0,0.0,AFF Championship qualification,Bacolod,Philippines,False
2006-11-18,Brunei,Laos,1.0,4.0,AFF Championship qualification,Bacolod,Philippines,True
2006-11-20,Cambodia,Timor-Leste,4.0,1.0,AFF Championship qualification,Bacolod,Philippines,True
2006-11-20,Philippines,Brunei,4.0,1.0,AFF Championship qualification,Bacolod,Philippines,False
2006-12-24,Thailand,Vietnam,2.0,1.0,King's Cup,Bangkok,Thailand,False
2006-12-26,Thailand,Singapore,2.0,0.0,King's Cup,Bangkok,Thailand,False
2006-12-28,Singapore,Vietnam,2.0,3.0,King's Cup,Bangkok,Thailand,True
2006-12-30,Thailand,Vietnam,3.0,1.0,King's Cup,Bangkok,Thailand,False
2007-01-07,Singapore,Philippines,4.0,1.0,Friendly,Singapore,Singapore,False
2007-01-11,Saudi Arabia,Syria,2.0,1.0,Friendly,Dammam,Saudi Arabia,False
2007-01-12,Malaysia,Philippines,4.0,0.0,AFF Championship,Bangkok,Thailand,True
2007-01-12,Thailand,Myanmar,1.0,1.0,AFF Championship,Bangkok,Thailand,False
2007-01-13,Indonesia,Laos,3.0,1.0,AFF Championship,Singapore,Singapore,True
2007-01-13,Qatar,Oman,1.0,1.0,Friendly,Doha,Qatar,False
2007-01-13,Singapore,Vietnam,0.0,0.0,AFF Championship,Singapore,Singapore,False
2007-01-14,Malaysia,Myanmar,0.0,0.0,AFF Championship,Bangkok,Thailand,True
2007-01-14,Thailand,Philippines,4.0,0.0,AFF Championship,Bangkok,Thailand,False
2007-01-15,Singapore,Laos,11.0,0.0,AFF Championship,Singapore,Singapore,False
2007-01-15,Vietnam,Indonesia,1.0,1.0,AFF Championship,Singapore,Singapore,True
2007-01-16,Myanmar,Philippines,0.0,0.0,AFF Championship,Bangkok,Thailand,True
2007-01-16,Thailand,Malaysia,1.0,0.0,AFF Championship,Bangkok,Thailand,False
2007-01-17,Kuwait,Yemen,1.0,1.0,Gulf Cup,Abu Dhabi,United Arab Emirates,True
2007-01-17,Singapore,Indonesia,2.0,2.0,AFF Championship,Singapore,Singapore,False
2007-01-17,United Arab Emirates,Oman,1.0,2.0,Gulf Cup,Abu Dhabi,United Arab Emirates,False
2007-01-17,Vietnam,Laos,9.0,0.0,AFF Championship,Singapore,Singapore,True
2007-01-18,Qatar,Iraq,0.0,1.0,Gulf Cup,Abu Dhabi,United Arab Emirates,True
2007-01-18,Saudi Arabia,Bahrain,2.0,1.0,Gulf Cup,Abu Dhabi,United Arab Emirates,True
2007-01-20,Kuwait,Oman,1.0,2.0,Gulf Cup,Abu Dhabi,United Arab Emirates,True
2007-01-20,United Arab Emirates,Yemen,2.0,1.0,Gulf Cup,Abu Dhabi,United Arab Emirates,False
2007-01-21,Bahrain,Iraq,1.0,1.0,Gulf Cup,Abu Dhabi,United Arab Emirates,True
2007-01-21,Saudi Arabia,Qatar,1.0,1.0,Gulf Cup,Abu Dhabi,United Arab Emirates,True
2007-01-23,Malaysia,Singapore,1.0,1.0,AFF Championship,Shah Alam,Malaysia,False
2007-01-23,Oman,Yemen,2.0,1.0,Gulf Cup,Abu Dhabi,United Arab Emirates,True
2007-01-23,United Arab Emirates,Kuwait,3.0,2.0,Gulf Cup,Abu Dhabi,United Arab Emirates,False
2007-01-24,Qatar,Bahrain,1.0,2.0,Gulf Cup,Abu Dhabi,United Arab Emirates,True
2007-01-24,Saudi Arabia,Iraq,1.0,0.0,Gulf Cup,Abu Dhabi,United Arab Emirates,True
2007-01-24,Vietnam,Thailand,0.0,2.0,AFF Championship,Hanoi,Vietnam,False
2007-01-27,Oman,Bahrain,1.0,0.0,Gulf Cup,Abu Dhabi,United Arab Emirates,True
2007-01-27,Singapore,Malaysia,1.0,1.0,AFF Championship,Singapore,Singapore,False
2007-01-27,United Arab Emirates,Saudi Arabia,1.0,0.0,Gulf Cup,Abu Dhabi,United Arab Emirates,False
2007-01-28,Thailand,Vietnam,0.0,0.0,AFF Championship,Bangkok,Thailand,False
2007-01-30,United Arab Emirates,Oman,1.0,0.0,Gulf Cup,Abu Dhabi,United Arab Emirates,False
2007-01-31,Singapore,Thailand,2.0,1.0,AFF Championship,Singapore,Singapore,False
2007-02-04,Thailand,Singapore,1.0,1.0,AFF Championship,Bangkok,Thailand,False
2007-03-09,Kyrgyzstan,Uzbekistan,0.0,6.0,Friendly,Shymkent,Kazakhstan,True
2007-03-24,China PR,Australia,0.0,2.0,Friendly,Guangzhou,China PR,False
2007-03-24,Qatar,Iran,0.0,1.0,Friendly,Doha,Qatar,False
2007-03-25,Northern Mariana Islands,Guam,2.0,3.0,EAFF Championship,Oleai,Northern Mariana Islands,False
2007-03-27,China PR,Uzbekistan,3.0,1.0,Friendly,Macau,Macau,True
2007-04-01,Guam,Northern Mariana Islands,9.0,0.0,EAFF Championship,Hagätña,Guam,False
2007-05-16,Thailand,China PR,1.0,0.0,Friendly,Bangkok,Thailand,False
2007-06-01,Indonesia,Hong Kong,3.0,0.0,Friendly,Jakarta,Indonesia,False
2007-06-08,Jordan,Iraq,1.0,1.0,Friendly,Amman,Jordan,False
2007-06-10,Hong Kong,Macau,2.0,1.0,Friendly,So Kon Po,Hong Kong,False
2007-06-12,Jordan,Iraq,0.0,0.0,Friendly,Amman,Jordan,False
2007-06-16,Iran,Iraq,0.0,0.0,WAFF Championship,Amman,Jordan,True
2007-06-16,Lebanon,Syria,0.0,1.0,WAFF Championship,Amman,Jordan,True
2007-06-17,Guam,Taiwan,0.0,10.0,EAFF Championship,Macau,Macau,True
2007-06-17,Macau,Mongolia,0.0,0.0,EAFF Championship,Macau,Macau,False
2007-06-18,Jordan,Syria,0.0,1.0,WAFF Championship,Amman,Jordan,False
2007-06-18,Malaysia,Cambodia,6.0,0.0,Friendly,Shah Alam,Malaysia,False
2007-06-18,Palestine,Iraq,0.0,1.0,WAFF Championship,Amman,Jordan,True
2007-06-19,Hong Kong,Taiwan,1.0,1.0,EAFF Championship,Macau,Macau,True
2007-06-19,North Korea,Mongolia,7.0,0.0,EAFF Championship,Macau,Macau,True
2007-06-20,Iran,Palestine,2.0,0.0,WAFF Championship,Amman,Jordan,True
2007-06-20,Jordan,Lebanon,3.0,0.0,WAFF Championship,Amman,Jordan,False
2007-06-21,Hong Kong,Guam,15.0,1.0,EAFF Championship,Macau,Macau,True
2007-06-21,Macau,North Korea,1.0,7.0,EAFF Championship,Macau,Macau,False
2007-06-21,Malaysia,United Arab Emirates,1.0,3.0,Friendly,Petaling Jaya,Malaysia,False
2007-06-22,Jordan,Iran,0.0,1.0,WAFF Championship,Amman,Jordan,False
2007-06-22,Syria,Iraq,0.0,3.0,WAFF Championship,Amman,Jordan,True
2007-06-23,Mongolia,Guam,5.0,2.0,EAFF Championship,Macau,Macau,True
2007-06-24,Indonesia,Oman,0.0,1.0,Friendly,Jakarta,Indonesia,False
2007-06-24,Iraq,Iran,1.0,2.0,WAFF Championship,Amman,Jordan,True
2007-06-24,North Korea,Hong Kong,1.0,0.0,EAFF Championship,Macau,Macau,True
2007-06-24,United Arab Emirates,Saudi Arabia,0.0,2.0,Friendly,Singapore,Singapore,True
2007-06-25,Qatar,Turkmenistan,1.0,0.0,Friendly,Doha,Qatar,False
2007-06-27,Singapore,Saudi Arabia,1.0,2.0,Friendly,Singapore,Singapore,False
2007-06-27,United Arab Emirates,Bahrain,2.0,2.0,Friendly,Petaling Jaya,Malaysia,True
2007-06-28,Oman,North Korea,2.0,2.0,Friendly,Singapore,Singapore,True
2007-06-29,South Korea,Iraq,3.0,0.0,Friendly,Seogwipo,South Korea,False
2007-06-30,Singapore,Australia,0.0,3.0,Friendly,Singapore,Singapore,False
2007-06-30,Thailand,Qatar,1.0,1.0,Friendly,Bangkok,Thailand,False
2007-06-30,Vietnam,Bahrain,5.0,3.0,Friendly,Hanoi,Vietnam,False
2007-07-01,Oman,Saudi Arabia,1.0,1.0,Friendly,Singapore,Singapore,True
2007-07-01,United Arab Emirates,North Korea,1.0,0.0,Friendly,Singapore,Singapore,True
2007-07-02,Iraq,Uzbekistan,0.0,2.0,Friendly,Paju,South Korea,True
2007-07-02,Thailand,Qatar,2.0,0.0,Friendly,Bangkok,Thailand,False
2007-07-04,Saudi Arabia,North Korea,1.0,1.0,Friendly,Singapore,Singapore,True
2007-07-05,South Korea,Uzbekistan,2.0,1.0,Friendly,Seoul,South Korea,False
2007-07-07,Thailand,Iraq,1.0,1.0,AFC Asian Cup,Bangkok,Thailand,False
2007-07-08,Australia,Oman,1.0,1.0,AFC Asian Cup,Bangkok,Thailand,True
2007-07-08,Vietnam,United Arab Emirates,2.0,0.0,AFC Asian Cup,Hanoi,Vietnam,False
2007-07-09,Japan,Qatar,1.0,1.0,AFC Asian Cup,Hanoi,Vietnam,True
2007-07-10,Indonesia,Bahrain,2.0,1.0,AFC Asian Cup,Jakarta,Indonesia,False
2007-07-10,Malaysia,China PR,1.0,5.0,AFC Asian Cup,Kuala Lumpur,Malaysia,False
2007-07-11,Iran,Uzbekistan,2.0,1.0,AFC Asian Cup,Kuala Lumpur,Malaysia,True
2007-07-11,South Korea,Saudi Arabia,1.0,1.0,AFC Asian Cup,Jakarta,Indonesia,True
2007-07-12,Thailand,Oman,2.0,0.0,AFC Asian Cup,Bangkok,Thailand,False
2007-07-12,Vietnam,Qatar,1.0,1.0,AFC Asian Cup,Hanoi,Vietnam,False
2007-07-13,Iraq,Australia,3.0,1.0,AFC Asian Cup,Bangkok,Thailand,True
2007-07-13,United Arab Emirates,Japan,1.0,3.0,AFC Asian Cup,Hanoi,Vietnam,True
2007-07-14,Indonesia,Saudi Arabia,1.0,2.0,AFC Asian Cup,Jakarta,Indonesia,False
2007-07-14,Malaysia,Uzbekistan,0.0,5.0,AFC Asian Cup,Kuala Lumpur,Malaysia,False
2007-07-15,Bahrain,South Korea,2.0,1.0,AFC Asian Cup,Jakarta,Indonesia,True
2007-07-15,China PR,Iran,2.0,2.0,AFC Asian Cup,Kuala Lumpur,Malaysia,True
2007-07-16,Oman,Iraq,0.0,0.0,AFC Asian Cup,Bangkok,Thailand,True
2007-07-16,Qatar,United Arab Emirates,1.0,2.0,AFC Asian Cup,Ho Chi Minh City,Vietnam,True
2007-07-16,Thailand,Australia,0.0,4.0,AFC Asian Cup,Bangkok,Thailand,False
2007-07-16,Vietnam,Japan,1.0,4.0,AFC Asian Cup,Hanoi,Vietnam,False
2007-07-18,Indonesia,South Korea,0.0,1.0,AFC Asian Cup,Jakarta,Indonesia,False
2007-07-18,Malaysia,Iran,0.0,2.0,AFC Asian Cup,Kuala Lumpur,Malaysia,False
2007-07-18,Saudi Arabia,Bahrain,4.0,0.0,AFC Asian Cup,Palembang,Indonesia,True
2007-07-18,Uzbekistan,China PR,3.0,0.0,AFC Asian Cup,Shah Alam,Malaysia,True
2007-07-21,Iraq,Vietnam,2.0,0.0,AFC Asian Cup,Bangkok,Thailand,True
2007-07-21,Japan,Australia,1.0,1.0,AFC Asian Cup,Hanoi,Vietnam,True
2007-07-22,Iran,South Korea,0.0,0.0,AFC Asian Cup,Kuala Lumpur,Malaysia,True
2007-07-22,Saudi Arabia,Uzbekistan,2.0,1.0,AFC Asian Cup,Jakarta,Indonesia,True
2007-07-25,Iraq,South Korea,0.0,0.0,AFC Asian Cup,Kuala Lumpur,Malaysia,True
2007-07-25,Japan,Saudi Arabia,2.0,3.0,AFC Asian Cup,Hanoi,Vietnam,True
2007-07-28,South Korea,Japan,0.0,0.0,AFC Asian Cup,Palembang,Indonesia,True
2007-07-29,Iraq,Saudi Arabia,1.0,0.0,AFC Asian Cup,Jakarta,Indonesia,True
2007-08-17,India,Cambodia,6.0,0.0,Nehru Cup,New Delhi,India,False
2007-08-18,Bangladesh,Syria,0.0,2.0,Nehru Cup,New Delhi,India,True
2007-08-19,Kyrgyzstan,Cambodia,4.0,3.0,Nehru Cup,New Delhi,India,True
2007-08-20,India,Bangladesh,1.0,0.0,Nehru Cup,New Delhi,India,False
2007-08-21,Syria,Kyrgyzstan,4.0,1.0,Nehru Cup,New Delhi,India,True
2007-08-22,Bangladesh,Cambodia,1.0,1.0,Nehru Cup,New Delhi,India,True
2007-08-23,India,Syria,2.0,3.0,Nehru Cup,New Delhi,India,False
2007-08-23,Singapore,Bangladesh,4.0,2.0,Merdeka Tournament,Petaling Jaya,Malaysia,True
2007-08-24,Bangladesh,Kyrgyzstan,0.0,3.0,Nehru Cup,New Delhi,India,True
2007-08-25,Myanmar,Laos,1.0,0.0,Merdeka Tournament,Shah Alam,Malaysia,True
2007-08-25,Cambodia,Syria,1.0,5.0,Nehru Cup,New Delhi,India,True
2007-08-26,India,Kyrgyzstan,3.0,0.0,Nehru Cup,New Delhi,India,False
2007-08-29,India,Syria,1.0,0.0,Nehru Cup,New Delhi,India,False
2007-09-07,Bahrain,Jordan,1.0,3.0,Friendly,Muharraq,Bahrain,False
2007-09-12,Singapore,United Arab Emirates,1.0,1.0,Friendly,Singapore,Singapore,False
2007-09-17,Qatar,Oman,1.0,1.0,Friendly,Doha,Qatar,False
2007-09-23,United Arab Emirates,Lebanon,1.0,1.0,Friendly,Dubai,United Arab Emirates,False
2007-10-02,Oman,Maldives,1.0,0.0,Friendly,Muscat,Oman,False
2007-10-03,Thailand,United Arab Emirates,1.0,1.0,Friendly,Bangkok,Thailand,False
2007-10-04,Bahrain,Singapore,3.0,1.0,Friendly,Manama,Bahrain,False
2007-10-08,Bangladesh,Tajikistan,1.0,1.0,FIFA World Cup qualification,Dhaka,Bangladesh,False
2007-10-08,Lebanon,India,4.0,1.0,FIFA World Cup qualification,Sidon,Lebanon,False
2007-10-08,Oman,Nepal,2.0,0.0,FIFA World Cup qualification,Muscat,Oman,False
2007-10-08,Palestine,Singapore,0.0,4.0,FIFA World Cup qualification,Al Rayyan,Qatar,True
2007-10-08,Syria,Afghanistan,3.0,0.0,FIFA World Cup qualification,Damascus,Syria,False
2007-10-08,Thailand,Macau,6.0,1.0,FIFA World Cup qualification,Bangkok,Thailand,False
2007-10-08,Vietnam,United Arab Emirates,0.0,1.0,FIFA World Cup qualification,Hanoi,Vietnam,False
2007-10-08,Yemen,Maldives,3.0,0.0,FIFA World Cup qualification,Sana'a,Yemen,False
2007-10-11,Cambodia,Turkmenistan,0.0,1.0,FIFA World Cup qualification,Phnom Penh,Cambodia,False
2007-10-13,Uzbekistan,Taiwan,9.0,0.0,FIFA World Cup qualification,Tashkent,Uzbekistan,False
2007-10-15,Macau,Thailand,1.0,7.0,FIFA World Cup qualification,Macau,Macau,False
2007-10-16,Qatar,Iraq,3.0,2.0,Friendly,Doha,Qatar,False
2007-10-18,Kyrgyzstan,Jordan,2.0,0.0,FIFA World Cup qualification,Bishkek,Kyrgyzstan,False
2007-10-21,Bahrain,Malaysia,4.0,1.0,FIFA World Cup qualification,Riffa,Bahrain,False
2007-10-21,China PR,Myanmar,7.0,0.0,FIFA World Cup qualification,Foshan,China PR,False
2007-10-21,Timor-Leste,Hong Kong,2.0,3.0,FIFA World Cup qualification,Gianyar,Indonesia,True
2007-10-21,Mongolia,North Korea,1.0,4.0,FIFA World Cup qualification,Ulaanbaatar,Mongolia,False
2007-10-21,Sri Lanka,Qatar,0.0,1.0,FIFA World Cup qualification,Colombo,Sri Lanka,False
2007-10-22,Pakistan,Iraq,0.0,7.0,FIFA World Cup qualification,Lahore,Pakistan,False
2007-10-26,Afghanistan,Syria,1.0,2.0,FIFA World Cup qualification,Dushanbe,Tajikistan,True
2007-10-28,Myanmar,China PR,0.0,4.0,FIFA World Cup qualification,Kuala Lumpur,Malaysia,True
2007-10-28,Hong Kong,Timor-Leste,8.0,1.0,FIFA World Cup qualification,So Kon Po,Hong Kong,False
2007-10-28,Iraq,Pakistan,0.0,0.0,FIFA World Cup qualification,Damascus,Syria,True
2007-10-28,Jordan,Kyrgyzstan,2.0,0.0,FIFA World Cup qualification,Amman,Jordan,False
2007-10-28,North Korea,Mongolia,5.0,1.0,FIFA World Cup qualification,Pyongyang,North Korea,False
2007-10-28,Malaysia,Bahrain,0.0,0.0,FIFA World Cup qualification,Shah Alam,Malaysia,False
2007-10-28,Maldives,Yemen,2.0,0.0,FIFA World Cup qualification,Malé,Maldives,False
2007-10-28,Nepal,Oman,0.0,2.0,FIFA World Cup qualification,Kathmandu,Nepal,False
2007-10-28,Qatar,Sri Lanka,5.0,0.0,FIFA World Cup qualification,Doha,Qatar,False
2007-10-28,Tajikistan,Bangladesh,5.0,0.0,FIFA World Cup qualification,Dushanbe,Tajikistan,False
2007-10-28,Turkmenistan,Cambodia,4.0,1.0,FIFA World Cup qualification,Ashgabat,Turkmenistan,False
2007-10-28,United Arab Emirates,Vietnam,5.0,0.0,FIFA World Cup qualification,Abu Dhabi,United Arab Emirates,False
2007-10-28,Taiwan,Uzbekistan,0.0,2.0,FIFA World Cup qualification,Taipei,Taiwan,False
2007-10-30,India,Lebanon,2.0,2.0,FIFA World Cup qualification,Margao,India,False
2007-11-09,Indonesia,Syria,1.0,4.0,FIFA World Cup qualification,Jakarta,Indonesia,False
2007-11-09,Singapore,Tajikistan,2.0,0.0,FIFA World Cup qualification,Singapore,Singapore,False
2007-11-09,Yemen,Thailand,1.0,1.0,FIFA World Cup qualification,Sana'a,Yemen,False
2007-11-10,Hong Kong,Turkmenistan,0.0,0.0,FIFA World Cup qualification,So Kon Po,Hong Kong,False
2007-11-18,Syria,Indonesia,7.0,0.0,FIFA World Cup qualification,Damascus,Syria,False
2007-11-18,Tajikistan,Singapore,1.0,1.0,FIFA World Cup qualification,Dushanbe,Tajikistan,False
2007-11-18,Thailand,Yemen,1.0,0.0,FIFA World Cup qualification,Bangkok,Thailand,False
2007-11-18,Turkmenistan,Hong Kong,3.0,0.0,FIFA World Cup qualification,Ashgabat,Turkmenistan,False
2007-12-11,Oman,Jordan,0.0,3.0,Friendly,Muscat,Oman,False
2007-12-16,Oman,Tajikistan,4.0,2.0,Friendly,Muscat,Oman,False
2007-12-22,Thailand,Uzbekistan,3.0,2.0,King's Cup,Bangkok,Thailand,False
2007-12-24,North Korea,Uzbekistan,2.0,2.0,King's Cup,Bangkok,Thailand,True
2007-12-26,Thailand,North Korea,1.0,0.0,King's Cup,Bangkok,Thailand,False
2008-01-02,Kuwait,Lebanon,3.0,2.0,Friendly,Salmiya,Kuwait,False
2008-01-10,Qatar,Iran,0.0,0.0,Friendly,Doha,Qatar,False
2008-01-10,United Arab Emirates,China PR,0.0,0.0,Friendly,Dubai,United Arab Emirates,False
2008-01-13,Syria,Qatar,0.0,0.0,Friendly,Damascus,Syria,False
2008-01-16,Bahrain,Kuwait,1.0,0.0,Friendly,Manama,Bahrain,False
2008-01-20,China PR,Lebanon,0.0,0.0,Friendly,Zhongshan,China PR,False
2008-01-23,Bahrain,Syria,1.0,2.0,Friendly,Manama,Bahrain,False
2008-01-24,Iraq,Jordan,1.0,1.0,Friendly,Dubai,United Arab Emirates,True
2008-01-24,Kuwait,Singapore,0.0,2.0,Friendly,Muscat,Oman,True
2008-01-26,Bahrain,Yemen,2.0,1.0,Friendly,Manama,Bahrain,False
2008-01-27,China PR,Syria,2.0,1.0,Friendly,Zhongshan,China PR,False
2008-01-27,Oman,Singapore,2.0,0.0,Friendly,Muscat,Oman,False
2008-01-28,Jordan,Lebanon,4.0,1.0,Friendly,Amman,Jordan,False
2008-01-30,Oman,Kuwait,1.0,1.0,Friendly,Muscat,Oman,False
2008-01-31,Jordan,Singapore,2.0,1.0,Friendly,Zarqa,Jordan,False
2008-01-31,United Arab Emirates,Iraq,0.0,1.0,Friendly,Abu Dhabi,United Arab Emirates,False
2008-02-06,Australia,Qatar,3.0,0.0,FIFA World Cup qualification,Melbourne,Australia,False
2008-02-06,Iran,Syria,0.0,0.0,FIFA World Cup qualification,Tehran,Iran,False
2008-02-06,Iraq,China PR,1.0,1.0,FIFA World Cup qualification,Dubai,United Arab Emirates,True
2008-02-06,Japan,Thailand,4.0,1.0,FIFA World Cup qualification,Saitama,Japan,False
2008-02-06,Jordan,North Korea,0.0,1.0,FIFA World Cup qualification,Amman,Jordan,False
2008-02-06,South Korea,Turkmenistan,4.0,0.0,FIFA World Cup qualification,Seoul,South Korea,False
2008-02-06,Lebanon,Uzbekistan,0.0,1.0,FIFA World Cup qualification,Beirut,Lebanon,False
2008-02-06,Oman,Bahrain,0.0,1.0,FIFA World Cup qualification,Muscat,Oman,False
2008-02-06,Saudi Arabia,Singapore,2.0,0.0,FIFA World Cup qualification,Riyadh,Saudi Arabia,False
2008-02-06,United Arab Emirates,Kuwait,2.0,0.0,FIFA World Cup qualification,Abu Dhabi,United Arab Emirates,False
2008-02-17,China PR,South Korea,2.0,3.0,EAFF Championship,Chongqing,China PR,False
2008-02-17,Japan,North Korea,1.0,1.0,EAFF Championship,Chongqing,China PR,True
2008-02-20,China PR,Japan,0.0,1.0,EAFF Championship,Chongqing,China PR,False
2008-02-20,South Korea,North Korea,1.0,1.0,EAFF Championship,Chongqing,China PR,True
2008-02-23,China PR,North Korea,3.0,1.0,EAFF Championship,Chongqing,China PR,False
2008-02-23,Japan,South Korea,1.0,1.0,EAFF Championship,Chongqing,China PR,True
2008-03-04,Qatar,Bahrain,1.0,2.0,Friendly,Doha,Qatar,False
2008-03-15,China PR,Thailand,3.0,3.0,Friendly,Kunming,China PR,False
2008-03-16,Qatar,Jordan,2.0,1.0,Friendly,Doha,Qatar,False
2008-03-19,Oman,United Arab Emirates,1.0,1.0,Friendly,Muscat,Oman,False
2008-03-21,Bahrain,Iran,1.0,0.0,Friendly,Manama,Bahrain,False
2008-03-21,Kuwait,Iraq,0.0,0.0,Friendly,Kuwait City,Kuwait,False
2008-03-22,Singapore,Australia,0.0,0.0,Friendly,Singapore,Singapore,False
2008-03-22,Uzbekistan,Jordan,4.0,1.0,Friendly,Tashkent,Uzbekistan,False
2008-03-25,Nepal,Pakistan,2.0,1.0,Friendly,Pokhara,Nepal,False
2008-03-26,Bahrain,Japan,1.0,0.0,FIFA World Cup qualification,Riffa,Bahrain,False
2008-03-26,China PR,Australia,0.0,0.0,FIFA World Cup qualification,Kunming,China PR,False
2008-03-26,North Korea,South Korea,0.0,0.0,FIFA World Cup qualification,Shanghai,China PR,True
2008-03-26,Kuwait,Iran,2.0,2.0,FIFA World Cup qualification,Kuwait City,Kuwait,False
2008-03-26,Qatar,Iraq,2.0,0.0,FIFA World Cup qualification,Doha,Qatar,False
2008-03-26,Singapore,Lebanon,2.0,0.0,FIFA World Cup qualification,Singapore,Singapore,False
2008-03-26,Syria,United Arab Emirates,1.0,1.0,FIFA World Cup qualification,Damascus,Syria,False
2008-03-26,Thailand,Oman,0.0,1.0,FIFA World Cup qualification,Bangkok,Thailand,False
2008-03-26,Turkmenistan,Jordan,0.0,2.0,FIFA World Cup qualification,Ashgabat,Turkmenistan,False
2008-03-26,Uzbekistan,Saudi Arabia,3.0,0.0,FIFA World Cup qualification,Tashkent,Uzbekistan,False
2008-03-27,Nepal,Pakistan,0.0,2.0,Friendly,Pokhara,Nepal,False
2008-04-02,Sri Lanka,Guam,5.0,1.0,AFC Challenge Cup qualification,Taipei,Taiwan,True
2008-04-04,Pakistan,Sri Lanka,1.0,7.0,AFC Challenge Cup qualification,Taipei,Taiwan,True
2008-04-04,Taiwan,Guam,4.0,1.0,AFC Challenge Cup qualification,Taipei,Taiwan,False
2008-04-06,Pakistan,Guam,9.0,2.0,AFC Challenge Cup qualification,Taipei,Taiwan,True
2008-04-06,Taiwan,Sri Lanka,2.0,2.0,AFC Challenge Cup qualification,Taipei,Taiwan,False
2008-04-09,Lebanon,Maldives,4.0,0.0,AFC Asian Cup qualification,Beirut,Lebanon,False
2008-04-23,Maldives,Lebanon,1.0,2.0,AFC Asian Cup qualification,Malé,Maldives,False
2008-04-25,Indonesia,Yemen,1.0,0.0,Friendly,Bandung,Indonesia,False
2008-04-27,Northern Mariana Islands,Guam,2.0,3.0,Friendly,Susupe,Northern Mariana Islands,False
2008-04-27,Oman,Kyrgyzstan,2.0,0.0,Friendly,Muscat,Oman,False
2008-05-03,Oman,Yemen,0.0,0.0,Friendly,Muscat,Oman,False
2008-05-05,Bangladesh,Afghanistan,0.0,0.0,AFC Challenge Cup qualification,Bishkek,Kyrgyzstan,True
2008-05-07,Kyrgyzstan,Afghanistan,0.0,1.0,AFC Challenge Cup qualification,Bishkek,Kyrgyzstan,False
2008-05-09,Kyrgyzstan,Bangladesh,2.0,1.0,AFC Challenge Cup qualification,Bishkek,Kyrgyzstan,False
2008-05-10,Syria,Oman,2.0,1.0,Friendly,Damascus,Syria,False
2008-05-13,Philippines,Brunei,1.0,0.0,AFC Challenge Cup qualification,Iloilo City,Philippines,False
2008-05-13,Tajikistan,Bhutan,3.0,1.0,AFC Challenge Cup qualification,Barotac Nuevo,Philippines,True
2008-05-15,Bhutan,Brunei,1.0,1.0,AFC Challenge Cup qualification,Barotac Nuevo,Philippines,True
2008-05-15,Philippines,Tajikistan,0.0,0.0,AFC Challenge Cup qualification,Iloilo City,Philippines,False
2008-05-17,Philippines,Bhutan,3.0,0.0,AFC Challenge Cup qualification,Barotac Nuevo,Philippines,False
2008-05-17,Syria,Iraq,2.0,1.0,Friendly,Damascus,Syria,False
2008-05-17,Tajikistan,Brunei,4.0,0.0,AFC Challenge Cup qualification,Iloilo City,Philippines,True
2008-05-18,Oman,Turkmenistan,2.0,1.0,Friendly,Nizwa,Oman,False
2008-05-20,Thailand,Nepal,7.0,0.0,Friendly,Bangkok,Thailand,False
2008-05-23,Qatar,Kuwait,1.0,1.0,Friendly,Doha,Qatar,False
2008-05-24,India,Taiwan,3.0,0.0,Friendly,Margao,India,False
2008-05-24,Nepal,Macau,3.0,2.0,AFC Challenge Cup qualification,Phnom Penh,Cambodia,True
2008-05-24,Saudi Arabia,Syria,1.0,0.0,Friendly,Riyadh,Saudi Arabia,False
2008-05-25,China PR,Jordan,2.0,0.0,Friendly,Kunshan,China PR,False
2008-05-25,Thailand,Iraq,2.0,1.0,Friendly,Bangkok,Thailand,False
2008-05-26,Cambodia,Nepal,0.0,1.0,AFC Challenge Cup qualification,Phnom Penh,Cambodia,False
2008-05-27,India,Taiwan,2.0,2.0,Friendly,Chennai,India,False
2008-05-27,Qatar,Lebanon,2.0,1.0,Friendly,Doha,Qatar,False
2008-05-27,Saudi Arabia,Kuwait,2.0,1.0,Friendly,Dammam,Saudi Arabia,False
2008-05-28,Cambodia,Macau,3.0,1.0,AFC Challenge Cup qualification,Phnom Penh,Cambodia,False
2008-05-28,Singapore,Bahrain,0.0,1.0,Friendly,Singapore,Singapore,False
2008-05-31,South Korea,Jordan,2.0,2.0,FIFA World Cup qualification,Seoul,South Korea,False
2008-06-01,Australia,Iraq,1.0,0.0,FIFA World Cup qualification,Brisbane,Australia,False
2008-06-02,Iran,United Arab Emirates,0.0,0.0,FIFA World Cup qualification,Tehran,Iran,False
2008-06-02,Japan,Oman,3.0,0.0,FIFA World Cup qualification,Yokohama,Japan,False
2008-06-02,Qatar,China PR,0.0,0.0,FIFA World Cup qualification,Doha,Qatar,False
2008-06-02,Saudi Arabia,Lebanon,4.0,1.0,FIFA World Cup qualification,Riyadh,Saudi Arabia,False
2008-06-02,Singapore,Uzbekistan,3.0,7.0,FIFA World Cup qualification,Singapore,Singapore,False
2008-06-02,Syria,Kuwait,1.0,0.0,FIFA World Cup qualification,Damascus,Syria,False
2008-06-02,Thailand,Bahrain,2.0,3.0,FIFA World Cup qualification,Bangkok,Thailand,False
2008-06-02,Turkmenistan,North Korea,0.0,0.0,FIFA World Cup qualification,Ashgabat,Turkmenistan,False
2008-06-03,India,Nepal,4.0,0.0,SAFF Cup,Malé,Maldives,True
2008-06-03,Maldives,Pakistan,3.0,0.0,SAFF Cup,Malé,Maldives,False
2008-06-04,Bangladesh,Bhutan,1.0,1.0,SAFF Cup,Colombo,Sri Lanka,True
2008-06-04,Sri Lanka,Afghanistan,2.0,2.0,SAFF Cup,Colombo,Sri Lanka,False
2008-06-05,India,Pakistan,2.0,1.0,SAFF Cup,Malé,Maldives,True
2008-06-05,Maldives,Nepal,4.0,1.0,SAFF Cup,Malé,Maldives,False
2008-06-06,Bangladesh,Afghanistan,2.0,2.0,SAFF Cup,Colombo,Sri Lanka,True
2008-06-06,Indonesia,Malaysia,1.0,1.0,Friendly,Jakarta,Indonesia,False
2008-06-06,Sri Lanka,Bhutan,2.0,0.0,SAFF Cup,Colombo,Sri Lanka,False
2008-06-07,Bahrain,Thailand,1.0,1.0,FIFA World Cup qualification,Riffa,Bahrain,False
2008-06-07,China PR,Qatar,0.0,1.0,FIFA World Cup qualification,Tianjin,China PR,False
2008-06-07,Iraq,Australia,1.0,0.0,FIFA World Cup qualification,Dubai,United Arab Emirates,True
2008-06-07,Jordan,South Korea,0.0,1.0,FIFA World Cup qualification,Amman,Jordan,False
2008-06-07,North Korea,Turkmenistan,1.0,0.0,FIFA World Cup qualification,Pyongyang,North Korea,False
2008-06-07,Maldives,India,0.0,1.0,SAFF Cup,Malé,Maldives,False
2008-06-07,Oman,Japan,1.0,1.0,FIFA World Cup qualification,Muscat,Oman,False
2008-06-07,Pakistan,Nepal,1.0,4.0,SAFF Cup,Malé,Maldives,True
2008-06-07,Saudi Arabia,Lebanon,2.0,1.0,FIFA World Cup qualification,Riyadh,Saudi Arabia,False
2008-06-07,United Arab Emirates,Iran,0.0,1.0,FIFA World Cup qualification,Al Ain,United Arab Emirates,False
2008-06-07,Uzbekistan,Singapore,3.0,0.0,FIFA World Cup qualification,Tashkent,Uzbekistan,False
2008-06-08,Afghanistan,Bhutan,1.0,3.0,SAFF Cup,Colombo,Sri Lanka,True
2008-06-08,Kuwait,Syria,4.0,2.0,FIFA World Cup qualification,Kuwait City,Kuwait,False
2008-06-08,Sri Lanka,Bangladesh,1.0,0.0,SAFF Cup,Colombo,Sri Lanka,False
2008-06-11,India,Bhutan,2.0,1.0,SAFF Cup,Malé,Maldives,True
2008-06-11,Indonesia,Vietnam,1.0,0.0,Friendly,Surabaya,Indonesia,False
2008-06-11,Sri Lanka,Maldives,0.0,1.0,SAFF Cup,Colombo,Sri Lanka,False
2008-06-14,Bahrain,Oman,1.0,1.0,FIFA World Cup qualification,Riffa,Bahrain,False
2008-06-14,China PR,Iraq,1.0,2.0,FIFA World Cup qualification,Tianjin,China PR,False
2008-06-14,India,Maldives,0.0,1.0,SAFF Cup,Colombo,Sri Lanka,True
2008-06-14,North Korea,Jordan,2.0,0.0,FIFA World Cup qualification,Pyongyang,North Korea,False
2008-06-14,Kuwait,United Arab Emirates,2.0,3.0,FIFA World Cup qualification,Kuwait City,Kuwait,False
2008-06-14,Qatar,Australia,1.0,3.0,FIFA World Cup qualification,Doha,Qatar,False
2008-06-14,Singapore,Saudi Arabia,0.0,3.0,FIFA World Cup qualification,Singapore,Singapore,False
2008-06-14,Syria,Iran,0.0,2.0,FIFA World Cup qualification,Damascus,Syria,False
2008-06-14,Thailand,Japan,0.0,3.0,FIFA World Cup qualification,Bangkok,Thailand,False
2008-06-14,Turkmenistan,South Korea,1.0,3.0,FIFA World Cup qualification,Ashgabat,Turkmenistan,False
2008-06-14,Uzbekistan,Lebanon,3.0,0.0,FIFA World Cup qualification,Tashkent,Uzbekistan,False
2008-06-15,Macau,Hong Kong,0.0,1.0,Friendly,Macau,Macau,False
2008-06-22,Australia,China PR,0.0,1.0,FIFA World Cup qualification,Sydney,Australia,False
2008-06-22,Iran,Kuwait,2.0,0.0,FIFA World Cup qualification,Tehran,Iran,False
2008-06-22,Iraq,Qatar,0.0,1.0,FIFA World Cup qualification,Dubai,United Arab Emirates,True
2008-06-22,Japan,Bahrain,1.0,0.0,FIFA World Cup qualification,Saitama,Japan,False
2008-06-22,Jordan,Turkmenistan,2.0,0.0,FIFA World Cup qualification,Amman,Jordan,False
2008-06-22,South Korea,North Korea,0.0,0.0,FIFA World Cup qualification,Seoul,South Korea,False
2008-06-22,Lebanon,Singapore,1.0,2.0,FIFA World Cup qualification,Beirut,Lebanon,False
2008-06-22,Oman,Thailand,2.0,1.0,FIFA World Cup qualification,Muscat,Oman,False
2008-06-22,Saudi Arabia,Uzbekistan,4.0,0.0,FIFA World Cup qualification,Riyadh,Saudi Arabia,False
2008-06-22,United Arab Emirates,Syria,1.0,3.0,FIFA World Cup qualification,Al Ain,United Arab Emirates,False
2008-07-22,India,Malaysia,1.0,1.0,Friendly,Hyderabad,India,False
2008-07-30,India,Afghanistan,1.0,0.0,AFC Challenge Cup,Hyderabad,India,False
2008-07-30,Turkmenistan,Tajikistan,0.0,0.0,AFC Challenge Cup,Hyderabad,India,True
2008-07-31,Myanmar,Nepal,3.0,0.0,AFC Challenge Cup,Hyderabad,India,True
2008-07-31,North Korea,Sri Lanka,3.0,0.0,AFC Challenge Cup,Hyderabad,India,True
2008-08-01,Afghanistan,Turkmenistan,0.0,5.0,AFC Challenge Cup,Hyderabad,India,True
2008-08-01,India,Tajikistan,1.0,1.0,AFC Challenge Cup,Hyderabad,India,False
2008-08-02,Nepal,North Korea,0.0,1.0,AFC Challenge Cup,Hyderabad,India,True
2008-08-02,Sri Lanka,Myanmar,1.0,3.0,AFC Challenge Cup,Hyderabad,India,True
2008-08-03,Afghanistan,Tajikistan,0.0,4.0,AFC Challenge Cup,Hyderabad,India,True
2008-08-03,India,Turkmenistan,2.0,1.0,AFC Challenge Cup,Hyderabad,India,False
2008-08-04,North Korea,Myanmar,1.0,0.0,AFC Challenge Cup,Hyderabad,India,True
2008-08-04,Nepal,Sri Lanka,3.0,0.0,AFC Challenge Cup,Hyderabad,India,True
2008-08-07,India,Myanmar,1.0,0.0,AFC Challenge Cup,Hyderabad,India,False
2008-08-07,Iran,Palestine,3.0,0.0,WAFF Championship,Tehran,Iran,False
2008-08-07,North Korea,Tajikistan,0.0,1.0,AFC Challenge Cup,Hyderabad,India,True
2008-08-07,Syria,Jordan,0.0,0.0,WAFF Championship,Tehran,Iran,True
2008-08-09,Oman,Syria,1.0,2.0,WAFF Championship,Tehran,Iran,True
2008-08-09,Palestine,Qatar,0.0,1.0,WAFF Championship,Tehran,Iran,True
2008-08-11,Iran,Qatar,6.0,1.0,WAFF Championship,Tehran,Iran,False
2008-08-13,Myanmar,North Korea,0.0,4.0,AFC Challenge Cup,New Delhi,India,True
2008-08-13,India,Tajikistan,4.0,1.0,AFC Challenge Cup,New Delhi,India,False
2008-08-13,Iran,Syria,2.0,0.0,WAFF Championship,Tehran,Iran,False
2008-08-13,Jordan,Qatar,3.0,0.0,WAFF Championship,Tehran,Iran,True
2008-08-15,Iran,Jordan,2.0,1.0,WAFF Championship,Tehran,Iran,False
2008-08-20,Oman,Uzbekistan,2.0,0.0,Friendly,Muscat,Oman,False
2008-08-20,Qatar,Tajikistan,5.0,0.0,Friendly,Doha,Qatar,False
2008-08-21,Indonesia,Cambodia,7.0,0.0,Friendly,Jakarta,Indonesia,False
2008-08-22,Cambodia,Myanmar,1.0,7.0,Friendly,Jakarta,Indonesia,True
2008-08-24,Qatar,North Korea,2.0,1.0,Friendly,Doha,Qatar,False
2008-08-25,Indonesia,Myanmar,4.0,0.0,Friendly,Jakarta,Indonesia,False
2008-08-29,United Arab Emirates,Bahrain,2.0,3.0,Friendly,Abu Dhabi,United Arab Emirates,False
2008-08-29,Uzbekistan,North Korea,0.0,0.0,Friendly,Tashkent,Uzbekistan,False
2008-08-30,Saudi Arabia,Qatar,2.0,1.0,Friendly,Dammam,Saudi Arabia,False
2008-09-05,South Korea,Jordan,1.0,0.0,Friendly,Seoul,South Korea,False
2008-09-06,Bahrain,Japan,2.0,3.0,FIFA World Cup qualification,Riffa,Bahrain,False
2008-09-06,Qatar,Uzbekistan,3.0,0.0,FIFA World Cup qualification,Doha,Qatar,False
2008-09-06,Saudi Arabia,Iran,1.0,1.0,FIFA World Cup qualification,Riyadh,Saudi Arabia,False
2008-09-06,United Arab Emirates,North Korea,1.0,2.0,FIFA World Cup qualification,Abu Dhabi,United Arab Emirates,False
2008-09-10,North Korea,South Korea,1.0,1.0,FIFA World Cup qualification,Shanghai,China PR,True
2008-09-10,Qatar,Bahrain,1.0,1.0,FIFA World Cup qualification,Doha,Qatar,False
2008-09-10,United Arab Emirates,Saudi Arabia,1.0,2.0,FIFA World Cup qualification,Abu Dhabi,United Arab Emirates,False
2008-09-10,Uzbekistan,Australia,0.0,1.0,FIFA World Cup qualification,Tashkent,Uzbekistan,False
2008-10-01,Vietnam,Myanmar,2.0,3.0,Friendly,Ho Chi Minh City,Vietnam,False
2008-10-03,Myanmar,Turkmenistan,1.0,2.0,Friendly,Ho Chi Minh City,Vietnam,True
2008-10-09,Japan,United Arab Emirates,1.0,1.0,Friendly,Niigata,Japan,False
2008-10-10,Malaysia,Pakistan,4.0,1.0,Friendly,Kuala Lumpur,Malaysia,False
2008-10-11,South Korea,Uzbekistan,3.0,0.0,Friendly,Suwon,South Korea,False
2008-10-14,Vietnam,Singapore,0.0,0.0,Friendly,Hanoi,Vietnam,False
2008-10-15,Australia,Qatar,4.0,0.0,FIFA World Cup qualification,Brisbane,Australia,False
2008-10-15,Iran,North Korea,2.0,1.0,FIFA World Cup qualification,Tehran,Iran,False
2008-10-15,Japan,Uzbekistan,1.0,1.0,FIFA World Cup qualification,Saitama,Japan,False
2008-10-15,South Korea,United Arab Emirates,4.0,1.0,FIFA World Cup qualification,Seoul,South Korea,False
2008-10-15,Malaysia,Nepal,4.0,0.0,Merdeka Tournament,Petaling Jaya,Malaysia,False
2008-10-17,Cambodia,Laos,3.0,2.0,AFF Championship qualification,Phnom Penh,Cambodia,False
2008-10-17,Nepal,Afghanistan,2.0,2.0,Merdeka Tournament,Petaling Jaya,Malaysia,True
2008-10-17,Philippines,Timor-Leste,1.0,0.0,AFF Championship qualification,Phnom Penh,Cambodia,True
2008-10-18,Bangladesh,Myanmar,0.0,1.0,Merdeka Tournament,Shah Alam,Malaysia,True
2008-10-19,Brunei,Philippines,1.0,1.0,AFF Championship qualification,Phnom Penh,Cambodia,True
2008-10-19,Cambodia,Timor-Leste,2.0,2.0,AFF Championship qualification,Phnom Penh,Cambodia,False
2008-10-20,Malaysia,Afghanistan,6.0,0.0,Merdeka Tournament,Kuala Lumpur,Malaysia,False
2008-10-21,Timor-Leste,Brunei,1.0,4.0,AFF Championship qualification,Phnom Penh,Cambodia,True
2008-10-21,Philippines,Laos,1.0,2.0,AFF Championship qualification,Phnom Penh,Cambodia,True
2008-10-23,Cambodia,Philippines,2.0,3.0,AFF Championship qualification,Phnom Penh,Cambodia,False
2008-10-23,Laos,Brunei,3.0,2.0,AFF Championship qualification,Phnom Penh,Cambodia,True
2008-10-23,Malaysia,Myanmar,4.0,0.0,Merdeka Tournament,Kuala Lumpur,Malaysia,False
2008-10-25,Cambodia,Brunei,2.0,1.0,AFF Championship qualification,Phnom Penh,Cambodia,False
2008-10-25,Laos,Timor-Leste,2.0,1.0,AFF Championship qualification,Phnom Penh,Cambodia,True
2008-10-26,Palestine,Jordan,1.0,1.0,Friendly,Al-Ram,Palestine,False
2008-10-28,Thailand,North Korea,1.0,0.0,VFF Cup,Hanoi,Vietnam,True
2008-10-30,Vietnam,North Korea,0.0,0.0,VFF Cup,Hanoi,Vietnam,False
2008-11-08,Saudi Arabia,Thailand,1.0,0.0,Friendly,Riyadh,Saudi Arabia,False
2008-11-09,Qatar,Iran,0.0,1.0,Friendly,Doha,Qatar,False
2008-11-11,Myanmar,Bangladesh,0.0,0.0,Friendly,Yangon,Myanmar,False
2008-11-12,Saudi Arabia,Bahrain,4.0,0.0,Friendly,Riyadh,Saudi Arabia,False
2008-11-13,Bangladesh,Indonesia,0.0,2.0,Friendly,Yangon,Myanmar,True
2008-11-13,Japan,Syria,3.0,1.0,Friendly,Kobe,Japan,False
2008-11-15,Myanmar,Indonesia,2.0,1.0,Friendly,Yangon,Myanmar,False
2008-11-16,Vietnam,Thailand,2.0,2.0,VFF Cup,Hanoi,Vietnam,False
2008-11-18,Myanmar,Malaysia,4.0,1.0,Friendly,Yangon,Myanmar,False
2008-11-19,Bahrain,Australia,0.0,1.0,FIFA World Cup qualification,Riffa,Bahrain,False
2008-11-19,Macau,Hong Kong,1.0,9.0,Friendly,Macau,Macau,False
2008-11-19,Qatar,Japan,0.0,3.0,FIFA World Cup qualification,Doha,Qatar,False
2008-11-19,Saudi Arabia,South Korea,0.0,2.0,FIFA World Cup qualification,Riyadh,Saudi Arabia,False
2008-11-19,United Arab Emirates,Iran,1.0,1.0,FIFA World Cup qualification,Dubai,United Arab Emirates,False
2008-11-21,Myanmar,Indonesia,2.0,1.0,Friendly,Yangon,Myanmar,False
2008-11-29,Malaysia,Singapore,2.0,2.0,Friendly,Petaling Jaya,Malaysia,False
2008-12-05,Indonesia,Myanmar,3.0,0.0,AFF Championship,Jakarta,Indonesia,False
2008-12-05,Singapore,Cambodia,5.0,0.0,AFF Championship,Jakarta,Indonesia,True
2008-12-06,Malaysia,Laos,3.0,0.0,AFF Championship,Phuket,Thailand,True
2008-12-06,Thailand,Vietnam,2.0,0.0,AFF Championship,Phuket,Thailand,False
2008-12-07,Indonesia,Cambodia,4.0,0.0,AFF Championship,Jakarta,Indonesia,False
2008-12-07,Singapore,Myanmar,3.0,1.0,AFF Championship,Jakarta,Indonesia,True
2008-12-08,Malaysia,Vietnam,2.0,3.0,AFF Championship,Phuket,Thailand,True
2008-12-08,Thailand,Laos,6.0,0.0,AFF Championship,Phuket,Thailand,False
2008-12-09,Myanmar,Cambodia,3.0,2.0,AFF Championship,Bandung,Indonesia,True
2008-12-09,Indonesia,Singapore,0.0,2.0,AFF Championship,Jakarta,Indonesia,False
2008-12-10,Thailand,Malaysia,3.0,0.0,AFF Championship,Phuket,Thailand,False
2008-12-10,Vietnam,Laos,4.0,0.0,AFF Championship,Phuket,Thailand,True
2008-12-16,Indonesia,Thailand,0.0,1.0,AFF Championship,Jakarta,Indonesia,False
2008-12-17,Oman,China PR,3.0,1.0,Friendly,Muscat,Oman,False
2008-12-17,Vietnam,Singapore,0.0,0.0,AFF Championship,Hanoi,Vietnam,False
2008-12-19,Iran,China PR,2.0,0.0,Friendly,Muscat,Oman,True
2008-12-21,Jordan,China PR,0.0,1.0,Friendly,Amman,Jordan,False
2008-12-23,Bahrain,Saudi Arabia,1.0,0.0,Friendly,Manama,Bahrain,False
2008-12-24,Thailand,Vietnam,1.0,2.0,AFF Championship,Bangkok,Thailand,False
2008-12-27,Saudi Arabia,Syria,1.0,1.0,Friendly,Dammam,Saudi Arabia,False
2008-12-27,United Arab Emirates,Iraq,2.0,2.0,Friendly,Al Ain,United Arab Emirates,False
2008-12-28,Vietnam,Thailand,1.0,1.0,AFF Championship,Hanoi,Vietnam,False
2008-12-29,Bahrain,Syria,2.0,2.0,Friendly,Manama,Bahrain,False
2008-12-30,United Arab Emirates,Kuwait,0.0,0.0,Friendly,Dubai,United Arab Emirates,False
2009-01-04,Bahrain,Iraq,3.0,1.0,Gulf Cup,Muscat,Oman,True
2009-01-04,Oman,Kuwait,0.0,0.0,Gulf Cup,Muscat,Oman,False
2009-01-05,Saudi Arabia,Qatar,0.0,0.0,Gulf Cup,Muscat,Oman,True
2009-01-05,United Arab Emirates,Yemen,3.0,1.0,Gulf Cup,Muscat,Oman,True
2009-01-07,Bahrain,Kuwait,0.0,1.0,Gulf Cup,Muscat,Oman,True
2009-01-07,Oman,Iraq,4.0,0.0,Gulf Cup,Muscat,Oman,False
2009-01-08,Qatar,United Arab Emirates,0.0,0.0,Gulf Cup,Muscat,Oman,True
2009-01-08,Saudi Arabia,Yemen,6.0,0.0,Gulf Cup,Muscat,Oman,True
2009-01-09,Iran,China PR,3.0,1.0,Friendly,Tehran,Iran,False
2009-01-10,Iraq,Kuwait,1.0,1.0,Gulf Cup,Muscat,Oman,True
2009-01-10,Oman,Bahrain,2.0,0.0,Gulf Cup,Muscat,Oman,False
2009-01-11,Qatar,Yemen,2.0,1.0,Gulf Cup,Muscat,Oman,True
2009-01-11,United Arab Emirates,Saudi Arabia,0.0,3.0,Gulf Cup,Muscat,Oman,True
2009-01-14,Hong Kong,India,2.0,1.0,Friendly,Victoria,Hong Kong,False
2009-01-14,Iran,Singapore,6.0,0.0,AFC Asian Cup qualification,Tehran,Iran,False
2009-01-14,Jordan,Thailand,0.0,0.0,AFC Asian Cup qualification,Amman,Jordan,False
2009-01-14,Kuwait,Saudi Arabia,0.0,1.0,Gulf Cup,Muscat,Oman,True
2009-01-14,Oman,Qatar,1.0,0.0,Gulf Cup,Muscat,Oman,False
2009-01-14,Syria,China PR,3.0,2.0,AFC Asian Cup qualification,Aleppo,Syria,False
2009-01-14,Vietnam,Lebanon,3.0,1.0,AFC Asian Cup qualification,Hanoi,Vietnam,False
2009-01-17,Oman,Saudi Arabia,0.0,0.0,Gulf Cup,Muscat,Oman,False
2009-01-18,Syria,Turkmenistan,5.0,1.0,Friendly,Kuwait City,Kuwait,True
2009-01-19,Oman,Indonesia,0.0,0.0,AFC Asian Cup qualification,Muscat,Oman,False
2009-01-20,Japan,Yemen,2.0,1.0,AFC Asian Cup qualification,Kumamoto,Japan,False
2009-01-20,Kuwait,Turkmenistan,2.0,0.0,Friendly,Kuwait City,Kuwait,False
2009-01-21,China PR,Vietnam,6.0,1.0,AFC Asian Cup qualification,Hangzhou,China PR,False
2009-01-21,Hong Kong,Bahrain,1.0,3.0,AFC Asian Cup qualification,So Kon Po,Hong Kong,False
2009-01-21,Malaysia,United Arab Emirates,0.0,5.0,AFC Asian Cup qualification,Kuala Lumpur,Malaysia,False
2009-01-21,Thailand,Lebanon,2.0,1.0,King's Cup,Phuket,Thailand,False
2009-01-23,North Korea,Lebanon,0.0,1.0,King's Cup,Phuket,Thailand,True
2009-01-23,Kuwait,Syria,2.0,3.0,Friendly,Kuwait City,Kuwait,False
2009-01-28,Bahrain,Japan,1.0,0.0,AFC Asian Cup qualification,Riffa,Bahrain,False
2009-01-28,Indonesia,Australia,0.0,0.0,AFC Asian Cup qualification,Jakarta,Indonesia,False
2009-01-28,Kuwait,Oman,0.0,1.0,AFC Asian Cup qualification,Kuwait City,Kuwait,False
2009-01-28,Lebanon,Syria,0.0,2.0,AFC Asian Cup qualification,Sidon,Lebanon,False
2009-01-28,Singapore,Jordan,2.0,1.0,AFC Asian Cup qualification,Singapore,Singapore,False
2009-01-28,Thailand,Iran,0.0,0.0,AFC Asian Cup qualification,Bangkok,Thailand,False
2009-01-28,United Arab Emirates,Uzbekistan,0.0,1.0,AFC Asian Cup qualification,Sharjah,United Arab Emirates,False
2009-01-28,Yemen,Hong Kong,1.0,0.0,AFC Asian Cup qualification,Sana'a,Yemen,False
2009-02-01,Syria,South Korea,1.0,1.0,Friendly,Dubai,United Arab Emirates,True
2009-02-04,Bahrain,South Korea,2.0,2.0,Friendly,Dubai,United Arab Emirates,True
2009-02-05,Saudi Arabia,Thailand,2.0,1.0,Friendly,Sendai,Japan,True
2009-02-11,Iran,South Korea,1.0,1.0,FIFA World Cup qualification,Tehran,Iran,False
2009-02-11,Japan,Australia,0.0,0.0,FIFA World Cup qualification,Yokohama,Japan,False
2009-02-11,North Korea,Saudi Arabia,1.0,0.0,FIFA World Cup qualification,Pyongyang,North Korea,False
2009-02-11,Uzbekistan,Bahrain,0.0,1.0,FIFA World Cup qualification,Tashkent,Uzbekistan,False
2009-03-05,Australia,Kuwait,0.0,1.0,AFC Asian Cup qualification,Canberra,Australia,False
2009-03-11,Guam,Mongolia,1.0,0.0,EAFF Championship,Yona,Guam,False
2009-03-11,Macau,Northern Mariana Islands,6.0,1.0,EAFF Championship,Yona,Guam,True
2009-03-11,Nepal,Pakistan,1.0,0.0,Friendly,Kathmandu,Nepal,False
2009-03-13,Guam,Northern Mariana Islands,2.0,1.0,EAFF Championship,Yona,Guam,False
2009-03-13,Macau,Mongolia,1.0,2.0,EAFF Championship,Yona,Guam,True
2009-03-14,Nepal,Sri Lanka,4.0,2.0,Friendly,Kathmandu,Nepal,False
2009-03-15,Guam,Macau,2.0,2.0,EAFF Championship,Yona,Guam,False
2009-03-15,Northern Mariana Islands,Mongolia,1.0,4.0,EAFF Championship,Yona,Guam,True
2009-03-17,Qatar,Kuwait,1.0,0.0,Friendly,Doha,Qatar,False
2009-03-21,Syria,Qatar,1.0,2.0,Friendly,Aleppo,Syria,False
2009-03-22,Saudi Arabia,Iraq,0.0,0.0,Friendly,Riyadh,Saudi Arabia,False
2009-03-23,Kuwait,Iran,0.0,1.0,Friendly,Kuwait City,Kuwait,False
2009-03-26,Nepal,Palestine,0.0,0.0,AFC Challenge Cup qualification,Kathmandu,Nepal,False
2009-03-28,Iran,Saudi Arabia,1.0,2.0,FIFA World Cup qualification,Tehran,Iran,False
2009-03-28,Japan,Bahrain,1.0,0.0,FIFA World Cup qualification,Saitama,Japan,False
2009-03-28,North Korea,United Arab Emirates,2.0,0.0,FIFA World Cup qualification,Pyongyang,North Korea,False
2009-03-28,South Korea,Iraq,2.0,1.0,Friendly,Suwon,South Korea,False
2009-03-28,Nepal,Kyrgyzstan,1.0,1.0,AFC Challenge Cup qualification,Kathmandu,Nepal,False
2009-03-28,Sri Lanka,Maldives,1.0,1.0,Friendly,Colombo,Sri Lanka,False
2009-03-28,Uzbekistan,Qatar,4.0,0.0,FIFA World Cup qualification,Tashkent,Uzbekistan,False
2009-03-30,Kyrgyzstan,Palestine,1.0,1.0,AFC Challenge Cup qualification,Kathmandu,Nepal,True
2009-04-01,Australia,Uzbekistan,2.0,0.0,FIFA World Cup qualification,Sydney,Australia,False
2009-04-01,Bahrain,Qatar,1.0,0.0,FIFA World Cup qualification,Riffa,Bahrain,False
2009-04-01,South Korea,North Korea,1.0,0.0,FIFA World Cup qualification,Seoul,South Korea,False
2009-04-01,Saudi Arabia,United Arab Emirates,3.0,2.0,FIFA World Cup qualification,Riyadh,Saudi Arabia,False
2009-04-04,Pakistan,Taiwan,1.0,1.0,AFC Challenge Cup qualification,Colombo,Sri Lanka,True
2009-04-04,Sri Lanka,Brunei,5.0,1.0,AFC Challenge Cup qualification,Colombo,Sri Lanka,False
2009-04-06,Brunei,Pakistan,0.0,6.0,AFC Challenge Cup qualification,Colombo,Sri Lanka,True
2009-04-07,Macau,Mongolia,2.0,0.0,AFC Challenge Cup qualification,Macau,Macau,False
2009-04-08,Sri Lanka,Pakistan,2.0,2.0,AFC Challenge Cup qualification,Colombo,Sri Lanka,False
2009-04-14,Maldives,Turkmenistan,1.0,3.0,AFC Challenge Cup qualification,Malé,Maldives,False
2009-04-14,Mongolia,Macau,3.0,1.0,AFC Challenge Cup qualification,Ulaanbaatar,Mongolia,False
2009-04-14,Philippines,Bhutan,1.0,0.0,AFC Challenge Cup qualification,Malé,Maldives,True
2009-04-16,Bhutan,Turkmenistan,0.0,7.0,AFC Challenge Cup qualification,Malé,Maldives,True
2009-04-16,Maldives,Philippines,3.0,2.0,AFC Challenge Cup qualification,Malé,Maldives,False
2009-04-18,Maldives,Bhutan,5.0,0.0,AFC Challenge Cup qualification,Malé,Maldives,False
2009-04-18,Turkmenistan,Philippines,5.0,0.0,AFC Challenge Cup qualification,Malé,Maldives,True
2009-04-26,Bangladesh,Cambodia,1.0,0.0,AFC Challenge Cup qualification,Dhaka,Bangladesh,False
2009-04-26,Myanmar,Macau,4.0,0.0,AFC Challenge Cup qualification,Dhaka,Bangladesh,True
2009-04-28,Bangladesh,Myanmar,1.0,2.0,AFC Challenge Cup qualification,Dhaka,Bangladesh,False
2009-04-28,Macau,Cambodia,1.0,2.0,AFC Challenge Cup qualification,Dhaka,Bangladesh,True
2009-04-30,Bangladesh,Macau,3.0,0.0,AFC Challenge Cup qualification,Dhaka,Bangladesh,False
2009-04-30,Myanmar,Cambodia,1.0,0.0,AFC Challenge Cup qualification,Dhaka,Bangladesh,True
2009-05-26,Qatar,Saudi Arabia,2.0,1.0,Friendly,Doha,Qatar,False
2009-05-31,Kuwait,Vietnam,0.0,1.0,Friendly,Kuwait City,Kuwait,False
2009-05-31,Qatar,Iraq,1.0,0.0,Friendly,Doha,Qatar,False
2009-06-01,China PR,Iran,1.0,0.0,Friendly,Qinhuangdao,China PR,False
2009-06-03,Bahrain,Jordan,4.0,0.0,Friendly,Riffa,Bahrain,False
2009-06-04,China PR,Saudi Arabia,1.0,4.0,Friendly,Tianjin,China PR,False
2009-06-06,North Korea,Iran,0.0,0.0,FIFA World Cup qualification,Pyongyang,North Korea,False
2009-06-06,Qatar,Australia,0.0,0.0,FIFA World Cup qualification,Doha,Qatar,False
2009-06-06,United Arab Emirates,South Korea,0.0,2.0,FIFA World Cup qualification,Dubai,United Arab Emirates,False
2009-06-06,Uzbekistan,Japan,0.0,1.0,FIFA World Cup qualification,Tashkent,Uzbekistan,False
2009-06-10,Australia,Bahrain,2.0,0.0,FIFA World Cup qualification,Sydney,Australia,False
2009-06-10,Iran,United Arab Emirates,1.0,0.0,FIFA World Cup qualification,Tehran,Iran,False
2009-06-10,Japan,Qatar,1.0,1.0,FIFA World Cup qualification,Yokohama,Japan,False
2009-06-10,South Korea,Saudi Arabia,0.0,0.0,FIFA World Cup qualification,Seoul,South Korea,False
2009-06-17,Australia,Japan,2.0,1.0,FIFA World Cup qualification,Melbourne,Australia,False
2009-06-17,Bahrain,Uzbekistan,1.0,0.0,FIFA World Cup qualification,Riffa,Bahrain,False
2009-06-17,South Korea,Iran,1.0,1.0,FIFA World Cup qualification,Seoul,South Korea,False
2009-06-17,Saudi Arabia,North Korea,0.0,0.0,FIFA World Cup qualification,Riyadh,Saudi Arabia,False
2009-07-10,Iraq,Palestine,3.0,0.0,Friendly,Erbil,Iraq,False
2009-07-13,Iraq,Palestine,4.0,0.0,Friendly,Baghdad,Iraq,False
2009-07-18,China PR,Palestine,3.0,1.0,Friendly,Tianjin,China PR,False
2009-07-25,China PR,Kyrgyzstan,3.0,0.0,Friendly,Tianjin,China PR,False
2009-08-12,Oman,Saudi Arabia,2.0,1.0,Friendly,Salalah,Oman,False
2009-08-12,Singapore,China PR,1.0,1.0,Friendly,Singapore,Singapore,False
2009-08-15,Malaysia,China PR,0.0,0.0,Friendly,Kuala Lumpur,Malaysia,False
2009-08-19,India,Lebanon,0.0,1.0,Nehru Cup,New Delhi,India,False
2009-08-20,Syria,Kyrgyzstan,2.0,0.0,Nehru Cup,New Delhi,India,True
2009-08-22,Sri Lanka,Lebanon,4.0,3.0,Nehru Cup,New Delhi,India,True
2009-08-23,India,Kyrgyzstan,2.0,1.0,Nehru Cup,New Delhi,India,False
2009-08-23,North Korea,Guam,9.0,2.0,EAFF Championship,Kaohsiung,Taiwan,True
2009-08-24,Syria,Sri Lanka,4.0,0.0,Nehru Cup,New Delhi,India,True
2009-08-25,Hong Kong,North Korea,0.0,0.0,EAFF Championship,Kaohsiung,Taiwan,True
2009-08-25,Kyrgyzstan,Lebanon,1.0,1.0,Nehru Cup,New Delhi,India,True
2009-08-26,India,Sri Lanka,3.0,1.0,Nehru Cup,New Delhi,India,False
2009-08-27,Hong Kong,Guam,12.0,0.0,EAFF Championship,Kaohsiung,Taiwan,True
2009-08-27,Syria,Lebanon,1.0,0.0,Nehru Cup,New Delhi,India,True
2009-08-28,Sri Lanka,Kyrgyzstan,1.0,4.0,Nehru Cup,New Delhi,India,True
2009-08-29,India,Syria,0.0,1.0,Nehru Cup,New Delhi,India,False
2009-08-30,Saudi Arabia,Malaysia,2.0,1.0,Friendly,Riyadh,Saudi Arabia,False
2009-08-31,Bahrain,Iran,4.0,2.0,Friendly,Riffa,Bahrain,False
2009-08-31,India,Syria,1.0,1.0,Nehru Cup,New Delhi,India,False
2009-09-05,Bahrain,Saudi Arabia,0.0,0.0,FIFA World Cup qualification,Riffa,Bahrain,False
2009-09-05,Jordan,Malaysia,0.0,0.0,Friendly,Amman,Jordan,False
2009-09-05,South Korea,Australia,3.0,1.0,Friendly,Seoul,South Korea,False
2009-09-05,Uzbekistan,Iran,0.0,0.0,Friendly,Tashkent,Uzbekistan,False
2009-09-09,Qatar,Oman,1.0,1.0,Friendly,Doha,Qatar,False
2009-09-09,Saudi Arabia,Bahrain,2.0,2.0,FIFA World Cup qualification,Riyadh,Saudi Arabia,False
2009-10-08,Japan,Hong Kong,6.0,0.0,AFC Asian Cup qualification,Shizuoka,Japan,False
2009-10-10,Kuwait,Jordan,2.0,1.0,Friendly,Cairo,Egypt,True
2009-10-10,United Arab Emirates,Palestine,1.0,1.0,Friendly,Dubai,United Arab Emirates,False
2009-10-14,Australia,Oman,1.0,0.0,AFC Asian Cup qualification,Melbourne,Australia,False
2009-10-14,United Arab Emirates,Jordan,3.0,1.0,Friendly,Dubai,United Arab Emirates,False
2009-10-20,Vietnam,Turkmenistan,1.0,0.0,Friendly,Ho Chi Minh City,Vietnam,False
2009-10-22,Singapore,Turkmenistan,4.0,2.0,Friendly,Ho Chi Minh City,Vietnam,True
2009-10-24,Vietnam,Singapore,2.0,2.0,Friendly,Ho Chi Minh City,Vietnam,False
2009-10-26,Kuwait,Syria,1.0,0.0,Friendly,Al-Jahra,Kuwait,False
2009-11-04,Singapore,Indonesia,3.0,1.0,Friendly,Singapore,Singapore,False
2009-11-08,Kuwait,China PR,2.0,2.0,Friendly,Kuwait City,Kuwait,False
2009-11-08,Thailand,Syria,1.0,1.0,Friendly,Nonthaburi,Thailand,False
2009-11-14,Iran,Jordan,1.0,0.0,AFC Asian Cup qualification,Tehran,Iran,False
2009-11-14,Kuwait,Indonesia,2.0,1.0,AFC Asian Cup qualification,Kuwait City,Kuwait,False
2009-11-14,Lebanon,China PR,0.0,2.0,AFC Asian Cup qualification,Beirut,Lebanon,False
2009-11-14,Oman,Australia,1.0,2.0,AFC Asian Cup qualification,Muscat,Oman,False
2009-11-14,Singapore,Thailand,1.0,3.0,AFC Asian Cup qualification,Singapore,Singapore,False
2009-11-14,Uzbekistan,Malaysia,3.0,1.0,AFC Asian Cup qualification,Tashkent,Uzbekistan,False
2009-11-14,Vietnam,Syria,0.0,1.0,AFC Asian Cup qualification,Hanoi,Vietnam,False
2009-11-18,Bahrain,Yemen,4.0,0.0,AFC Asian Cup qualification,Riffa,Bahrain,False
2009-11-18,Hong Kong,Japan,0.0,4.0,AFC Asian Cup qualification,So Kon Po,Hong Kong,False
2009-11-18,Indonesia,Kuwait,1.0,1.0,AFC Asian Cup qualification,Jakarta,Indonesia,False
2009-11-18,Malaysia,Uzbekistan,1.0,3.0,AFC Asian Cup qualification,Kuala Lumpur,Malaysia,False
2009-11-18,Syria,Vietnam,0.0,0.0,AFC Asian Cup qualification,Aleppo,Syria,False
2009-11-18,Thailand,Singapore,0.0,1.0,AFC Asian Cup qualification,Bangkok,Thailand,False
2009-11-18,United Arab Emirates,Iraq,0.0,1.0,Friendly,Al Ain,United Arab Emirates,False
2009-11-22,China PR,Lebanon,1.0,0.0,AFC Asian Cup qualification,Hangzhou,China PR,False
2009-11-22,Jordan,Iran,1.0,0.0,AFC Asian Cup qualification,Amman,Jordan,False
2009-12-04,Bangladesh,Bhutan,4.0,1.0,SAFF Cup,Dhaka,Bangladesh,False
2009-12-04,Sri Lanka,Pakistan,1.0,0.0,SAFF Cup,Dhaka,Bangladesh,True
2009-12-04,North Korea,Macau,8.0,0.0,East Asian Games,Hong Kong,Hong Kong,True
2009-12-05,Maldives,Nepal,1.0,1.0,SAFF Cup,Dhaka,Bangladesh,True
2009-12-06,Bangladesh,Pakistan,0.0,0.0,SAFF Cup,Dhaka,Bangladesh,False
2009-12-06,Sri Lanka,Bhutan,6.0,0.0,SAFF Cup,Dhaka,Bangladesh,True
2009-12-07,Maldives,Afghanistan,3.0,1.0,SAFF Cup,Dhaka,Bangladesh,True
2009-12-08,Bangladesh,Sri Lanka,2.0,1.0,SAFF Cup,Dhaka,Bangladesh,False
2009-12-08,Pakistan,Bhutan,7.0,0.0,SAFF Cup,Dhaka,Bangladesh,True
2009-12-09,Afghanistan,Nepal,0.0,3.0,SAFF Cup,Dhaka,Bangladesh,True
2009-12-11,Maldives,Sri Lanka,5.0,1.0,SAFF Cup,Dhaka,Bangladesh,True
2009-12-16,Kuwait,United Arab Emirates,0.0,0.0,Friendly,Kuwait City,Kuwait,False
2009-12-28,Qatar,Iran,3.0,2.0,Friendly,Doha,Qatar,False
2009-12-30,China PR,Jordan,2.0,2.0,Friendly,Jiangyin,China PR,False
2009-12-30,Malaysia,Syria,4.0,1.0,Friendly,Kuala Lumpur,Malaysia,False
2009-12-30,Qatar,North Korea,0.0,1.0,Friendly,Doha,Qatar,False
2009-12-30,Yemen,Tajikistan,2.0,1.0,Friendly,Sana'a,Yemen,False
2009-12-31,Singapore,Oman,1.0,4.0,Friendly,Singapore,Singapore,False
2010-01-02,Iran,North Korea,1.0,0.0,Friendly,Doha,Qatar,True
2010-01-02,Yemen,Tajikistan,0.0,1.0,Friendly,Sana'a,Yemen,False
2010-01-06,Bahrain,Hong Kong,4.0,0.0,AFC Asian Cup qualification,Riffa,Bahrain,False
2010-01-06,China PR,Syria,0.0,0.0,AFC Asian Cup qualification,Hangzhou,China PR,False
2010-01-06,Indonesia,Oman,1.0,2.0,AFC Asian Cup qualification,Jakarta,Indonesia,False
2010-01-06,Kuwait,Australia,2.0,2.0,AFC Asian Cup qualification,Kuwait City,Kuwait,False
2010-01-06,Lebanon,Vietnam,1.0,1.0,AFC Asian Cup qualification,Sidon,Lebanon,False
2010-01-06,Singapore,Iran,1.0,3.0,AFC Asian Cup qualification,Singapore,Singapore,False
2010-01-06,Thailand,Jordan,0.0,0.0,AFC Asian Cup qualification,Bangkok,Thailand,False
2010-01-06,United Arab Emirates,Malaysia,1.0,0.0,AFC Asian Cup qualification,Dubai,United Arab Emirates,False
2010-01-06,Yemen,Japan,2.0,3.0,AFC Asian Cup qualification,Sana'a,Yemen,False
2010-01-17,Thailand,Singapore,1.0,0.0,King's Cup,Nakhon Ratchasima,Thailand,False
2010-01-17,Vietnam,China PR,1.0,2.0,AFC Asian Cup qualification,Hanoi,Vietnam,False
2010-01-20,Yemen,Bahrain,3.0,0.0,AFC Asian Cup qualification,Sana'a,Yemen,False
2010-02-06,Japan,China PR,0.0,0.0,EAFF Championship,Tokyo,Japan,False
2010-02-07,South Korea,Hong Kong,5.0,0.0,EAFF Championship,Tokyo,Japan,True
2010-02-10,China PR,South Korea,3.0,0.0,EAFF Championship,Tokyo,Japan,True
2010-02-11,Japan,Hong Kong,3.0,0.0,EAFF Championship,Tokyo,Japan,False
2010-02-14,Hong Kong,China PR,0.0,2.0,EAFF Championship,Tokyo,Japan,True
2010-02-14,Japan,South Korea,1.0,3.0,EAFF Championship,Tokyo,Japan,False
2010-02-16,Sri Lanka,Myanmar,0.0,4.0,AFC Challenge Cup,Colombo,Sri Lanka,False
2010-02-16,Tajikistan,Bangladesh,1.0,2.0,AFC Challenge Cup,Colombo,Sri Lanka,True
2010-02-17,North Korea,Turkmenistan,1.0,1.0,AFC Challenge Cup,Colombo,Sri Lanka,True
2010-02-18,Bangladesh,Myanmar,1.0,2.0,AFC Challenge Cup,Colombo,Sri Lanka,True
2010-02-18,Sri Lanka,Tajikistan,1.0,3.0,AFC Challenge Cup,Colombo,Sri Lanka,False
2010-02-19,Kuwait,Syria,1.0,1.0,Friendly,Al Ain,United Arab Emirates,True
2010-02-19,Kyrgyzstan,North Korea,0.0,4.0,AFC Challenge Cup,Colombo,Sri Lanka,True
2010-02-20,Sri Lanka,Bangladesh,3.0,0.0,AFC Challenge Cup,Colombo,Sri Lanka,False
2010-02-20,Tajikistan,Myanmar,3.0,0.0,AFC Challenge Cup,Colombo,Sri Lanka,True
2010-02-21,Turkmenistan,Kyrgyzstan,1.0,0.0,AFC Challenge Cup,Colombo,Sri Lanka,True
2010-02-24,North Korea,Myanmar,5.0,0.0,AFC Challenge Cup,Colombo,Sri Lanka,True
2010-02-24,Tajikistan,Turkmenistan,0.0,2.0,AFC Challenge Cup,Colombo,Sri Lanka,True
2010-02-25,Kuwait,Bahrain,4.0,1.0,Friendly,Al Ain,United Arab Emirates,True
2010-02-25,Turkmenistan,North Korea,1.0,1.0,AFC Challenge Cup,Colombo,Sri Lanka,True
2010-02-27,Malaysia,Yemen,1.0,0.0,Friendly,Kuala Lumpur,Malaysia,False
2010-02-27,Tajikistan,Myanmar,1.0,0.0,AFC Challenge Cup,Colombo,Sri Lanka,True
2010-03-03,Australia,Indonesia,1.0,0.0,AFC Asian Cup qualification,Brisbane,Australia,False
2010-03-03,Hong Kong,Yemen,0.0,0.0,AFC Asian Cup qualification,So Kon Po,Hong Kong,False
2010-03-03,Iran,Thailand,1.0,0.0,AFC Asian Cup qualification,Tehran,Iran,False
2010-03-03,Japan,Bahrain,2.0,0.0,AFC Asian Cup qualification,Toyota,Japan,False
2010-03-03,Jordan,Singapore,2.0,1.0,AFC Asian Cup qualification,Amman,Jordan,False
2010-03-03,Oman,Kuwait,0.0,0.0,AFC Asian Cup qualification,Muscat,Oman,False
2010-03-03,Syria,Lebanon,4.0,0.0,AFC Asian Cup qualification,Damascus,Syria,False
2010-03-03,Uzbekistan,United Arab Emirates,0.0,1.0,AFC Asian Cup qualification,Tashkent,Uzbekistan,False
2010-05-18,Yemen,Oman,0.0,1.0,Friendly,Sana'a,Yemen,False
2010-05-24,Japan,South Korea,0.0,2.0,Friendly,Saitama,Japan,False
2010-06-19,Northern Mariana Islands,Guam,1.0,1.0,Friendly,Susupe,Northern Mariana Islands,False
2010-06-26,China PR,Tajikistan,4.0,0.0,Friendly,Kunming,China PR,False
2010-08-11,China PR,Bahrain,1.0,1.0,Friendly,Nanning,China PR,False
2010-08-11,Thailand,Singapore,1.0,0.0,Friendly,Bangkok,Thailand,False
2010-09-03,China PR,Iran,0.0,2.0,Friendly,Zhengzhou,China PR,False
2010-09-03,Kuwait,Syria,3.0,0.0,Friendly,Kuwait City,Kuwait,False
2010-09-03,Oman,Malaysia,3.0,0.0,Friendly,Doha,Qatar,True
2010-09-03,Qatar,Bahrain,1.0,1.0,Friendly,Doha,Qatar,False
2010-09-04,Thailand,India,1.0,0.0,Friendly,Bangkok,Thailand,False
2010-09-07,South Korea,Iran,0.0,1.0,Friendly,Seoul,South Korea,False
2010-09-07,Qatar,Oman,1.0,1.0,Friendly,Doha,Qatar,False
2010-09-07,United Arab Emirates,Kuwait,3.0,0.0,Friendly,Abu Dhabi,United Arab Emirates,False
2010-09-07,Yemen,Syria,2.0,1.0,Friendly,Sana'a,Yemen,False
2010-09-08,India,Thailand,1.0,2.0,Friendly,New Delhi,India,False
2010-09-16,Jordan,Iraq,4.0,1.0,Friendly,Amman,Jordan,False
2010-09-19,Jordan,Bahrain,2.0,0.0,Friendly,Zarqa,Jordan,False
2010-09-21,Iraq,Oman,3.0,2.0,Friendly,Amman,Jordan,True
2010-09-24,Iran,Bahrain,3.0,0.0,WAFF Championship,Amman,Jordan,True
2010-09-24,Jordan,Syria,1.0,1.0,WAFF Championship,Amman,Jordan,False
2010-09-24,Vietnam,North Korea,0.0,0.0,Friendly,Hanoi,Vietnam,False
2010-09-25,Iraq,Yemen,2.0,1.0,WAFF Championship,Amman,Jordan,True
2010-09-26,Bahrain,Oman,2.0,0.0,WAFF Championship,Amman,Jordan,True
2010-09-26,Syria,Kuwait,1.0,2.0,WAFF Championship,Amman,Jordan,True
2010-09-27,Yemen,Palestine,3.0,1.0,WAFF Championship,Amman,Jordan,True
2010-09-28,Jordan,Kuwait,2.0,2.0,WAFF Championship,Amman,Jordan,False
2010-09-28,Oman,Iran,2.0,2.0,WAFF Championship,Amman,Jordan,True
2010-09-29,Palestine,Iraq,0.0,3.0,WAFF Championship,Amman,Jordan,True
2010-10-01,Iran,Iraq,2.0,1.0,WAFF Championship,Amman,Jordan,True
2010-10-01,Kuwait,Yemen,1.0,1.0,WAFF Championship,Amman,Jordan,True
2010-10-03,Iran,Kuwait,1.0,2.0,WAFF Championship,Amman,Jordan,True
2010-10-04,India,Hong Kong,0.0,1.0,Friendly,Pune,India,False
2010-10-08,China PR,Syria,2.0,1.0,Friendly,Kunming,China PR,False
2010-10-08,India,Vietnam,3.0,1.0,Friendly,Pune,India,False
2010-10-08,Kuwait,Bahrain,1.0,3.0,Friendly,Kuwait City,Kuwait,False
2010-10-09,Saudi Arabia,Uzbekistan,4.0,0.0,Friendly,Jeddah,Saudi Arabia,False
2010-10-12,Bahrain,Uzbekistan,2.0,4.0,Friendly,Riffa,Bahrain,False
2010-10-12,Indonesia,Maldives,3.0,0.0,Friendly,Jakarta,Indonesia,False
2010-10-12,South Korea,Japan,0.0,0.0,Friendly,Seoul,South Korea,False
2010-10-12,Kuwait,Vietnam,3.0,1.0,Friendly,Kuwait City,Kuwait,False
2010-10-12,Philippines,Macau,5.0,0.0,Dragon Cup,Kaohsiung,Taiwan,True
2010-10-12,Qatar,Iraq,1.0,2.0,Friendly,Doha,Qatar,False
2010-10-13,India,Yemen,3.0,6.0,Friendly,Pune,India,False
2010-10-22,Timor-Leste,Philippines,0.0,5.0,AFF Championship qualification,Vientiane,Laos,True
2010-10-22,Laos,Cambodia,0.0,0.0,AFF Championship qualification,Vientiane,Laos,False
2010-10-24,Cambodia,Timor-Leste,4.0,2.0,AFF Championship qualification,Vientiane,Laos,True
2010-10-24,Laos,Philippines,2.0,2.0,AFF Championship qualification,Vientiane,Laos,False
2010-10-26,Laos,Timor-Leste,6.0,1.0,AFF Championship qualification,Vientiane,Laos,False
2010-10-26,Philippines,Cambodia,0.0,0.0,AFF Championship qualification,Vientiane,Laos,True
2010-11-02,Singapore,North Korea,1.0,2.0,VFF Cup,Hanoi,Vietnam,True
2010-11-04,Vietnam,Singapore,1.0,1.0,VFF Cup,Hanoi,Vietnam,False
2010-11-06,Vietnam,North Korea,0.0,2.0,VFF Cup,Hanoi,Vietnam,False
2010-11-10,Yemen,North Korea,1.0,1.0,Friendly,Sana'a,Yemen,False
2010-11-11,Iraq,India,2.0,0.0,Friendly,Sharjah,United Arab Emirates,True
2010-11-14,Bahrain,Syria,0.0,2.0,Friendly,Riffa,Bahrain,False
2010-11-14,India,Kuwait,1.0,9.0,Friendly,Abu Dhabi,United Arab Emirates,True
2010-11-17,Iraq,Kuwait,1.0,1.0,Friendly,Abu Dhabi,United Arab Emirates,True
2010-11-17,Tajikistan,Afghanistan,1.0,0.0,Friendly,Dushanbe,Tajikistan,False
2010-11-18,United Arab Emirates,India,5.0,0.0,Friendly,Dubai,United Arab Emirates,False
2010-11-21,Indonesia,Timor-Leste,6.0,0.0,Friendly,Palembang,Indonesia,False
2010-11-22,Kuwait,Qatar,1.0,0.0,Gulf Cup,Aden,Yemen,True
2010-11-22,Yemen,Saudi Arabia,0.0,4.0,Gulf Cup,Aden,Yemen,False
2010-11-23,Iraq,United Arab Emirates,0.0,0.0,Gulf Cup,Aden,Yemen,True
2010-11-23,Oman,Bahrain,1.0,1.0,Gulf Cup,Aden,Yemen,True
2010-11-24,Indonesia,Taiwan,2.0,0.0,Friendly,Palembang,Indonesia,False
2010-11-25,Saudi Arabia,Kuwait,0.0,0.0,Gulf Cup,Zinjibar,Yemen,True
2010-11-25,Yemen,Qatar,1.0,2.0,Gulf Cup,Zinjibar,Yemen,False
2010-11-26,Bahrain,Iraq,2.0,3.0,Gulf Cup,Aden,Yemen,True
2010-11-26,Singapore,Laos,4.0,0.0,Friendly,Singapore,Singapore,False
2010-11-26,United Arab Emirates,Oman,0.0,0.0,Gulf Cup,Aden,Yemen,True
2010-11-28,Qatar,Saudi Arabia,1.0,1.0,Gulf Cup,Aden,Yemen,True
2010-11-28,Yemen,Kuwait,0.0,3.0,Gulf Cup,Zinjibar,Yemen,False
2010-11-29,Oman,Iraq,0.0,0.0,Gulf Cup,Zinjibar,Yemen,True
2010-11-29,United Arab Emirates,Bahrain,3.0,1.0,Gulf Cup,Zinjibar,Yemen,True
2010-12-01,Indonesia,Malaysia,5.0,1.0,AFF Championship,Jakarta,Indonesia,False
2010-12-01,Thailand,Laos,2.0,2.0,AFF Championship,Jakarta,Indonesia,True
2010-12-02,Kuwait,Iraq,2.0,2.0,Gulf Cup,Aden,Yemen,True
2010-12-02,Singapore,Philippines,1.0,1.0,AFF Championship,Hanoi,Vietnam,True
2010-12-02,United Arab Emirates,Saudi Arabia,0.0,1.0,Gulf Cup,Aden,Yemen,True
2010-12-02,Vietnam,Myanmar,7.0,1.0,AFF Championship,Hanoi,Vietnam,False
2010-12-04,Indonesia,Laos,6.0,0.0,AFF Championship,Jakarta,Indonesia,False
2010-12-04,Thailand,Malaysia,0.0,0.0,AFF Championship,Jakarta,Indonesia,True
2010-12-05,Kuwait,Saudi Arabia,1.0,0.0,Gulf Cup,Aden,Yemen,True
2010-12-05,Singapore,Myanmar,2.0,1.0,AFF Championship,Hanoi,Vietnam,True
2010-12-05,Vietnam,Philippines,0.0,2.0,AFF Championship,Hanoi,Vietnam,False
2010-12-07,Indonesia,Thailand,2.0,1.0,AFF Championship,Jakarta,Indonesia,False
2010-12-07,Malaysia,Laos,5.0,1.0,AFF Championship,Palembang,Indonesia,True
2010-12-08,Myanmar,Philippines,0.0,0.0,AFF Championship,Nam Định,Vietnam,True
2010-12-08,Vietnam,Singapore,1.0,0.0,AFF Championship,Hanoi,Vietnam,False
2010-12-15,Malaysia,Vietnam,2.0,0.0,AFF Championship,Kuala Lumpur,Malaysia,False
2010-12-16,Indonesia,Philippines,1.0,0.0,AFF Championship,Jakarta,Indonesia,False
2010-12-18,Iraq,Syria,0.0,1.0,Friendly,Sulaymaniyah,Iraq,False
2010-12-18,Vietnam,Malaysia,0.0,0.0,AFF Championship,Hanoi,Vietnam,False
2010-12-19,Indonesia,Philippines,1.0,0.0,AFF Championship,Jakarta,Indonesia,False
2010-12-22,Syria,Iraq,0.0,1.0,Friendly,Damascus,Syria,False
2010-12-24,Kuwait,North Korea,2.0,1.0,Friendly,6th of October City,Egypt,True
2010-12-25,Bahrain,Uzbekistan,1.0,1.0,Friendly,Dubai,United Arab Emirates,True
2010-12-26,Malaysia,Indonesia,3.0,0.0,AFF Championship,Kuala Lumpur,Malaysia,False
2010-12-27,Kuwait,North Korea,2.0,2.0,Friendly,6th of October City,Egypt,True
2010-12-28,Bahrain,Jordan,2.0,1.0,Friendly,Dubai,United Arab Emirates,True
2010-12-28,Saudi Arabia,Iraq,0.0,1.0,Friendly,Dammam,Saudi Arabia,False
2010-12-29,Indonesia,Malaysia,2.0,1.0,AFF Championship,Jakarta,Indonesia,False
2010-12-30,Syria,South Korea,0.0,1.0,Friendly,Abu Dhabi,United Arab Emirates,True
2010-12-31,Qatar,North Korea,0.0,1.0,Friendly,Doha,Qatar,False
2011-01-02,Iraq,China PR,2.0,3.0,Friendly,Doha,Qatar,True
2011-01-02,Jordan,Uzbekistan,2.0,2.0,Friendly,Dubai,United Arab Emirates,True
2011-01-02,United Arab Emirates,Syria,2.0,0.0,Friendly,Al Ain,United Arab Emirates,False
2011-01-04,Bahrain,North Korea,0.0,1.0,Friendly,Riffa,Bahrain,False
2011-01-05,United Arab Emirates,Australia,0.0,0.0,Friendly,Al Ain,United Arab Emirates,False
2011-01-07,Qatar,Uzbekistan,0.0,2.0,AFC Asian Cup,Doha,Qatar,False
2011-01-08,Kuwait,China PR,0.0,2.0,AFC Asian Cup,Doha,Qatar,True
2011-01-09,Japan,Jordan,1.0,1.0,AFC Asian Cup,Doha,Qatar,True
2011-01-09,Saudi Arabia,Syria,1.0,2.0,AFC Asian Cup,Al Rayyan,Qatar,True
2011-01-10,India,Australia,0.0,4.0,AFC Asian Cup,Doha,Qatar,True
2011-01-10,South Korea,Bahrain,2.0,1.0,AFC Asian Cup,Doha,Qatar,True
2011-01-11,Iraq,Iran,1.0,2.0,AFC Asian Cup,Al Rayyan,Qatar,True
2011-01-11,North Korea,United Arab Emirates,0.0,0.0,AFC Asian Cup,Doha,Qatar,True
2011-01-12,Qatar,China PR,2.0,0.0,AFC Asian Cup,Doha,Qatar,False
2011-01-12,Uzbekistan,Kuwait,2.0,1.0,AFC Asian Cup,Doha,Qatar,True
2011-01-13,Jordan,Saudi Arabia,1.0,0.0,AFC Asian Cup,Al Rayyan,Qatar,True
2011-01-13,Syria,Japan,1.0,2.0,AFC Asian Cup,Doha,Qatar,True
2011-01-14,Australia,South Korea,1.0,1.0,AFC Asian Cup,Doha,Qatar,True
2011-01-14,Bahrain,India,5.0,2.0,AFC Asian Cup,Doha,Qatar,True
2011-01-15,Iran,North Korea,1.0,0.0,AFC Asian Cup,Doha,Qatar,True
2011-01-15,United Arab Emirates,Iraq,0.0,1.0,AFC Asian Cup,Al Rayyan,Qatar,True
2011-01-16,China PR,Uzbekistan,2.0,2.0,AFC Asian Cup,Doha,Qatar,True
2011-01-16,Qatar,Kuwait,3.0,0.0,AFC Asian Cup,Doha,Qatar,False
2011-01-17,Jordan,Syria,2.0,1.0,AFC Asian Cup,Doha,Qatar,True
2011-01-17,Saudi Arabia,Japan,0.0,5.0,AFC Asian Cup,Al Rayyan,Qatar,True
2011-01-18,Australia,Bahrain,1.0,0.0,AFC Asian Cup,Doha,Qatar,True
2011-01-18,South Korea,India,4.0,1.0,AFC Asian Cup,Doha,Qatar,True
2011-01-19,Iraq,North Korea,1.0,0.0,AFC Asian Cup,Al Rayyan,Qatar,True
2011-01-19,United Arab Emirates,Iran,0.0,3.0,AFC Asian Cup,Doha,Qatar,True
2011-01-21,Qatar,Japan,2.0,3.0,AFC Asian Cup,Doha,Qatar,False
2011-01-21,Uzbekistan,Jordan,2.0,1.0,AFC Asian Cup,Doha,Qatar,True
2011-01-22,Australia,Iraq,1.0,0.0,AFC Asian Cup,Doha,Qatar,True
2011-01-22,Iran,South Korea,0.0,1.0,AFC Asian Cup,Doha,Qatar,True
2011-01-25,Japan,South Korea,2.0,2.0,AFC Asian Cup,Doha,Qatar,True
2011-01-25,Uzbekistan,Australia,0.0,6.0,AFC Asian Cup,Doha,Qatar,True
2011-01-28,Uzbekistan,South Korea,2.0,3.0,AFC Asian Cup,Doha,Qatar,True
2011-01-29,Australia,Japan,0.0,1.0,AFC Asian Cup,Doha,Qatar,True
2011-02-09,Cambodia,Macau,3.0,1.0,AFC Challenge Cup qualification,Phnom Penh,Cambodia,False
2011-02-09,Malaysia,Hong Kong,2.0,0.0,Friendly,Kuala Lumpur,Malaysia,False
2011-02-09,Philippines,Mongolia,2.0,0.0,AFC Challenge Cup qualification,Bacolod,Philippines,False
2011-02-14,Bahrain,Kuwait,0.0,0.0,Friendly,Riffa,Bahrain,False
2011-02-16,Laos,Taiwan,1.0,1.0,AFC Challenge Cup qualification,Vientiane,Laos,False
2011-02-16,Macau,Cambodia,3.0,2.0,AFC Challenge Cup qualification,Macau,Macau,False
2011-03-15,Mongolia,Philippines,2.0,1.0,AFC Challenge Cup qualification,Ulaanbaatar,Mongolia,False
2011-03-17,Nepal,Bhutan,1.0,0.0,Friendly,Pokhara,Nepal,False
2011-03-19,Nepal,Bhutan,2.0,1.0,Friendly,Pokhara,Nepal,False
2011-03-21,Myanmar,Philippines,1.0,1.0,AFC Challenge Cup qualification,Yangon,Myanmar,False
2011-03-21,India,Taiwan,3.0,0.0,AFC Challenge Cup qualification,Petaling Jaya,Malaysia,True
2011-03-21,Maldives,Cambodia,4.0,0.0,AFC Challenge Cup qualification,Malé,Maldives,False
2011-03-21,Palestine,Bangladesh,2.0,0.0,AFC Challenge Cup qualification,Yangon,Myanmar,True
2011-03-21,Tajikistan,Kyrgyzstan,1.0,0.0,AFC Challenge Cup qualification,Malé,Maldives,True
2011-03-21,Turkmenistan,Pakistan,3.0,0.0,AFC Challenge Cup qualification,Petaling Jaya,Malaysia,True
2011-03-23,Bhutan,Afghanistan,0.0,3.0,AFC Challenge Cup qualification,Gurgaon,India,True
2011-03-23,Myanmar,Bangladesh,0.0,2.0,AFC Challenge Cup qualification,Yangon,Myanmar,False
2011-03-23,Cambodia,Tajikistan,0.0,3.0,AFC Challenge Cup qualification,Malé,Maldives,True
2011-03-23,Maldives,Kyrgyzstan,2.0,1.0,AFC Challenge Cup qualification,Malé,Maldives,False
2011-03-23,Pakistan,India,1.0,3.0,AFC Challenge Cup qualification,Petaling Jaya,Malaysia,True
2011-03-23,Philippines,Palestine,0.0,0.0,AFC Challenge Cup qualification,Yangon,Myanmar,True
2011-03-25,Afghanistan,Bhutan,2.0,0.0,AFC Challenge Cup qualification,Gurgaon,India,True
2011-03-25,Bangladesh,Philippines,0.0,3.0,AFC Challenge Cup qualification,Yangon,Myanmar,True
2011-03-25,Myanmar,Palestine,1.0,3.0,AFC Challenge Cup qualification,Yangon,Myanmar,False
2011-03-25,Cambodia,Kyrgyzstan,3.0,4.0,AFC Challenge Cup qualification,Malé,Maldives,True
2011-03-25,Maldives,Tajikistan,0.0,0.0,AFC Challenge Cup qualification,Malé,Maldives,False
2011-03-25,Turkmenistan,India,1.0,1.0,AFC Challenge Cup qualification,Petaling Jaya,Malaysia,True
2011-03-26,Jordan,Kuwait,1.0,1.0,Friendly,Sharjah,United Arab Emirates,True
2011-03-26,North Korea,Iraq,2.0,0.0,Friendly,Sharjah,United Arab Emirates,True
2011-03-27,Sri Lanka,Tajikistan,2.0,2.0,Friendly,Colombo,Sri Lanka,False
2011-03-29,Jordan,North Korea,1.0,1.0,Friendly,Sharjah,United Arab Emirates,True
2011-03-29,Kuwait,Iraq,1.0,0.0,Friendly,Sharjah,United Arab Emirates,True
2011-03-29,Sri Lanka,Tajikistan,0.0,2.0,Friendly,Colombo,Sri Lanka,False
2011-04-07,North Korea,Sri Lanka,4.0,0.0,AFC Challenge Cup qualification,Kathmandu,Nepal,True
2011-04-07,Nepal,Afghanistan,1.0,0.0,AFC Challenge Cup qualification,Kathmandu,Nepal,False
2011-04-09,Nepal,North Korea,0.0,1.0,AFC Challenge Cup qualification,Kathmandu,Nepal,False
2011-04-09,Sri Lanka,Afghanistan,0.0,1.0,AFC Challenge Cup qualification,Kathmandu,Nepal,True
2011-04-11,North Korea,Afghanistan,2.0,0.0,AFC Challenge Cup qualification,Kathmandu,Nepal,True
2011-04-11,Nepal,Sri Lanka,0.0,0.0,AFC Challenge Cup qualification,Kathmandu,Nepal,False
2011-06-03,Hong Kong,Malaysia,1.0,1.0,Friendly,Siu Sai Wan,Hong Kong,False
2011-06-05,China PR,Uzbekistan,1.0,0.0,Friendly,Guangzhou,China PR,False
2011-06-08,China PR,North Korea,2.0,0.0,Friendly,Guiyang,China PR,False
2011-06-18,Malaysia,Myanmar,2.0,0.0,Friendly,Kota Bharu,Malaysia,False
2011-06-29,Afghanistan,Palestine,0.0,2.0,FIFA World Cup qualification,Tursunzoda,Tajikistan,True
2011-06-29,Bangladesh,Pakistan,3.0,0.0,FIFA World Cup qualification,Dhaka,Bangladesh,False
2011-06-29,Cambodia,Laos,4.0,2.0,FIFA World Cup qualification,Phnom Penh,Cambodia,False
2011-06-29,Iraq,Syria,1.0,2.0,Friendly,Erbil,Iraq,False
2011-06-29,Malaysia,Taiwan,2.0,1.0,FIFA World Cup qualification,Kuala Lumpur,Malaysia,False
2011-06-29,Mongolia,Myanmar,1.0,0.0,FIFA World Cup qualification,Ulaanbaatar,Mongolia,False
2011-06-29,Nepal,Timor-Leste,2.0,1.0,FIFA World Cup qualification,Kathmandu,Nepal,False
2011-06-29,Sri Lanka,Philippines,1.0,1.0,FIFA World Cup qualification,Colombo,Sri Lanka,False
2011-06-29,Vietnam,Macau,6.0,0.0,FIFA World Cup qualification,Ho Chi Minh City,Vietnam,False
2011-07-02,Lebanon,Kuwait,0.0,6.0,Friendly,Beirut,Lebanon,False
2011-07-02,Nepal,Timor-Leste,5.0,0.0,FIFA World Cup qualification,Kathmandu,Nepal,False
2011-07-03,Myanmar,Mongolia,2.0,0.0,FIFA World Cup qualification,Yangon,Myanmar,False
2011-07-03,Laos,Cambodia,6.0,2.0,FIFA World Cup qualification,Vientiane,Laos,False
2011-07-03,Macau,Vietnam,1.0,7.0,FIFA World Cup qualification,Macau,Macau,False
2011-07-03,Pakistan,Bangladesh,0.0,0.0,FIFA World Cup qualification,Lahore,Pakistan,False
2011-07-03,Palestine,Afghanistan,1.0,1.0,FIFA World Cup qualification,Al-Ram,Palestine,False
2011-07-03,Philippines,Sri Lanka,4.0,0.0,FIFA World Cup qualification,Manila,Philippines,False
2011-07-03,Taiwan,Malaysia,3.0,2.0,FIFA World Cup qualification,Taipei,Taiwan,False
2011-07-05,Jordan,Syria,1.0,3.0,Friendly,Istanbul,Turkey,True
2011-07-06,Kuwait,Oman,1.0,1.0,Friendly,Beirut,Lebanon,True
2011-07-08,Jordan,Yemen,4.0,0.0,Friendly,Istanbul,Turkey,True
2011-07-09,Lebanon,Oman,0.0,1.0,Friendly,Beirut,Lebanon,False
2011-07-10,Maldives,India,1.0,1.0,Friendly,Malé,Maldives,False
2011-07-13,Iraq,Kuwait,0.0,2.0,Friendly,Amman,Jordan,True
2011-07-13,Jordan,Saudi Arabia,1.0,1.0,Friendly,Amman,Jordan,False
2011-07-14,Thailand,Myanmar,1.0,0.0,Friendly,Buriram,Thailand,False
2011-07-15,Oman,Syria,1.0,1.0,Friendly,Muscat,Oman,False
2011-07-15,Thailand,Myanmar,1.0,1.0,Friendly,Buriram,Thailand,False
2011-07-16,Jordan,Iraq,1.0,1.0,Friendly,Amman,Jordan,False
2011-07-16,Kuwait,Saudi Arabia,1.0,0.0,Friendly,Amman,Jordan,True
2011-07-17,Qatar,India,1.0,2.0,Friendly,Doha,Qatar,False
2011-07-17,United Arab Emirates,Lebanon,6.0,2.0,Friendly,Al Ain,United Arab Emirates,False
2011-07-18,Singapore,Taiwan,3.0,2.0,Friendly,Singapore,Singapore,False
2011-07-23,China PR,Laos,7.0,2.0,FIFA World Cup qualification,Kunming,China PR,False
2011-07-23,Iran,Maldives,4.0,0.0,FIFA World Cup qualification,Tehran,Iran,False
2011-07-23,Iraq,Yemen,2.0,0.0,FIFA World Cup qualification,Erbil,Iraq,False
2011-07-23,Jordan,Nepal,9.0,0.0,FIFA World Cup qualification,Amman,Jordan,False
2011-07-23,Kuwait,Philippines,3.0,0.0,FIFA World Cup qualification,Hawalli,Kuwait,False
2011-07-23,Lebanon,Bangladesh,4.0,0.0,FIFA World Cup qualification,Beirut,Lebanon,False
2011-07-23,Oman,Myanmar,2.0,0.0,FIFA World Cup qualification,Muscat,Oman,False
2011-07-23,Qatar,Vietnam,3.0,0.0,FIFA World Cup qualification,Doha,Qatar,False
2011-07-23,Saudi Arabia,Hong Kong,3.0,0.0,FIFA World Cup qualification,Dammam,Saudi Arabia,False
2011-07-23,Singapore,Malaysia,5.0,3.0,FIFA World Cup qualification,Singapore,Singapore,False
2011-07-23,Syria,Tajikistan,0.0,3.0,FIFA World Cup qualification,Amman,Jordan,True
2011-07-23,Thailand,Palestine,1.0,0.0,FIFA World Cup qualification,Buriram,Thailand,False
2011-07-23,Turkmenistan,Indonesia,1.0,1.0,FIFA World Cup qualification,Ashgabat,Turkmenistan,False
2011-07-23,United Arab Emirates,India,3.0,0.0,FIFA World Cup qualification,Al Ain,United Arab Emirates,False
2011-07-23,Uzbekistan,Kyrgyzstan,4.0,0.0,FIFA World Cup qualification,Tashkent,Uzbekistan,False
2011-07-28,Bangladesh,Lebanon,2.0,0.0,FIFA World Cup qualification,Dhaka,Bangladesh,False
2011-07-28,Myanmar,Oman,0.0,2.0,FIFA World Cup qualification,Yangon,Myanmar,False
2011-07-28,Hong Kong,Saudi Arabia,0.0,5.0,FIFA World Cup qualification,Siu Sai Wan,Hong Kong,False
2011-07-28,India,United Arab Emirates,2.0,2.0,FIFA World Cup qualification,New Delhi,India,False
2011-07-28,Indonesia,Turkmenistan,4.0,3.0,FIFA World Cup qualification,Jakarta,Indonesia,False
2011-07-28,Kyrgyzstan,Uzbekistan,0.0,3.0,FIFA World Cup qualification,Bishkek,Kyrgyzstan,False
2011-07-28,Laos,China PR,1.0,6.0,FIFA World Cup qualification,Vientiane,Laos,False
2011-07-28,Malaysia,Singapore,1.0,1.0,FIFA World Cup qualification,Kuala Lumpur,Malaysia,False
2011-07-28,Maldives,Iran,0.0,1.0,FIFA World Cup qualification,Malé,Maldives,False
2011-07-28,Nepal,Jordan,1.0,1.0,FIFA World Cup qualification,Kathmandu,Nepal,False
2011-07-28,Palestine,Thailand,2.0,2.0,FIFA World Cup qualification,Al-Ram,Palestine,False
2011-07-28,Philippines,Kuwait,1.0,2.0,FIFA World Cup qualification,Manila,Philippines,False
2011-07-28,Tajikistan,Syria,3.0,0.0,FIFA World Cup qualification,Tursunzoda,Tajikistan,False
2011-07-28,Vietnam,Qatar,2.0,1.0,FIFA World Cup qualification,Hanoi,Vietnam,False
2011-07-28,Yemen,Iraq,0.0,0.0,FIFA World Cup qualification,Al Ain,United Arab Emirates,True
2011-08-10,Japan,South Korea,3.0,0.0,Friendly,Sapporo,Japan,False
2011-08-10,Kuwait,North Korea,0.0,0.0,Friendly,Kuwait City,Kuwait,False
2011-08-10,Oman,Bahrain,1.0,1.0,Friendly,Dubai,United Arab Emirates,True
2011-08-17,Lebanon,Syria,2.0,3.0,Friendly,Sidon,Lebanon,False
2011-08-19,Qatar,Iraq,0.0,1.0,Friendly,Doha,Qatar,False
2011-08-22,Indonesia,Palestine,4.0,1.0,Friendly,Surakarta,Indonesia,False
2011-08-24,Thailand,Singapore,0.0,0.0,Friendly,Bangkok,Thailand,False
2011-08-25,United Arab Emirates,Qatar,3.0,1.0,Friendly,Al Ain,United Arab Emirates,False
2011-08-27,Jordan,Indonesia,1.0,0.0,Friendly,Amman,Jordan,False
2011-08-27,Oman,Kuwait,1.0,0.0,Friendly,Muscat,Oman,False
2011-09-02,Australia,Thailand,2.0,1.0,FIFA World Cup qualification,Brisbane,Australia,False
2011-09-02,Bahrain,Qatar,0.0,0.0,FIFA World Cup qualification,Riffa,Bahrain,False
2011-09-02,China PR,Singapore,2.0,1.0,FIFA World Cup qualification,Kunming,China PR,False
2011-09-02,Iran,Indonesia,3.0,0.0,FIFA World Cup qualification,Tehran,Iran,False
2011-09-02,Iraq,Jordan,0.0,2.0,FIFA World Cup qualification,Erbil,Iraq,False
2011-09-02,Japan,North Korea,1.0,0.0,FIFA World Cup qualification,Saitama,Japan,False
2011-09-02,South Korea,Lebanon,6.0,0.0,FIFA World Cup qualification,Goyang,South Korea,False
2011-09-02,Oman,Saudi Arabia,0.0,0.0,FIFA World Cup qualification,Muscat,Oman,False
2011-09-02,Tajikistan,Uzbekistan,0.0,1.0,FIFA World Cup qualification,Tursunzoda,Tajikistan,False
2011-09-02,United Arab Emirates,Kuwait,2.0,3.0,FIFA World Cup qualification,Al Ain,United Arab Emirates,False
2011-09-06,Indonesia,Bahrain,0.0,2.0,FIFA World Cup qualification,Jakarta,Indonesia,False
2011-09-06,Jordan,China PR,2.0,1.0,FIFA World Cup qualification,Amman,Jordan,False
2011-09-06,North Korea,Tajikistan,1.0,0.0,FIFA World Cup qualification,Pyongyang,North Korea,False
2011-09-06,Kuwait,South Korea,1.0,1.0,FIFA World Cup qualification,Kuwait City,Kuwait,False
2011-09-06,Lebanon,United Arab Emirates,3.0,1.0,FIFA World Cup qualification,Beirut,Lebanon,False
2011-09-06,Qatar,Iran,1.0,1.0,FIFA World Cup qualification,Doha,Qatar,False
2011-09-06,Saudi Arabia,Australia,1.0,3.0,FIFA World Cup qualification,Riyadh,Saudi Arabia,False
2011-09-06,Singapore,Iraq,0.0,2.0,FIFA World Cup qualification,Singapore,Singapore,False
2011-09-06,Thailand,Oman,3.0,0.0,FIFA World Cup qualification,Bangkok,Thailand,False
2011-09-06,Uzbekistan,Japan,1.0,1.0,FIFA World Cup qualification,Tashkent,Uzbekistan,False
2011-09-30,Hong Kong,Philippines,3.0,3.0,Dragon Cup,Kaohsiung,Taiwan,True
2011-10-02,Hong Kong,Macau,5.0,1.0,Dragon Cup,Kaohsiung,Taiwan,True
2011-10-04,Philippines,Macau,2.0,0.0,Dragon Cup,Kaohsiung,Taiwan,True
2011-10-05,Iran,Palestine,7.0,0.0,Friendly,Tehran,Iran,False
2011-10-06,China PR,United Arab Emirates,2.0,1.0,Friendly,Shenzhen,China PR,False
2011-10-06,Thailand,Jordan,0.0,0.0,Friendly,Bangkok,Thailand,False
2011-10-07,Australia,Malaysia,5.0,0.0,Friendly,Canberra,Australia,False
2011-10-07,Indonesia,Saudi Arabia,0.0,0.0,Friendly,Kuala Lumpur,Malaysia,True
2011-10-07,Japan,Vietnam,1.0,0.0,Friendly,Kobe,Japan,False
2011-10-07,Singapore,Philippines,2.0,0.0,Friendly,Singapore,Singapore,False
2011-10-11,Australia,Oman,3.0,0.0,FIFA World Cup qualification,Sydney,Australia,False
2011-10-11,China PR,Iraq,0.0,1.0,FIFA World Cup qualification,Shenzhen,China PR,False
2011-10-11,Indonesia,Qatar,2.0,3.0,FIFA World Cup qualification,Jakarta,Indonesia,False
2011-10-11,Iran,Bahrain,6.0,0.0,FIFA World Cup qualification,Tehran,Iran,False
2011-10-11,Japan,Tajikistan,8.0,0.0,FIFA World Cup qualification,Osaka,Japan,False
2011-10-11,North Korea,Uzbekistan,0.0,1.0,FIFA World Cup qualification,Pyongyang,North Korea,False
2011-10-11,South Korea,United Arab Emirates,2.0,1.0,FIFA World Cup qualification,Suwon,South Korea,False
2011-10-11,Lebanon,Kuwait,2.0,2.0,FIFA World Cup qualification,Beirut,Lebanon,False
2011-10-11,Philippines,Nepal,4.0,0.0,Friendly,Manila,Philippines,False
2011-10-11,Singapore,Jordan,0.0,3.0,FIFA World Cup qualification,Singapore,Singapore,False
2011-10-11,Thailand,Saudi Arabia,0.0,0.0,FIFA World Cup qualification,Bangkok,Thailand,False
2011-11-04,Kuwait,Bahrain,0.0,1.0,Friendly,Kuwait City,Kuwait,False
2011-11-04,Qatar,Oman,0.0,0.0,Friendly,Doha,Qatar,False
2011-11-06,Iraq,Lebanon,1.0,0.0,Friendly,Doha,Qatar,True
2011-11-11,Bahrain,Iran,1.0,1.0,FIFA World Cup qualification,Riffa,Bahrain,False
2011-11-11,Iraq,China PR,1.0,0.0,FIFA World Cup qualification,Doha,Qatar,True
2011-11-11,Jordan,Singapore,2.0,0.0,FIFA World Cup qualification,Amman,Jordan,False
2011-11-11,Kuwait,Lebanon,0.0,1.0,FIFA World Cup qualification,Kuwait City,Kuwait,False
2011-11-11,Oman,Australia,1.0,0.0,FIFA World Cup qualification,Muscat,Oman,False
2011-11-11,Qatar,Indonesia,4.0,0.0,FIFA World Cup qualification,Doha,Qatar,False
2011-11-11,Saudi Arabia,Thailand,3.0,0.0,FIFA World Cup qualification,Riyadh,Saudi Arabia,False
2011-11-11,Tajikistan,Japan,0.0,4.0,FIFA World Cup qualification,Dushanbe,Tajikistan,False
2011-11-11,United Arab Emirates,South Korea,0.0,2.0,FIFA World Cup qualification,Dubai,United Arab Emirates,False
2011-11-11,Uzbekistan,North Korea,1.0,0.0,FIFA World Cup qualification,Tashkent,Uzbekistan,False
2011-11-13,India,Malaysia,1.0,1.0,Friendly,Guwahati,India,False
2011-11-15,Indonesia,Iran,1.0,4.0,FIFA World Cup qualification,Jakarta,Indonesia,False
2011-11-15,Jordan,Iraq,1.0,3.0,FIFA World Cup qualification,Amman,Jordan,False
2011-11-15,North Korea,Japan,1.0,0.0,FIFA World Cup qualification,Pyongyang,North Korea,False
2011-11-15,Kuwait,United Arab Emirates,2.0,1.0,FIFA World Cup qualification,Kuwait City,Kuwait,False
2011-11-15,Lebanon,South Korea,2.0,1.0,FIFA World Cup qualification,Beirut,Lebanon,False
2011-11-15,Qatar,Bahrain,0.0,0.0,FIFA World Cup qualification,Doha,Qatar,False
2011-11-15,Saudi Arabia,Oman,0.0,0.0,FIFA World Cup qualification,Riyadh,Saudi Arabia,False
2011-11-15,Singapore,China PR,0.0,4.0,FIFA World Cup qualification,Singapore,Singapore,False
2011-11-15,Thailand,Australia,0.0,1.0,FIFA World Cup qualification,Bangkok,Thailand,False
2011-11-15,Uzbekistan,Tajikistan,3.0,0.0,FIFA World Cup qualification,Tashkent,Uzbekistan,False
2011-11-16,India,Malaysia,3.0,2.0,Friendly,Calcutta,India,False
2011-12-02,Bangladesh,Pakistan,0.0,0.0,SAFF Cup,New Delhi,India,True
2011-12-02,Maldives,Nepal,1.0,1.0,SAFF Cup,New Delhi,India,True
2011-12-03,India,Afghanistan,1.0,1.0,SAFF Cup,New Delhi,India,False
2011-12-03,Sri Lanka,Bhutan,3.0,0.0,SAFF Cup,New Delhi,India,True
2011-12-04,Bangladesh,Nepal,0.0,1.0,SAFF Cup,New Delhi,India,True
2011-12-04,Maldives,Pakistan,0.0,0.0,SAFF Cup,New Delhi,India,True
2011-12-05,India,Bhutan,5.0,0.0,SAFF Cup,New Delhi,India,False
2011-12-05,Sri Lanka,Afghanistan,1.0,3.0,SAFF Cup,New Delhi,India,True
2011-12-06,Bahrain,Palestine,0.0,1.0,Friendly,Arad,Bahrain,False
2011-12-06,Maldives,Bangladesh,3.0,1.0,SAFF Cup,New Delhi,India,True
2011-12-06,Pakistan,Nepal,1.0,1.0,SAFF Cup,New Delhi,India,True
2011-12-07,Bhutan,Afghanistan,1.0,8.0,SAFF Cup,New Delhi,India,True
2011-12-07,India,Sri Lanka,3.0,0.0,SAFF Cup,New Delhi,India,False
2011-12-09,Afghanistan,Nepal,1.0,0.0,SAFF Cup,New Delhi,India,True
2011-12-09,India,Maldives,3.0,1.0,SAFF Cup,New Delhi,India,False
2011-12-11,India,Afghanistan,4.0,0.0,SAFF Cup,New Delhi,India,False
2012-01-17,Kuwait,Uzbekistan,1.0,0.0,Friendly,Kuwait City,Kuwait,False
2012-01-22,Lebanon,Iraq,1.0,0.0,Friendly,Beirut,Lebanon,False
2012-01-29,United Arab Emirates,Uzbekistan,1.0,0.0,Friendly,Dubai,United Arab Emirates,False
2012-02-17,North Korea,Kuwait,1.0,1.0,Friendly,Changsha,China PR,True
2012-02-22,China PR,Kuwait,2.0,0.0,Friendly,Changsha,China PR,False
2012-02-23,Iran,Jordan,2.0,2.0,Friendly,Dubai,United Arab Emirates,True
2012-02-23,Oman,India,5.0,1.0,Friendly,Seeb,Oman,False
2012-02-24,Thailand,Maldives,3.0,0.0,Friendly,Chiang Mai,Thailand,False
2012-02-24,United Arab Emirates,Palestine,3.0,0.0,Friendly,Abu Dhabi,United Arab Emirates,False
2012-02-25,South Korea,Uzbekistan,4.0,2.0,Friendly,Jeonju,South Korea,False
2012-02-29,Australia,Saudi Arabia,4.0,2.0,FIFA World Cup qualification,Melbourne,Australia,False
2012-02-29,Bahrain,Indonesia,10.0,0.0,FIFA World Cup qualification,Riffa,Bahrain,False
2012-02-29,China PR,Jordan,3.0,1.0,FIFA World Cup qualification,Guangzhou,China PR,False
2012-02-29,Hong Kong,Taiwan,5.0,1.0,Friendly,Kowloon,Hong Kong,False
2012-02-29,Iran,Qatar,2.0,2.0,FIFA World Cup qualification,Tehran,Iran,False
2012-02-29,Iraq,Singapore,7.0,1.0,FIFA World Cup qualification,Doha,Qatar,True
2012-02-29,Japan,Uzbekistan,0.0,1.0,FIFA World Cup qualification,Toyota,Japan,False
2012-02-29,South Korea,Kuwait,2.0,0.0,FIFA World Cup qualification,Seoul,South Korea,False
2012-02-29,Oman,Thailand,2.0,0.0,FIFA World Cup qualification,Muscat,Oman,False
2012-02-29,Philippines,Malaysia,1.0,1.0,Friendly,Manila,Philippines,False
2012-02-29,Tajikistan,North Korea,1.0,1.0,FIFA World Cup qualification,Xuçand,Tajikistan,False
2012-02-29,United Arab Emirates,Lebanon,4.0,2.0,FIFA World Cup qualification,Abu Dhabi,United Arab Emirates,False
2012-03-08,Nepal,Palestine,0.0,2.0,AFC Challenge Cup,Kathmandu,Nepal,False
2012-03-08,Turkmenistan,Maldives,3.0,1.0,AFC Challenge Cup,Kathmandu,Nepal,True
2012-03-09,India,Tajikistan,0.0,2.0,AFC Challenge Cup,Kathmandu,Nepal,True
2012-03-09,North Korea,Philippines,2.0,0.0,AFC Challenge Cup,Kathmandu,Nepal,True
2012-03-10,Nepal,Maldives,0.0,1.0,AFC Challenge Cup,Kathmandu,Nepal,False
2012-03-10,Palestine,Turkmenistan,0.0,0.0,AFC Challenge Cup,Kathmandu,Nepal,True
2012-03-11,Philippines,India,2.0,0.0,AFC Challenge Cup,Kathmandu,Nepal,True
2012-03-11,Tajikistan,North Korea,0.0,2.0,AFC Challenge Cup,Kathmandu,Nepal,True
2012-03-12,Maldives,Palestine,0.0,2.0,AFC Challenge Cup,Kathmandu,Nepal,True
2012-03-12,Nepal,Turkmenistan,0.0,3.0,AFC Challenge Cup,Kathmandu,Nepal,False
2012-03-13,North Korea,India,4.0,0.0,AFC Challenge Cup,Kathmandu,Nepal,True
2012-03-13,Tajikistan,Philippines,1.0,2.0,AFC Challenge Cup,Kathmandu,Nepal,True
2012-03-16,North Korea,Palestine,2.0,0.0,AFC Challenge Cup,Kathmandu,Nepal,True
2012-03-16,Turkmenistan,Philippines,2.0,1.0,AFC Challenge Cup,Kathmandu,Nepal,True
2012-03-19,Philippines,Palestine,4.0,3.0,AFC Challenge Cup,Kathmandu,Nepal,True
2012-03-19,Turkmenistan,North Korea,1.0,2.0,AFC Challenge Cup,Kathmandu,Nepal,True
2012-04-28,Malaysia,Sri Lanka,6.0,0.0,Friendly,Kuala Lumpur,Malaysia,False
2012-05-18,Lebanon,Jordan,1.0,2.0,Friendly,Sidon,Lebanon,False
2012-05-27,Oman,Lebanon,1.0,1.0,Friendly,Muscat,Oman,False
2012-05-28,Qatar,Palestine,0.0,0.0,Friendly,Doha,Qatar,False
2012-06-01,Hong Kong,Singapore,1.0,0.0,Friendly,So Kon Po,Hong Kong,False
2012-06-01,Malaysia,Philippines,0.0,0.0,Friendly,Shah Alam,Malaysia,False
2012-06-03,Japan,Oman,3.0,0.0,FIFA World Cup qualification,Saitama,Japan,False
2012-06-03,Jordan,Iraq,1.0,1.0,FIFA World Cup qualification,Amman,Jordan,False
2012-06-03,Lebanon,Qatar,0.0,1.0,FIFA World Cup qualification,Beirut,Lebanon,False
2012-06-03,Uzbekistan,Iran,0.0,1.0,FIFA World Cup qualification,Tashkent,Uzbekistan,False
2012-06-05,Philippines,Indonesia,2.0,2.0,Friendly,Manila,Philippines,False
2012-06-08,Bahrain,Kuwait,1.0,1.0,Friendly,6th of October City,Egypt,True
2012-06-08,China PR,Vietnam,3.0,0.0,Friendly,Wuhan,China PR,False
2012-06-08,Japan,Jordan,6.0,0.0,FIFA World Cup qualification,Saitama,Japan,False
2012-06-08,Lebanon,Uzbekistan,1.0,1.0,FIFA World Cup qualification,Beirut,Lebanon,False
2012-06-08,Oman,Australia,0.0,0.0,FIFA World Cup qualification,Muscat,Oman,False
2012-06-08,Qatar,South Korea,1.0,4.0,FIFA World Cup qualification,Doha,Qatar,False
2012-06-08,Singapore,Malaysia,2.0,2.0,Friendly,Singapore,Singapore,False
2012-06-10,Hong Kong,Vietnam,1.0,2.0,Friendly,Kowloon,Hong Kong,False
2012-06-12,Australia,Japan,1.0,1.0,FIFA World Cup qualification,Brisbane,Australia,False
2012-06-12,Bahrain,Kuwait,0.0,1.0,Friendly,6th of October City,Egypt,True
2012-06-12,Iran,Qatar,0.0,0.0,FIFA World Cup qualification,Tehran,Iran,False
2012-06-12,Iraq,Oman,1.0,1.0,FIFA World Cup qualification,Doha,Qatar,True
2012-06-12,South Korea,Lebanon,3.0,0.0,FIFA World Cup qualification,Goyang,South Korea,False
2012-06-12,Malaysia,Singapore,2.0,0.0,Friendly,Shah Alam,Malaysia,False
2012-06-12,Philippines,Guam,3.0,0.0,Friendly,Bacolod,Philippines,False
2012-06-18,Yemen,Palestine,1.0,2.0,Friendly,Sana'a,Yemen,False
2012-06-22,Saudi Arabia,Kuwait,4.0,0.0,Arab Cup,Taif,Saudi Arabia,False
2012-06-24,Iraq,Lebanon,1.0,0.0,Arab Cup,Jeddah,Saudi Arabia,True
2012-06-25,Kuwait,Palestine,2.0,0.0,Arab Cup,Taif,Saudi Arabia,True
2012-06-26,Bahrain,Yemen,0.0,2.0,Arab Cup,Jeddah,Saudi Arabia,True
2012-06-28,Saudi Arabia,Palestine,2.0,2.0,Arab Cup,Taif,Saudi Arabia,False
2012-07-05,Saudi Arabia,Iraq,0.0,1.0,Arab Cup,Jeddah,Saudi Arabia,False
2012-07-18,Guam,Northern Mariana Islands,3.0,1.0,EAFF Championship,Yona,Guam,False
2012-07-20,Northern Mariana Islands,Macau,1.0,5.0,EAFF Championship,Yona,Guam,True
2012-07-22,Guam,Macau,3.0,0.0,EAFF Championship,Yona,Guam,False
2012-08-13,Jordan,Uzbekistan,0.0,1.0,Friendly,Amman,Jordan,False
2012-08-15,Jordan,Uzbekistan,2.0,0.0,Friendly,Amman,Jordan,False
2012-08-15,Singapore,Hong Kong,2.0,0.0,Friendly,Jurong,Singapore,False
2012-08-22,India,Syria,2.0,1.0,Nehru Cup,New Delhi,India,False
2012-08-23,Maldives,Nepal,2.0,1.0,Nehru Cup,New Delhi,India,True
2012-08-25,India,Maldives,3.0,0.0,Nehru Cup,New Delhi,India,False
2012-08-27,Maldives,Syria,2.0,1.0,Nehru Cup,New Delhi,India,True
2012-08-28,India,Nepal,0.0,0.0,Nehru Cup,New Delhi,India,False
2012-08-30,Syria,Nepal,2.0,0.0,Nehru Cup,New Delhi,India,True
2012-09-05,Cambodia,Philippines,0.0,0.0,Friendly,Phnom Penh,Cambodia,False
2012-09-05,Jordan,Iran,0.0,0.0,Friendly,Amman,Jordan,False
2012-09-06,Japan,United Arab Emirates,1.0,0.0,Friendly,Niigata,Japan,False
2012-09-06,Lebanon,Australia,0.0,3.0,Friendly,Tripoli,Lebanon,False
2012-09-06,Qatar,Tajikistan,1.0,2.0,Friendly,Ingolstadt,Germany,True
2012-09-07,Singapore,Philippines,0.0,2.0,Friendly,Jurong,Singapore,False
2012-09-07,Uzbekistan,Kuwait,3.0,0.0,Friendly,Tashkent,Uzbekistan,False
2012-09-10,Indonesia,North Korea,0.0,2.0,Friendly,Jakarta,Indonesia,False
2012-09-10,Laos,Philippines,2.0,1.0,Friendly,Vientiane,Laos,False
2012-09-11,Myanmar,Singapore,1.0,1.0,Friendly,Yangon,Myanmar,False
2012-09-11,Japan,Iraq,1.0,0.0,FIFA World Cup qualification,Saitama,Japan,False
2012-09-11,Jordan,Australia,2.0,1.0,FIFA World Cup qualification,Amman,Jordan,False
2012-09-11,Lebanon,Iran,1.0,0.0,FIFA World Cup qualification,Beirut,Lebanon,False
2012-09-11,Malaysia,Vietnam,0.0,2.0,Friendly,Shah Alam,Malaysia,False
2012-09-11,United Arab Emirates,Kuwait,3.0,0.0,Friendly,Dubai,United Arab Emirates,False
2012-09-11,Uzbekistan,South Korea,2.0,2.0,FIFA World Cup qualification,Tashkent,Uzbekistan,False
2012-09-12,Thailand,Laos,2.0,1.0,Friendly,Bangkok,Thailand,False
2012-09-20,Nepal,Bangladesh,1.0,1.0,Friendly,Kathmandu,Nepal,False
2012-09-25,Philippines,Guam,1.0,0.0,Friendly,Manila,Philippines,False
2012-09-27,Philippines,Macau,5.0,0.0,Friendly,Manila,Philippines,False
2012-09-28,Oman,Yemen,2.0,1.0,Friendly,Muscat,Oman,False
2012-09-29,Macau,Guam,0.0,3.0,Friendly,Manila,Philippines,True
2012-09-29,Philippines,Taiwan,3.0,1.0,Friendly,Manila,Philippines,False
2012-10-05,Myanmar,Brunei,1.0,0.0,AFF Championship qualification,Yangon,Myanmar,False
2012-10-05,Cambodia,Timor-Leste,1.0,5.0,AFF Championship qualification,Yangon,Myanmar,True
2012-10-07,Myanmar,Timor-Leste,2.0,1.0,AFF Championship qualification,Yangon,Myanmar,False
2012-10-07,Laos,Cambodia,1.0,0.0,AFF Championship qualification,Yangon,Myanmar,True
2012-10-09,Cambodia,Brunei,2.0,3.0,AFF Championship qualification,Yangon,Myanmar,True
2012-10-09,Timor-Leste,Laos,3.0,1.0,AFF Championship qualification,Yangon,Myanmar,True
2012-10-11,Brunei,Laos,1.0,3.0,AFF Championship qualification,Yangon,Myanmar,True
2012-10-11,Myanmar,Cambodia,3.0,0.0,AFF Championship qualification,Yangon,Myanmar,False
2012-10-11,Kuwait,Syria,1.0,1.0,Friendly,Muscat,Oman,True
2012-10-12,Bahrain,Philippines,0.0,0.0,Friendly,Arad,Bahrain,False
2012-10-12,United Arab Emirates,Uzbekistan,2.0,2.0,Friendly,Dubai,United Arab Emirates,False
2012-10-13,Brunei,Timor-Leste,2.0,1.0,AFF Championship qualification,Yangon,Myanmar,True
2012-10-13,Myanmar,Laos,0.0,0.0,AFF Championship qualification,Yangon,Myanmar,False
2012-10-16,Hong Kong,Malaysia,0.0,3.0,Friendly,Kowloon,Hong Kong,False
2012-10-16,Iran,South Korea,1.0,0.0,FIFA World Cup qualification,Tehran,Iran,False
2012-10-16,Iraq,Australia,1.0,2.0,FIFA World Cup qualification,Doha,Qatar,True
2012-10-16,Kuwait,Philippines,2.0,1.0,Friendly,Hawalli,Kuwait,False
2012-10-16,Lebanon,Yemen,2.0,1.0,Friendly,Beirut,Lebanon,False
2012-10-16,Oman,Jordan,2.0,1.0,FIFA World Cup qualification,Muscat,Oman,False
2012-10-16,Qatar,Uzbekistan,0.0,1.0,FIFA World Cup qualification,Doha,Qatar,False
2012-10-16,Singapore,India,2.0,0.0,Friendly,Choa Chu Kang,Singapore,False
2012-10-16,United Arab Emirates,Bahrain,6.0,2.0,Friendly,Dubai,United Arab Emirates,False
2012-10-16,Vietnam,Indonesia,0.0,0.0,Friendly,Hanoi,Vietnam,False
2012-10-24,Vietnam,Turkmenistan,0.0,1.0,VFF Cup,Ho Chi Minh City,Vietnam,False
2012-10-26,Vietnam,Laos,4.0,0.0,VFF Cup,Ho Chi Minh City,Vietnam,False
2012-10-28,Laos,Turkmenistan,2.0,4.0,VFF Cup,Ho Chi Minh City,Vietnam,True
2012-11-03,Vietnam,Malaysia,1.0,0.0,Friendly,Hanoi,Vietnam,False
2012-11-06,Iran,Tajikistan,6.0,1.0,Friendly,Tehran,Iran,False
2012-11-07,Thailand,Malaysia,2.0,0.0,Friendly,Nonthaburi,Thailand,False
2012-11-08,Bahrain,Jordan,3.0,0.0,Friendly,Arad,Bahrain,False
2012-11-14,Indonesia,Timor-Leste,1.0,0.0,Friendly,Jakarta,Indonesia,False
2012-11-14,Iran,Uzbekistan,0.0,1.0,FIFA World Cup qualification,Tehran,Iran,False
2012-11-14,Iraq,Jordan,1.0,0.0,FIFA World Cup qualification,Doha,Qatar,True
2012-11-14,South Korea,Australia,1.0,2.0,Friendly,Hwaseong,South Korea,False
2012-11-14,Kuwait,Bahrain,1.0,1.0,Friendly,Kuwait City,Kuwait,False
2012-11-14,Malaysia,Hong Kong,1.0,1.0,Friendly,Shah Alam,Malaysia,False
2012-11-14,Oman,Japan,1.0,2.0,FIFA World Cup qualification,Muscat,Oman,False
2012-11-14,Qatar,Lebanon,1.0,0.0,FIFA World Cup qualification,Doha,Qatar,False
2012-11-14,Thailand,Bhutan,5.0,0.0,Friendly,Bangkok,Thailand,False
2012-11-15,Philippines,Singapore,1.0,0.0,Friendly,Cebu City,Philippines,False
2012-11-17,Palestine,Syria,1.0,1.0,Friendly,Amman,Jordan,True
2012-11-17,Thailand,Bangladesh,5.0,0.0,Friendly,Bangkok,Thailand,False
2012-11-19,Singapore,Pakistan,4.0,0.0,Friendly,Jurong,Singapore,False
2012-11-20,Malaysia,Bangladesh,1.0,1.0,Friendly,Kuala Lumpur,Malaysia,False
2012-11-20,Palestine,Syria,2.0,1.0,Friendly,Zarqa,Jordan,True
2012-11-24,Guam,Northern Mariana Islands,8.0,0.0,Friendly,Yona,Guam,False
2012-11-24,Thailand,Philippines,2.0,1.0,AFF Championship,Bangkok,Thailand,False
2012-11-24,Vietnam,Myanmar,1.0,1.0,AFF Championship,Bangkok,Thailand,True
2012-11-25,Indonesia,Laos,2.0,2.0,AFF Championship,Kuala Lumpur,Malaysia,True
2012-11-25,Malaysia,Singapore,0.0,3.0,AFF Championship,Kuala Lumpur,Malaysia,False
2012-11-27,Thailand,Myanmar,4.0,0.0,AFF Championship,Bangkok,Thailand,False
2012-11-27,Vietnam,Philippines,0.0,1.0,AFF Championship,Bangkok,Thailand,True
2012-11-28,Indonesia,Singapore,1.0,0.0,AFF Championship,Kuala Lumpur,Malaysia,True
2012-11-28,Malaysia,Laos,4.0,1.0,AFF Championship,Kuala Lumpur,Malaysia,False
2012-11-29,Palestine,Bahrain,0.0,2.0,Friendly,Al Wakrah,Qatar,True
2012-11-30,Philippines,Myanmar,2.0,0.0,AFF Championship,Bangkok,Thailand,True
2012-11-30,Thailand,Vietnam,3.0,1.0,AFF Championship,Bangkok,Thailand,False
2012-12-01,Hong Kong,Guam,2.0,1.0,EAFF Championship,Kowloon,Hong Kong,False
2012-12-01,Taiwan,North Korea,1.0,6.0,EAFF Championship,Kowloon,Hong Kong,True
2012-12-01,Malaysia,Indonesia,2.0,0.0,AFF Championship,Kuala Lumpur,Malaysia,False
2012-12-01,Singapore,Laos,4.0,3.0,AFF Championship,Shah Alam,Malaysia,True
2012-12-03,Hong Kong,Australia,0.0,1.0,EAFF Championship,Kowloon,Hong Kong,False
2012-12-03,North Korea,Guam,5.0,0.0,EAFF Championship,Kowloon,Hong Kong,True
2012-12-05,North Korea,Australia,1.0,1.0,EAFF Championship,So Kon Po,Hong Kong,True
2012-12-05,Taiwan,Guam,1.0,1.0,EAFF Championship,So Kon Po,Hong Kong,True
2012-12-07,Guam,Australia,0.0,9.0,EAFF Championship,So Kon Po,Hong Kong,True
2012-12-07,Hong Kong,Taiwan,2.0,0.0,EAFF Championship,So Kon Po,Hong Kong,False
2012-12-08,Kuwait,Palestine,2.0,1.0,WAFF Championship,Kuwait City,Kuwait,False
2012-12-08,Oman,Lebanon,0.0,1.0,WAFF Championship,Al Farwaniyah,Kuwait,True
2012-12-08,Philippines,Singapore,0.0,0.0,AFF Championship,Manila,Philippines,False
2012-12-09,Australia,Taiwan,8.0,0.0,EAFF Championship,So Kon Po,Hong Kong,True
2012-12-09,Bahrain,Yemen,1.0,0.0,WAFF Championship,Al Farwaniyah,Kuwait,True
2012-12-09,Hong Kong,North Korea,0.0,4.0,EAFF Championship,So Kon Po,Hong Kong,False
2012-12-09,Iran,Saudi Arabia,0.0,0.0,WAFF Championship,Kuwait City,Kuwait,True
2012-12-09,Malaysia,Thailand,1.0,1.0,AFF Championship,Kuala Lumpur,Malaysia,False
2012-12-10,Iraq,Jordan,1.0,0.0,WAFF Championship,Al Farwaniyah,Kuwait,True
2012-12-11,Kuwait,Oman,0.0,2.0,WAFF Championship,Kuwait City,Kuwait,False
2012-12-11,Lebanon,Palestine,0.0,1.0,WAFF Championship,Al Farwaniyah,Kuwait,True
2012-12-12,Iran,Bahrain,0.0,0.0,WAFF Championship,Kuwait City,Kuwait,True
2012-12-12,Singapore,Philippines,1.0,0.0,AFF Championship,Singapore,Singapore,False
2012-12-12,Yemen,Saudi Arabia,0.0,1.0,WAFF Championship,Al Farwaniyah,Kuwait,True
2012-12-13,Iraq,Syria,1.0,1.0,WAFF Championship,Kuwait City,Kuwait,True
2012-12-13,Thailand,Malaysia,2.0,0.0,AFF Championship,Bangkok,Thailand,False
2012-12-14,Kuwait,Lebanon,2.0,1.0,WAFF Championship,Kuwait City,Kuwait,False
2012-12-14,Oman,Palestine,2.0,1.0,WAFF Championship,Al Farwaniyah,Kuwait,True
2012-12-15,Bahrain,Saudi Arabia,1.0,0.0,WAFF Championship,Al Farwaniyah,Kuwait,True
2012-12-15,Iran,Yemen,2.0,1.0,WAFF Championship,Kuwait City,Kuwait,True
2012-12-16,Syria,Jordan,2.0,1.0,WAFF Championship,Kuwait City,Kuwait,True
2012-12-18,Bahrain,Syria,1.0,1.0,WAFF Championship,Kuwait City,Kuwait,True
2012-12-18,Oman,Iraq,0.0,2.0,WAFF Championship,Al Farwaniyah,Kuwait,True
2012-12-19,Singapore,Thailand,3.0,1.0,AFF Championship,Singapore,Singapore,False
2012-12-20,Iraq,Syria,0.0,1.0,WAFF Championship,Kuwait City,Kuwait,True
2012-12-20,Oman,Bahrain,1.0,0.0,WAFF Championship,Kuwait City,Kuwait,True
2012-12-22,Thailand,Singapore,1.0,0.0,AFF Championship,Bangkok,Thailand,False
2012-12-25,United Arab Emirates,Yemen,2.0,0.0,Friendly,Doha,Qatar,True
2012-12-29,United Arab Emirates,Yemen,3.0,1.0,Friendly,Doha,Qatar,True
2013-01-05,Bahrain,Oman,0.0,0.0,Gulf Cup,Riffa,Bahrain,False
2013-01-05,Qatar,United Arab Emirates,1.0,3.0,Gulf Cup,Riffa,Bahrain,True
2013-01-06,Kuwait,Yemen,2.0,0.0,Gulf Cup,Isa Town,Bahrain,True
2013-01-06,Saudi Arabia,Iraq,0.0,2.0,Gulf Cup,Isa Town,Bahrain,True
2013-01-08,Bahrain,United Arab Emirates,1.0,2.0,Gulf Cup,Riffa,Bahrain,False
2013-01-08,Qatar,Oman,2.0,1.0,Gulf Cup,Riffa,Bahrain,True
2013-01-09,Iraq,Kuwait,1.0,0.0,Gulf Cup,Isa Town,Bahrain,True
2013-01-09,Yemen,Saudi Arabia,0.0,2.0,Gulf Cup,Isa Town,Bahrain,True
2013-01-11,Bahrain,Qatar,1.0,0.0,Gulf Cup,Riffa,Bahrain,False
2013-01-11,United Arab Emirates,Oman,2.0,0.0,Gulf Cup,Isa Town,Bahrain,True
2013-01-12,Iraq,Yemen,2.0,0.0,Gulf Cup,Isa Town,Bahrain,True
2013-01-12,Kuwait,Saudi Arabia,1.0,0.0,Gulf Cup,Riffa,Bahrain,True
2013-01-15,Bahrain,Iraq,1.0,1.0,Gulf Cup,Riffa,Bahrain,False
2013-01-15,United Arab Emirates,Kuwait,1.0,0.0,Gulf Cup,Riffa,Bahrain,True
2013-01-18,Bahrain,Kuwait,1.0,6.0,Gulf Cup,Isa Town,Bahrain,False
2013-01-18,United Arab Emirates,Iraq,2.0,1.0,Gulf Cup,Riffa,Bahrain,True
2013-01-26,Thailand,North Korea,2.0,2.0,King's Cup,Chiang Mai,Thailand,False
2013-01-30,Oman,China PR,1.0,0.0,Friendly,Muscat,Oman,False
2013-01-31,Jordan,Indonesia,5.0,0.0,Friendly,Amman,Jordan,False
2013-01-31,Qatar,Lebanon,1.0,0.0,Friendly,Doha,Qatar,False
2013-02-06,Myanmar,Philippines,0.0,1.0,Friendly,Yangon,Myanmar,False
2013-02-06,India,Palestine,2.0,4.0,Friendly,Kochi,India,False
2013-02-06,Iran,Lebanon,5.0,0.0,AFC Asian Cup qualification,Tehran,Iran,False
2013-02-06,Iraq,Indonesia,1.0,0.0,AFC Asian Cup qualification,Dubai,United Arab Emirates,True
2013-02-06,Jordan,Singapore,4.0,0.0,AFC Asian Cup qualification,Amman,Jordan,False
2013-02-06,North Korea,Laos,1.0,0.0,Friendly,Kunming,China PR,True
2013-02-06,Nepal,Pakistan,0.0,1.0,Friendly,Kathmandu,Nepal,False
2013-02-06,Oman,Syria,1.0,0.0,AFC Asian Cup qualification,Muscat,Oman,False
2013-02-06,Qatar,Malaysia,2.0,0.0,AFC Asian Cup qualification,Doha,Qatar,False
2013-02-06,Saudi Arabia,China PR,2.0,1.0,AFC Asian Cup qualification,Dammam,Saudi Arabia,False
2013-02-06,Thailand,Kuwait,1.0,3.0,AFC Asian Cup qualification,Bangkok,Thailand,False
2013-02-06,Uzbekistan,Hong Kong,0.0,0.0,AFC Asian Cup qualification,Tashkent,Uzbekistan,False
2013-02-06,Vietnam,United Arab Emirates,1.0,2.0,AFC Asian Cup qualification,Hanoi,Vietnam,False
2013-02-06,Yemen,Bahrain,0.0,2.0,AFC Asian Cup qualification,Sharjah,United Arab Emirates,True
2013-02-09,Nepal,Pakistan,0.0,1.0,Friendly,Kathmandu,Nepal,False
2013-02-12,Maldives,Pakistan,1.0,1.0,Friendly,Malé,Maldives,False
2013-02-14,Maldives,Pakistan,3.0,0.0,Friendly,Malé,Maldives,False
2013-03-02,Afghanistan,Sri Lanka,1.0,0.0,AFC Challenge Cup qualification,Vientiane,Laos,True
2013-03-02,Myanmar,Guam,5.0,0.0,AFC Challenge Cup qualification,Yangon,Myanmar,False
2013-03-02,India,Taiwan,2.0,1.0,AFC Challenge Cup qualification,Yangon,Myanmar,True
2013-03-02,Laos,Mongolia,1.0,1.0,AFC Challenge Cup qualification,Vientiane,Laos,False
2013-03-02,Nepal,Northern Mariana Islands,6.0,0.0,AFC Challenge Cup qualification,Kathmandu,Nepal,False
2013-03-02,Palestine,Bangladesh,1.0,0.0,AFC Challenge Cup qualification,Kathmandu,Nepal,True
2013-03-04,Guam,India,0.0,4.0,AFC Challenge Cup qualification,Yangon,Myanmar,True
2013-03-04,Laos,Sri Lanka,4.0,2.0,AFC Challenge Cup qualification,Vientiane,Laos,False
2013-03-04,Mongolia,Afghanistan,0.0,1.0,AFC Challenge Cup qualification,Vientiane,Laos,True
2013-03-04,Nepal,Bangladesh,0.0,2.0,AFC Challenge Cup qualification,Kathmandu,Nepal,False
2013-03-04,Northern Mariana Islands,Palestine,0.0,9.0,AFC Challenge Cup qualification,Kathmandu,Nepal,True
2013-03-06,Bangladesh,Northern Mariana Islands,4.0,0.0,AFC Challenge Cup qualification,Kathmandu,Nepal,True
2013-03-06,Myanmar,India,1.0,0.0,AFC Challenge Cup qualification,Yangon,Myanmar,False
2013-03-06,Laos,Afghanistan,1.0,1.0,AFC Challenge Cup qualification,Vientiane,Laos,False
2013-03-06,Nepal,Palestine,0.0,0.0,AFC Challenge Cup qualification,Kathmandu,Nepal,False
2013-03-06,Sri Lanka,Mongolia,3.0,0.0,AFC Challenge Cup qualification,Vientiane,Laos,True
2013-03-17,Bahrain,Lebanon,0.0,0.0,Friendly,Riffa,Bahrain,False
2013-03-17,Kyrgyzstan,Macau,1.0,0.0,AFC Challenge Cup qualification,Bishkek,Kyrgyzstan,False
2013-03-17,Malaysia,Saudi Arabia,1.0,4.0,Friendly,Shah Alam,Malaysia,False
2013-03-17,Qatar,Thailand,1.0,0.0,Friendly,Doha,Qatar,False
2013-03-17,Tajikistan,Pakistan,1.0,0.0,AFC Challenge Cup qualification,Bishkek,Kyrgyzstan,True
2013-03-19,Kyrgyzstan,Pakistan,1.0,0.0,AFC Challenge Cup qualification,Bishkek,Kyrgyzstan,False
2013-03-19,Macau,Tajikistan,0.0,3.0,AFC Challenge Cup qualification,Bishkek,Kyrgyzstan,True
2013-03-21,Kuwait,Palestine,2.0,1.0,Friendly,Kuwait City,Kuwait,False
2013-03-21,Kyrgyzstan,Tajikistan,1.0,0.0,AFC Challenge Cup qualification,Bishkek,Kyrgyzstan,False
2013-03-21,Pakistan,Macau,2.0,0.0,AFC Challenge Cup qualification,Bishkek,Kyrgyzstan,True
2013-03-22,Bahrain,Qatar,1.0,0.0,AFC Asian Cup qualification,Riffa,Bahrain,False
2013-03-22,China PR,Iraq,1.0,0.0,AFC Asian Cup qualification,Changsha,China PR,False
2013-03-22,Hong Kong,Vietnam,1.0,0.0,AFC Asian Cup qualification,Kowloon,Hong Kong,False
2013-03-22,Lebanon,Thailand,5.0,2.0,AFC Asian Cup qualification,Beirut,Lebanon,False
2013-03-22,Malaysia,Yemen,2.0,1.0,AFC Asian Cup qualification,Shah Alam,Malaysia,False
2013-03-22,Turkmenistan,Cambodia,7.0,0.0,AFC Challenge Cup qualification,Manila,Philippines,True
2013-03-22,United Arab Emirates,Uzbekistan,2.0,1.0,AFC Asian Cup qualification,Abu Dhabi,United Arab Emirates,False
2013-03-23,Indonesia,Saudi Arabia,1.0,2.0,AFC Asian Cup qualification,Jakarta,Indonesia,False
2013-03-24,Philippines,Cambodia,8.0,0.0,AFC Challenge Cup qualification,Manila,Philippines,False
2013-03-26,Australia,Oman,2.0,2.0,FIFA World Cup qualification,Sydney,Australia,False
2013-03-26,Iraq,Syria,2.0,1.0,Friendly,Baghdad,Iraq,False
2013-03-26,Jordan,Japan,2.0,1.0,FIFA World Cup qualification,Amman,Jordan,False
2013-03-26,South Korea,Qatar,2.0,1.0,FIFA World Cup qualification,Seoul,South Korea,False
2013-03-26,Kuwait,Iran,1.0,1.0,AFC Asian Cup qualification,Kuwait City,Kuwait,False
2013-03-26,Malaysia,Palestine,0.0,2.0,Friendly,Kuantan,Malaysia,False
2013-03-26,Philippines,Turkmenistan,1.0,0.0,AFC Challenge Cup qualification,Manila,Philippines,False
2013-03-26,Uzbekistan,Lebanon,1.0,0.0,FIFA World Cup qualification,Tashkent,Uzbekistan,False
2013-04-17,Qatar,Palestine,2.0,0.0,Friendly,Doha,Qatar,False
2013-05-22,Oman,Iran,3.0,1.0,Friendly,Muscat,Oman,False
2013-05-29,Oman,Lebanon,1.0,1.0,Friendly,Doha,Qatar,True
2013-06-04,Myanmar,Singapore,0.0,2.0,Friendly,Yangon,Myanmar,False
2013-06-04,Hong Kong,Philippines,0.0,1.0,Friendly,Kowloon,Hong Kong,False
2013-06-04,Japan,Australia,1.0,1.0,FIFA World Cup qualification,Saitama,Japan,False
2013-06-04,Lebanon,South Korea,1.0,1.0,FIFA World Cup qualification,Beirut,Lebanon,False
2013-06-04,Oman,Iraq,1.0,0.0,FIFA World Cup qualification,Muscat,Oman,False
2013-06-04,Qatar,Iran,0.0,1.0,FIFA World Cup qualification,Doha,Qatar,False
2013-06-04,Tajikistan,Afghanistan,3.0,2.0,Friendly,Qurghonteppa,Tajikistan,False
2013-06-06,China PR,Uzbekistan,1.0,2.0,Friendly,Guangzhou,China PR,False
2013-06-07,Laos,Singapore,2.0,5.0,Friendly,Vientiane,Laos,False
2013-06-11,Australia,Jordan,4.0,0.0,FIFA World Cup qualification,Melbourne,Australia,False
2013-06-11,Iran,Lebanon,4.0,0.0,FIFA World Cup qualification,Tehran,Iran,False
2013-06-11,Iraq,Japan,0.0,1.0,FIFA World Cup qualification,Doha,Qatar,True
2013-06-11,South Korea,Uzbekistan,1.0,0.0,FIFA World Cup qualification,Seoul,South Korea,False
2013-06-11,Qatar,North Korea,0.0,0.0,Friendly,Doha,Qatar,False
2013-06-15,China PR,Thailand,1.0,5.0,Friendly,Hefei,China PR,False
2013-06-18,Australia,Iraq,1.0,0.0,FIFA World Cup qualification,Sydney,Australia,False
2013-06-18,Jordan,Oman,1.0,0.0,FIFA World Cup qualification,Amman,Jordan,False
2013-06-18,South Korea,Iran,0.0,1.0,FIFA World Cup qualification,Ulsan,South Korea,False
2013-06-18,Uzbekistan,Qatar,5.0,1.0,FIFA World Cup qualification,Tashkent,Uzbekistan,False
2013-07-20,South Korea,Australia,0.0,0.0,EAFF Championship,Seoul,South Korea,False
2013-07-21,Japan,China PR,3.0,3.0,EAFF Championship,Seoul,South Korea,True
2013-07-24,South Korea,China PR,0.0,0.0,EAFF Championship,Hwaseong,South Korea,False
2013-07-25,Japan,Australia,3.0,2.0,EAFF Championship,Hwaseong,South Korea,True
2013-07-28,Australia,China PR,3.0,4.0,EAFF Championship,Seoul,South Korea,True
2013-07-28,South Korea,Japan,1.0,2.0,EAFF Championship,Seoul,South Korea,False
2013-08-14,Indonesia,Philippines,2.0,0.0,Friendly,Surakarta,Indonesia,False
2013-08-14,Singapore,Oman,0.0,2.0,AFC Asian Cup qualification,Jalan Besar,Singapore,False
2013-08-14,Tajikistan,India,3.0,0.0,Friendly,Khujand,Tajikistan,False
2013-08-15,Syria,Jordan,1.0,1.0,AFC Asian Cup qualification,Tehran,Iran,True
2013-08-20,Afghanistan,Pakistan,3.0,0.0,Friendly,Kabul,Afghanistan,False
2013-08-31,Nepal,Bangladesh,2.0,0.0,SAFF Cup,Kathmandu,Nepal,False
2013-09-01,India,Pakistan,1.0,0.0,SAFF Cup,Kathmandu,Nepal,True
2013-09-02,Afghanistan,Bhutan,3.0,0.0,SAFF Cup,Kathmandu,Nepal,True
2013-09-02,Maldives,Sri Lanka,10.0,0.0,SAFF Cup,Kathmandu,Nepal,True
2013-09-03,Bangladesh,India,1.0,1.0,SAFF Cup,Kathmandu,Nepal,True
2013-09-03,Nepal,Pakistan,1.0,1.0,SAFF Cup,Kathmandu,Nepal,False
2013-09-04,Bhutan,Maldives,2.0,8.0,SAFF Cup,Kathmandu,Nepal,True
2013-09-04,Sri Lanka,Afghanistan,1.0,3.0,SAFF Cup,Kathmandu,Nepal,True
2013-09-05,Bangladesh,Pakistan,1.0,2.0,SAFF Cup,Kathmandu,Nepal,True
2013-09-05,Nepal,India,2.0,1.0,SAFF Cup,Kathmandu,Nepal,False
2013-09-06,Afghanistan,Maldives,0.0,0.0,SAFF Cup,Kathmandu,Nepal,True
2013-09-06,Myanmar,Hong Kong,0.0,0.0,Friendly,Yangon,Myanmar,False
2013-09-06,China PR,Singapore,6.0,1.0,Friendly,Tianjin,China PR,False
2013-09-06,Jordan,Uzbekistan,1.0,1.0,FIFA World Cup qualification,Amman,Jordan,False
2013-09-06,Kuwait,North Korea,2.0,1.0,Friendly,Kuwait City,Kuwait,False
2013-09-06,Lebanon,Syria,2.0,0.0,Friendly,Beirut,Lebanon,False
2013-09-06,Sri Lanka,Bhutan,5.0,2.0,SAFF Cup,Kathmandu,Nepal,True
2013-09-08,Nepal,Afghanistan,0.0,1.0,SAFF Cup,Kathmandu,Nepal,False
2013-09-09,Kuwait,Bahrain,2.0,1.0,Friendly,Kuwait City,Kuwait,False
2013-09-09,Maldives,India,0.0,1.0,SAFF Cup,Kathmandu,Nepal,True
2013-09-09,Qatar,Lebanon,1.0,1.0,Friendly,Doha,Qatar,False
2013-09-10,China PR,Malaysia,2.0,0.0,Friendly,Tianjin,China PR,False
2013-09-10,Hong Kong,Singapore,1.0,0.0,Friendly,Kowloon,Hong Kong,False
2013-09-10,Uzbekistan,Jordan,1.0,1.0,FIFA World Cup qualification,Tashkent,Uzbekistan,False
2013-10-06,Iraq,Yemen,3.0,2.0,Friendly,Beirut,Lebanon,True
2013-10-08,Lebanon,Iraq,1.0,1.0,Friendly,Beirut,Lebanon,False
2013-10-09,Jordan,Kuwait,1.0,1.0,Friendly,Amman,Jordan,False
2013-10-09,Qatar,Vietnam,1.0,2.0,Friendly,Doha,Qatar,False
2013-10-10,Singapore,Laos,1.0,0.0,Friendly,Singapore,Singapore,False
2013-10-10,Thailand,Bahrain,1.0,0.0,Friendly,Bangkok,Thailand,False
2013-10-11,Philippines,Taiwan,1.0,2.0,Friendly,Bacolod,Philippines,False
2013-10-13,Qatar,Yemen,6.0,0.0,AFC Asian Cup qualification,Doha,Qatar,False
2013-10-15,Hong Kong,United Arab Emirates,0.0,4.0,AFC Asian Cup qualification,So Kon Po,Hong Kong,False
2013-10-15,Indonesia,China PR,1.0,1.0,AFC Asian Cup qualification,Jakarta,Indonesia,False
2013-10-15,Iran,Thailand,2.0,1.0,AFC Asian Cup qualification,Tehran,Iran,False
2013-10-15,Iraq,Saudi Arabia,0.0,2.0,AFC Asian Cup qualification,Amman,Jordan,True
2013-10-15,Jordan,Oman,0.0,0.0,AFC Asian Cup qualification,Amman,Jordan,False
2013-10-15,Kyrgyzstan,Tajikistan,1.0,4.0,Friendly,Bishkek,Kyrgyzstan,False
2013-10-15,Lebanon,Kuwait,1.0,1.0,AFC Asian Cup qualification,Beirut,Lebanon,False
2013-10-15,Malaysia,Bahrain,1.0,1.0,AFC Asian Cup qualification,Shah Alam,Malaysia,False
2013-10-15,Philippines,Pakistan,3.0,1.0,Friendly,Bacolod,Philippines,False
2013-10-15,Singapore,Syria,2.0,1.0,AFC Asian Cup qualification,Singapore,Singapore,False
2013-10-15,Uzbekistan,Vietnam,3.0,1.0,AFC Asian Cup qualification,Tashkent,Uzbekistan,False
2013-11-01,Indonesia,Kyrgyzstan,4.0,0.0,Friendly,Jakarta,Indonesia,False
2013-11-08,Kuwait,Malaysia,3.0,0.0,Friendly,Kuwait City,Kuwait,False
2013-11-09,Bahrain,Lebanon,1.0,0.0,Friendly,Riffa,Bahrain,False
2013-11-09,United Arab Emirates,Philippines,4.0,0.0,Friendly,Abu Dhabi,United Arab Emirates,False
2013-11-15,Bahrain,Malaysia,1.0,0.0,AFC Asian Cup qualification,Riffa,Bahrain,False
2013-11-15,China PR,Indonesia,1.0,0.0,AFC Asian Cup qualification,Xi'an,China PR,False
2013-11-15,India,Philippines,1.0,1.0,Friendly,Siliguri,India,False
2013-11-15,Kuwait,Lebanon,0.0,0.0,AFC Asian Cup qualification,Kuwait City,Kuwait,False
2013-11-15,Saudi Arabia,Iraq,2.0,1.0,AFC Asian Cup qualification,Dammam,Saudi Arabia,False
2013-11-15,Syria,Singapore,4.0,0.0,AFC Asian Cup qualification,Tehran,Iran,True
2013-11-15,Thailand,Iran,0.0,3.0,AFC Asian Cup qualification,Bangkok,Thailand,False
2013-11-15,United Arab Emirates,Hong Kong,4.0,0.0,AFC Asian Cup qualification,Abu Dhabi,United Arab Emirates,False
2013-11-15,Vietnam,Uzbekistan,0.0,3.0,AFC Asian Cup qualification,Hanoi,Vietnam,False
2013-11-15,Yemen,Qatar,1.0,4.0,AFC Asian Cup qualification,Al Ain,United Arab Emirates,True
2013-11-19,Bahrain,Yemen,2.0,0.0,AFC Asian Cup qualification,Riffa,Bahrain,False
2013-11-19,Cambodia,Guam,0.0,2.0,Friendly,Phnom Penh,Cambodia,False
2013-11-19,China PR,Saudi Arabia,0.0,0.0,AFC Asian Cup qualification,Xi'an,China PR,False
2013-11-19,Hong Kong,Uzbekistan,0.0,2.0,AFC Asian Cup qualification,So Kon Po,Hong Kong,False
2013-11-19,India,Nepal,2.0,0.0,Friendly,Siliguri,India,False
2013-11-19,Indonesia,Iraq,0.0,2.0,AFC Asian Cup qualification,Jakarta,Indonesia,False
2013-11-19,Kuwait,Thailand,3.0,1.0,AFC Asian Cup qualification,Kuwait City,Kuwait,False
2013-11-19,Lebanon,Iran,1.0,4.0,AFC Asian Cup qualification,Beirut,Lebanon,False
2013-11-19,Malaysia,Qatar,0.0,1.0,AFC Asian Cup qualification,Shah Alam,Malaysia,False
2013-11-19,Syria,Oman,0.0,1.0,AFC Asian Cup qualification,Tehran,Iran,True
2013-11-19,United Arab Emirates,Vietnam,5.0,0.0,AFC Asian Cup qualification,Abu Dhabi,United Arab Emirates,False
2013-11-24,Singapore,Cambodia,1.0,0.0,Friendly,Hougang,Singapore,False
2013-12-21,Qatar,Bahrain,1.0,1.0,Friendly,Doha,Qatar,False
2013-12-25,Oman,Bahrain,0.0,0.0,WAFF Championship,Doha,Qatar,True
2013-12-25,Qatar,Palestine,1.0,0.0,WAFF Championship,Doha,Qatar,False
2013-12-26,Jordan,Lebanon,0.0,0.0,WAFF Championship,Doha,Qatar,True
2013-12-28,Bahrain,Iraq,0.0,0.0,WAFF Championship,Doha,Qatar,True
2013-12-28,Palestine,Saudi Arabia,0.0,0.0,WAFF Championship,Doha,Qatar,True
2013-12-29,Lebanon,Kuwait,0.0,2.0,WAFF Championship,Doha,Qatar,True
2013-12-31,Iraq,Oman,0.0,0.0,WAFF Championship,Doha,Qatar,True
2013-12-31,Qatar,Saudi Arabia,4.0,1.0,WAFF Championship,Doha,Qatar,False
2014-01-01,Kuwait,Jordan,1.0,2.0,WAFF Championship,Doha,Qatar,True
2014-01-04,Bahrain,Jordan,0.0,1.0,WAFF Championship,Doha,Qatar,True
2014-01-04,Qatar,Kuwait,3.0,0.0,WAFF Championship,Doha,Qatar,False
2014-01-07,Bahrain,Kuwait,0.0,0.0,WAFF Championship,Doha,Qatar,True
2014-01-07,Qatar,Jordan,2.0,0.0,WAFF Championship,Doha,Qatar,False
2014-01-31,Oman,Jordan,0.0,0.0,AFC Asian Cup qualification,Muscat,Oman,False
2014-02-04,Singapore,Jordan,1.0,3.0,AFC Asian Cup qualification,Singapore,Singapore,False
2014-02-19,Lebanon,Pakistan,3.0,1.0,Friendly,Beirut,Lebanon,False
2014-02-21,Iraq,North Korea,2.0,0.0,Friendly,Dubai,United Arab Emirates,True
2014-03-01,Malaysia,Philippines,0.0,0.0,Friendly,Selayang,Malaysia,False
2014-03-03,Iran,Kuwait,3.0,2.0,AFC Asian Cup qualification,Karaj,Iran,False
2014-03-05,India,Bangladesh,2.0,2.0,Friendly,Margao,India,False
2014-03-05,Iraq,China PR,3.0,1.0,AFC Asian Cup qualification,Sharjah,United Arab Emirates,True
2014-03-05,Jordan,Syria,2.0,1.0,AFC Asian Cup qualification,Amman,Jordan,False
2014-03-05,Oman,Singapore,3.0,1.0,AFC Asian Cup qualification,Muscat,Oman,False
2014-03-05,Qatar,Bahrain,0.0,0.0,AFC Asian Cup qualification,Doha,Qatar,False
2014-03-05,Saudi Arabia,Indonesia,1.0,0.0,AFC Asian Cup qualification,Dammam,Saudi Arabia,False
2014-03-05,Thailand,Lebanon,2.0,5.0,AFC Asian Cup qualification,Bangkok,Thailand,False
2014-03-05,Uzbekistan,United Arab Emirates,1.0,1.0,AFC Asian Cup qualification,Tashkent,Uzbekistan,False
2014-03-05,Vietnam,Hong Kong,3.0,1.0,AFC Asian Cup qualification,Hanoi,Vietnam,False
2014-03-05,Yemen,Malaysia,1.0,2.0,AFC Asian Cup qualification,Al Ain,United Arab Emirates,True
2014-03-25,Yemen,Nepal,2.0,0.0,Friendly,Doha,Qatar,True
2014-04-13,Afghanistan,Kyrgyzstan,0.0,0.0,Friendly,Dubai,United Arab Emirates,True
2014-04-27,Philippines,Malaysia,0.0,0.0,Friendly,Cebu,Philippines,False
2014-05-12,Afghanistan,Kyrgyzstan,1.0,0.0,Friendly,Kuwait City,Kuwait,True
2014-05-14,Kuwait,Afghanistan,3.0,2.0,Friendly,Kuwait City,Kuwait,False
2014-05-16,Kuwait,Kyrgyzstan,2.0,2.0,Friendly,Kuwait City,Kuwait,False
2014-05-19,Maldives,Myanmar,2.0,3.0,AFC Challenge Cup,Malé,Maldives,False
2014-05-19,Palestine,Kyrgyzstan,1.0,0.0,AFC Challenge Cup,Malé,Maldives,True
2014-05-20,Philippines,Afghanistan,0.0,0.0,AFC Challenge Cup,Addu City,Maldives,True
2014-05-20,Turkmenistan,Laos,5.0,1.0,AFC Challenge Cup,Addu City,Maldives,True
2014-05-21,Myanmar,Palestine,0.0,2.0,AFC Challenge Cup,Malé,Maldives,True
2014-05-21,Maldives,Kyrgyzstan,2.0,0.0,AFC Challenge Cup,Malé,Maldives,False
2014-05-22,Afghanistan,Turkmenistan,3.0,1.0,AFC Challenge Cup,Addu City,Maldives,True
2014-05-22,Laos,Philippines,0.0,2.0,AFC Challenge Cup,Addu City,Maldives,True
2014-05-23,Kyrgyzstan,Myanmar,1.0,0.0,AFC Challenge Cup,Addu City,Maldives,True
2014-05-23,Maldives,Palestine,0.0,0.0,AFC Challenge Cup,Malé,Maldives,False
2014-05-24,Afghanistan,Laos,0.0,0.0,AFC Challenge Cup,Addu City,Maldives,True
2014-05-24,Turkmenistan,Philippines,0.0,2.0,AFC Challenge Cup,Malé,Maldives,True
2014-05-25,Thailand,Kuwait,1.0,1.0,Friendly,Bangkok,Thailand,False
2014-05-27,Maldives,Philippines,2.0,3.0,AFC Challenge Cup,Malé,Maldives,False
2014-05-27,Palestine,Afghanistan,2.0,0.0,AFC Challenge Cup,Malé,Maldives,True
2014-05-27,Uzbekistan,Oman,0.0,1.0,Friendly,Olmaliq,Uzbekistan,False
2014-05-29,Maldives,Afghanistan,1.0,1.0,AFC Challenge Cup,Malé,Maldives,False
2014-05-29,Uzbekistan,Oman,0.0,1.0,Friendly,Tashkent,Uzbekistan,False
2014-05-30,Palestine,Philippines,1.0,0.0,AFC Challenge Cup,Malé,Maldives,True
2014-06-21,Indonesia,Pakistan,4.0,0.0,Friendly,Surabaya,Indonesia,False
2014-06-25,Indonesia,Nepal,2.0,0.0,Friendly,Malang,Indonesia,False
2014-07-02,Vietnam,Myanmar,6.0,0.0,Friendly,Thủ Dầu Một,Vietnam,False
2014-07-14,Qatar,Indonesia,2.0,2.0,Friendly,Al Wakrah,Qatar,False
2014-07-21,Guam,Macau,0.0,0.0,EAFF Championship,Dededo,Guam,False
2014-07-21,Mongolia,Northern Mariana Islands,4.0,0.0,EAFF Championship,Dededo,Guam,True
2014-07-23,Guam,Mongolia,2.0,0.0,EAFF Championship,Dededo,Guam,False
2014-07-23,Northern Mariana Islands,Macau,2.0,1.0,EAFF Championship,Dededo,Guam,True
2014-07-25,Guam,Northern Mariana Islands,5.0,0.0,EAFF Championship,Dededo,Guam,False
2014-07-25,Macau,Mongolia,3.0,2.0,EAFF Championship,Dededo,Guam,True
2014-08-08,Tajikistan,Malaysia,4.0,1.0,Friendly,Dushanbe,Tajikistan,False
2014-09-03,Myanmar,Palestine,4.0,1.0,Friendly,Manila,Philippines,True
2014-09-03,Philippines,Taiwan,5.0,1.0,Friendly,Manila,Philippines,False
2014-09-04,China PR,Kuwait,3.0,1.0,Friendly,Anshan,China PR,False
2014-09-04,Uzbekistan,Jordan,2.0,0.0,Friendly,Tashkent,Uzbekistan,False
2014-09-06,Palestine,Taiwan,7.0,3.0,Friendly,Manila,Philippines,True
2014-09-06,Philippines,Myanmar,2.0,3.0,Friendly,Manila,Philippines,False
2014-09-06,Vietnam,Hong Kong,3.0,1.0,Friendly,Haiphong,Vietnam,False
2014-09-08,Australia,Saudi Arabia,3.0,2.0,Friendly,London,England,True
2014-09-09,China PR,Jordan,1.0,1.0,Friendly,Harbin,China PR,False
2014-09-09,Indonesia,Yemen,0.0,0.0,Friendly,Yogyakarta,Indonesia,False
2014-09-09,Kuwait,Bahrain,0.0,1.0,Friendly,Al Farwaniyah,Kuwait,False
2014-09-09,Singapore,Hong Kong,0.0,0.0,Friendly,Hougang,Singapore,False
2014-09-14,Indonesia,Malaysia,2.0,0.0,Friendly,Sidoarjo,Indonesia,False
2014-09-20,Malaysia,Cambodia,4.0,1.0,Friendly,Shah Alam,Malaysia,False
2014-09-25,Indonesia,Cambodia,1.0,0.0,Friendly,Malang,Indonesia,False
2014-10-06,India,Palestine,2.0,3.0,Friendly,Siliguri,India,False
2014-10-06,Qatar,Uzbekistan,3.0,0.0,Friendly,Doha,Qatar,False
2014-10-09,Qatar,Lebanon,5.0,0.0,Friendly,Doha,Qatar,False
2014-10-10,China PR,Thailand,3.0,0.0,Friendly,Wuhan,China PR,False
2014-10-10,Hong Kong,Singapore,2.0,1.0,Friendly,Kowloon,Hong Kong,False
2014-10-10,Jordan,Kuwait,0.0,1.0,Friendly,Amman,Jordan,False
2014-10-10,United Arab Emirates,Australia,0.0,0.0,Friendly,Abu Dhabi,United Arab Emirates,False
2014-10-10,Uzbekistan,Bahrain,0.0,0.0,Friendly,Dubai,United Arab Emirates,True
2014-10-10,Yemen,Iraq,1.0,1.0,Friendly,Manama,Bahrain,True
2014-10-12,Timor-Leste,Brunei,4.0,2.0,AFF Championship qualification,Vientiane,Laos,True
2014-10-12,Laos,Cambodia,3.0,2.0,AFF Championship qualification,Vientiane,Laos,False
2014-10-12,Pakistan,Palestine,0.0,2.0,Friendly,Lahore,Pakistan,False
2014-10-13,Jordan,Kuwait,1.0,1.0,Friendly,Amman,Jordan,False
2014-10-14,Bahrain,Iraq,0.0,0.0,Friendly,Riffa,Bahrain,False
2014-10-14,Myanmar,Timor-Leste,0.0,0.0,AFF Championship qualification,Vientiane,Laos,True
2014-10-14,Laos,Brunei,4.0,2.0,AFF Championship qualification,Vientiane,Laos,False
2014-10-14,Macau,Singapore,2.0,2.0,Friendly,Taipa,Macau,False
2014-10-14,Qatar,Australia,1.0,0.0,Friendly,Doha,Qatar,False
2014-10-14,Saudi Arabia,Lebanon,1.0,1.0,Friendly,Jeddah,Saudi Arabia,False
2014-10-14,United Arab Emirates,Uzbekistan,0.0,4.0,Friendly,Dubai,United Arab Emirates,False
2014-10-16,Brunei,Myanmar,1.0,3.0,AFF Championship qualification,Vientiane,Laos,True
2014-10-16,Timor-Leste,Cambodia,2.0,3.0,AFF Championship qualification,Vientiane,Laos,True
2014-10-18,Cambodia,Myanmar,0.0,1.0,AFF Championship qualification,Vientiane,Laos,True
2014-10-18,Laos,Timor-Leste,2.0,0.0,AFF Championship qualification,Vientiane,Laos,False
2014-10-20,Cambodia,Brunei,1.0,0.0,AFF Championship qualification,Vientiane,Laos,True
2014-10-20,Laos,Myanmar,1.0,2.0,AFF Championship qualification,Vientiane,Laos,False
2014-10-24,Bangladesh,Sri Lanka,1.0,1.0,Friendly,Jessore,Bangladesh,False
2014-10-27,Bangladesh,Sri Lanka,1.0,0.0,Friendly,Rajshahi,Bangladesh,False
2014-10-31,North Korea,Kuwait,0.0,1.0,Friendly,Dubai,United Arab Emirates,True
2014-10-31,Philippines,Nepal,3.0,0.0,Friendly,Doha,Qatar,True
2014-11-02,Bahrain,North Korea,2.0,2.0,Friendly,Riffa,Bahrain,False
2014-11-04,Kuwait,Yemen,1.0,1.0,Friendly,Abu Dhabi,United Arab Emirates,True
2014-11-06,Qatar,North Korea,3.0,1.0,Friendly,Doha,Qatar,False
2014-11-06,Saudi Arabia,Palestine,2.0,0.0,Friendly,Dammam,Saudi Arabia,False
2014-11-06,United Arab Emirates,Lebanon,3.0,2.0,Friendly,Al Hofuf,Saudi Arabia,True
2014-11-07,Bahrain,Singapore,2.0,0.0,Friendly,Riffa,Bahrain,False
2014-11-07,Oman,Yemen,2.0,0.0,Friendly,Muscat,Oman,False
2014-11-09,Thailand,Philippines,3.0,0.0,Friendly,Nakhon Ratchasima,Thailand,False
2014-11-09,Vietnam,Palestine,1.0,3.0,Friendly,Hanoi,Vietnam,False
2014-11-13,North Korea,Hong Kong,2.0,1.0,EAFF Championship,Taipei,Taiwan,True
2014-11-13,Saudi Arabia,Qatar,1.0,1.0,Gulf Cup,Riyadh,Saudi Arabia,False
2014-11-13,Singapore,Laos,2.0,0.0,Friendly,Yishun,Singapore,False
2014-11-13,Yemen,Bahrain,0.0,0.0,Gulf Cup,Riyadh,Saudi Arabia,True
2014-11-14,Iraq,Kuwait,0.0,1.0,Gulf Cup,Riyadh,Saudi Arabia,True
2014-11-14,Jordan,South Korea,0.0,1.0,Friendly,Amman,Jordan,False
2014-11-14,Philippines,Cambodia,3.0,0.0,Friendly,Manila,Philippines,False
2014-11-14,United Arab Emirates,Oman,0.0,0.0,Gulf Cup,Riyadh,Saudi Arabia,True
2014-11-15,Indonesia,Syria,0.0,2.0,Friendly,Jakarta,Indonesia,False
2014-11-16,Guam,North Korea,1.0,5.0,EAFF Championship,Taipei,Taiwan,True
2014-11-16,Saudi Arabia,Bahrain,3.0,0.0,Gulf Cup,Riyadh,Saudi Arabia,False
2014-11-16,Vietnam,Malaysia,3.0,1.0,Friendly,Hanoi,Vietnam,False
2014-11-16,Yemen,Qatar,0.0,0.0,Gulf Cup,Riyadh,Saudi Arabia,True
2014-11-17,Iraq,Oman,1.0,1.0,Gulf Cup,Riyadh,Saudi Arabia,True
2014-11-17,Singapore,Cambodia,4.0,2.0,Friendly,Yishun,Singapore,False
2014-11-17,United Arab Emirates,Kuwait,2.0,2.0,Gulf Cup,Riyadh,Saudi Arabia,True
2014-11-18,Iran,South Korea,1.0,0.0,Friendly,Tehran,Iran,False
2014-11-18,Japan,Australia,2.0,1.0,Friendly,Osaka,Japan,False
2014-11-19,Bahrain,Qatar,0.0,0.0,Gulf Cup,Riyadh,Saudi Arabia,True
2014-11-19,Guam,Hong Kong,0.0,0.0,EAFF Championship,Taipei,Taiwan,True
2014-11-19,Saudi Arabia,Yemen,1.0,0.0,Gulf Cup,Riyadh,Saudi Arabia,False
2014-11-20,Kuwait,Oman,0.0,5.0,Gulf Cup,Riyadh,Saudi Arabia,True
2014-11-20,United Arab Emirates,Iraq,2.0,0.0,Gulf Cup,Riyadh,Saudi Arabia,True
2014-11-22,Philippines,Laos,4.0,1.0,AFF Championship,Hanoi,Vietnam,True
2014-11-22,Vietnam,Indonesia,2.0,2.0,AFF Championship,Hanoi,Vietnam,False
2014-11-23,Malaysia,Myanmar,0.0,0.0,AFF Championship,Kallang,Singapore,True
2014-11-23,Oman,Qatar,1.0,3.0,Gulf Cup,Riyadh,Saudi Arabia,True
2014-11-23,Saudi Arabia,United Arab Emirates,3.0,2.0,Gulf Cup,Riyadh,Saudi Arabia,False
2014-11-23,Singapore,Thailand,1.0,2.0,AFF Championship,Kallang,Singapore,False
2014-11-25,Philippines,Indonesia,4.0,0.0,AFF Championship,Hanoi,Vietnam,True
2014-11-25,Vietnam,Laos,3.0,0.0,AFF Championship,Hanoi,Vietnam,False
2014-11-25,United Arab Emirates,Oman,1.0,0.0,Gulf Cup,Riyadh,Saudi Arabia,True
2014-11-26,Malaysia,Thailand,2.0,3.0,AFF Championship,Kallang,Singapore,True
2014-11-26,Saudi Arabia,Qatar,1.0,2.0,Gulf Cup,Riyadh,Saudi Arabia,False
2014-11-26,Singapore,Myanmar,4.0,2.0,AFF Championship,Kallang,Singapore,False
2014-11-28,Indonesia,Laos,5.0,1.0,AFF Championship,Hanoi,Vietnam,True
2014-11-28,Vietnam,Philippines,3.0,1.0,AFF Championship,Hanoi,Vietnam,False
2014-11-29,Singapore,Malaysia,1.0,3.0,AFF Championship,Kallang,Singapore,False
2014-11-29,Thailand,Myanmar,2.0,0.0,AFF Championship,Kallang,Singapore,True
2014-12-06,Philippines,Thailand,0.0,0.0,AFF Championship,Manila,Philippines,False
2014-12-07,Malaysia,Vietnam,1.0,2.0,AFF Championship,Shah Alam,Malaysia,False
2014-12-10,Thailand,Philippines,3.0,0.0,AFF Championship,Bangkok,Thailand,False
2014-12-11,Vietnam,Malaysia,2.0,4.0,AFF Championship,Hanoi,Vietnam,False
2014-12-13,Uzbekistan,Palestine,1.0,0.0,Friendly,Dubai,United Arab Emirates,True
2014-12-17,Thailand,Malaysia,2.0,0.0,AFF Championship,Bangkok,Thailand,False
2014-12-20,Malaysia,Thailand,3.0,2.0,AFF Championship,Shah Alam,Malaysia,False
2014-12-21,China PR,Palestine,0.0,0.0,Friendly,Chenzhou,China PR,False
2014-12-21,Uzbekistan,Jordan,2.0,1.0,Friendly,Dubai,United Arab Emirates,True
2014-12-22,Iraq,Kuwait,1.0,1.0,Friendly,Al Hamriyah,United Arab Emirates,True
2014-12-25,Uzbekistan,Iraq,1.0,0.0,Friendly,Sharjah,United Arab Emirates,True
2014-12-28,Uzbekistan,Iraq,0.0,0.0,Friendly,Sharjah,United Arab Emirates,True
2014-12-30,Bahrain,Saudi Arabia,4.0,1.0,Friendly,South Geelong,Australia,True
2014-12-30,United Arab Emirates,Jordan,1.0,0.0,Friendly,Robina,Australia,True
2014-12-31,Qatar,Oman,2.0,2.0,Friendly,Canberra,Australia,True
2015-01-04,Bahrain,Jordan,1.0,0.0,Friendly,Ballarat,Australia,True
2015-01-04,Iran,Iraq,1.0,0.0,Friendly,Wollongong,Australia,True
2015-01-04,South Korea,Saudi Arabia,2.0,0.0,Friendly,Parramatta,Australia,True
2015-01-05,China PR,Oman,4.0,1.0,Friendly,Penrith,Australia,True
2015-01-09,Australia,Kuwait,4.0,1.0,AFC Asian Cup,Melbourne,Australia,False
2015-01-10,South Korea,Oman,1.0,0.0,AFC Asian Cup,Canberra,Australia,True
2015-01-10,Saudi Arabia,China PR,0.0,1.0,AFC Asian Cup,Brisbane,Australia,True
2015-01-10,Uzbekistan,North Korea,1.0,0.0,AFC Asian Cup,Sydney,Australia,True
2015-01-11,Iran,Bahrain,2.0,0.0,AFC Asian Cup,Melbourne,Australia,True
2015-01-11,United Arab Emirates,Qatar,4.0,1.0,AFC Asian Cup,Canberra,Australia,True
2015-01-12,Japan,Palestine,4.0,0.0,AFC Asian Cup,Newcastle,Australia,True
2015-01-12,Jordan,Iraq,0.0,1.0,AFC Asian Cup,Brisbane,Australia,True
2015-01-13,Australia,Oman,4.0,0.0,AFC Asian Cup,Sydney,Australia,False
2015-01-13,Kuwait,South Korea,0.0,1.0,AFC Asian Cup,Canberra,Australia,True
2015-01-14,China PR,Uzbekistan,2.0,1.0,AFC Asian Cup,Brisbane,Australia,True
2015-01-14,North Korea,Saudi Arabia,1.0,4.0,AFC Asian Cup,Melbourne,Australia,True
2015-01-15,Bahrain,United Arab Emirates,1.0,2.0,AFC Asian Cup,Canberra,Australia,True
2015-01-15,Qatar,Iran,0.0,1.0,AFC Asian Cup,Sydney,Australia,True
2015-01-16,Iraq,Japan,0.0,1.0,AFC Asian Cup,Brisbane,Australia,True
2015-01-16,Palestine,Jordan,1.0,5.0,AFC Asian Cup,Melbourne,Australia,True
2015-01-17,Australia,South Korea,0.0,1.0,AFC Asian Cup,Brisbane,Australia,False
2015-01-17,Oman,Kuwait,1.0,0.0,AFC Asian Cup,Newcastle,Australia,True
2015-01-18,China PR,North Korea,2.0,1.0,AFC Asian Cup,Canberra,Australia,True
2015-01-18,Uzbekistan,Saudi Arabia,3.0,1.0,AFC Asian Cup,Melbourne,Australia,True
2015-01-19,Iran,United Arab Emirates,1.0,0.0,AFC Asian Cup,Brisbane,Australia,True
2015-01-19,Qatar,Bahrain,1.0,2.0,AFC Asian Cup,Sydney,Australia,True
2015-01-20,Iraq,Palestine,2.0,0.0,AFC Asian Cup,Canberra,Australia,True
2015-01-20,Japan,Jordan,2.0,0.0,AFC Asian Cup,Melbourne,Australia,True
2015-01-22,Australia,China PR,2.0,0.0,AFC Asian Cup,Brisbane,Australia,False
2015-01-22,South Korea,Uzbekistan,2.0,0.0,AFC Asian Cup,Melbourne,Australia,True
2015-01-23,Iran,Iraq,3.0,3.0,AFC Asian Cup,Canberra,Australia,True
2015-01-23,Japan,United Arab Emirates,1.0,1.0,AFC Asian Cup,Sydney,Australia,True
2015-01-26,South Korea,Iraq,2.0,0.0,AFC Asian Cup,Sydney,Australia,True
2015-01-27,Australia,United Arab Emirates,2.0,0.0,AFC Asian Cup,Newcastle,Australia,False
2015-01-30,Iraq,United Arab Emirates,2.0,3.0,AFC Asian Cup,Newcastle,Australia,True
2015-01-31,Australia,South Korea,2.0,1.0,AFC Asian Cup,Sydney,Australia,False
2015-02-02,Bangladesh,Sri Lanka,1.0,0.0,Friendly,Dhaka,Bangladesh,False
2015-02-06,Pakistan,Afghanistan,2.0,1.0,Friendly,Lahore,Pakistan,False
2015-03-12,Cambodia,Macau,3.0,0.0,FIFA World Cup qualification,Phnom Penh,Cambodia,False
2015-03-12,Timor-Leste,Mongolia,0.0,3.0,FIFA World Cup qualification,Dili,Timor-Leste,False
2015-03-12,India,Nepal,2.0,0.0,FIFA World Cup qualification,Guwahati,India,False
2015-03-12,Sri Lanka,Bhutan,0.0,1.0,FIFA World Cup qualification,Colombo,Sri Lanka,False
2015-03-12,Yemen,Pakistan,3.0,1.0,FIFA World Cup qualification,Doha,Qatar,True
2015-03-12,Taiwan,Brunei,0.0,1.0,FIFA World Cup qualification,Kaohsiung,Taiwan,False
2015-03-17,Bhutan,Sri Lanka,2.0,1.0,FIFA World Cup qualification,Thimphu,Bhutan,False
2015-03-17,Brunei,Taiwan,0.0,2.0,FIFA World Cup qualification,Bandar Seri Begawan,Brunei,False
2015-03-17,Macau,Cambodia,1.0,1.0,FIFA World Cup qualification,Taipa,Macau,False
2015-03-17,Mongolia,Timor-Leste,3.0,0.0,FIFA World Cup qualification,Ulan Bator,Mongolia,False
2015-03-17,Nepal,India,0.0,0.0,FIFA World Cup qualification,Kathmandu,Nepal,False
2015-03-23,Pakistan,Yemen,0.0,0.0,FIFA World Cup qualification,Isa Town,Bahrain,True
2015-03-26,Jordan,Syria,0.0,1.0,Friendly,Amman,Jordan,False
2015-03-26,Maldives,Tajikistan,0.0,2.0,Friendly,Malé,Maldives,False
2015-03-26,Oman,Malaysia,6.0,0.0,Friendly,Seeb,Oman,False
2015-03-26,Thailand,Singapore,2.0,0.0,Friendly,Nakhon Ratchasima,Thailand,False
2015-03-27,South Korea,Uzbekistan,1.0,1.0,Friendly,Daejeon,South Korea,False
2015-03-28,Hong Kong,Guam,1.0,0.0,Friendly,Kowloon,Hong Kong,False
2015-03-30,Bahrain,Philippines,2.0,1.0,Friendly,Riffa,Bahrain,False
2015-03-30,Indonesia,Myanmar,2.0,1.0,Friendly,Sidoarjo,Indonesia,False
2015-03-30,Saudi Arabia,Jordan,2.0,1.0,Friendly,Dammam,Saudi Arabia,False
2015-03-31,Japan,Uzbekistan,5.0,1.0,Friendly,Chōfu,Japan,False
2015-03-31,Singapore,Guam,2.0,2.0,Friendly,Kallang,Singapore,False
2015-03-31,Tajikistan,Syria,2.0,3.0,Friendly,Dushanbe,Tajikistan,False
2015-05-17,Vietnam,North Korea,1.0,1.0,Friendly,Hanoi,Vietnam,False
2015-05-20,Thailand,North Korea,0.0,1.0,Friendly,Bangkok,Thailand,False
2015-05-24,Lebanon,Syria,2.0,2.0,Friendly,Sidon,Lebanon,False
2015-05-24,Thailand,Vietnam,1.0,0.0,FIFA World Cup qualification,Bangkok,Thailand,False
2015-05-29,Laos,Afghanistan,0.0,2.0,Friendly,Vientiane,Laos,False
2015-05-30,Bahrain,Oman,0.0,0.0,Friendly,Riffa,Bahrain,False
2015-05-30,Bangladesh,Singapore,1.0,2.0,Friendly,Dhaka,Bangladesh,False
2015-05-30,Jordan,Lebanon,0.0,0.0,Friendly,Irbid,Jordan,False
2015-06-02,Bangladesh,Afghanistan,1.0,1.0,Friendly,Dhaka,Bangladesh,False
2015-06-02,Cambodia,Laos,1.0,1.0,Friendly,Phnom Penh,Cambodia,False
2015-06-05,Cambodia,Myanmar,1.0,0.0,Friendly,Samut Sakhon,Thailand,True
2015-06-05,Jordan,Kuwait,2.0,2.0,Friendly,Istanbul,Turkey,True
2015-06-05,Oman,Syria,1.0,2.0,Friendly,Muscat,Oman,False
2015-06-05,Thailand,Bahrain,1.0,1.0,Friendly,Bangkok,Thailand,False
2015-06-06,Malaysia,Hong Kong,0.0,0.0,Friendly,Shah Alam,Malaysia,False
2015-06-06,Singapore,Brunei,5.0,1.0,Friendly,Jurong West,Singapore,False
2015-06-11,Afghanistan,Syria,0.0,6.0,FIFA World Cup qualification,Mashhad,Iran,True
2015-06-11,Bangladesh,Kyrgyzstan,1.0,3.0,FIFA World Cup qualification,Dhaka,Bangladesh,False
2015-06-11,Cambodia,Singapore,0.0,4.0,FIFA World Cup qualification,Phnom Penh,Cambodia,False
2015-06-11,Guam,Turkmenistan,1.0,0.0,FIFA World Cup qualification,Dededo,Guam,False
2015-06-11,Hong Kong,Bhutan,7.0,0.0,FIFA World Cup qualification,Kowloon,Hong Kong,False
2015-06-11,India,Oman,1.0,2.0,FIFA World Cup qualification,Bangalore,India,False
2015-06-11,Japan,Iraq,4.0,0.0,Kirin Challenge Cup,Yokohama,Japan,False
2015-06-11,South Korea,United Arab Emirates,3.0,0.0,Friendly,Kuala Lumpur,Malaysia,True
2015-06-11,Laos,Myanmar,2.0,2.0,FIFA World Cup qualification,Vientiane,Laos,False
2015-06-11,Lebanon,Kuwait,0.0,1.0,FIFA World Cup qualification,Sidon,Lebanon,False
2015-06-11,Malaysia,Timor-Leste,3.0,0.0,FIFA World Cup qualification,Kuala Lumpur,Malaysia,False
2015-06-11,Maldives,Qatar,0.0,1.0,FIFA World Cup qualification,Malé,Maldives,False
2015-06-11,Philippines,Bahrain,2.0,1.0,FIFA World Cup qualification,Bocaue,Philippines,False
2015-06-11,Saudi Arabia,Palestine,3.0,2.0,FIFA World Cup qualification,Dammam,Saudi Arabia,False
2015-06-11,Tajikistan,Jordan,1.0,3.0,FIFA World Cup qualification,Dushanbe,Tajikistan,False
2015-06-11,Uzbekistan,Iran,0.0,1.0,Friendly,Tashkent,Uzbekistan,False
2015-06-11,Yemen,North Korea,0.0,3.0,FIFA World Cup qualification,Doha,Qatar,True
2015-06-16,Bangladesh,Tajikistan,1.0,1.0,FIFA World Cup qualification,Dhaka,Bangladesh,False
2015-06-16,Bhutan,China PR,0.0,6.0,FIFA World Cup qualification,Thimphu,Bhutan,False
2015-06-16,Myanmar,South Korea,0.0,2.0,FIFA World Cup qualification,Bangkok,Thailand,True
2015-06-16,Cambodia,Afghanistan,0.0,1.0,FIFA World Cup qualification,Phnom Penh,Cambodia,False
2015-06-16,Timor-Leste,United Arab Emirates,0.0,3.0,FIFA World Cup qualification,Shah Alam,Malaysia,True
2015-06-16,Guam,India,2.0,1.0,FIFA World Cup qualification,Dededo,Guam,False
2015-06-16,Hong Kong,Maldives,2.0,0.0,FIFA World Cup qualification,Kowloon,Hong Kong,False
2015-06-16,Japan,Singapore,0.0,0.0,FIFA World Cup qualification,Saitama,Japan,False
2015-06-16,North Korea,Uzbekistan,4.0,2.0,FIFA World Cup qualification,Pyongyang,North Korea,False
2015-06-16,Kyrgyzstan,Australia,1.0,2.0,FIFA World Cup qualification,Bishkek,Kyrgyzstan,False
2015-06-16,Laos,Lebanon,0.0,2.0,FIFA World Cup qualification,Vientiane,Laos,False
2015-06-16,Malaysia,Palestine,0.0,6.0,FIFA World Cup qualification,Kuala Lumpur,Malaysia,False
2015-06-16,Turkmenistan,Iran,1.0,1.0,FIFA World Cup qualification,Daşoguz,Turkmenistan,False
2015-06-16,Yemen,Philippines,0.0,2.0,FIFA World Cup qualification,Doha,Qatar,True
2015-06-16,Taiwan,Thailand,0.0,2.0,FIFA World Cup qualification,Taipei,Taiwan,False
2015-08-02,China PR,South Korea,0.0,2.0,EAFF Championship,Wuhan,China PR,False
2015-08-02,North Korea,Japan,2.0,1.0,EAFF Championship,Wuhan,China PR,True
2015-08-05,China PR,North Korea,2.0,0.0,EAFF Championship,Wuhan,China PR,False
2015-08-05,Japan,South Korea,1.0,1.0,EAFF Championship,Wuhan,China PR,True
2015-08-09,China PR,Japan,1.0,1.0,EAFF Championship,Wuhan,China PR,False
2015-08-09,South Korea,North Korea,0.0,0.0,EAFF Championship,Wuhan,China PR,True
2015-08-20,Cambodia,Bhutan,2.0,0.0,Friendly,Phnom Penh,Cambodia,False
2015-08-26,Lebanon,Iraq,2.0,3.0,Friendly,Sidon,Lebanon,False
2015-08-28,Oman,Yemen,1.0,0.0,Friendly,Seeb,Oman,False
2015-08-28,Qatar,Singapore,4.0,0.0,Friendly,Doha,Qatar,False
2015-08-28,United Arab Emirates,Myanmar,1.0,0.0,Friendly,Abu Dhabi,United Arab Emirates,False
2015-08-29,Laos,Cambodia,2.0,1.0,Friendly,Bangkok,Thailand,True
2015-08-29,Malaysia,Bangladesh,0.0,0.0,Friendly,Shah Alam,Malaysia,False
2015-08-31,India,Nepal,0.0,0.0,Friendly,Pune,India,False
2015-08-31,Lebanon,Palestine,0.0,0.0,Friendly,Sidon,Lebanon,False
2015-09-03,Australia,Bangladesh,5.0,0.0,FIFA World Cup qualification,Perth,Australia,False
2015-09-03,Bahrain,North Korea,0.0,1.0,FIFA World Cup qualification,Riffa,Bahrain,False
2015-09-03,China PR,Hong Kong,0.0,0.0,FIFA World Cup qualification,Shenzhen,China PR,False
2015-09-03,Iran,Guam,6.0,0.0,FIFA World Cup qualification,Tehran,Iran,False
2015-09-03,Iraq,Taiwan,5.0,1.0,FIFA World Cup qualification,Tehran,Iran,True
2015-09-03,Japan,Cambodia,3.0,0.0,FIFA World Cup qualification,Saitama,Japan,False
2015-09-03,Jordan,Kyrgyzstan,0.0,0.0,FIFA World Cup qualification,Irbid,Jordan,False
2015-09-03,South Korea,Laos,8.0,0.0,FIFA World Cup qualification,Hwaseong,South Korea,False
2015-09-03,Kuwait,Myanmar,9.0,0.0,FIFA World Cup qualification,Doha,Qatar,True
2015-09-03,Oman,Turkmenistan,3.0,1.0,FIFA World Cup qualification,Seeb,Oman,False
2015-09-03,Philippines,Maldives,2.0,0.0,Friendly,Manila,Philippines,False
2015-09-03,Qatar,Bhutan,15.0,0.0,FIFA World Cup qualification,Doha,Qatar,False
2015-09-03,Saudi Arabia,Timor-Leste,7.0,0.0,FIFA World Cup qualification,Jeddah,Saudi Arabia,False
2015-09-03,Syria,Singapore,1.0,0.0,FIFA World Cup qualification,Muscat,Oman,True
2015-09-03,Thailand,Afghanistan,2.0,0.0,Friendly,Bangkok,Thailand,False
2015-09-03,United Arab Emirates,Malaysia,10.0,0.0,FIFA World Cup qualification,Abu Dhabi,United Arab Emirates,False
2015-09-03,Uzbekistan,Yemen,1.0,0.0,FIFA World Cup qualification,Tashkent,Uzbekistan,False
2015-09-08,Afghanistan,Japan,0.0,6.0,FIFA World Cup qualification,Tehran,Iran,True
2015-09-08,Bangladesh,Jordan,0.0,4.0,FIFA World Cup qualification,Dhaka,Bangladesh,False
2015-09-08,Cambodia,Syria,0.0,6.0,FIFA World Cup qualification,Phnom Penh,Cambodia,False
2015-09-08,China PR,Maldives,3.0,0.0,FIFA World Cup qualification,Shenyang,China PR,False
2015-09-08,Guam,Oman,0.0,0.0,FIFA World Cup qualification,Dededo,Guam,False
2015-09-08,Hong Kong,Qatar,2.0,3.0,FIFA World Cup qualification,Kowloon,Hong Kong,False
2015-09-08,India,Iran,0.0,3.0,FIFA World Cup qualification,Bangalore,India,False
2015-09-08,Laos,Kuwait,0.0,2.0,FIFA World Cup qualification,Vientiane,Laos,False
2015-09-08,Lebanon,South Korea,0.0,3.0,FIFA World Cup qualification,Sidon,Lebanon,False
2015-09-08,Malaysia,Saudi Arabia,0.0,3.0,FIFA World Cup qualification,Shah Alam,Malaysia,False
2015-09-08,Palestine,United Arab Emirates,0.0,0.0,FIFA World Cup qualification,Al-Ram,Palestine,False
2015-09-08,Philippines,Uzbekistan,1.0,5.0,FIFA World Cup qualification,Bocaue,Philippines,False
2015-09-08,Tajikistan,Australia,0.0,3.0,FIFA World Cup qualification,Dushanbe,Tajikistan,False
2015-09-08,Thailand,Iraq,2.0,2.0,FIFA World Cup qualification,Bangkok,Thailand,False
2015-09-08,Yemen,Bahrain,0.0,4.0,FIFA World Cup qualification,Doha,Qatar,True
2015-09-08,Taiwan,Vietnam,1.0,2.0,FIFA World Cup qualification,Taipei,Taiwan,False
2015-10-02,Oman,Syria,2.0,1.0,Friendly,Muscat,Oman,False
2015-10-03,Jordan,Iraq,3.0,0.0,Friendly,Amman,Jordan,False
2015-10-08,Bahrain,Uzbekistan,0.0,4.0,FIFA World Cup qualification,Riffa,Bahrain,False
2015-10-08,Bhutan,Maldives,3.0,4.0,FIFA World Cup qualification,Thimphu,Bhutan,False
2015-10-08,Myanmar,Lebanon,0.0,2.0,FIFA World Cup qualification,Bangkok,Thailand,True
2015-10-08,Timor-Leste,Palestine,0.0,3.0,FIFA World Cup qualification,Dili,Timor-Leste,False
2015-10-08,Jordan,Australia,2.0,0.0,FIFA World Cup qualification,Amman,Jordan,False
2015-10-08,North Korea,Philippines,0.0,0.0,FIFA World Cup qualification,Pyongyang,North Korea,False
2015-10-08,Kuwait,South Korea,0.0,1.0,FIFA World Cup qualification,Kuwait City,Kuwait,False
2015-10-08,Kyrgyzstan,Tajikistan,2.0,2.0,FIFA World Cup qualification,Bishkek,Kyrgyzstan,False
2015-10-08,Laos,Malaysia,1.0,3.0,Friendly,Pathum Thani,Thailand,True
2015-10-08,Oman,Iran,1.0,1.0,FIFA World Cup qualification,Muscat,Oman,False
2015-10-08,Qatar,China PR,1.0,0.0,FIFA World Cup qualification,Doha,Qatar,False
2015-10-08,Saudi Arabia,United Arab Emirates,2.0,1.0,FIFA World Cup qualification,Jeddah,Saudi Arabia,False
2015-10-08,Singapore,Afghanistan,1.0,0.0,FIFA World Cup qualification,Kallang,Singapore,False
2015-10-08,Syria,Japan,0.0,3.0,FIFA World Cup qualification,Seeb,Oman,True
2015-10-08,Turkmenistan,India,2.0,1.0,FIFA World Cup qualification,Ashgabat,Turkmenistan,False
2015-10-08,Vietnam,Iraq,1.0,1.0,FIFA World Cup qualification,Hanoi,Vietnam,False
2015-10-09,Thailand,Hong Kong,1.0,0.0,Friendly,Bangkok,Thailand,False
2015-10-13,Bahrain,Philippines,2.0,0.0,FIFA World Cup qualification,Riffa,Bahrain,False
2015-10-13,Bhutan,Hong Kong,0.0,1.0,FIFA World Cup qualification,Thimphu,Bhutan,False
2015-10-13,Myanmar,Laos,3.0,1.0,FIFA World Cup qualification,Bangkok,Thailand,True
2015-10-13,Timor-Leste,Malaysia,0.0,3.0,FIFA World Cup qualification,Dili,Timor-Leste,False
2015-10-13,Iran,Japan,1.0,1.0,Friendly,Tehran,Iran,False
2015-10-13,Jordan,Tajikistan,3.0,0.0,FIFA World Cup qualification,Irbid,Jordan,False
2015-10-13,North Korea,Yemen,1.0,0.0,FIFA World Cup qualification,Pyongyang,North Korea,False
2015-10-13,Kuwait,Lebanon,0.0,0.0,FIFA World Cup qualification,Kuwait City,Kuwait,False
2015-10-13,Kyrgyzstan,Bangladesh,2.0,0.0,FIFA World Cup qualification,Bishkek,Kyrgyzstan,False
2015-10-13,Oman,India,3.0,0.0,FIFA World Cup qualification,Muscat,Oman,False
2015-10-13,Qatar,Maldives,4.0,0.0,FIFA World Cup qualification,Doha,Qatar,False
2015-10-13,Singapore,Cambodia,2.0,1.0,FIFA World Cup qualification,Kallang,Singapore,False
2015-10-13,Syria,Afghanistan,5.0,2.0,FIFA World Cup qualification,Seeb,Oman,True
2015-10-13,Turkmenistan,Guam,1.0,0.0,FIFA World Cup qualification,Ashgabat,Turkmenistan,False
2015-10-13,Vietnam,Thailand,0.0,3.0,FIFA World Cup qualification,Hanoi,Vietnam,False
2015-11-03,Cambodia,Brunei,6.0,1.0,Friendly,Phnom Penh,Cambodia,False
2015-11-05,United Arab Emirates,Turkmenistan,5.0,1.0,Friendly,Abu Dhabi,United Arab Emirates,False
2015-11-07,Hong Kong,Myanmar,5.0,0.0,Friendly,Kowloon,Hong Kong,False
2015-11-09,Palestine,Saudi Arabia,0.0,0.0,FIFA World Cup qualification,Amman,Jordan,True
2015-11-12,Afghanistan,Cambodia,3.0,0.0,FIFA World Cup qualification,Tehran,Iran,True
2015-11-12,Australia,Kyrgyzstan,3.0,0.0,FIFA World Cup qualification,Canberra,Australia,False
2015-11-12,China PR,Bhutan,12.0,0.0,FIFA World Cup qualification,Changsha,China PR,False
2015-11-12,India,Guam,1.0,0.0,FIFA World Cup qualification,Bangalore,India,False
2015-11-12,Iran,Turkmenistan,3.0,1.0,FIFA World Cup qualification,Tehran,Iran,False
2015-11-12,South Korea,Myanmar,4.0,0.0,FIFA World Cup qualification,Suwon,South Korea,False
2015-11-12,Lebanon,Laos,7.0,0.0,FIFA World Cup qualification,Sidon,Lebanon,False
2015-11-12,Maldives,Hong Kong,0.0,1.0,FIFA World Cup qualification,Malé,Maldives,False
2015-11-12,Palestine,Malaysia,6.0,0.0,FIFA World Cup qualification,Amman,Jordan,True
2015-11-12,Philippines,Yemen,0.0,1.0,FIFA World Cup qualification,Manila,Philippines,False
2015-11-12,Singapore,Japan,0.0,3.0,FIFA World Cup qualification,Kallang,Singapore,False
2015-11-12,Tajikistan,Bangladesh,5.0,0.0,FIFA World Cup qualification,Dushanbe,Tajikistan,False
2015-11-12,Thailand,Taiwan,4.0,2.0,FIFA World Cup qualification,Bangkok,Thailand,False
2015-11-12,United Arab Emirates,Timor-Leste,8.0,0.0,FIFA World Cup qualification,Abu Dhabi,United Arab Emirates,False
2015-11-12,Uzbekistan,North Korea,3.0,1.0,FIFA World Cup qualification,Tashkent,Uzbekistan,False
2015-11-14,Hong Kong,Macau,2.0,0.0,Friendly,Siu Sai Wan,Hong Kong,False
2015-11-17,Bangladesh,Australia,0.0,4.0,FIFA World Cup qualification,Dhaka,Bangladesh,False
2015-11-17,Bhutan,Qatar,0.0,3.0,FIFA World Cup qualification,Thimphu,Bhutan,False
2015-11-17,Myanmar,Kuwait,3.0,0.0,FIFA World Cup qualification,Bangkok,Thailand,True
2015-11-17,Cambodia,Japan,0.0,2.0,FIFA World Cup qualification,Phnom Penh,Cambodia,False
2015-11-17,Timor-Leste,Saudi Arabia,0.0,10.0,FIFA World Cup qualification,Dili,Timor-Leste,False
2015-11-17,Guam,Iran,0.0,6.0,FIFA World Cup qualification,Dededo,Guam,False
2015-11-17,Hong Kong,China PR,0.0,0.0,FIFA World Cup qualification,Kowloon,Hong Kong,False
2015-11-17,North Korea,Bahrain,2.0,0.0,FIFA World Cup qualification,Pyongyang,North Korea,False
2015-11-17,Kyrgyzstan,Jordan,1.0,0.0,FIFA World Cup qualification,Bishkek,Kyrgyzstan,False
2015-11-17,Laos,South Korea,0.0,5.0,FIFA World Cup qualification,Vientiane,Laos,False
2015-11-17,Malaysia,United Arab Emirates,1.0,2.0,FIFA World Cup qualification,Shah Alam,Malaysia,False
2015-11-17,Singapore,Syria,1.0,2.0,FIFA World Cup qualification,Kallang,Singapore,False
2015-11-17,Turkmenistan,Oman,2.0,1.0,FIFA World Cup qualification,Ashgabat,Turkmenistan,False
2015-11-17,Yemen,Uzbekistan,1.0,3.0,FIFA World Cup qualification,Doha,Qatar,True
2015-11-17,Taiwan,Iraq,0.0,2.0,FIFA World Cup qualification,Kaohsiung,Taiwan,False
2015-12-17,Bangladesh,Nepal,1.0,0.0,Friendly,Dhaka,Bangladesh,False
2015-12-23,Nepal,Sri Lanka,0.0,1.0,SAFF Cup,Thiruvananthapuram,India,True
2015-12-24,Afghanistan,Bangladesh,4.0,0.0,SAFF Cup,Thiruvananthapuram,India,True
2015-12-24,Maldives,Bhutan,3.0,1.0,SAFF Cup,Thiruvananthapuram,India,True
2015-12-25,India,Sri Lanka,2.0,0.0,SAFF Cup,Thiruvananthapuram,India,False
2015-12-26,Bangladesh,Maldives,1.0,3.0,SAFF Cup,Thiruvananthapuram,India,True
2015-12-26,Bhutan,Afghanistan,0.0,3.0,SAFF Cup,Thiruvananthapuram,India,True
2015-12-27,India,Nepal,4.0,1.0,SAFF Cup,Thiruvananthapuram,India,False
2015-12-28,Afghanistan,Maldives,4.0,1.0,SAFF Cup,Thiruvananthapuram,India,True
2015-12-28,Bhutan,Bangladesh,0.0,3.0,SAFF Cup,Thiruvananthapuram,India,True
2015-12-31,Afghanistan,Sri Lanka,5.0,0.0,SAFF Cup,Thiruvananthapuram,India,True
2015-12-31,India,Maldives,3.0,2.0,SAFF Cup,Thiruvananthapuram,India,False
2016-01-03,India,Afghanistan,2.0,1.0,SAFF Cup,Thiruvananthapuram,India,False
2016-01-08,Bangladesh,Sri Lanka,4.0,2.0,Friendly,Jessore,Bangladesh,False
2016-01-11,Maldives,Cambodia,3.0,2.0,Friendly,Jessore,Bangladesh,True
2016-01-13,Nepal,Sri Lanka,1.0,0.0,Friendly,Dhaka,Bangladesh,True
2016-01-15,Bangladesh,Nepal,0.0,0.0,Friendly,Dhaka,Bangladesh,False
2016-01-19,Maldives,Nepal,1.0,4.0,Friendly,Dhaka,Bangladesh,True
2016-02-05,Bahrain,Lebanon,2.0,0.0,Friendly,Riffa,Bahrain,False
2016-02-14,Uzbekistan,Lebanon,2.0,0.0,Friendly,Dubai,United Arab Emirates,True
2016-03-18,Iraq,Syria,0.0,1.0,Friendly,Tehran,Iran,True
2016-03-18,United Arab Emirates,Bangladesh,6.0,1.0,Friendly,Abu Dhabi,United Arab Emirates,False
2016-03-24,Australia,Tajikistan,7.0,0.0,FIFA World Cup qualification,Adelaide,Australia,False
2016-03-24,Bahrain,Yemen,3.0,0.0,FIFA World Cup qualification,Riffa,Bahrain,False
2016-03-24,China PR,Maldives,4.0,0.0,FIFA World Cup qualification,Wuhan,China PR,False
2016-03-24,Iran,India,4.0,0.0,FIFA World Cup qualification,Tehran,Iran,False
2016-03-24,Iraq,Thailand,2.0,2.0,FIFA World Cup qualification,Tehran,Iran,True
2016-03-24,Japan,Afghanistan,5.0,0.0,FIFA World Cup qualification,Saitama,Japan,False
2016-03-24,Jordan,Bangladesh,8.0,0.0,FIFA World Cup qualification,Amman,Jordan,False
2016-03-24,South Korea,Lebanon,1.0,0.0,FIFA World Cup qualification,Ansan,South Korea,False
2016-03-24,Oman,Guam,1.0,0.0,FIFA World Cup qualification,Muscat,Oman,False
2016-03-24,Qatar,Hong Kong,2.0,0.0,FIFA World Cup qualification,Doha,Qatar,False
2016-03-24,Saudi Arabia,Malaysia,2.0,0.0,FIFA World Cup qualification,Jeddah,Saudi Arabia,False
2016-03-24,Singapore,Myanmar,2.0,1.0,Friendly,Kallang,Singapore,False
2016-03-24,Syria,Cambodia,6.0,0.0,FIFA World Cup qualification,Seeb,Oman,True
2016-03-24,United Arab Emirates,Palestine,2.0,0.0,FIFA World Cup qualification,Abu Dhabi,United Arab Emirates,False
2016-03-24,Uzbekistan,Philippines,1.0,0.0,FIFA World Cup qualification,Tashkent,Uzbekistan,False
2016-03-24,Vietnam,Taiwan,4.0,1.0,FIFA World Cup qualification,Hanoi,Vietnam,False
2016-03-27,Thailand,South Korea,0.0,1.0,Friendly,Bangkok,Thailand,False
2016-03-29,Afghanistan,Singapore,2.0,1.0,FIFA World Cup qualification,Tehran,Iran,True
2016-03-29,Australia,Jordan,5.0,1.0,FIFA World Cup qualification,Sydney,Australia,False
2016-03-29,China PR,Qatar,2.0,0.0,FIFA World Cup qualification,Xi'an,China PR,False
2016-03-29,India,Turkmenistan,1.0,2.0,FIFA World Cup qualification,Kochi,India,False
2016-03-29,Iran,Oman,2.0,0.0,FIFA World Cup qualification,Tehran,Iran,False
2016-03-29,Iraq,Vietnam,1.0,0.0,FIFA World Cup qualification,Tehran,Iran,True
2016-03-29,Japan,Syria,5.0,0.0,FIFA World Cup qualification,Saitama,Japan,False
2016-03-29,Lebanon,Myanmar,1.0,1.0,FIFA World Cup qualification,Sidon,Lebanon,False
2016-03-29,Malaysia,Macau,0.0,0.0,Friendly,Krubong,Malaysia,False
2016-03-29,Maldives,Bhutan,4.0,2.0,FIFA World Cup qualification,Malé,Maldives,False
2016-03-29,Palestine,Timor-Leste,7.0,0.0,FIFA World Cup qualification,Hebron,Palestine,False
2016-03-29,Philippines,North Korea,3.0,2.0,FIFA World Cup qualification,Manila,Philippines,False
2016-03-29,Tajikistan,Kyrgyzstan,0.0,1.0,FIFA World Cup qualification,Dushanbe,Tajikistan,False
2016-03-29,United Arab Emirates,Saudi Arabia,1.0,1.0,FIFA World Cup qualification,Abu Dhabi,United Arab Emirates,False
2016-03-29,Uzbekistan,Bahrain,1.0,0.0,FIFA World Cup qualification,Tashkent,Uzbekistan,False
2016-05-28,Myanmar,Malaysia,0.0,0.0,Friendly,Yangon,Myanmar,False
2016-05-29,Cambodia,Timor-Leste,2.0,0.0,Friendly,Phnom Penh,Cambodia,False
2016-05-29,Laos,Nepal,1.0,1.0,Friendly,Vientiane,Laos,False
2016-05-31,Vietnam,Syria,2.0,0.0,Friendly,Thanh Hóa,Vietnam,False
2016-06-02,Laos,India,0.0,1.0,AFC Asian Cup qualification,Vientiane,Laos,False
2016-06-02,Malaysia,Timor-Leste,3.0,0.0,AFC Asian Cup qualification,Johor Bahru,Malaysia,False
2016-06-02,Maldives,Yemen,0.0,2.0,AFC Asian Cup qualification,Malé,Maldives,False
2016-06-02,Tajikistan,Bangladesh,5.0,0.0,AFC Asian Cup qualification,Dushanbe,Tajikistan,False
2016-06-03,Myanmar,Singapore,0.0,1.0,Friendly,Yangon,Myanmar,False
2016-06-03,Thailand,Syria,2.0,2.0,King's Cup,Bangkok,Thailand,False
2016-06-03,United Arab Emirates,Jordan,1.0,3.0,King's Cup,Bangkok,Thailand,True
2016-06-03,Vietnam,Hong Kong,2.0,2.0,Friendly,Yangon,Myanmar,True
2016-06-05,Thailand,Jordan,2.0,0.0,King's Cup,Bangkok,Thailand,False
2016-06-05,United Arab Emirates,Syria,0.0,1.0,King's Cup,Bangkok,Thailand,True
2016-06-06,Myanmar,Hong Kong,3.0,0.0,Friendly,Yangon,Myanmar,False
2016-06-06,Malaysia,Timor-Leste,3.0,0.0,AFC Asian Cup qualification,Johor Bahru,Malaysia,False
2016-06-06,Singapore,Vietnam,0.0,3.0,Friendly,Yangon,Myanmar,True
2016-06-07,Bangladesh,Tajikistan,0.0,1.0,AFC Asian Cup qualification,Dhaka,Bangladesh,False
2016-06-07,Cambodia,Taiwan,2.0,0.0,AFC Asian Cup qualification,Phnom Penh,Cambodia,False
2016-06-07,India,Laos,6.0,1.0,AFC Asian Cup qualification,Guwahati,India,False
2016-06-07,Iran,Kyrgyzstan,6.0,0.0,Friendly,Tehran,Iran,False
2016-06-07,Yemen,Maldives,2.0,0.0,AFC Asian Cup qualification,Doha,Qatar,True
2016-06-30,Macau,Mongolia,2.0,2.0,EAFF Championship,Dededo,Guam,True
2016-07-02,Mongolia,Taiwan,0.0,2.0,EAFF Championship,Dededo,Guam,True
2016-07-02,Northern Mariana Islands,Macau,1.0,3.0,EAFF Championship,Dededo,Guam,True
2016-07-04,Northern Mariana Islands,Mongolia,0.0,8.0,EAFF Championship,Dededo,Guam,True
2016-07-24,Uzbekistan,Iraq,2.0,1.0,Friendly,Tashkent,Uzbekistan,False
2016-07-28,Cambodia,Singapore,2.0,1.0,Friendly,Phnom Penh,Cambodia,False
2016-08-08,Oman,Turkmenistan,1.0,0.0,Friendly,Muscat,Oman,False
2016-08-08,Qatar,Iraq,2.0,1.0,Friendly,Doha,Qatar,False
2016-08-13,Bhutan,India,0.0,3.0,Friendly,Thimphu,Bhutan,False
2016-08-18,Jordan,Qatar,2.0,3.0,Friendly,Lucerne,Switzerland,True
2016-08-21,Iraq,North Korea,1.0,1.0,Friendly,Paroi,Malaysia,True
2016-08-24,North Korea,United Arab Emirates,2.0,0.0,Friendly,Shanghai,China PR,True
2016-08-24,Saudi Arabia,Laos,4.0,0.0,Friendly,Doha,Qatar,True
2016-08-27,Tajikistan,Syria,0.0,0.0,Friendly,Khujand,Tajikistan,False
2016-08-31,Lebanon,Jordan,1.0,1.0,Friendly,Beirut,Lebanon,False
2016-09-01,Australia,Iraq,2.0,0.0,FIFA World Cup qualification,Perth,Australia,False
2016-09-01,Bahrain,Singapore,3.0,1.0,Friendly,Riffa,Bahrain,False
2016-09-01,Hong Kong,Cambodia,4.0,2.0,Friendly,Kowloon,Hong Kong,False
2016-09-01,Iran,Qatar,2.0,0.0,FIFA World Cup qualification,Tehran,Iran,False
2016-09-01,Japan,United Arab Emirates,1.0,2.0,FIFA World Cup qualification,Saitama,Japan,False
2016-09-01,South Korea,China PR,3.0,2.0,FIFA World Cup qualification,Seoul,South Korea,False
2016-09-01,Maldives,Bangladesh,5.0,0.0,Friendly,Malé,Maldives,False
2016-09-01,Saudi Arabia,Thailand,1.0,0.0,FIFA World Cup qualification,Riyadh,Saudi Arabia,False
2016-09-01,Uzbekistan,Syria,1.0,0.0,FIFA World Cup qualification,Tashkent,Uzbekistan,False
2016-09-04,Bahrain,Jordan,0.0,0.0,Friendly,Isa Town,Bahrain,False
2016-09-05,Lebanon,Afghanistan,2.0,0.0,Friendly,Beirut,Lebanon,False
2016-09-06,Bangladesh,Bhutan,0.0,0.0,AFC Asian Cup qualification,Dhaka,Bangladesh,False
2016-09-06,China PR,Iran,0.0,0.0,FIFA World Cup qualification,Shenyang,China PR,False
2016-09-06,Indonesia,Malaysia,3.0,0.0,Friendly,Surakarta,Indonesia,False
2016-09-06,Iraq,Saudi Arabia,1.0,2.0,FIFA World Cup qualification,Shah Alam,Malaysia,True
2016-09-06,Kyrgyzstan,Philippines,1.0,2.0,Friendly,Bishkek,Kyrgyzstan,False
2016-09-06,Maldives,Laos,4.0,0.0,AFC Asian Cup qualification,Malé,Maldives,False
2016-09-06,Palestine,Tajikistan,1.0,1.0,Friendly,Hebron,Palestine,False
2016-09-06,Qatar,Uzbekistan,0.0,1.0,FIFA World Cup qualification,Doha,Qatar,False
2016-09-06,Syria,South Korea,0.0,0.0,FIFA World Cup qualification,Paroi,Malaysia,True
2016-09-06,Thailand,Japan,0.0,2.0,FIFA World Cup qualification,Bangkok,Thailand,False
2016-09-06,United Arab Emirates,Australia,0.0,1.0,FIFA World Cup qualification,Abu Dhabi,United Arab Emirates,False
2016-10-05,Tajikistan,Palestine,3.0,3.0,Friendly,Dushanbe,Tajikistan,False
2016-10-06,Cambodia,Hong Kong,0.0,2.0,Friendly,Phnom Penh,Cambodia,False
2016-10-06,China PR,Syria,0.0,1.0,FIFA World Cup qualification,Xi'an,China PR,False
2016-10-06,Japan,Iraq,2.0,1.0,FIFA World Cup qualification,Saitama,Japan,False
2016-10-06,South Korea,Qatar,3.0,2.0,FIFA World Cup qualification,Suwon,South Korea,False
2016-10-06,Kyrgyzstan,Lebanon,0.0,0.0,Friendly,Bishkek,Kyrgyzstan,False
2016-10-06,Saudi Arabia,Australia,2.0,2.0,FIFA World Cup qualification,Jeddah,Saudi Arabia,False
2016-10-06,United Arab Emirates,Thailand,3.0,1.0,FIFA World Cup qualification,Abu Dhabi,United Arab Emirates,False
2016-10-06,Uzbekistan,Iran,0.0,1.0,FIFA World Cup qualification,Tashkent,Uzbekistan,False
2016-10-06,Vietnam,North Korea,5.0,2.0,Friendly,Ho Chi Minh City,Vietnam,False
2016-10-07,Oman,Jordan,1.0,1.0,Friendly,Muscat,Oman,False
2016-10-07,Philippines,Bahrain,1.0,3.0,Friendly,Manila,Philippines,False
2016-10-07,Singapore,Malaysia,0.0,0.0,Friendly,Kallang,Singapore,False
2016-10-08,Taiwan,Timor-Leste,2.0,1.0,AFC Asian Cup qualification,Kaohsiung,Taiwan,False
2016-10-09,Cambodia,Sri Lanka,4.0,0.0,Friendly,Phnom Penh,Cambodia,False
2016-10-09,Indonesia,Vietnam,2.0,2.0,Friendly,Sleman,Indonesia,False
2016-10-10,Bhutan,Bangladesh,3.0,1.0,AFC Asian Cup qualification,Thimphu,Bhutan,False
2016-10-10,Philippines,North Korea,1.0,3.0,Friendly,Manila,Philippines,False
2016-10-11,Australia,Japan,1.0,1.0,FIFA World Cup qualification,Melbourne,Australia,False
2016-10-11,Hong Kong,Singapore,2.0,0.0,Friendly,Kowloon,Hong Kong,False
2016-10-11,Iran,South Korea,1.0,0.0,FIFA World Cup qualification,Tehran,Iran,False
2016-10-11,Iraq,Thailand,4.0,0.0,FIFA World Cup qualification,Tehran,Iran,True
2016-10-11,Kyrgyzstan,Turkmenistan,1.0,0.0,Friendly,Bishkek,Kyrgyzstan,False
2016-10-11,Laos,Maldives,1.0,1.0,AFC Asian Cup qualification,Vientiane,Laos,False
2016-10-11,Malaysia,Afghanistan,1.0,1.0,Friendly,Shah Alam,Malaysia,False
2016-10-11,Oman,Bahrain,2.0,2.0,Friendly,Muscat,Oman,False
2016-10-11,Qatar,Syria,1.0,0.0,FIFA World Cup qualification,Doha,Qatar,False
2016-10-11,Saudi Arabia,United Arab Emirates,3.0,0.0,FIFA World Cup qualification,Jeddah,Saudi Arabia,False
2016-10-11,Uzbekistan,China PR,2.0,0.0,FIFA World Cup qualification,Tashkent,Uzbekistan,False
2016-10-15,Brunei,Timor-Leste,2.0,1.0,AFF Championship qualification,Phnom Penh,Cambodia,True
2016-10-15,Cambodia,Laos,2.0,1.0,AFF Championship qualification,Phnom Penh,Cambodia,False
2016-10-18,Cambodia,Brunei,3.0,0.0,AFF Championship qualification,Phnom Penh,Cambodia,False
2016-10-18,Timor-Leste,Laos,1.0,2.0,AFF Championship qualification,Phnom Penh,Cambodia,True
2016-10-21,Cambodia,Timor-Leste,3.0,2.0,AFF Championship qualification,Phnom Penh,Cambodia,False
2016-10-21,Laos,Brunei,4.0,3.0,AFF Championship qualification,Phnom Penh,Cambodia,True
2016-11-02,Brunei,Timor-Leste,4.0,0.0,AFC Challenge Cup,Kuching,Malaysia,True
2016-11-03,Macau,Mongolia,2.0,1.0,AFC Challenge Cup,Kuching,Malaysia,True
2016-11-03,Sri Lanka,Laos,1.0,2.0,AFC Challenge Cup,Kuching,Malaysia,True
2016-11-04,Myanmar,Indonesia,0.0,0.0,Friendly,Yangon,Myanmar,False
2016-11-05,Timor-Leste,Nepal,0.0,0.0,AFC Challenge Cup,Kuching,Malaysia,True
2016-11-06,Hong Kong,Guam,3.0,2.0,EAFF Championship,Kowloon,Hong Kong,False
2016-11-06,Jordan,Iraq,0.0,0.0,Friendly,Amman,Jordan,False
2016-11-06,North Korea,Taiwan,2.0,0.0,EAFF Championship,Kowloon,Hong Kong,True
2016-11-06,Laos,Macau,1.0,4.0,AFC Challenge Cup,Kuching,Malaysia,True
2016-11-06,Mongolia,Sri Lanka,2.0,0.0,AFC Challenge Cup,Kuching,Malaysia,True
2016-11-08,Nepal,Brunei,3.0,0.0,AFC Challenge Cup,Kuching,Malaysia,True
2016-11-08,Vietnam,Indonesia,3.0,2.0,Friendly,Hanoi,Vietnam,False
2016-11-09,Guam,North Korea,0.0,2.0,EAFF Championship,Kowloon,Hong Kong,True
2016-11-09,Hong Kong,Taiwan,4.0,2.0,EAFF Championship,Kowloon,Hong Kong,False
2016-11-09,Mongolia,Laos,0.0,3.0,AFC Challenge Cup,Kuching,Malaysia,True
2016-11-09,Philippines,Kyrgyzstan,1.0,0.0,Friendly,Manila,Philippines,False
2016-11-09,Sri Lanka,Macau,1.0,1.0,AFC Challenge Cup,Kuching,Malaysia,True
2016-11-09,Syria,Singapore,2.0,0.0,Friendly,Paroi,Malaysia,True
2016-11-09,Tajikistan,Turkmenistan,3.0,0.0,Friendly,Dushanbe,Tajikistan,False
2016-11-09,United Arab Emirates,Bahrain,2.0,0.0,Friendly,Al Ain,United Arab Emirates,False
2016-11-10,Lebanon,Palestine,1.0,1.0,Friendly,Beirut,Lebanon,False
2016-11-10,Uzbekistan,Jordan,1.0,0.0,Friendly,Tashkent,Uzbekistan,False
2016-11-11,Japan,Oman,4.0,0.0,Kirin Challenge Cup,Kashima,Japan,False
2016-11-12,Hong Kong,North Korea,0.0,1.0,EAFF Championship,Kowloon,Hong Kong,False
2016-11-12,Macau,Brunei,1.0,1.0,AFC Challenge Cup,Kuching,Malaysia,True
2016-11-12,Nepal,Laos,2.0,2.0,AFC Challenge Cup,Kuching,Malaysia,True
2016-11-13,Singapore,Cambodia,1.0,0.0,Friendly,Bishan,Singapore,False
2016-11-13,Tajikistan,Afghanistan,1.0,0.0,Friendly,Dushanbe,Tajikistan,False
2016-11-14,Myanmar,Oman,0.0,3.0,Friendly,Yangon,Myanmar,False
2016-11-14,Laos,Brunei,3.0,2.0,AFC Challenge Cup,Kuching,Malaysia,True
2016-11-15,Bahrain,Kyrgyzstan,0.0,0.0,Friendly,Riffa,Bahrain,False
2016-11-15,China PR,Qatar,0.0,0.0,FIFA World Cup qualification,Kunming,China PR,False
2016-11-15,Japan,Saudi Arabia,2.0,1.0,FIFA World Cup qualification,Saitama,Japan,False
2016-11-15,Jordan,Lebanon,0.0,0.0,Friendly,Amman,Jordan,False
2016-11-15,South Korea,Uzbekistan,2.0,1.0,FIFA World Cup qualification,Seoul,South Korea,False
2016-11-15,Nepal,Macau,1.0,0.0,AFC Challenge Cup,Kuching,Malaysia,True
2016-11-15,Syria,Iran,0.0,0.0,FIFA World Cup qualification,Paroi,Malaysia,True
2016-11-15,Thailand,Australia,2.0,2.0,FIFA World Cup qualification,Bangkok,Thailand,False
2016-11-15,United Arab Emirates,Iraq,2.0,0.0,FIFA World Cup qualification,Abu Dhabi,United Arab Emirates,False
2016-11-19,Philippines,Singapore,0.0,0.0,AFF Championship,Bocaue,Philippines,False
2016-11-19,Thailand,Indonesia,4.0,2.0,AFF Championship,Bocaue,Philippines,True
2016-11-20,Myanmar,Vietnam,1.0,2.0,AFF Championship,Yangon,Myanmar,False
2016-11-20,Malaysia,Cambodia,3.0,2.0,AFF Championship,Yangon,Myanmar,True
2016-11-22,Philippines,Indonesia,2.0,2.0,AFF Championship,Bocaue,Philippines,False
2016-11-22,Thailand,Singapore,1.0,0.0,AFF Championship,Bocaue,Philippines,True
2016-11-23,Myanmar,Cambodia,3.0,1.0,AFF Championship,Yangon,Myanmar,False
2016-11-23,Malaysia,Vietnam,0.0,1.0,AFF Championship,Yangon,Myanmar,True
2016-11-25,Philippines,Thailand,0.0,1.0,AFF Championship,Bocaue,Philippines,False
2016-11-25,Singapore,Indonesia,1.0,2.0,AFF Championship,Manila,Philippines,True
2016-11-26,Myanmar,Malaysia,1.0,0.0,AFF Championship,Yangon,Myanmar,False
2016-11-26,Vietnam,Cambodia,2.0,1.0,AFF Championship,Naypyidaw,Myanmar,True
2016-12-03,Indonesia,Vietnam,2.0,1.0,AFF Championship,Bogor,Indonesia,False
2016-12-04,Myanmar,Thailand,0.0,2.0,AFF Championship,Yangon,Myanmar,False
2016-12-07,Vietnam,Indonesia,2.0,2.0,AFF Championship,Hanoi,Vietnam,False
2016-12-08,Thailand,Myanmar,4.0,0.0,AFF Championship,Bangkok,Thailand,False
2016-12-14,Indonesia,Thailand,2.0,1.0,AFF Championship,Bogor,Indonesia,False
2016-12-17,Thailand,Indonesia,2.0,0.0,AFF Championship,Bangkok,Thailand,False
2017-01-14,Cambodia,Saudi Arabia,2.0,7.0,Friendly,Abu Dhabi,United Arab Emirates,True
2017-03-18,Iran,Iraq,0.0,1.0,Friendly,Tehran,Iran,False
2017-03-21,Indonesia,Myanmar,1.0,3.0,Friendly,Cibinong,Indonesia,False
2017-03-22,Cambodia,India,2.0,3.0,Friendly,Phnom Penh,Cambodia,False
2017-03-22,Philippines,Malaysia,0.0,0.0,Friendly,Manila,Philippines,False
2017-03-22,Vietnam,Taiwan,1.0,1.0,Friendly,Hanoi,Vietnam,False
2017-03-22,Yemen,Palestine,0.0,1.0,Friendly,Al Wakrah,Qatar,True
2017-03-23,Afghanistan,Singapore,2.0,1.0,Friendly,Al Wakrah,Qatar,True
2017-03-23,Bahrain,Tajikistan,1.0,1.0,Friendly,Riffa,Bahrain,False
2017-03-23,China PR,South Korea,1.0,0.0,FIFA World Cup qualification,Changsha,China PR,False
2017-03-23,Iraq,Australia,1.0,1.0,FIFA World Cup qualification,Tehran,Iran,True
2017-03-23,Jordan,Hong Kong,4.0,0.0,Friendly,Amman,Jordan,False
2017-03-23,Qatar,Iran,0.0,1.0,FIFA World Cup qualification,Doha,Qatar,False
2017-03-23,Syria,Uzbekistan,1.0,0.0,FIFA World Cup qualification,Paya Rumput,Malaysia,True
2017-03-23,Thailand,Saudi Arabia,0.0,3.0,FIFA World Cup qualification,Bangkok,Thailand,False
2017-03-23,United Arab Emirates,Japan,0.0,2.0,FIFA World Cup qualification,Al Ain,United Arab Emirates,False
2017-03-28,Afghanistan,Vietnam,1.0,1.0,AFC Asian Cup qualification,Dushanbe,Tajikistan,True
2017-03-28,Australia,United Arab Emirates,2.0,0.0,FIFA World Cup qualification,Sydney,Australia,False
2017-03-28,Bahrain,Singapore,0.0,0.0,AFC Asian Cup qualification,Riffa,Bahrain,False
2017-03-28,Myanmar,India,0.0,1.0,AFC Asian Cup qualification,Yangon,Myanmar,False
2017-03-28,Iran,China PR,1.0,0.0,FIFA World Cup qualification,Tehran,Iran,False
2017-03-28,Japan,Thailand,4.0,0.0,FIFA World Cup qualification,Saitama,Japan,False
2017-03-28,Jordan,Cambodia,7.0,0.0,AFC Asian Cup qualification,Amman,Jordan,False
2017-03-28,South Korea,Syria,1.0,0.0,FIFA World Cup qualification,Seoul,South Korea,False
2017-03-28,Kyrgyzstan,Macau,1.0,0.0,AFC Asian Cup qualification,Bishkek,Kyrgyzstan,False
2017-03-28,Lebanon,Hong Kong,2.0,0.0,AFC Asian Cup qualification,Beirut,Lebanon,False
2017-03-28,Maldives,Palestine,0.0,3.0,AFC Asian Cup qualification,Malé,Maldives,False
2017-03-28,Oman,Bhutan,14.0,0.0,AFC Asian Cup qualification,Muscat,Oman,False
2017-03-28,Philippines,Nepal,4.0,1.0,AFC Asian Cup qualification,Manila,Philippines,False
2017-03-28,Saudi Arabia,Iraq,1.0,0.0,FIFA World Cup qualification,Jeddah,Saudi Arabia,False
2017-03-28,Uzbekistan,Qatar,1.0,0.0,FIFA World Cup qualification,Tashkent,Uzbekistan,False
2017-03-28,Yemen,Tajikistan,2.0,1.0,AFC Asian Cup qualification,Doha,Qatar,True
2017-06-01,Iraq,Jordan,1.0,0.0,Friendly,Basra,Iraq,False
2017-06-02,Oman,Syria,1.0,1.0,Friendly,Muscat,Oman,False
2017-06-06,Afghanistan,Maldives,2.0,1.0,Friendly,Dubai,United Arab Emirates,True
2017-06-06,Bahrain,Palestine,0.0,2.0,Friendly,Riffa,Bahrain,False
2017-06-06,India,Nepal,2.0,0.0,Friendly,Bombay,India,False
2017-06-06,Qatar,North Korea,2.0,2.0,Friendly,Doha,Qatar,False
2017-06-06,Uzbekistan,Thailand,2.0,0.0,Friendly,Tashkent,Uzbekistan,False
2017-06-07,China PR,Philippines,8.0,1.0,Friendly,Guangzhou,China PR,False
2017-06-07,Hong Kong,Jordan,0.0,0.0,Friendly,Kowloon,Hong Kong,False
2017-06-07,Iraq,South Korea,0.0,0.0,Friendly,Ras al-Khaimah,United Arab Emirates,True
2017-06-07,Japan,Syria,1.0,1.0,Kirin Challenge Cup,Chōfu,Japan,False
2017-06-07,United Arab Emirates,Laos,4.0,0.0,Friendly,Shah Alam,Malaysia,True
2017-06-08,Australia,Saudi Arabia,3.0,2.0,FIFA World Cup qualification,Adelaide,Australia,False
2017-06-08,Cambodia,Indonesia,0.0,2.0,Friendly,Phnom Penh,Cambodia,False
2017-06-10,Singapore,Taiwan,1.0,2.0,AFC Asian Cup qualification,Kallang,Singapore,False
2017-06-12,Iran,Uzbekistan,2.0,0.0,FIFA World Cup qualification,Tehran,Iran,False
2017-06-13,Bhutan,Maldives,0.0,2.0,AFC Asian Cup qualification,Thimphu,Bhutan,False
2017-06-13,Cambodia,Afghanistan,1.0,0.0,AFC Asian Cup qualification,Phnom Penh,Cambodia,False
2017-06-13,Hong Kong,North Korea,1.0,1.0,AFC Asian Cup qualification,So Kon Po,Hong Kong,False
2017-06-13,India,Kyrgyzstan,1.0,0.0,AFC Asian Cup qualification,Bangalore,India,False
2017-06-13,Iraq,Japan,1.0,1.0,FIFA World Cup qualification,Tehran,Iran,True
2017-06-13,Macau,Myanmar,0.0,4.0,AFC Asian Cup qualification,Macau,Macau,False
2017-06-13,Malaysia,Lebanon,1.0,2.0,AFC Asian Cup qualification,Johor Bahru,Malaysia,False
2017-06-13,Nepal,Yemen,0.0,0.0,AFC Asian Cup qualification,Kathmandu,Nepal,False
2017-06-13,Palestine,Oman,2.0,1.0,AFC Asian Cup qualification,Al-Ram,Palestine,False
2017-06-13,Qatar,South Korea,3.0,2.0,FIFA World Cup qualification,Doha,Qatar,False
2017-06-13,Syria,China PR,2.0,2.0,FIFA World Cup qualification,Paya Rumput,Malaysia,True
2017-06-13,Tajikistan,Philippines,3.0,4.0,AFC Asian Cup qualification,Dushanbe,Tajikistan,False
2017-06-13,Thailand,United Arab Emirates,1.0,1.0,FIFA World Cup qualification,Bangkok,Thailand,False
2017-06-13,Turkmenistan,Bahrain,1.0,2.0,AFC Asian Cup qualification,Daşoguz,Turkmenistan,False
2017-06-13,Vietnam,Jordan,0.0,0.0,AFC Asian Cup qualification,Ho Chi Minh City,Vietnam,False
2017-07-14,Thailand,North Korea,3.0,0.0,King's Cup,Bangkok,Thailand,False
2017-08-22,Malaysia,Syria,1.0,2.0,Friendly,Paya Rumput,Malaysia,False
2017-08-23,Qatar,Turkmenistan,2.0,1.0,Friendly,Al Rayyan,Qatar,False
2017-08-26,Iraq,Syria,1.0,1.0,Friendly,Paya Rumput,Malaysia,True
2017-08-29,Bahrain,Jordan,0.0,0.0,Friendly,Isa Town,Bahrain,False
2017-08-29,Myanmar,Malaysia,1.0,0.0,Friendly,Yangon,Myanmar,False
2017-08-29,United Arab Emirates,Saudi Arabia,2.0,1.0,FIFA World Cup qualification,Al Ain,United Arab Emirates,False
2017-08-30,Oman,Afghanistan,2.0,0.0,Friendly,Muscat,Oman,False
2017-08-31,China PR,Uzbekistan,1.0,0.0,FIFA World Cup qualification,Wuhan,China PR,False
2017-08-31,Japan,Australia,2.0,0.0,FIFA World Cup qualification,Saitama,Japan,False
2017-08-31,South Korea,Iran,0.0,0.0,FIFA World Cup qualification,Seoul,South Korea,False
2017-08-31,Singapore,Hong Kong,1.0,1.0,Friendly,Kallang,Singapore,False
2017-08-31,Syria,Qatar,3.0,1.0,FIFA World Cup qualification,Paya Rumput,Malaysia,True
2017-08-31,Thailand,Iraq,1.0,2.0,FIFA World Cup qualification,Bangkok,Thailand,False
2017-09-05,Australia,Thailand,2.0,1.0,FIFA World Cup qualification,Melbourne,Australia,False
2017-09-05,Bahrain,Taiwan,5.0,0.0,AFC Asian Cup qualification,Riffa,Bahrain,False
2017-09-05,Bhutan,Palestine,0.0,2.0,AFC Asian Cup qualification,Thimphu,Bhutan,False
2017-09-05,Cambodia,Vietnam,1.0,2.0,AFC Asian Cup qualification,Phnom Penh,Cambodia,False
2017-09-05,Iran,Syria,2.0,2.0,FIFA World Cup qualification,Tehran,Iran,False
2017-09-05,Iraq,United Arab Emirates,1.0,0.0,FIFA World Cup qualification,Amman,Jordan,True
2017-09-05,Jordan,Afghanistan,4.0,1.0,AFC Asian Cup qualification,Amman,Jordan,False
2017-09-05,North Korea,Lebanon,2.0,2.0,AFC Asian Cup qualification,Pyongyang,North Korea,False
2017-09-05,Macau,India,0.0,2.0,AFC Asian Cup qualification,Macau,Macau,False
2017-09-05,Malaysia,Hong Kong,1.0,1.0,AFC Asian Cup qualification,Paya Rumput,Malaysia,False
2017-09-05,Nepal,Tajikistan,1.0,2.0,AFC Asian Cup qualification,Lalitpur,Nepal,False
2017-09-05,Oman,Maldives,5.0,0.0,AFC Asian Cup qualification,Muscat,Oman,False
2017-09-05,Philippines,Yemen,2.0,2.0,AFC Asian Cup qualification,Bacolod,Philippines,False
2017-09-05,Qatar,China PR,1.0,2.0,FIFA World Cup qualification,Doha,Qatar,False
2017-09-05,Saudi Arabia,Japan,1.0,0.0,FIFA World Cup qualification,Jeddah,Saudi Arabia,False
2017-09-05,Singapore,Turkmenistan,1.0,1.0,AFC Asian Cup qualification,Kallang,Singapore,False
2017-09-05,Uzbekistan,South Korea,0.0,0.0,FIFA World Cup qualification,Tashkent,Uzbekistan,False
2017-10-02,Macau,Laos,3.0,1.0,Friendly,Macau,Macau,False
2017-10-05,Myanmar,Thailand,1.0,3.0,Friendly,Mandalay,Myanmar,False
2017-10-05,Hong Kong,Laos,4.0,0.0,Friendly,Kowloon,Hong Kong,False
2017-10-05,Qatar,Singapore,3.0,1.0,Friendly,Doha,Qatar,False
2017-10-05,Syria,Australia,1.0,1.0,FIFA World Cup qualification,Paya Rumput,Malaysia,True
2017-10-05,Taiwan,Mongolia,4.0,2.0,Friendly,Taipei,Taiwan,False
2017-10-10,Afghanistan,Jordan,3.0,3.0,AFC Asian Cup qualification,Dushanbe,Tajikistan,True
2017-10-10,Australia,Syria,2.0,1.0,FIFA World Cup qualification,Sydney,Australia,False
2017-10-10,Myanmar,Kyrgyzstan,2.0,2.0,AFC Asian Cup qualification,Yangon,Myanmar,False
2017-10-10,Hong Kong,Malaysia,2.0,0.0,AFC Asian Cup qualification,So Kon Po,Hong Kong,False
2017-10-10,Lebanon,North Korea,5.0,0.0,AFC Asian Cup qualification,Beirut,Lebanon,False
2017-10-10,Maldives,Oman,1.0,3.0,AFC Asian Cup qualification,Malé,Maldives,False
2017-10-10,Palestine,Bhutan,10.0,0.0,AFC Asian Cup qualification,Hebron,Palestine,False
2017-10-10,Taiwan,Bahrain,2.0,1.0,AFC Asian Cup qualification,Taipei,Taiwan,False
2017-10-10,Tajikistan,Nepal,3.0,0.0,AFC Asian Cup qualification,Hisor,Tajikistan,False
2017-10-10,Turkmenistan,Singapore,2.0,1.0,AFC Asian Cup qualification,Ashgabat,Turkmenistan,False
2017-10-10,Vietnam,Cambodia,5.0,0.0,AFC Asian Cup qualification,Hanoi,Vietnam,False
2017-10-10,Yemen,Philippines,1.0,1.0,AFC Asian Cup qualification,Al Wakrah,Qatar,True
2017-10-11,India,Macau,4.0,1.0,AFC Asian Cup qualification,Bangalore,India,False
2017-11-09,Cambodia,Myanmar,1.0,2.0,Friendly,Phnom Penh,Cambodia,False
2017-11-09,Hong Kong,Bahrain,0.0,2.0,Friendly,Kowloon,Hong Kong,False
2017-11-09,Singapore,Lebanon,0.0,1.0,Friendly,Kallang,Singapore,False
2017-11-10,North Korea,Malaysia,4.0,1.0,AFC Asian Cup qualification,Buriram,Thailand,True
2017-11-13,Iraq,Syria,1.0,1.0,Friendly,Karbala,Iraq,False
2017-11-13,Malaysia,North Korea,1.0,4.0,AFC Asian Cup qualification,Buriram,Thailand,True
2017-11-14,Bhutan,Oman,2.0,4.0,AFC Asian Cup qualification,Thimphu,Bhutan,False
2017-11-14,Cambodia,Jordan,0.0,1.0,AFC Asian Cup qualification,Phnom Penh,Cambodia,False
2017-11-14,Hong Kong,Lebanon,0.0,1.0,AFC Asian Cup qualification,So Kon Po,Hong Kong,False
2017-11-14,India,Myanmar,2.0,2.0,AFC Asian Cup qualification,Margao,India,False
2017-11-14,Macau,Kyrgyzstan,3.0,4.0,AFC Asian Cup qualification,Macau,Macau,False
2017-11-14,Nepal,Philippines,0.0,0.0,AFC Asian Cup qualification,Lalitpur,Nepal,False
2017-11-14,Palestine,Maldives,8.0,1.0,AFC Asian Cup qualification,Jenin,Palestine,False
2017-11-14,Singapore,Bahrain,0.0,3.0,AFC Asian Cup qualification,Kallang,Singapore,False
2017-11-14,Tajikistan,Yemen,0.0,0.0,AFC Asian Cup qualification,Hisor,Tajikistan,False
2017-11-14,Turkmenistan,Taiwan,2.0,1.0,AFC Asian Cup qualification,Balkanabat,Turkmenistan,False
2017-11-14,United Arab Emirates,Uzbekistan,1.0,0.0,Friendly,Al Ain,United Arab Emirates,False
2017-11-14,Vietnam,Afghanistan,0.0,0.0,AFC Asian Cup qualification,Hanoi,Vietnam,False
2017-12-01,Laos,Philippines,1.0,3.0,Friendly,Taipei,Taiwan,True
2017-12-02,Indonesia,Brunei,4.0,0.0,Friendly,Banda Aceh,Indonesia,False
2017-12-02,Kyrgyzstan,Mongolia,3.0,0.0,Friendly,Banda Aceh,Indonesia,True
2017-12-03,Laos,Timor-Leste,2.0,1.0,Friendly,Taipei,Taiwan,True
2017-12-03,Taiwan,Philippines,3.0,0.0,Friendly,Taipei,Taiwan,False
2017-12-04,Brunei,Kyrgyzstan,0.0,4.0,Friendly,Banda Aceh,Indonesia,True
2017-12-04,Indonesia,Mongolia,3.0,2.0,Friendly,Banda Aceh,Indonesia,False
2017-12-04,Taiwan,Timor-Leste,3.0,1.0,Friendly,Taipei,Taiwan,False
2017-12-05,Timor-Leste,Philippines,1.0,0.0,Friendly,Taipei,Taiwan,True
2017-12-05,Taiwan,Laos,2.0,0.0,Friendly,Taipei,Taiwan,False
2017-12-06,Indonesia,Kyrgyzstan,0.0,1.0,Friendly,Banda Aceh,Indonesia,False
2017-12-09,Japan,North Korea,1.0,0.0,EAFF Championship,Chōfu,Japan,False
2017-12-09,South Korea,China PR,2.0,2.0,EAFF Championship,Chōfu,Japan,True
2017-12-12,Japan,China PR,2.0,1.0,EAFF Championship,Chōfu,Japan,False
2017-12-12,North Korea,South Korea,0.0,1.0,EAFF Championship,Chōfu,Japan,True
2017-12-16,China PR,North Korea,1.0,1.0,EAFF Championship,Chōfu,Japan,True
2017-12-16,Japan,South Korea,1.0,4.0,EAFF Championship,Chōfu,Japan,False
2017-12-18,Bahrain,Kuwait,0.0,0.0,Friendly,Riffa,Bahrain,False
2017-12-22,Kuwait,Saudi Arabia,1.0,2.0,Gulf Cup,Kuwait City,Kuwait,False
2017-12-22,Oman,United Arab Emirates,0.0,1.0,Gulf Cup,Kuwait City,Kuwait,True
2017-12-23,Bahrain,Iraq,1.0,1.0,Gulf Cup,Kuwait City,Kuwait,True
2017-12-23,Qatar,Yemen,4.0,0.0,Gulf Cup,Kuwait City,Kuwait,True
2017-12-25,Kuwait,Oman,0.0,1.0,Gulf Cup,Kuwait City,Kuwait,False
2017-12-25,United Arab Emirates,Saudi Arabia,0.0,0.0,Gulf Cup,Kuwait City,Kuwait,True
2017-12-26,Iraq,Qatar,2.0,1.0,Gulf Cup,Kuwait City,Kuwait,True
2017-12-26,Yemen,Bahrain,0.0,1.0,Gulf Cup,Kuwait City,Kuwait,True
2017-12-28,Kuwait,United Arab Emirates,0.0,0.0,Gulf Cup,Kuwait City,Kuwait,False
2017-12-28,Saudi Arabia,Oman,0.0,2.0,Gulf Cup,Kuwait City,Kuwait,True
2017-12-29,Iraq,Yemen,3.0,0.0,Gulf Cup,Kuwait City,Kuwait,True
2017-12-29,Qatar,Bahrain,1.0,1.0,Gulf Cup,Kuwait City,Kuwait,True
2018-01-02,Iraq,United Arab Emirates,0.0,0.0,Gulf Cup,Kuwait City,Kuwait,True
2018-01-02,Oman,Bahrain,1.0,0.0,Gulf Cup,Kuwait City,Kuwait,True
2018-01-05,Oman,United Arab Emirates,0.0,0.0,Gulf Cup,Kuwait City,Kuwait,True
2018-02-28,Iraq,Saudi Arabia,4.0,1.0,Friendly,Basra,Iraq,False
2018-03-21,Iraq,Qatar,2.0,3.0,Friendly,Basra,Iraq,False
2018-03-21,Jordan,Kuwait,1.0,0.0,Friendly,Amman,Jordan,False
2018-03-21,Laos,Cambodia,0.0,1.0,Friendly,Vientiane,Laos,False
2018-03-22,Bahrain,Palestine,0.0,0.0,Friendly,Riffa,Bahrain,False
2018-03-22,Kyrgyzstan,Myanmar,5.0,1.0,AFC Asian Cup qualification,Incheon,South Korea,True
2018-03-22,Malaysia,Mongolia,2.0,2.0,Friendly,Kuala Lumpur,Malaysia,False
2018-03-23,Singapore,Maldives,3.0,2.0,Friendly,Kallang,Singapore,False
2018-03-24,Qatar,Syria,2.0,2.0,Friendly,Basra,Iraq,True
2018-03-27,Afghanistan,Cambodia,2.0,1.0,AFC Asian Cup qualification,Dushanbe,Tajikistan,True
2018-03-27,Bahrain,Turkmenistan,4.0,0.0,AFC Asian Cup qualification,Riffa,Bahrain,False
2018-03-27,Myanmar,Macau,1.0,0.0,AFC Asian Cup qualification,Yangon,Myanmar,False
2018-03-27,Iraq,Syria,1.0,1.0,Friendly,Basra,Iraq,False
2018-03-27,Jordan,Vietnam,1.0,1.0,AFC Asian Cup qualification,Amman,Jordan,False
2018-03-27,North Korea,Hong Kong,2.0,0.0,AFC Asian Cup qualification,Pyongyang,North Korea,False
2018-03-27,Kyrgyzstan,India,2.0,1.0,AFC Asian Cup qualification,Bishkek,Kyrgyzstan,False
2018-03-27,Laos,Bangladesh,2.0,2.0,Friendly,Vientiane,Laos,False
2018-03-27,Lebanon,Malaysia,2.0,1.0,AFC Asian Cup qualification,Beirut,Lebanon,False
2018-03-27,Maldives,Bhutan,7.0,0.0,AFC Asian Cup qualification,Malé,Maldives,False
2018-03-27,Oman,Palestine,1.0,0.0,AFC Asian Cup qualification,Muscat,Oman,False
2018-03-27,Philippines,Tajikistan,2.0,1.0,AFC Asian Cup qualification,Manila,Philippines,False
2018-03-27,Taiwan,Singapore,1.0,0.0,AFC Asian Cup qualification,Taipei,Taiwan,False
2018-03-27,Yemen,Nepal,2.0,1.0,AFC Asian Cup qualification,Doha,Qatar,True
2018-04-01,Malaysia,Bhutan,7.0,0.0,Friendly,Kuala Lumpur,Malaysia,False
2018-05-08,Iraq,Palestine,0.0,0.0,Friendly,Basra,Iraq,False
2018-05-11,Kuwait,Palestine,2.0,0.0,Friendly,Kuwait City,Kuwait,False
2018-05-19,Iran,Uzbekistan,1.0,0.0,Friendly,Tehran,Iran,False
2018-05-26,China PR,Myanmar,1.0,0.0,Friendly,Nanjing,China PR,False
2018-06-01,India,Taiwan,5.0,0.0,Intercontinental Cup,Mumbai,India,False
2018-06-02,Thailand,China PR,0.0,2.0,Friendly,Bangkok,Thailand,False
2018-08-04,Palestine,Iraq,0.0,3.0,Friendly,Al-Ram,Palestine,False
2018-08-29,Bangladesh,Sri Lanka,0.0,1.0,Friendly,Nilphamari Sadar,Bangladesh,False
2018-09-01,Timor-Leste,Brunei,3.0,1.0,AFF Championship qualification,Kuala Lumpur,Malaysia,True
2018-09-02,Guam,Northern Mariana Islands,4.0,0.0,EAFF Championship,Ulaanbaatar,Mongolia,True
2018-09-02,Mongolia,Macau,4.0,1.0,EAFF Championship,Ulaanbaatar,Mongolia,False
2018-09-04,Macau,Guam,2.0,0.0,EAFF Championship,Ulaanbaatar,Mongolia,True
2018-09-04,Mongolia,Northern Mariana Islands,9.0,0.0,EAFF Championship,Ulaanbaatar,Mongolia,False
2018-09-04,Nepal,Pakistan,1.0,2.0,SAFF Cup,Dhaka,Bangladesh,True
2018-09-04,Bangladesh,Bhutan,2.0,0.0,SAFF Cup,Dhaka,Bangladesh,False
2018-09-05,India,Sri Lanka,2.0,0.0,SAFF Cup,Dhaka,Bangladesh,True
2018-09-06,Bahrain,Philippines,1.0,1.0,Friendly,East Riffa,Bahrain,False
2018-09-06,Jordan,Lebanon,0.0,1.0,Friendly,Amman,Jordan,False
2018-09-06,Kyrgyzstan,Palestine,1.0,1.0,Friendly,Bishkek,Kyrgyzstan,False
2018-09-06,Uzbekistan,Syria,1.0,1.0,Friendly,Tashkent,Uzbekistan,False
2018-09-06,Northern Mariana Islands,Macau,1.0,1.0,EAFF Championship,Ulaanbaatar,Mongolia,True
2018-09-06,Mongolia,Guam,1.0,1.0,EAFF Championship,Ulaanbaatar,Mongolia,False
2018-09-06,Nepal,Bhutan,4.0,0.0,SAFF Cup,Dhaka,Bangladesh,True
2018-09-06,Bangladesh,Pakistan,1.0,0.0,SAFF Cup,Dhaka,Bangladesh,False
2018-09-07,Taiwan,Malaysia,2.0,0.0,Friendly,Taipei,Taiwan,False
2018-09-07,Qatar,China PR,1.0,0.0,Friendly,Doha,Qatar,False
2018-09-07,Maldives,Sri Lanka,0.0,0.0,SAFF Cup,Dhaka,Bangladesh,True
2018-09-08,Brunei,Timor-Leste,1.0,0.0,AFF Championship qualification,Bandar Seri Begawan,Brunei,False
2018-09-08,Pakistan,Bhutan,3.0,0.0,SAFF Cup,Dhaka,Bangladesh,True
2018-09-08,Bangladesh,Nepal,0.0,2.0,SAFF Cup,Dhaka,Bangladesh,False
2018-09-09,Lebanon,Oman,0.0,0.0,Friendly,Amman,Jordan,True
2018-09-09,India,Maldives,2.0,0.0,SAFF Cup,Dhaka,Bangladesh,True
2018-09-10,Bahrain,China PR,0.0,0.0,Friendly,East Riffa,Bahrain,False
2018-09-10,Cambodia,Malaysia,1.0,3.0,Friendly,Phnom Penh,Cambodia,False
2018-09-10,Kuwait,Iraq,2.0,2.0,Friendly,Al Farwaniyah,Kuwait,False
2018-09-10,Kyrgyzstan,Syria,2.0,1.0,Friendly,Bishkek,Kyrgyzstan,False
2018-09-11,Jordan,Oman,0.0,0.0,Friendly,Amman,Jordan,False
2018-09-11,Laos,United Arab Emirates,0.0,3.0,Friendly,Llagostera,Laos,False
2018-09-11,Qatar,Palestine,3.0,0.0,Friendly,Doha,Qatar,False
2018-09-11,Uzbekistan,Iran,0.0,1.0,Friendly,Tashkent,Uzbekistan,False
2018-09-12,India,Pakistan,3.0,1.0,SAFF Cup,Dhaka,Bangladesh,True
2018-09-12,Nepal,Maldives,0.0,3.0,SAFF Cup,Dhaka,Bangladesh,True
2018-09-15,Maldives,India,2.0,1.0,SAFF Cup,Dhaka,Bangladesh,True
2018-10-10,Indonesia,Myanmar,3.0,0.0,Friendly,Cikarang,Indonesia,False
2018-10-11,Bahrain,Syria,0.0,1.0,Friendly,East Riffa,Bahrain,False
2018-10-11,Hong Kong,Thailand,0.0,1.0,Friendly,Hong Kong,Hong Kong,False
2018-10-11,Kuwait,Lebanon,1.0,0.0,Friendly,Kuwait City,Kuwait,False
2018-10-12,Cambodia,Timor-Leste,2.0,2.0,Friendly,Phnom Penh,Cambodia,False
2018-10-12,Singapore,Mongolia,2.0,0.0,Friendly,Bishan,Singapore,False
2018-10-12,Sri Lanka,Malaysia,1.0,4.0,Friendly,Colombo,Sri Lanka,False
2018-10-13,China PR,India,0.0,0.0,Friendly,Suzhou,China PR,False
2018-10-13,Oman,Philippines,1.0,1.0,Friendly,Al Rayyan,Qatar,True
2018-10-13,Uzbekistan,North Korea,2.0,0.0,Friendly,Tashkent,Uzbekistan,False
2018-10-15,Kuwait,Australia,0.0,4.0,Friendly,Kuwait City,Kuwait,False
2018-10-15,Saudi Arabia,Iraq,1.0,1.0,Friendly,Riyadh,Saudi Arabia,False
2018-10-16,Bahrain,Myanmar,4.0,1.0,Friendly,East Riffa,Bahrain,False
2018-10-16,Cambodia,Singapore,1.0,2.0,Friendly,Phnom Penh,Cambodia,False
2018-10-16,China PR,Syria,2.0,0.0,Friendly,Nanjing,China PR,False
2018-10-16,Indonesia,Hong Kong,1.0,1.0,Friendly,Cikarang,Indonesia,False
2018-10-16,Laos,Mongolia,1.0,4.0,Friendly,Vientiane,Laos,False
2018-10-16,Malaysia,Kyrgyzstan,0.0,1.0,Friendly,Malacca City,Malaysia,False
2018-10-16,Uzbekistan,Qatar,2.0,0.0,Friendly,Tashkent,Uzbekistan,False
2018-11-03,Malaysia,Maldives,3.0,0.0,Friendly,Kuala Lumpur,Malaysia,False
2018-11-08,Cambodia,Malaysia,0.0,1.0,AFF Championship,Phnom Penh,Cambodia,False
2018-11-08,Laos,Vietnam,0.0,3.0,AFF Championship,Vientiane,Laos,False
2018-11-09,Singapore,Indonesia,1.0,0.0,AFF Championship,Kallang,Singapore,False
2018-11-09,Thailand,Timor-Leste,7.0,0.0,AFF Championship,Bangkok,Thailand,False
2018-11-11,North Korea,Mongolia,4.0,1.0,EAFF Championship,Taipei,Taiwan,True
2018-11-11,Taiwan,Hong Kong,1.0,2.0,EAFF Championship,Taipei,Taiwan,False
2018-11-12,Myanmar,Cambodia,4.0,1.0,AFF Championship,Mandalay,Myanmar,False
2018-11-12,Malaysia,Laos,3.0,1.0,AFF Championship,Kuala Lumpur,Malaysia,False
2018-11-13,Indonesia,Timor-Leste,3.0,1.0,AFF Championship,Jakarta,Indonesia,False
2018-11-13,Philippines,Singapore,1.0,0.0,AFF Championship,Bacolod,Philippines,False
2018-11-13,Taiwan,Mongolia,2.0,1.0,EAFF Championship,Taipei,Taiwan,False
2018-11-13,Hong Kong,North Korea,0.0,0.0,EAFF Championship,Taipei,Taiwan,True
2018-11-15,Uzbekistan,Lebanon,0.0,0.0,Friendly,Robina,Australia,True
2018-11-16,Oman,Syria,1.0,1.0,Friendly,Muscat,Oman,False
2018-11-16,Palestine,Pakistan,2.0,1.0,Friendly,Al-Ram,Palestine,False
2018-11-16,Saudi Arabia,Yemen,1.0,0.0,Friendly,Dammam,Saudi Arabia,False
2018-11-16,Laos,Myanmar,1.0,3.0,AFF Championship,Vientiane,Laos,False
2018-11-16,Vietnam,Malaysia,2.0,0.0,AFF Championship,Hanoi,Vietnam,False
2018-11-16,Taiwan,North Korea,0.0,2.0,EAFF Championship,Taipei,Taiwan,False
2018-11-16,Mongolia,Hong Kong,1.0,5.0,EAFF Championship,Taipei,Taiwan,True
2018-11-17,Australia,South Korea,1.0,1.0,Friendly,Brisbane,Australia,False
2018-11-17,Jordan,India,2.0,1.0,Friendly,Amman,Jordan,False
2018-11-17,Thailand,Indonesia,4.0,2.0,AFF Championship,Bangkok,Thailand,False
2018-11-17,Timor-Leste,Philippines,2.0,3.0,AFF Championship,Kuala Lumpur,Malaysia,True
2018-11-19,Oman,Bahrain,2.0,1.0,Friendly,Muscat,Oman,False
2018-11-20,Australia,Lebanon,3.0,0.0,Friendly,Sydney,Australia,False
2018-11-20,China PR,Palestine,1.0,1.0,Friendly,Wuhan,China PR,False
2018-11-20,Japan,Kyrgyzstan,4.0,0.0,Kirin Challenge Cup,Toyota,Japan,False
2018-11-20,Jordan,Saudi Arabia,1.0,1.0,Friendly,Amman,Jordan,False
2018-11-20,South Korea,Uzbekistan,4.0,0.0,Friendly,Brisbane,Australia,True
2018-11-20,Kuwait,Syria,1.0,2.0,Friendly,Al Farwaniyah,Kuwait,False
2018-11-20,United Arab Emirates,Yemen,2.0,0.0,Friendly,Dubai,United Arab Emirates,False
2018-11-20,Myanmar,Vietnam,0.0,0.0,AFF Championship,Yangon,Myanmar,False
2018-11-20,Cambodia,Laos,3.0,1.0,AFF Championship,Phnom Penh,Cambodia,False
2018-11-21,Philippines,Thailand,1.0,1.0,AFF Championship,Bacolod,Philippines,False
2018-11-21,Singapore,Timor-Leste,6.0,1.0,AFF Championship,Kallang,Singapore,False
2018-11-24,Vietnam,Cambodia,3.0,0.0,AFF Championship,Hanoi,Vietnam,False
2018-11-24,Malaysia,Myanmar,3.0,0.0,AFF Championship,Kuala Lumpur,Malaysia,False
2018-11-25,Indonesia,Philippines,0.0,0.0,AFF Championship,Jakarta,Indonesia,False
2018-11-25,Thailand,Singapore,3.0,0.0,AFF Championship,Bangkok,Thailand,False
2018-12-01,Malaysia,Thailand,0.0,0.0,AFF Championship,Kuala Lumpur,Malaysia,False
2018-12-02,Philippines,Vietnam,1.0,2.0,AFF Championship,Bacolod,Philippines,False
2018-12-05,Thailand,Malaysia,2.0,2.0,AFF Championship,Bangkok,Thailand,False
2018-12-06,Vietnam,Philippines,2.0,1.0,AFF Championship,Hanoi,Vietnam,False
2018-12-11,Malaysia,Vietnam,2.0,2.0,AFF Championship,Kuala Lumpur,Malaysia,False
2018-12-13,Oman,Tajikistan,2.0,1.0,Friendly,Muscat,Oman,False
2018-12-15,Vietnam,Malaysia,1.0,0.0,AFF Championship,Hanoi,Vietnam,False
2018-12-16,Oman,Tajikistan,1.0,0.0,Friendly,Muscat,Oman,False
2018-12-16,Palestine,Pakistan,2.0,0.0,Friendly,Doha,Qatar,True
2018-12-20,Bahrain,Tajikistan,5.0,0.0,Friendly,Isa Town,Bahrain,False
2018-12-20,Jordan,Kyrgyzstan,0.0,1.0,Friendly,Doha,Qatar,True
2018-12-23,Qatar,Jordan,2.0,0.0,Friendly,Doha,Qatar,False
2018-12-24,Iraq,China PR,2.0,1.0,Friendly,Doha,Qatar,True
2018-12-24,Palestine,Iran,1.0,1.0,Friendly,Doha,Qatar,True
2018-12-25,Afghanistan,Turkmenistan,0.0,2.0,Friendly,Antalya,Turkey,True
2018-12-25,Qatar,Kyrgyzstan,1.0,0.0,Friendly,Doha,Qatar,False
2018-12-25,Vietnam,North Korea,1.0,1.0,Friendly,Hanoi,Vietnam,False
2018-12-27,Bahrain,Lebanon,1.0,0.0,Friendly,East Riffa,Bahrain,False
2018-12-27,India,Oman,0.0,0.0,Friendly,Abu Dhabi,United Arab Emirates,True
2018-12-28,China PR,Jordan,1.0,1.0,Friendly,Doha,Qatar,True
2018-12-28,Iraq,Palestine,1.0,0.0,Friendly,Doha,Qatar,True
2018-12-28,United Arab Emirates,Kuwait,0.0,2.0,Friendly,Dubai,United Arab Emirates,False
2018-12-29,Bahrain,North Korea,4.0,0.0,Friendly,Isa Town,Bahrain,False
2018-12-30,Australia,Oman,5.0,0.0,Friendly,Dubai,United Arab Emirates,True
2018-12-30,Yemen,Syria,0.0,1.0,Friendly,Abu Dhabi,United Arab Emirates,True
2018-12-31,South Korea,Saudi Arabia,0.0,0.0,Friendly,Abu Dhabi,United Arab Emirates,True
2018-12-31,Kyrgyzstan,Palestine,2.0,1.0,Friendly,Doha,Qatar,True
2018-12-31,Philippines,Vietnam,2.0,4.0,Friendly,Doha,Qatar,True
2018-12-31,Qatar,Iran,1.0,2.0,Friendly,Doha,Qatar,False
2019-01-02,Oman,Thailand,2.0,0.0,Friendly,Abu Dhabi,United Arab Emirates,True
2019-01-05,United Arab Emirates,Bahrain,1.0,1.0,AFC Asian Cup,Abu Dhabi,United Arab Emirates,False
2019-01-06,Thailand,India,1.0,4.0,AFC Asian Cup,Abu Dhabi,United Arab Emirates,True
2019-01-06,Australia,Jordan,0.0,1.0,AFC Asian Cup,Al Ain,United Arab Emirates,True
2019-01-06,Syria,Palestine,0.0,0.0,AFC Asian Cup,Sharjah,United Arab Emirates,True
2019-01-07,China PR,Kyrgyzstan,2.0,1.0,AFC Asian Cup,Al Ain,United Arab Emirates,True
2019-01-07,South Korea,Philippines,1.0,0.0,AFC Asian Cup,Dubai,United Arab Emirates,True
2019-01-07,Iran,Yemen,5.0,0.0,AFC Asian Cup,Abu Dhabi,United Arab Emirates,True
2019-01-08,Iraq,Vietnam,3.0,2.0,AFC Asian Cup,Abu Dhabi,United Arab Emirates,True
2019-01-08,Saudi Arabia,North Korea,4.0,0.0,AFC Asian Cup,Dubai,United Arab Emirates,True
2019-01-09,Qatar,Lebanon,2.0,0.0,AFC Asian Cup,Al Ain,United Arab Emirates,True
2019-01-09,Japan,Turkmenistan,3.0,2.0,AFC Asian Cup,Abu Dhabi,United Arab Emirates,True
2019-01-09,Uzbekistan,Oman,2.0,1.0,AFC Asian Cup,Sharjah,United Arab Emirates,True
2019-01-10,Bahrain,Thailand,0.0,1.0,AFC Asian Cup,Dubai,United Arab Emirates,True
2019-01-10,Jordan,Syria,2.0,0.0,AFC Asian Cup,Al Ain,United Arab Emirates,True
2019-01-10,United Arab Emirates,India,2.0,0.0,AFC Asian Cup,Abu Dhabi,United Arab Emirates,False
2019-01-11,Palestine,Australia,0.0,3.0,AFC Asian Cup,Dubai,United Arab Emirates,True
2019-01-11,Philippines,China PR,0.0,3.0,AFC Asian Cup,Abu Dhabi,United Arab Emirates,True
2019-01-11,Kyrgyzstan,South Korea,0.0,1.0,AFC Asian Cup,Al Ain,United Arab Emirates,True
2019-01-12,Vietnam,Iran,0.0,2.0,AFC Asian Cup,Abu Dhabi,United Arab Emirates,True
2019-01-12,Yemen,Iraq,0.0,3.0,AFC Asian Cup,Sharjah,United Arab Emirates,True
2019-01-12,Lebanon,Saudi Arabia,0.0,2.0,AFC Asian Cup,Dubai,United Arab Emirates,True
2019-01-13,North Korea,Qatar,0.0,6.0,AFC Asian Cup,Al Ain,United Arab Emirates,True
2019-01-13,Oman,Japan,0.0,1.0,AFC Asian Cup,Abu Dhabi,United Arab Emirates,True
2019-01-13,Turkmenistan,Uzbekistan,0.0,4.0,AFC Asian Cup,Dubai,United Arab Emirates,True
2019-01-14,India,Bahrain,0.0,1.0,AFC Asian Cup,Sharjah,United Arab Emirates,True
2019-01-14,United Arab Emirates,Thailand,1.0,1.0,AFC Asian Cup,Al Ain,United Arab Emirates,False
2019-01-15,Australia,Syria,3.0,2.0,AFC Asian Cup,Al Ain,United Arab Emirates,True
2019-01-15,Palestine,Jordan,0.0,0.0,AFC Asian Cup,Abu Dhabi,United Arab Emirates,True
2019-01-16,South Korea,China PR,2.0,0.0,AFC Asian Cup,Abu Dhabi,United Arab Emirates,True
2019-01-16,Kyrgyzstan,Philippines,3.0,1.0,AFC Asian Cup,Dubai,United Arab Emirates,True
2019-01-16,Iran,Iraq,0.0,0.0,AFC Asian Cup,Dubai,United Arab Emirates,True
2019-01-16,Vietnam,Yemen,2.0,0.0,AFC Asian Cup,Al Ain,United Arab Emirates,True
2019-01-17,Lebanon,North Korea,4.0,1.0,AFC Asian Cup,Sharjah,United Arab Emirates,True
2019-01-17,Saudi Arabia,Qatar,0.0,2.0,AFC Asian Cup,Abu Dhabi,United Arab Emirates,True
2019-01-17,Japan,Uzbekistan,2.0,1.0,AFC Asian Cup,Al Ain,United Arab Emirates,True
2019-01-17,Oman,Turkmenistan,3.0,1.0,AFC Asian Cup,Abu Dhabi,United Arab Emirates,True
2019-01-20,Iran,Oman,2.0,0.0,AFC Asian Cup,Abu Dhabi,United Arab Emirates,True
2019-01-20,Jordan,Vietnam,1.0,1.0,AFC Asian Cup,Dubai,United Arab Emirates,True
2019-01-20,Thailand,China PR,1.0,2.0,AFC Asian Cup,Al Ain,United Arab Emirates,True
2019-01-21,Australia,Uzbekistan,0.0,0.0,AFC Asian Cup,Al Ain,United Arab Emirates,True
2019-01-21,Japan,Saudi Arabia,1.0,0.0,AFC Asian Cup,Sharjah,United Arab Emirates,True
2019-01-21,United Arab Emirates,Kyrgyzstan,3.0,2.0,AFC Asian Cup,Abu Dhabi,United Arab Emirates,False
2019-01-22,South Korea,Bahrain,2.0,1.0,AFC Asian Cup,Dubai,United Arab Emirates,True
2019-01-22,Qatar,Iraq,1.0,0.0,AFC Asian Cup,Abu Dhabi,United Arab Emirates,True
2019-01-24,China PR,Iran,0.0,3.0,AFC Asian Cup,Abu Dhabi,United Arab Emirates,True
2019-01-24,Vietnam,Japan,0.0,1.0,AFC Asian Cup,Dubai,United Arab Emirates,True
2019-01-25,South Korea,Qatar,0.0,1.0,AFC Asian Cup,Abu Dhabi,United Arab Emirates,True
2019-01-25,United Arab Emirates,Australia,1.0,0.0,AFC Asian Cup,Al Ain,United Arab Emirates,False
2019-01-28,Iran,Japan,0.0,3.0,AFC Asian Cup,Al Ain,United Arab Emirates,True
2019-01-29,United Arab Emirates,Qatar,0.0,4.0,AFC Asian Cup,Abu Dhabi,United Arab Emirates,False
2019-02-01,Japan,Qatar,1.0,3.0,AFC Asian Cup,Abu Dhabi,United Arab Emirates,True
2019-03-09,Cambodia,Bangladesh,0.0,1.0,Friendly,Phnom Penh,Cambodia,False
2019-03-19,Myanmar,Taiwan,0.0,0.0,Friendly,Mandalay,Myanmar,False
2019-03-21,Kuwait,Nepal,0.0,0.0,Friendly,Al Ahmadi,Kuwait,False
2019-03-21,United Arab Emirates,Saudi Arabia,2.0,1.0,Friendly,Abu Dhabi,United Arab Emirates,False
2019-03-23,Malaysia,Afghanistan,2.0,1.0,Friendly,Kuala Lumpur,Malaysia,False
2019-03-23,Oman,Singapore,1.0,1.0,Friendly,Kuala Lumpur,Malaysia,True
2019-03-25,Kuwait,Nepal,1.0,0.0,Friendly,Al Ahmadi,Kuwait,False
2019-03-25,Myanmar,Indonesia,0.0,2.0,Friendly,Mandalay,Myanmar,False
2019-03-26,United Arab Emirates,Syria,0.0,0.0,Friendly,Abu Dhabi,United Arab Emirates,False
2019-05-28,Laos,Sri Lanka,2.0,1.0,Friendly,Vientiane,Laos,False
2019-05-31,Laos,Sri Lanka,2.0,2.0,Friendly,Vientiane,Laos,False
2019-06-02,Malaysia,Nepal,2.0,0.0,Friendly,Kuala Lumpur,Malaysia,False
2019-06-06,Taiwan,Nepal,1.0,1.0,Friendly,Kaohsiung,Taiwan,False
2019-06-06,Iran,Syria,5.0,0.0,Friendly,Tehran,Iran,False
2019-06-06,Tajikistan,Afghanistan,1.0,1.0,Friendly,Dushanbe,Tajikistan,False
2019-06-06,Bhutan,Guam,1.0,0.0,FIFA World Cup qualification,Thimphu,Bhutan,False
2019-06-06,Cambodia,Pakistan,2.0,0.0,FIFA World Cup qualification,Phnom Penh,Cambodia,False
2019-06-06,Laos,Bangladesh,0.0,1.0,FIFA World Cup qualification,Vientiane,Laos,False
2019-06-06,Macau,Sri Lanka,1.0,0.0,FIFA World Cup qualification,Zhuhai,Macau,False
2019-06-06,Mongolia,Brunei,2.0,0.0,FIFA World Cup qualification,Ulaanbaatar,Mongolia,False
2019-06-07,China PR,Philippines,2.0,0.0,Friendly,Guangzhou,China PR,False
2019-06-07,South Korea,Australia,1.0,0.0,Friendly,Busan,South Korea,False
2019-06-07,Uzbekistan,North Korea,4.0,0.0,Friendly,Tashkent,Uzbekistan,False
2019-06-07,Malaysia,Timor-Leste,7.0,1.0,FIFA World Cup qualification,Kuala Lumpur,Malaysia,False
2019-06-11,China PR,Tajikistan,1.0,0.0,Friendly,Guangzhou,China PR,False
2019-06-11,Hong Kong,Taiwan,0.0,2.0,Friendly,Hong Kong,Hong Kong,False
2019-06-11,Jordan,Indonesia,4.0,1.0,Friendly,Amman,Jordan,False
2019-06-11,South Korea,Iran,1.0,1.0,Friendly,Seoul,South Korea,False
2019-06-11,Kyrgyzstan,Palestine,2.0,2.0,Friendly,Bishkek,Kyrgyzstan,False
2019-06-11,Singapore,Myanmar,1.0,2.0,Friendly,Kallang,Singapore,False
2019-06-11,Uzbekistan,Syria,2.0,0.0,Friendly,Tashkent,Uzbekistan,False
2019-06-11,Bangladesh,Laos,0.0,0.0,FIFA World Cup qualification,Dhaka,Bangladesh,False
2019-06-11,Brunei,Mongolia,2.0,1.0,FIFA World Cup qualification,Bandar Seri Begawan,Brunei,False
2019-06-11,Guam,Bhutan,5.0,0.0,FIFA World Cup qualification,Dededo,Guam,False
2019-06-11,Pakistan,Cambodia,1.0,2.0,FIFA World Cup qualification,Doha,Qatar,True
2019-06-11,Sri Lanka,Macau,3.0,0.0,FIFA World Cup qualification,Colombo,Sri Lanka,False
2019-06-11,Malaysia,Timor-Leste,5.0,1.0,FIFA World Cup qualification,Kuala Lumpur,Malaysia,False
2019-07-07,India,Tajikistan,2.0,4.0,Intercontinental Cup,Ahmedabad,India,False
2019-07-08,Syria,North Korea,5.0,2.0,Intercontinental Cup,Ahmedabad,India,True
2019-07-10,Tajikistan,Syria,2.0,0.0,Intercontinental Cup,Ahmedabad,India,True
2019-07-13,India,North Korea,2.0,5.0,Intercontinental Cup,Ahmedabad,India,False
2019-07-15,North Korea,Tajikistan,1.0,0.0,Intercontinental Cup,Ahmedabad,India,True
2019-07-16,India,Syria,1.0,1.0,Intercontinental Cup,Ahmedabad,India,False
2019-07-19,Tajikistan,North Korea,0.0,1.0,Intercontinental Cup,Ahmedabad,India,True
2019-07-30,Iraq,Lebanon,1.0,0.0,WAFF Championship,Karbala,Iraq,False
2019-07-30,Yemen,Palestine,0.0,1.0,WAFF Championship,Karbala,Iraq,True
2019-08-02,Iraq,Palestine,2.0,1.0,WAFF Championship,Karbala,Iraq,False
2019-08-02,Lebanon,Syria,2.0,1.0,WAFF Championship,Karbala,Iraq,True
2019-08-04,Jordan,Bahrain,0.0,1.0,WAFF Championship,Erbil,Iraq,True
2019-08-04,Saudi Arabia,Kuwait,1.0,2.0,WAFF Championship,Erbil,Iraq,True
2019-08-05,Syria,Yemen,1.0,1.0,WAFF Championship,Karbala,Iraq,True
2019-08-05,Lebanon,Palestine,0.0,0.0,WAFF Championship,Karbala,Iraq,True
2019-08-07,Bahrain,Saudi Arabia,0.0,0.0,WAFF Championship,Erbil,Iraq,True
2019-08-07,Kuwait,Jordan,1.0,1.0,WAFF Championship,Erbil,Iraq,True
2019-08-08,Yemen,Lebanon,2.0,1.0,WAFF Championship,Karbala,Iraq,True
2019-08-08,Iraq,Syria,0.0,0.0,WAFF Championship,Karbala,Iraq,False
2019-08-10,Jordan,Saudi Arabia,3.0,0.0,WAFF Championship,Erbil,Iraq,True
2019-08-10,Kuwait,Bahrain,0.0,1.0,WAFF Championship,Erbil,Iraq,True
2019-08-11,Palestine,Syria,4.0,3.0,WAFF Championship,Karbala,Iraq,True
2019-08-11,Iraq,Yemen,2.0,1.0,WAFF Championship,Karbala,Iraq,False
2019-08-14,Iraq,Bahrain,0.0,1.0,WAFF Championship,Karbala,Iraq,False
2019-08-28,Taiwan,Guam,3.0,0.0,Friendly,Kaohsiung,Taiwan,False
2019-08-30,China PR,Myanmar,4.0,1.0,Friendly,Xianghe,Egypt,True
2019-08-30,Malaysia,Jordan,0.0,1.0,Friendly,Kuala Lumpur,Malaysia,False
2019-08-31,United Arab Emirates,Sri Lanka,5.0,1.0,Friendly,Riffa,Bahrain,True
2019-09-05,Guam,Maldives,0.0,1.0,FIFA World Cup qualification,Dededo,Guam,False
2019-09-05,Philippines,Syria,2.0,5.0,FIFA World Cup qualification,Bacolod,Philippines,False
2019-09-05,Taiwan,Jordan,1.0,2.0,FIFA World Cup qualification,Taipei,Taiwan,False
2019-09-05,Kuwait,Nepal,7.0,0.0,FIFA World Cup qualification,Kuwait City,Kuwait,False
2019-09-05,Cambodia,Hong Kong,1.0,1.0,FIFA World Cup qualification,Phnom Penh,Cambodia,False
2019-09-05,Bahrain,Iraq,1.0,1.0,FIFA World Cup qualification,Riffa,Bahrain,False
2019-09-05,Palestine,Uzbekistan,2.0,0.0,FIFA World Cup qualification,Al-Ram,Palestine,False
2019-09-05,Singapore,Yemen,2.0,2.0,FIFA World Cup qualification,Kallang,Singapore,False
2019-09-05,India,Oman,1.0,2.0,FIFA World Cup qualification,Guwahati,India,False
2019-09-05,Qatar,Afghanistan,6.0,0.0,FIFA World Cup qualification,Doha,Qatar,False
2019-09-05,Mongolia,Myanmar,1.0,0.0,FIFA World Cup qualification,Ulaanbaatar,Mongolia,False
2019-09-05,Tajikistan,Kyrgyzstan,1.0,0.0,FIFA World Cup qualification,Dushanbe,Tajikistan,False
2019-09-05,Thailand,Vietnam,0.0,0.0,FIFA World Cup qualification,Pathum Thani,Thailand,False
2019-09-05,Indonesia,Malaysia,2.0,3.0,FIFA World Cup qualification,Jakarta,Indonesia,False
2019-09-05,North Korea,Lebanon,2.0,0.0,FIFA World Cup qualification,Pyongyang,North Korea,False
2019-09-05,Sri Lanka,Turkmenistan,0.0,2.0,FIFA World Cup qualification,Colombo,Sri Lanka,False
2019-09-09,Iraq,Uzbekistan,0.0,0.0,Friendly,Amman,Jordan,True
2019-09-10,Oman,Lebanon,1.0,0.0,Friendly,Muscat,Oman,False
2019-09-10,Guam,Philippines,1.0,4.0,FIFA World Cup qualification,Dededo,Guam,False
2019-09-10,Maldives,China PR,0.0,5.0,FIFA World Cup qualification,Malé,Maldives,False
2019-09-10,Kuwait,Australia,0.0,3.0,FIFA World Cup qualification,Kuwait City,Kuwait,False
2019-09-10,Taiwan,Nepal,0.0,2.0,FIFA World Cup qualification,Taipei,Taiwan,False
2019-09-10,Cambodia,Bahrain,0.0,1.0,FIFA World Cup qualification,Phnom Penh,Cambodia,False
2019-09-10,Hong Kong,Iran,0.0,2.0,FIFA World Cup qualification,Hong Kong,Hong Kong,False
2019-09-10,Yemen,Saudi Arabia,2.0,2.0,FIFA World Cup qualification,Riffa,Bahrain,True
2019-09-10,Singapore,Palestine,2.0,1.0,FIFA World Cup qualification,Singapore,Singapore,False
2019-09-10,Afghanistan,Bangladesh,1.0,0.0,FIFA World Cup qualification,Dushanbe,Tajikistan,True
2019-09-10,Qatar,India,0.0,0.0,FIFA World Cup qualification,Doha,Qatar,False
2019-09-10,Mongolia,Tajikistan,0.0,1.0,FIFA World Cup qualification,Ulaanbaatar,Mongolia,False
2019-09-10,Myanmar,Japan,0.0,2.0,FIFA World Cup qualification,Yangon,Myanmar,False
2019-09-10,Indonesia,Thailand,0.0,3.0,FIFA World Cup qualification,Jakarta,Indonesia,False
2019-09-10,Malaysia,United Arab Emirates,1.0,2.0,FIFA World Cup qualification,Kuala Lumpur,Malaysia,False
2019-09-10,Turkmenistan,South Korea,0.0,2.0,FIFA World Cup qualification,Ashgabat,Turkmenistan,False
2019-09-10,Sri Lanka,North Korea,0.0,1.0,FIFA World Cup qualification,Colombo,Sri Lanka,False
2019-09-29,Bangladesh,Bhutan,4.0,1.0,Friendly,Dhaka,Bangladesh,False
2019-10-03,Bangladesh,Bhutan,2.0,0.0,Friendly,Dhaka,Bangladesh,False
2019-10-05,Jordan,Singapore,0.0,0.0,Friendly,Amman,Jordan,False
2019-10-05,Malaysia,Sri Lanka,6.0,0.0,Friendly,Kuala Lumpur,Malaysia,False
2019-10-10,Syria,Maldives,2.0,1.0,FIFA World Cup qualification,Dubai,United Arab Emirates,True
2019-10-10,China PR,Guam,7.0,0.0,FIFA World Cup qualification,Guangzhou,China PR,False
2019-10-10,Jordan,Kuwait,0.0,0.0,FIFA World Cup qualification,Amman,Jordan,False
2019-10-10,Australia,Nepal,5.0,0.0,FIFA World Cup qualification,Canberra,Australia,False
2019-10-10,Iran,Cambodia,14.0,0.0,FIFA World Cup qualification,Tehran,Iran,False
2019-10-10,Iraq,Hong Kong,2.0,0.0,FIFA World Cup qualification,Basra,Iraq,False
2019-10-10,Uzbekistan,Yemen,5.0,0.0,FIFA World Cup qualification,Tashkent,Uzbekistan,False
2019-10-10,Saudi Arabia,Singapore,3.0,0.0,FIFA World Cup qualification,Buraidah,Saudi Arabia,False
2019-10-10,Bangladesh,Qatar,0.0,2.0,FIFA World Cup qualification,Dhaka,Bangladesh,False
2019-10-10,Oman,Afghanistan,3.0,0.0,FIFA World Cup qualification,Seeb,Oman,False
2019-10-10,Japan,Mongolia,6.0,0.0,FIFA World Cup qualification,Saitama,Japan,False
2019-10-10,Kyrgyzstan,Myanmar,7.0,0.0,FIFA World Cup qualification,Bishkek,Kyrgyzstan,False
2019-10-10,United Arab Emirates,Indonesia,5.0,0.0,FIFA World Cup qualification,Dubai,United Arab Emirates,False
2019-10-10,Vietnam,Malaysia,1.0,0.0,FIFA World Cup qualification,Hanoi,Vietnam,False
2019-10-10,Lebanon,Turkmenistan,2.0,1.0,FIFA World Cup qualification,Beirut,Lebanon,False
2019-10-10,South Korea,Sri Lanka,8.0,0.0,FIFA World Cup qualification,Hwaseong,South Korea,False
2019-10-15,Kuwait,Turkmenistan,1.0,1.0,Friendly,Kuwait City,Kuwait,False
2019-10-15,Syria,Guam,4.0,0.0,FIFA World Cup qualification,Dubai,United Arab Emirates,True
2019-10-15,Philippines,China PR,0.0,0.0,FIFA World Cup qualification,Bacolod,Philippines,False
2019-10-15,Jordan,Nepal,3.0,0.0,FIFA World Cup qualification,Amman,Jordan,False
2019-10-15,Taiwan,Australia,1.0,7.0,FIFA World Cup qualification,Kaohsiung,Taiwan,False
2019-10-15,Cambodia,Iraq,0.0,4.0,FIFA World Cup qualification,Phnom Penh,Cambodia,False
2019-10-15,Bahrain,Iran,1.0,0.0,FIFA World Cup qualification,Riffa,Bahrain,False
2019-10-15,Palestine,Saudi Arabia,0.0,0.0,FIFA World Cup qualification,Al-Ram,Palestine,False
2019-10-15,Singapore,Uzbekistan,1.0,3.0,FIFA World Cup qualification,Kallang,Singapore,False
2019-10-15,India,Bangladesh,1.0,1.0,FIFA World Cup qualification,Kolkota,India,False
2019-10-15,Qatar,Oman,2.0,1.0,FIFA World Cup qualification,Al Wakrah,Qatar,False
2019-10-15,Mongolia,Kyrgyzstan,1.0,2.0,FIFA World Cup qualification,Ulaanbaatar,Mongolia,False
2019-10-15,Tajikistan,Japan,0.0,3.0,FIFA World Cup qualification,Dushanbe,Tajikistan,False
2019-10-15,Thailand,United Arab Emirates,2.0,1.0,FIFA World Cup qualification,Pathum Thani,Thailand,False
2019-10-15,Indonesia,Vietnam,1.0,3.0,FIFA World Cup qualification,Gianyar,Indonesia,False
2019-10-15,North Korea,South Korea,0.0,0.0,FIFA World Cup qualification,Pyongyang,North Korea,False
2019-10-15,Sri Lanka,Lebanon,0.0,3.0,FIFA World Cup qualification,Colombo,Sri Lanka,False
2019-11-09,Malaysia,Tajikistan,1.0,0.0,Friendly,Kuala Lumpur,Malaysia,False
2019-11-09,Uzbekistan,Kyrgyzstan,3.0,1.0,Friendly,Tashkent,Uzbekistan,False
2019-11-14,Cambodia,Mongolia,1.0,1.0,Friendly,Phnom Penh,Cambodia,False
2019-11-14,Qatar,Singapore,2.0,0.0,Friendly,Doha,Qatar,False
2019-11-14,Maldives,Philippines,1.0,2.0,FIFA World Cup qualification,Malé,Maldives,False
2019-11-14,Syria,China PR,2.0,1.0,FIFA World Cup qualification,Dubai,United Arab Emirates,True
2019-11-14,Jordan,Australia,0.0,1.0,FIFA World Cup qualification,Amman,Jordan,False
2019-11-14,Kuwait,Taiwan,9.0,0.0,FIFA World Cup qualification,Kuwait City,Kuwait,False
2019-11-14,Iraq,Iran,2.0,1.0,FIFA World Cup qualification,Amman,Jordan,True
2019-11-14,Hong Kong,Bahrain,0.0,0.0,FIFA World Cup qualification,Hong Kong,Hong Kong,False
2019-11-14,Uzbekistan,Saudi Arabia,2.0,3.0,FIFA World Cup qualification,Tashkent,Uzbekistan,False
2019-11-14,Yemen,Palestine,1.0,0.0,FIFA World Cup qualification,Muharraq,Bahrain,True
2019-11-14,Afghanistan,India,1.0,1.0,FIFA World Cup qualification,Dushanbe,Tajikistan,True
2019-11-14,Oman,Bangladesh,4.0,1.0,FIFA World Cup qualification,Muscat,Oman,False
2019-11-14,Myanmar,Tajikistan,4.0,3.0,FIFA World Cup qualification,Mandalay,Myanmar,False
2019-11-14,Kyrgyzstan,Japan,0.0,2.0,FIFA World Cup qualification,Bishkek,Kyrgyzstan,False
2019-11-14,Vietnam,United Arab Emirates,1.0,0.0,FIFA World Cup qualification,Hanoi,Vietnam,False
2019-11-14,Malaysia,Thailand,2.0,1.0,FIFA World Cup qualification,Kuala Lumpur,Malaysia,False
2019-11-14,Lebanon,South Korea,0.0,0.0,FIFA World Cup qualification,Beirut,Lebanon,False
2019-11-14,Turkmenistan,North Korea,3.0,1.0,FIFA World Cup qualification,Ashgabat,Turkmenistan,False
2019-11-19,Maldives,Guam,3.0,1.0,FIFA World Cup qualification,Malé,Maldives,False
2019-11-19,Syria,Philippines,1.0,0.0,FIFA World Cup qualification,Dubai,United Arab Emirates,True
2019-11-19,Nepal,Kuwait,0.0,1.0,FIFA World Cup qualification,Thimphu,Bhutan,True
2019-11-19,Jordan,Taiwan,5.0,0.0,FIFA World Cup qualification,Amman,Jordan,False
2019-11-19,Iraq,Bahrain,0.0,0.0,FIFA World Cup qualification,Amman,Jordan,True
2019-11-19,Hong Kong,Cambodia,2.0,0.0,FIFA World Cup qualification,Hong Kong,Hong Kong,False
2019-11-19,Uzbekistan,Palestine,2.0,0.0,FIFA World Cup qualification,Tashkent,Uzbekistan,False
2019-11-19,Yemen,Singapore,1.0,2.0,FIFA World Cup qualification,Muharraq,Bahrain,True
2019-11-19,Afghanistan,Qatar,0.0,1.0,FIFA World Cup qualification,Dushanbe,Tajikistan,True
2019-11-19,Oman,India,1.0,0.0,FIFA World Cup qualification,Muscat,Oman,False
2019-11-19,Myanmar,Mongolia,1.0,0.0,FIFA World Cup qualification,Mandalay,Myanmar,False
2019-11-19,Kyrgyzstan,Tajikistan,1.0,1.0,FIFA World Cup qualification,Bishkek,Kyrgyzstan,False
2019-11-19,Vietnam,Thailand,0.0,0.0,FIFA World Cup qualification,Hanoi,Vietnam,False
2019-11-19,Malaysia,Indonesia,2.0,0.0,FIFA World Cup qualification,Kuala Lumpur,Malaysia,False
2019-11-19,Turkmenistan,Sri Lanka,2.0,0.0,FIFA World Cup qualification,Ashgabat,Turkmenistan,False
2019-11-19,Lebanon,North Korea,0.0,0.0,FIFA World Cup qualification,Beirut,Lebanon,False
2019-11-26,Qatar,Iraq,1.0,2.0,Gulf Cup,Doha,Qatar,False
2019-11-26,United Arab Emirates,Yemen,3.0,0.0,Gulf Cup,Doha,Qatar,True
2019-11-27,Oman,Bahrain,0.0,0.0,Gulf Cup,Doha,Qatar,True
2019-11-27,Saudi Arabia,Kuwait,1.0,3.0,Gulf Cup,Doha,Qatar,True
2019-11-29,United Arab Emirates,Iraq,0.0,2.0,Gulf Cup,Doha,Qatar,True
2019-11-29,Qatar,Yemen,6.0,0.0,Gulf Cup,Doha,Qatar,False
2019-11-30,Kuwait,Oman,1.0,2.0,Gulf Cup,Doha,Qatar,True
2019-11-30,Bahrain,Saudi Arabia,0.0,2.0,Gulf Cup,Doha,Qatar,True
2019-12-02,Qatar,United Arab Emirates,4.0,2.0,Gulf Cup,Doha,Qatar,False
2019-12-02,Yemen,Iraq,0.0,0.0,Gulf Cup,Doha,Qatar,True
2019-12-02,Kuwait,Bahrain,2.0,4.0,Gulf Cup,Doha,Qatar,True
2019-12-02,Oman,Saudi Arabia,1.0,3.0,Gulf Cup,Doha,Qatar,True
2019-12-05,Iraq,Bahrain,2.0,2.0,Gulf Cup,Doha,Qatar,True
2019-12-05,Qatar,Saudi Arabia,0.0,1.0,Gulf Cup,Al Wakrah,Qatar,False
2019-12-08,Bahrain,Saudi Arabia,1.0,0.0,Gulf Cup,Doha,Qatar,True
2019-12-10,China PR,Japan,1.0,2.0,EAFF Championship,Busan,South Korea,True
2019-12-11,South Korea,Hong Kong,2.0,0.0,EAFF Championship,Busan,South Korea,False
2019-12-14,Japan,Hong Kong,5.0,0.0,EAFF Championship,Busan,South Korea,True
2019-12-15,South Korea,China PR,1.0,0.0,EAFF Championship,Busan,South Korea,False
2019-12-18,Hong Kong,China PR,0.0,2.0,EAFF Championship,Busan,South Korea,True
2019-12-18,South Korea,Japan,1.0,0.0,EAFF Championship,Busan,South Korea,False
2020-10-08,Uzbekistan,Iran,1.0,2.0,Friendly,Tashkent,Uzbekistan,False
2020-10-12,United Arab Emirates,Uzbekistan,1.0,2.0,Friendly,Dubai,United Arab Emirates,False
2020-11-07,Bahrain,Tajikistan,1.0,0.0,Friendly,Dubai,United Arab Emirates,True
2020-11-12,Jordan,Iraq,0.0,0.0,Friendly,Dubai,United Arab Emirates,True
2020-11-12,Lebanon,Bahrain,1.0,3.0,Friendly,Dubai,United Arab Emirates,True
2020-11-12,United Arab Emirates,Tajikistan,3.0,2.0,Friendly,Dubai,United Arab Emirates,False
2020-11-12,Uzbekistan,Syria,0.0,1.0,Friendly,Sharjah,United Arab Emirates,True
2020-11-13,Bangladesh,Nepal,2.0,0.0,Friendly,Dhaka,Bangladesh,False
2020-11-16,Jordan,Syria,1.0,0.0,Friendly,Sharjah,United Arab Emirates,True
2020-11-16,United Arab Emirates,Bahrain,1.0,3.0,Friendly,Dubai,United Arab Emirates,False
2020-11-17,Bangladesh,Nepal,0.0,0.0,Friendly,Dhaka,Bangladesh,False
2020-11-17,South Korea,Qatar,2.0,1.0,Friendly,Maria Enzersdorf,Austria,True
2020-11-17,Uzbekistan,Iraq,1.0,2.0,Friendly,Dubai,United Arab Emirates,True
2020-12-04,Qatar,Bangladesh,5.0,0.0,FIFA World Cup qualification,Doha,Qatar,False
2021-01-12,United Arab Emirates,Iraq,0.0,0.0,Friendly,Dubai,United Arab Emirates,False
2021-01-18,Kuwait,Palestine,0.0,1.0,Friendly,Kuwait City,Kuwait,False
2021-01-27,Iraq,Kuwait,2.0,1.0,Friendly,Basra,Iraq,False
2021-02-01,Jordan,Tajikistan,2.0,0.0,Friendly,Dubai,United Arab Emirates,True
2021-02-05,Jordan,Tajikistan,0.0,1.0,Friendly,Dubai,United Arab Emirates,True
2021-02-15,Jordan,Uzbekistan,0.0,2.0,Friendly,Dubai,United Arab Emirates,True
2021-03-20,Oman,Jordan,0.0,0.0,Friendly,Dubai,United Arab Emirates,True
2021-03-24,Jordan,Lebanon,1.0,0.0,Friendly,Dubai,United Arab Emirates,True
2021-03-25,Bahrain,Syria,3.0,1.0,Friendly,Isa Town,Bahrain,False
2021-03-25,India,Oman,1.0,1.0,Friendly,Dubai,United Arab Emirates,True
2021-03-25,Japan,South Korea,3.0,0.0,Friendly,Yokohama,Japan,False
2021-03-25,Saudi Arabia,Kuwait,1.0,0.0,Friendly,Riyadh,Saudi Arabia,False
2021-03-25,Tajikistan,Mongolia,3.0,0.0,FIFA World Cup qualification,Dushanbe,Tajikistan,False
2021-03-27,Nepal,Bangladesh,0.0,0.0,Friendly,Kathmandu,Nepal,False
2021-03-29,Kuwait,Lebanon,1.0,1.0,Friendly,Dubai,United Arab Emirates,True
2021-03-29,Nepal,Bangladesh,2.0,1.0,Friendly,Kathmandu,Nepal,False
2021-03-29,Uzbekistan,Iraq,0.0,1.0,Friendly,Tashkent,Uzbekistan,False
2021-03-29,United Arab Emirates,India,6.0,0.0,Friendly,Dubai,United Arab Emirates,False
2021-03-30,Bahrain,Jordan,1.0,2.0,Friendly,Riffa,Bahrain,False
2021-03-30,Iran,Syria,3.0,0.0,Friendly,Tehran,Iran,False
2021-03-30,Saudi Arabia,Palestine,5.0,0.0,FIFA World Cup qualification,Riyadh,Saudi Arabia,False
2021-03-30,Japan,Mongolia,14.0,0.0,FIFA World Cup qualification,Chiba,Japan,False
2021-05-24,Iraq,Tajikistan,0.0,0.0,Friendly,Basra,Iraq,False
2021-05-24,United Arab Emirates,Jordan,5.0,1.0,Friendly,Dubai,United Arab Emirates,False
2021-05-25,Indonesia,Afghanistan,2.0,3.0,Friendly,Dubai,United Arab Emirates,True
2021-05-25,Oman,Thailand,1.0,0.0,Friendly,Dubai,United Arab Emirates,True
2021-05-28,Bahrain,Malaysia,2.0,0.0,Friendly,Riffa,Bahrain,False
2021-05-28,Japan,Myanmar,10.0,0.0,FIFA World Cup qualification,Chiba,Japan,False
2021-05-29,Indonesia,Oman,1.0,3.0,Friendly,Dubai,United Arab Emirates,True
2021-05-29,Iraq,Nepal,6.0,2.0,Friendly,Basra,Iraq,False
2021-05-29,Singapore,Afghanistan,1.0,1.0,Friendly,Dubai,United Arab Emirates,True
2021-05-29,Thailand,Tajikistan,2.0,2.0,Friendly,Sharjah,United Arab Emirates,True
2021-05-30,China PR,Guam,7.0,0.0,FIFA World Cup qualification,Suzhou,China PR,False
2021-05-31,Jordan,Vietnam,1.0,1.0,Friendly,Sharjah,United Arab Emirates,True
2021-06-03,Nepal,Taiwan,2.0,0.0,FIFA World Cup qualification,Kuwait City,Kuwait,True
2021-06-03,Iran,Hong Kong,3.0,1.0,FIFA World Cup qualification,Arad,Iran,False
2021-06-03,Bahrain,Cambodia,8.0,0.0,FIFA World Cup qualification,Riffa,Bahrain,False
2021-06-03,Palestine,Singapore,4.0,0.0,FIFA World Cup qualification,Riyadh,Saudi Arabia,True
2021-06-03,Bangladesh,Afghanistan,1.0,1.0,FIFA World Cup qualification,Doha,Qatar,True
2021-06-03,United Arab Emirates,Malaysia,4.0,0.0,FIFA World Cup qualification,Dubai,United Arab Emirates,False
2021-06-03,Thailand,Indonesia,2.0,2.0,FIFA World Cup qualification,Dubai,United Arab Emirates,True
2021-06-03,Kuwait,Australia,0.0,3.0,FIFA World Cup qualification,Kuwait City,Kuwait,False
2021-06-03,Qatar,India,1.0,0.0,FIFA World Cup qualification,Doha,Qatar,False
2021-06-04,Maldives,Syria,0.0,4.0,FIFA World Cup qualification,Sharjah,United Arab Emirates,True
2021-06-05,Saudi Arabia,Yemen,3.0,0.0,FIFA World Cup qualification,Riyadh,Saudi Arabia,False
2021-06-05,Lebanon,Sri Lanka,3.0,2.0,FIFA World Cup qualification,Goyang,South Korea,True
2021-06-05,South Korea,Turkmenistan,5.0,0.0,FIFA World Cup qualification,Goyang,South Korea,False
2021-06-07,Guam,Syria,0.0,3.0,FIFA World Cup qualification,Sharjah,United Arab Emirates,True
2021-06-07,China PR,Philippines,2.0,0.0,FIFA World Cup qualification,Sharjah,United Arab Emirates,True
2021-06-07,Nepal,Jordan,0.0,3.0,FIFA World Cup qualification,Kuwait City,Kuwait,True
2021-06-07,Australia,Taiwan,5.0,1.0,FIFA World Cup qualification,Kuwait City,Kuwait,True
2021-06-07,Iraq,Cambodia,4.0,1.0,FIFA World Cup qualification,Arad,Iran,True
2021-06-07,Uzbekistan,Singapore,5.0,0.0,FIFA World Cup qualification,Riyadh,Saudi Arabia,True
2021-06-07,Bangladesh,India,0.0,2.0,FIFA World Cup qualification,Doha,Qatar,True
2021-06-07,Kyrgyzstan,Mongolia,0.0,1.0,FIFA World Cup qualification,Osaka,Japan,True
2021-06-07,Japan,Tajikistan,4.0,1.0,FIFA World Cup qualification,Suita,Japan,False
2021-06-07,United Arab Emirates,Thailand,3.0,1.0,FIFA World Cup qualification,Dubai,United Arab Emirates,False
2021-06-07,Vietnam,Indonesia,4.0,0.0,FIFA World Cup qualification,Dubai,United Arab Emirates,True
2021-06-07,Bahrain,Iran,0.0,3.0,FIFA World Cup qualification,Riffa,Bahrain,False
2021-06-07,Qatar,Oman,1.0,0.0,FIFA World Cup qualification,Doha,Qatar,False
2021-06-09,Turkmenistan,Lebanon,3.0,2.0,FIFA World Cup qualification,Goyang,South Korea,True
2021-06-09,South Korea,Sri Lanka,5.0,0.0,FIFA World Cup qualification,Goyang,South Korea,False
2021-06-11,Philippines,Guam,3.0,0.0,FIFA World Cup qualification,Sharjah,United Arab Emirates,True
2021-06-11,China PR,Maldives,5.0,0.0,FIFA World Cup qualification,Sharjah,United Arab Emirates,True
2021-06-11,Nepal,Australia,0.0,3.0,FIFA World Cup qualification,Kuwait City,Kuwait,True
2021-06-11,Kuwait,Jordan,0.0,0.0,FIFA World Cup qualification,Kuwait City,Kuwait,False
2021-06-11,Cambodia,Iran,0.0,10.0,FIFA World Cup qualification,Isa Town,Bahrain,True
2021-06-11,Hong Kong,Iraq,0.0,1.0,FIFA World Cup qualification,Arad,Iran,True
2021-06-11,Yemen,Uzbekistan,0.0,1.0,FIFA World Cup qualification,Riyadh,Saudi Arabia,True
2021-06-11,Afghanistan,Oman,1.0,2.0,FIFA World Cup qualification,Doha,Qatar,True
2021-06-11,Myanmar,Kyrgyzstan,1.0,8.0,FIFA World Cup qualification,Osaka,Japan,True
2021-06-11,Malaysia,Vietnam,1.0,2.0,FIFA World Cup qualification,Dubai,United Arab Emirates,True
2021-06-11,Saudi Arabia,Singapore,3.0,0.0,FIFA World Cup qualification,Riyadh,Saudi Arabia,False
2021-06-11,United Arab Emirates,Indonesia,5.0,0.0,FIFA World Cup qualification,Dubai,United Arab Emirates,False
2021-06-13,South Korea,Lebanon,2.0,1.0,FIFA World Cup qualification,Goyang,South Korea,False
2021-06-15,Philippines,Maldives,1.0,1.0,FIFA World Cup qualification,Suzhou,China PR,True
2021-06-15,China PR,Syria,3.0,1.0,FIFA World Cup qualification,Suzhou,China PR,False
2021-06-15,Australia,Jordan,1.0,0.0,FIFA World Cup qualification,Kuwait City,Kuwait,True
2021-06-15,Bahrain,Hong Kong,4.0,0.0,FIFA World Cup qualification,Riffa,Bahrain,False
2021-06-15,Iran,Iraq,1.0,0.0,FIFA World Cup qualification,Arad,Iran,False
2021-06-15,Palestine,Yemen,3.0,0.0,FIFA World Cup qualification,Riyadh,Saudi Arabia,True
2021-06-15,Saudi Arabia,Uzbekistan,3.0,0.0,FIFA World Cup qualification,Riyadh,Saudi Arabia,False
2021-06-15,Bangladesh,Oman,0.0,3.0,FIFA World Cup qualification,Doha,Qatar,True
2021-06-15,India,Afghanistan,1.0,1.0,FIFA World Cup qualification,Doha,Qatar,True
2021-06-15,Tajikistan,Myanmar,4.0,0.0,FIFA World Cup qualification,Osaka,Japan,True
2021-06-15,Japan,Kyrgyzstan,5.0,1.0,FIFA World Cup qualification,Suita,Japan,False
2021-06-15,Thailand,Malaysia,0.0,1.0,FIFA World Cup qualification,Dubai,United Arab Emirates,True
2021-06-15,United Arab Emirates,Vietnam,3.0,2.0,FIFA World Cup qualification,Dubai,United Arab Emirates,False
2021-06-15,Kuwait,Taiwan,2.0,1.0,FIFA World Cup qualification,Kuwait City,Kuwait,False
2021-06-25,Bahrain,Kuwait,2.0,0.0,Arab Cup qualification,Doha,Qatar,True
2021-09-02,Kyrgyzstan,Palestine,1.0,0.0,Three Nations Cup,Bishkek,Kyrgyzstan,False
2021-09-02,Nepal,India,1.0,1.0,Friendly,Kathmandu,Nepal,False
2021-09-02,South Korea,Iraq,0.0,0.0,FIFA World Cup qualification,Seoul,South Korea,False
2021-09-02,Iran,Syria,1.0,0.0,FIFA World Cup qualification,Tehran,Iran,False
2021-09-02,United Arab Emirates,Lebanon,0.0,0.0,FIFA World Cup qualification,Dubai,United Arab Emirates,False
2021-09-02,Japan,Oman,0.0,1.0,FIFA World Cup qualification,Suita,Japan,False
2021-09-02,Australia,China PR,3.0,0.0,FIFA World Cup qualification,Doha,Qatar,True
2021-09-02,Saudi Arabia,Vietnam,3.0,1.0,FIFA World Cup qualification,Riyadh,Saudi Arabia,False
2021-09-05,Bangladesh,Palestine,0.0,2.0,Three Nations Cup,Bishkek,Kyrgyzstan,True
2021-09-05,Nepal,India,1.0,2.0,Friendly,Kathmandu,Nepal,False
2021-09-07,Kyrgyzstan,Bangladesh,4.0,1.0,Three Nations Cup,Bishkek,Kyrgyzstan,False
2021-09-07,Bahrain,Jordan,1.0,2.0,Friendly,Riffa,Bahrain,False
2021-09-07,Syria,United Arab Emirates,1.0,1.0,FIFA World Cup qualification,Amman,Jordan,True
2021-09-07,South Korea,Lebanon,1.0,0.0,FIFA World Cup qualification,Suwon,South Korea,False
2021-09-07,Iraq,Iran,0.0,3.0,FIFA World Cup qualification,Doha,Qatar,True
2021-09-07,China PR,Japan,0.0,1.0,FIFA World Cup qualification,Doha,Qatar,True
2021-09-07,Vietnam,Australia,0.0,1.0,FIFA World Cup qualification,Hanoi,Vietnam,False
2021-09-07,Oman,Saudi Arabia,0.0,1.0,FIFA World Cup qualification,Muscat,Oman,False
2021-10-01,Sri Lanka,Bangladesh,0.0,1.0,SAFF Cup,Malé,Maldives,True
2021-10-01,Maldives,Nepal,0.0,1.0,SAFF Cup,Malé,Maldives,False
2021-10-04,Bangladesh,India,1.0,1.0,SAFF Cup,Malé,Maldives,True
2021-10-04,Sri Lanka,Nepal,2.0,3.0,SAFF Cup,Malé,Maldives,True
2021-10-06,Jordan,Malaysia,4.0,0.0,Friendly,Amman,Jordan,False
2021-10-07,Iraq,Lebanon,0.0,0.0,FIFA World Cup qualification,Doha,Qatar,True
2021-10-07,South Korea,Syria,2.0,1.0,FIFA World Cup qualification,Ansan,South Korea,False
2021-10-07,United Arab Emirates,Iran,0.0,1.0,FIFA World Cup qualification,Dubai,United Arab Emirates,False
2021-10-07,Saudi Arabia,Japan,1.0,0.0,FIFA World Cup qualification,Jeddah,Saudi Arabia,False
2021-10-07,China PR,Vietnam,3.0,2.0,FIFA World Cup qualification,Sharjah,United Arab Emirates,True
2021-10-07,Australia,Oman,3.0,1.0,FIFA World Cup qualification,Doha,Qatar,True
2021-10-07,Indonesia,Taiwan,2.0,1.0,AFC Asian Cup qualification,Buriram,Thailand,True
2021-10-07,India,Sri Lanka,0.0,0.0,SAFF Cup,Malé,Maldives,True
2021-10-07,Maldives,Bangladesh,2.0,0.0,SAFF Cup,Malé,Maldives,False
2021-10-09,Uzbekistan,Malaysia,5.0,1.0,Friendly,Amman,Jordan,True
2021-10-09,Guam,Cambodia,0.0,1.0,AFC Asian Cup qualification,Isa Town,Bahrain,True
2021-10-10,Maldives,Sri Lanka,1.0,0.0,SAFF Cup,Malé,Maldives,False
2021-10-10,Nepal,India,0.0,1.0,SAFF Cup,Malé,Maldives,True
2021-10-11,Taiwan,Indonesia,0.0,3.0,AFC Asian Cup qualification,Buriram,Thailand,True
2021-10-12,Iran,South Korea,1.0,1.0,FIFA World Cup qualification,Tehran,Iran,False
2021-10-12,Syria,Lebanon,2.0,3.0,FIFA World Cup qualification,Amman,Jordan,True
2021-10-12,United Arab Emirates,Iraq,2.0,2.0,FIFA World Cup qualification,Dubai,United Arab Emirates,False
2021-10-12,Japan,Australia,2.0,1.0,FIFA World Cup qualification,Saitama,Japan,False
2021-10-12,Oman,Vietnam,3.0,1.0,FIFA World Cup qualification,Muscat,Oman,False
2021-10-12,Saudi Arabia,China PR,3.0,2.0,FIFA World Cup qualification,Jeddah,Saudi Arabia,False
2021-10-12,Jordan,Uzbekistan,3.0,0.0,Friendly,Amman,Jordan,False
2021-10-12,Cambodia,Guam,2.0,1.0,AFC Asian Cup qualification,Isa Town,Bahrain,True
2021-10-13,Bangladesh,Nepal,1.0,1.0,SAFF Cup,Malé,Maldives,True
2021-10-13,Maldives,India,1.0,3.0,SAFF Cup,Malé,Maldives,False
2021-10-16,India,Nepal,3.0,0.0,SAFF Cup,Malé,Maldives,True
2021-11-09,Sri Lanka,Maldives,4.0,4.0,Mahinda Rajapaksa Cup,Colombo,Sri Lanka,False
2021-11-11,Kyrgyzstan,Singapore,2.0,1.0,Friendly,Sharjah,United Arab Emirates,True
2021-11-11,Lebanon,Iran,1.0,2.0,FIFA World Cup qualification,Sidon,Lebanon,False
2021-11-11,Iraq,Syria,1.0,1.0,FIFA World Cup qualification,Al Rayyan,Qatar,True
2021-11-11,South Korea,United Arab Emirates,1.0,0.0,FIFA World Cup qualification,Goyang,South Korea,False
2021-11-11,China PR,Oman,1.0,1.0,FIFA World Cup qualification,Sharjah,United Arab Emirates,True
2021-11-11,Vietnam,Japan,0.0,1.0,FIFA World Cup qualification,Hanoi,Vietnam,False
2021-11-11,Australia,Saudi Arabia,0.0,0.0,FIFA World Cup qualification,Sydney,Australia,False
2021-11-13,Bangladesh,Maldives,2.0,1.0,Mahinda Rajapaksa Cup,Colombo,Sri Lanka,True
2021-11-16,Bahrain,Kyrgyzstan,4.0,2.0,Friendly,Isa Town,Bahrain,False
2021-11-16,Indonesia,Afghanistan,0.0,1.0,Friendly,Antalya,Turkey,True
2021-11-16,Sri Lanka,Bangladesh,2.0,1.0,Mahinda Rajapaksa Cup,Colombo,Sri Lanka,False
2021-11-16,Lebanon,United Arab Emirates,0.0,1.0,FIFA World Cup qualification,Sidon,Lebanon,False
2021-11-16,Iraq,South Korea,0.0,3.0,FIFA World Cup qualification,Al Rayyan,Qatar,True
2021-11-16,Syria,Iran,0.0,3.0,FIFA World Cup qualification,Amman,Jordan,True
2021-11-16,China PR,Australia,1.0,1.0,FIFA World Cup qualification,Sharjah,United Arab Emirates,True
2021-11-16,Vietnam,Saudi Arabia,0.0,1.0,FIFA World Cup qualification,Hanoi,Vietnam,False
2021-11-16,Oman,Japan,0.0,1.0,FIFA World Cup qualification,Muscat,Oman,False
2021-11-25,Indonesia,Myanmar,4.0,1.0,Friendly,Antalya,Turkey,True
2021-11-30,Iraq,Oman,1.0,1.0,Arab Cup,Al Wakrah,Qatar,True
2021-11-30,Qatar,Bahrain,1.0,0.0,Arab Cup,Al Khor,Qatar,False
2021-11-30,United Arab Emirates,Syria,2.0,1.0,Arab Cup,Doha,Qatar,True
2021-12-01,Saudi Arabia,Jordan,0.0,1.0,Arab Cup,Al Rayyan,Qatar,True
2021-12-03,Bahrain,Iraq,0.0,0.0,Arab Cup,Doha,Qatar,True
2021-12-03,Qatar,Oman,2.0,1.0,Arab Cup,Al Rayyan,Qatar,False
2021-12-04,Palestine,Saudi Arabia,1.0,1.0,Arab Cup,Al Rayyan,Qatar,True
2021-12-05,Timor-Leste,Thailand,0.0,2.0,AFF Championship,Kallang,Singapore,True
2021-12-05,Singapore,Myanmar,3.0,0.0,AFF Championship,Kallang,Singapore,False
2021-12-06,Oman,Bahrain,3.0,0.0,Arab Cup,Al Rayyan,Qatar,True
2021-12-06,Qatar,Iraq,3.0,0.0,Arab Cup,Al Khor,Qatar,False
2021-12-06,Cambodia,Malaysia,1.0,3.0,AFF Championship,Bishan,Singapore,True
2021-12-06,Laos,Vietnam,0.0,2.0,AFF Championship,Bishan,Singapore,True
2021-12-07,Jordan,Palestine,5.0,1.0,Arab Cup,Doha,Qatar,True
2021-12-08,Myanmar,Timor-Leste,2.0,0.0,AFF Championship,Kallang,Singapore,True
2021-12-08,Singapore,Philippines,2.0,1.0,AFF Championship,Kallang,Singapore,False
2021-12-09,Malaysia,Laos,4.0,0.0,AFF Championship,Bishan,Singapore,True
2021-12-09,Indonesia,Cambodia,4.0,2.0,AFF Championship,Bishan,Singapore,True
2021-12-10,Qatar,United Arab Emirates,5.0,0.0,Arab Cup,Al Khor,Qatar,False
2021-12-11,Timor-Leste,Philippines,0.0,7.0,AFF Championship,Kallang,Singapore,True
2021-12-11,Thailand,Myanmar,4.0,0.0,AFF Championship,Kallang,Singapore,True
2021-12-12,Laos,Indonesia,1.0,5.0,AFF Championship,Bishan,Singapore,True
2021-12-12,Vietnam,Malaysia,3.0,0.0,AFF Championship,Bishan,Singapore,True
2021-12-14,Philippines,Thailand,1.0,2.0,AFF Championship,Kallang,Singapore,True
2021-12-14,Singapore,Timor-Leste,2.0,0.0,AFF Championship,Kallang,Singapore,False
2021-12-15,Cambodia,Laos,3.0,0.0,AFF Championship,Bishan,Singapore,True
2021-12-15,Indonesia,Vietnam,0.0,0.0,AFF Championship,Bishan,Singapore,True
2021-12-18,Singapore,Thailand,0.0,2.0,AFF Championship,Kallang,Singapore,False
2021-12-18,Myanmar,Philippines,2.0,3.0,AFF Championship,Bishan,Singapore,True
2021-12-19,Vietnam,Cambodia,4.0,0.0,AFF Championship,Bishan,Singapore,True
2021-12-19,Malaysia,Indonesia,1.0,4.0,AFF Championship,Kallang,Singapore,True
2021-12-22,Singapore,Indonesia,1.0,1.0,AFF Championship,Kallang,Singapore,False
2021-12-23,Vietnam,Thailand,0.0,2.0,AFF Championship,Kallang,Singapore,True
2021-12-25,Singapore,Indonesia,2.0,4.0,AFF Championship,Kallang,Singapore,False
2021-12-26,Thailand,Vietnam,0.0,0.0,AFF Championship,Kallang,Singapore,True
2021-12-29,Indonesia,Thailand,0.0,4.0,AFF Championship,Kallang,Singapore,True
2022-01-01,Thailand,Indonesia,2.0,2.0,AFF Championship,Kallang,Singapore,True
2022-01-27,Indonesia,Timor-Leste,4.0,1.0,Friendly,Gianyar,Indonesia,False
2022-01-27,Lebanon,South Korea,0.0,1.0,FIFA World Cup qualification,Sidon,Lebanon,False
2022-01-27,Iran,Iraq,1.0,0.0,FIFA World Cup qualification,Tehran,Iran,False
2022-01-27,United Arab Emirates,Syria,2.0,0.0,FIFA World Cup qualification,Dubai,United Arab Emirates,False
2022-01-27,Japan,China PR,2.0,0.0,FIFA World Cup qualification,Saitama,Japan,False
2022-01-27,Australia,Vietnam,4.0,0.0,FIFA World Cup qualification,Melbourne,Australia,False
2022-01-27,Saudi Arabia,Oman,1.0,0.0,FIFA World Cup qualification,Jeddah,Saudi Arabia,False
2022-01-30,Indonesia,Timor-Leste,3.0,0.0,Friendly,Gianyar,Indonesia,False
2022-02-01,Lebanon,Iraq,1.0,1.0,FIFA World Cup qualification,Sidon,Lebanon,False
2022-02-01,Iran,United Arab Emirates,1.0,0.0,FIFA World Cup qualification,Tehran,Iran,False
2022-02-01,Syria,South Korea,0.0,2.0,FIFA World Cup qualification,Dubai,United Arab Emirates,True
2022-02-01,Vietnam,China PR,3.0,1.0,FIFA World Cup qualification,Hanoi,Vietnam,False
2022-02-01,Japan,Saudi Arabia,2.0,0.0,FIFA World Cup qualification,Saitama,Japan,False
2022-02-01,Oman,Australia,2.0,2.0,FIFA World Cup qualification,Muscat,Oman,False
2022-03-23,Bahrain,India,2.0,1.0,Friendly,Riffa,Bahrain,False
2022-03-23,Laos,Mongolia,1.0,0.0,Friendly,Vientiane,Laos,False
2022-03-23,Malaysia,Philippines,2.0,0.0,Friendly,Kallang,Singapore,True
2022-03-24,Lebanon,Syria,0.0,3.0,FIFA World Cup qualification,Sidon,Lebanon,False
2022-03-24,Iraq,United Arab Emirates,1.0,0.0,FIFA World Cup qualification,Riyadh,Saudi Arabia,True
2022-03-24,South Korea,Iran,2.0,0.0,FIFA World Cup qualification,Seoul,South Korea,False
2022-03-24,China PR,Saudi Arabia,1.0,1.0,FIFA World Cup qualification,Sharjah,United Arab Emirates,True
2022-03-24,Vietnam,Oman,0.0,1.0,FIFA World Cup qualification,Hanoi,Vietnam,False
2022-03-24,Australia,Japan,0.0,2.0,FIFA World Cup qualification,Sydney,Australia,False
2022-03-24,Maldives,Bangladesh,2.0,0.0,Friendly,Malé,Maldives,False
2022-03-24,Thailand,Nepal,2.0,0.0,Friendly,Chonburi,Thailand,False
2022-03-25,Uzbekistan,Kyrgyzstan,3.0,1.0,Navruz Cup,Namangan,Uzbekistan,False
2022-03-26,Singapore,Malaysia,2.0,1.0,Friendly,Kallang,Singapore,False
2022-03-27,Laos,Brunei,3.0,2.0,Friendly,Vientiane,Laos,False
2022-03-29,Iran,Lebanon,2.0,0.0,FIFA World Cup qualification,Mashhad,Iran,False
2022-03-29,Syria,Iraq,1.0,1.0,FIFA World Cup qualification,Dubai,United Arab Emirates,True
2022-03-29,United Arab Emirates,South Korea,1.0,0.0,FIFA World Cup qualification,Dubai,United Arab Emirates,False
2022-03-29,Japan,Vietnam,1.0,1.0,FIFA World Cup qualification,Saitama,Japan,False
2022-03-29,Oman,China PR,2.0,0.0,FIFA World Cup qualification,Muscat,Oman,False
2022-03-29,Saudi Arabia,Australia,1.0,0.0,FIFA World Cup qualification,Jeddah,Saudi Arabia,False
2022-03-29,Bangladesh,Mongolia,0.0,0.0,Friendly,Sylhet,Bangladesh,False
2022-03-29,Singapore,Philippines,2.0,0.0,Friendly,Kallang,Singapore,False
2022-03-29,Tajikistan,Kyrgyzstan,1.0,0.0,Navruz Cup,Namangan,Uzbekistan,True
2022-05-24,Thailand,Bahrain,3.0,1.0,Friendly,Bangkok,Thailand,False
2022-05-27,Bahrain,Myanmar,2.0,0.0,Friendly,Pathum Thani,Thailand,True
2022-05-27,Malaysia,Brunei,4.0,0.0,Friendly,Kuala Lumpur,Malaysia,False
2022-05-27,Thailand,Turkmenistan,1.0,0.0,Friendly,Sisaket,Thailand,False
2022-05-28,India,Jordan,0.0,2.0,Friendly,Doha,Qatar,True
2022-05-31,Thailand,Bahrain,1.0,2.0,Friendly,Pathum Thani,Thailand,False
2022-06-01,Australia,Jordan,2.0,1.0,Friendly,Al Wakrah,Qatar,True
2022-06-01,Indonesia,Bangladesh,0.0,0.0,Friendly,Soreang,Indonesia,False
2022-06-01,Kuwait,Singapore,2.0,0.0,Friendly,Abu Dhabi,United Arab Emirates,True
2022-06-01,Malaysia,Hong Kong,2.0,0.0,Friendly,Kuala Lumpur,Malaysia,False
2022-06-01,Syria,Tajikistan,1.0,0.0,Friendly,Dubai,United Arab Emirates,True
2022-06-01,Vietnam,Afghanistan,2.0,0.0,Friendly,Ho Chi Minh City,Vietnam,False
2022-06-02,Cambodia,Timor-Leste,2.0,1.0,Friendly,Phnom Penh,Cambodia,False
2022-06-03,Nepal,Oman,0.0,2.0,Friendly,Doha,Qatar,True
2022-06-07,United Arab Emirates,Australia,1.0,2.0,FIFA World Cup qualification,Al Rayyan,Qatar,True
2022-06-08,Kuwait,Indonesia,1.0,2.0,AFC Asian Cup qualification,Kuwait City,Kuwait,False
2022-06-08,Jordan,Nepal,2.0,0.0,AFC Asian Cup qualification,Kuwait City,Kuwait,True
2022-06-08,Philippines,Yemen,0.0,0.0,AFC Asian Cup qualification,Ulaanbaatar,Mongolia,True
2022-06-08,Mongolia,Palestine,0.0,1.0,AFC Asian Cup qualification,Ulaanbaatar,Mongolia,False
2022-06-08,Thailand,Maldives,3.0,0.0,AFC Asian Cup qualification,Namangan,Uzbekistan,True
2022-06-08,Uzbekistan,Sri Lanka,3.0,0.0,AFC Asian Cup qualification,Namangan,Uzbekistan,False
2022-06-08,Hong Kong,Afghanistan,2.0,1.0,AFC Asian Cup qualification,Kolkota,India,True
2022-06-08,India,Cambodia,2.0,0.0,AFC Asian Cup qualification,Kolkota,India,False
2022-06-08,Bahrain,Bangladesh,2.0,0.0,AFC Asian Cup qualification,Kuala Lumpur,Malaysia,True
2022-06-08,Malaysia,Turkmenistan,3.0,1.0,AFC Asian Cup qualification,Kuala Lumpur,Malaysia,False
2022-06-08,Tajikistan,Myanmar,4.0,0.0,AFC Asian Cup qualification,Bishkek,Kyrgyzstan,True
2022-06-08,Kyrgyzstan,Singapore,2.0,1.0,AFC Asian Cup qualification,Bishkek,Kyrgyzstan,False
2022-06-11,Kuwait,Nepal,4.0,1.0,AFC Asian Cup qualification,Kuwait City,Kuwait,False
2022-06-11,Indonesia,Jordan,0.0,1.0,AFC Asian Cup qualification,Kuwait City,Kuwait,True
2022-06-11,Mongolia,Philippines,0.0,1.0,AFC Asian Cup qualification,Ulaanbaatar,Mongolia,False
2022-06-11,Yemen,Palestine,0.0,5.0,AFC Asian Cup qualification,Ulaanbaatar,Mongolia,True
2022-06-11,Sri Lanka,Thailand,0.0,2.0,AFC Asian Cup qualification,Namangan,Uzbekistan,True
2022-06-11,Uzbekistan,Maldives,4.0,0.0,AFC Asian Cup qualification,Namangan,Uzbekistan,False
2022-06-11,Cambodia,Hong Kong,0.0,3.0,AFC Asian Cup qualification,Kolkota,India,True
2022-06-11,India,Afghanistan,2.0,1.0,AFC Asian Cup qualification,Kolkota,India,False
2022-06-11,Bangladesh,Turkmenistan,1.0,2.0,AFC Asian Cup qualification,Kuala Lumpur,Malaysia,True
2022-06-11,Malaysia,Bahrain,1.0,2.0,AFC Asian Cup qualification,Kuala Lumpur,Malaysia,False
2022-06-11,Singapore,Tajikistan,0.0,1.0,AFC Asian Cup qualification,Bishkek,Kyrgyzstan,True
2022-06-11,Kyrgyzstan,Myanmar,2.0,0.0,AFC Asian Cup qualification,Bishkek,Kyrgyzstan,False
2022-06-14,Kuwait,Jordan,0.0,3.0,AFC Asian Cup qualification,Kuwait City,Kuwait,False
2022-06-14,Indonesia,Nepal,7.0,0.0,AFC Asian Cup qualification,Kuwait City,Kuwait,True
2022-06-14,Palestine,Philippines,4.0,0.0,AFC Asian Cup qualification,Ulaanbaatar,Mongolia,True
2022-06-14,Mongolia,Yemen,2.0,0.0,AFC Asian Cup qualification,Ulaanbaatar,Mongolia,False
2022-06-14,Maldives,Sri Lanka,1.0,0.0,AFC Asian Cup qualification,Namangan,Uzbekistan,True
2022-06-14,Uzbekistan,Thailand,2.0,0.0,AFC Asian Cup qualification,Namangan,Uzbekistan,False
2022-06-14,Afghanistan,Cambodia,2.0,2.0,AFC Asian Cup qualification,Kolkota,India,True
2022-06-14,India,Hong Kong,4.0,0.0,AFC Asian Cup qualification,Kolkota,India,False
2022-06-14,Bahrain,Turkmenistan,1.0,0.0,AFC Asian Cup qualification,Kuala Lumpur,Malaysia,True
2022-06-14,Malaysia,Bangladesh,4.0,1.0,AFC Asian Cup qualification,Kuala Lumpur,Malaysia,False
2022-06-14,Myanmar,Singapore,2.0,6.0,AFC Asian Cup qualification,Bishkek,Kyrgyzstan,True
2022-06-14,Kyrgyzstan,Tajikistan,0.0,0.0,AFC Asian Cup qualification,Bishkek,Kyrgyzstan,False
2022-07-19,Japan,Hong Kong,6.0,0.0,EAFF Championship,Kashima,Japan,False
2022-07-20,China PR,South Korea,0.0,3.0,EAFF Championship,Toyota,Japan,True
2022-07-24,South Korea,Hong Kong,3.0,0.0,EAFF Championship,Toyota,Japan,True
2022-07-24,Japan,China PR,0.0,0.0,EAFF Championship,Toyota,Japan,False
2022-07-27,China PR,Hong Kong,1.0,0.0,EAFF Championship,Toyota,Japan,True
2022-07-27,Japan,South Korea,3.0,0.0,EAFF Championship,Toyota,Japan,False
2022-09-21,Brunei,Maldives,0.0,3.0,Friendly,Bandar Seri Begawan,Brunei,False
2022-09-21,Hong Kong,Myanmar,2.0,0.0,Friendly,Hong Kong,Hong Kong,False
2022-09-21,Vietnam,Singapore,4.0,0.0,Friendly,Ho Chi Minh City,Vietnam,False
2022-09-22,Cambodia,Bangladesh,0.0,1.0,Friendly,Phnom Penh,Cambodia,False
2022-09-22,Thailand,Malaysia,1.0,1.0,King's Cup,Chiang Mai,Thailand,False
2022-09-23,Iraq,Oman,1.0,1.0,Jordan International Tournament,Amman,Jordan,True
2022-09-23,Jordan,Syria,2.0,0.0,Jordan International Tournament,Amman,Jordan,False
2022-09-24,Hong Kong,Myanmar,0.0,0.0,Friendly,Hong Kong,Hong Kong,False
2022-09-24,India,Singapore,1.0,1.0,Friendly,Ho Chi Minh City,Vietnam,True
2022-09-24,Laos,Maldives,1.0,3.0,Friendly,Bandar Seri Begawan,Brunei,True
2022-09-25,Malaysia,Tajikistan,0.0,0.0,King's Cup,Chiang Mai,Thailand,True
2022-09-26,Iraq,Syria,1.0,0.0,Jordan International Tournament,Amman,Jordan,True
2022-09-26,Jordan,Oman,1.0,0.0,Jordan International Tournament,Amman,Jordan,False
2022-09-27,Brunei,Laos,1.0,0.0,Friendly,Bandar Seri Begawan,Brunei,False
2022-09-27,Nepal,Bangladesh,3.0,1.0,Friendly,Kathmandu,Nepal,False
2022-09-27,Vietnam,India,3.0,0.0,Friendly,Ho Chi Minh City,Vietnam,False
2022-11-05,Brunei,Timor-Leste,6.0,2.0,AFF Championship qualification,Bandar Seri Begawan,Brunei,False
2022-11-08,Brunei,Timor-Leste,0.0,1.0,AFF Championship qualification,Bandar Seri Begawan,Brunei,False
2022-11-16,Nepal,Pakistan,1.0,0.0,Friendly,Kathmandu,Nepal,False
2022-11-19,Kuwait,Lebanon,2.0,0.0,Friendly,Dubai,United Arab Emirates,True
2022-12-09,Malaysia,Cambodia,4.0,0.0,Friendly,Kuala Lumpur,Malaysia,False
2022-12-11,Thailand,Myanmar,6.0,0.0,Friendly,Pathum Thani,Thailand,False
2022-12-14,Malaysia,Maldives,3.0,0.0,Friendly,Kuala Lumpur,Malaysia,False
2022-12-14,Thailand,Taiwan,0.0,1.0,Friendly,Pathum Thani,Thailand,False
2022-12-14,Vietnam,Philippines,1.0,0.0,Friendly,Hanoi,Vietnam,False
2022-12-17,Singapore,Maldives,3.0,1.0,Friendly,Singapore,Singapore,False
2022-12-20,Cambodia,Philippines,3.0,2.0,AFF Championship,Phnom Penh,Cambodia,False
2022-12-20,Brunei,Thailand,0.0,5.0,AFF Championship,Kuala Lumpur,Malaysia,True
2022-12-21,Myanmar,Malaysia,0.0,1.0,AFF Championship,Yangon,Myanmar,False
2022-12-21,Laos,Vietnam,0.0,6.0,AFF Championship,Vientiane,Laos,False
2022-12-23,Oman,Syria,2.0,1.0,Friendly,Dubai,United Arab Emirates,True
2022-12-23,Philippines,Brunei,5.0,1.0,AFF Championship,Manila,Philippines,False
2022-12-23,Indonesia,Cambodia,2.0,1.0,AFF Championship,Jakarta,Indonesia,False
2022-12-24,Singapore,Myanmar,3.0,2.0,AFF Championship,Singapore,Singapore,False
2022-12-24,Malaysia,Laos,5.0,0.0,AFF Championship,Kuala Lumpur,Malaysia,False
2022-12-26,Brunei,Indonesia,0.0,7.0,AFF Championship,Kuala Lumpur,Malaysia,True
2022-12-26,Thailand,Philippines,4.0,0.0,AFF Championship,Pathum Thani,Thailand,False
2022-12-27,Laos,Singapore,0.0,2.0,AFF Championship,Vientiane,Laos,False
2022-12-27,Vietnam,Malaysia,3.0,0.0,AFF Championship,Hanoi,Vietnam,False
2022-12-29,Cambodia,Brunei,5.0,1.0,AFF Championship,Phnom Penh,Cambodia,False
2022-12-29,Indonesia,Thailand,1.0,1.0,AFF Championship,Jakarta,Indonesia,False
2022-12-30,Iraq,Kuwait,1.0,0.0,Friendly,Basra,Iraq,False
2022-12-30,Oman,Syria,1.0,0.0,Friendly,Dubai,United Arab Emirates,True
2022-12-30,United Arab Emirates,Lebanon,1.0,0.0,Friendly,Abu Dhabi,United Arab Emirates,False
2022-12-30,Myanmar,Laos,2.0,2.0,AFF Championship,Yangon,Myanmar,False
2022-12-30,Singapore,Vietnam,0.0,0.0,AFF Championship,Singapore,Singapore,False
2023-01-02,Thailand,Cambodia,3.0,1.0,AFF Championship,Pathum Thani,Thailand,False
2023-01-02,Philippines,Indonesia,1.0,2.0,AFF Championship,Manila,Philippines,False
2023-01-03,Vietnam,Myanmar,3.0,0.0,AFF Championship,Hanoi,Vietnam,False
2023-01-03,Malaysia,Singapore,4.0,1.0,AFF Championship,Kuala Lumpur,Malaysia,False
2023-01-06,Iraq,Oman,0.0,0.0,Gulf Cup,Basra,Iraq,False
2023-01-06,Yemen,Saudi Arabia,0.0,2.0,Gulf Cup,Basra,Iraq,True
2023-01-06,Indonesia,Vietnam,0.0,0.0,AFF Championship,Jakarta,Indonesia,False
2023-01-07,Bahrain,United Arab Emirates,2.0,1.0,Gulf Cup,Basra,Iraq,True
2023-01-07,Kuwait,Qatar,0.0,2.0,Gulf Cup,Basra,Iraq,True
2023-01-07,Malaysia,Thailand,1.0,0.0,AFF Championship,Kuala Lumpur,Malaysia,False
2023-01-09,Oman,Yemen,3.0,2.0,Gulf Cup,Basra,Iraq,True
2023-01-09,Iraq,Saudi Arabia,2.0,0.0,Gulf Cup,Basra,Iraq,False
2023-01-09,Vietnam,Indonesia,2.0,0.0,AFF Championship,Hanoi,Vietnam,False
2023-01-10,United Arab Emirates,Kuwait,0.0,1.0,Gulf Cup,Basra,Iraq,True
2023-01-10,Qatar,Bahrain,1.0,2.0,Gulf Cup,Basra,Iraq,True
2023-01-10,Thailand,Malaysia,3.0,0.0,AFF Championship,Pathum Thani,Thailand,False
2023-01-12,Iraq,Yemen,5.0,0.0,Gulf Cup,Basra,Iraq,False
2023-01-12,Saudi Arabia,Oman,1.0,2.0,Gulf Cup,Basra,Iraq,True
2023-01-13,Bahrain,Kuwait,1.0,1.0,Gulf Cup,Basra,Iraq,True
2023-01-13,Qatar,United Arab Emirates,1.0,1.0,Gulf Cup,Basra,Iraq,True
2023-01-13,Vietnam,Thailand,2.0,2.0,AFF Championship,Hanoi,Vietnam,False
2023-01-16,Iraq,Qatar,2.0,1.0,Gulf Cup,Basra,Iraq,False
2023-01-16,Bahrain,Oman,0.0,1.0,Gulf Cup,Basra,Iraq,True
2023-01-16,Thailand,Vietnam,1.0,0.0,AFF Championship,Pathum Thani,Thailand,False
2023-01-19,Iraq,Oman,3.0,2.0,Gulf Cup,Basra,Iraq,False
2023-03-21,Maldives,Pakistan,1.0,0.0,Friendly,Laamu,Maldives,False
2023-03-22,India,Myanmar,1.0,0.0,Tri Nation Tournament,Imphal,India,False
2023-03-22,Nepal,Laos,2.0,0.0,Tri Nation Tournament,Kathmandu,Nepal,False
2023-03-23,Hong Kong,Singapore,1.0,1.0,Friendly,Hong Kong,Hong Kong,False
2023-03-23,Malaysia,Turkmenistan,1.0,0.0,Friendly,Johor Bahru,Malaysia,False
2023-03-24,Kuwait,Philippines,2.0,0.0,Friendly,Kuwait City,Kuwait,False
2023-03-25,Bahrain,Palestine,1.0,2.0,Friendly,Arad,Bahrain,False
2023-03-25,Bhutan,Laos,1.0,2.0,Tri Nation Tournament,Kathmandu,Nepal,True
2023-03-25,Myanmar,Kyrgyzstan,1.0,1.0,Tri Nation Tournament,Imphal,India,True
2023-03-25,Thailand,Syria,1.0,3.0,Friendly,Dubai,United Arab Emirates,True
2023-03-25,United Arab Emirates,Tajikistan,0.0,0.0,Friendly,Abu Dhabi,United Arab Emirates,False
2023-03-26,Macau,Singapore,0.0,1.0,Friendly,Taipa,Macau,False
2023-03-27,Oman,Lebanon,2.0,0.0,Friendly,Muscat,Oman,False
2023-03-28,Bahrain,Syria,1.0,0.0,Friendly,Arad,Bahrain,False
2023-03-28,India,Kyrgyzstan,2.0,0.0,Tri Nation Tournament,Imphal,India,False
2023-03-28,Jordan,Philippines,4.0,0.0,Friendly,Al Wakrah,Qatar,True
2023-03-28,Kuwait,Tajikistan,2.0,1.0,Friendly,Kuwait City,Kuwait,False
2023-03-28,Malaysia,Hong Kong,2.0,0.0,Friendly,Johor Bahru,Malaysia,False
2023-03-28,Nepal,Bhutan,1.0,1.0,Tri Nation Tournament,Kathmandu,Nepal,False
2023-03-28,United Arab Emirates,Thailand,2.0,0.0,Friendly,Abu Dhabi,United Arab Emirates,False
2023-03-31,Nepal,Laos,2.0,1.0,Tri Nation Tournament,Kathmandu,Nepal,False
2023-06-11,Tajikistan,Turkmenistan,1.0,1.0,CAFA Nations Cup,Tashkent,Uzbekistan,True
2023-06-11,Uzbekistan,Oman,3.0,0.0,CAFA Nations Cup,Tashkent,Uzbekistan,False
2023-06-13,Iran,Afghanistan,6.0,1.0,CAFA Nations Cup,Bishkek,Kyrgyzstan,True
2023-06-14,Indonesia,Palestine,0.0,0.0,Friendly,Surabaya,Indonesia,False
2023-06-14,Oman,Tajikistan,1.0,1.0,CAFA Nations Cup,Tashkent,Uzbekistan,True
2023-06-14,Uzbekistan,Turkmenistan,2.0,0.0,CAFA Nations Cup,Tashkent,Uzbekistan,False
2023-06-15,Cambodia,Bangladesh,0.0,1.0,Friendly,Phnom Penh,Cambodia,False
2023-06-15,Philippines,Nepal,1.0,0.0,Friendly,Manila,Philippines,False
2023-06-15,Vietnam,Hong Kong,1.0,0.0,Friendly,Haiphong,Vietnam,False
2023-06-16,China PR,Myanmar,4.0,0.0,Friendly,Dalian,China PR,False
2023-06-16,Taiwan,Thailand,2.0,2.0,Friendly,Kaohsiung,Taiwan,False
2023-06-16,Kyrgyzstan,Iran,1.0,5.0,CAFA Nations Cup,Bishkek,Kyrgyzstan,False
2023-06-17,Turkmenistan,Oman,0.0,2.0,CAFA Nations Cup,Tashkent,Uzbekistan,True
2023-06-17,Uzbekistan,Tajikistan,5.0,1.0,CAFA Nations Cup,Tashkent,Uzbekistan,False
2023-06-19,Hong Kong,Thailand,0.0,1.0,Friendly,Hong Kong,Hong Kong,False
2023-06-19,Macau,Myanmar,0.0,2.0,Friendly,Dalian,China PR,True
2023-06-19,Philippines,Taiwan,2.0,3.0,Friendly,Manila,Philippines,False
2023-06-20,China PR,Palestine,2.0,0.0,Friendly,Dalian,China PR,False
2023-06-20,Vietnam,Syria,1.0,0.0,Friendly,Nam Định,Vietnam,False
2023-06-20,Kyrgyzstan,Oman,0.0,1.0,CAFA Nations Cup,Tashkent,Uzbekistan,True
2023-06-20,Uzbekistan,Iran,0.0,1.0,CAFA Nations Cup,Tashkent,Uzbekistan,False
2023-06-21,Kuwait,Nepal,3.0,1.0,SAFF Cup,Bengaluru,India,True
2023-06-21,India,Pakistan,4.0,0.0,SAFF Cup,Bengaluru,India,False
2023-06-22,Lebanon,Bangladesh,2.0,0.0,SAFF Cup,Bengaluru,India,True
2023-06-22,Maldives,Bhutan,2.0,0.0,SAFF Cup,Bengaluru,India,True
2023-06-24,Pakistan,Kuwait,0.0,4.0,SAFF Cup,Bengaluru,India,True
2023-06-24,India,Nepal,2.0,0.0,SAFF Cup,Bengaluru,India,False
2023-06-25,Bangladesh,Maldives,3.0,1.0,SAFF Cup,Bengaluru,India,True
2023-06-25,Bhutan,Lebanon,1.0,4.0,SAFF Cup,Bengaluru,India,True
2023-06-27,Nepal,Pakistan,1.0,0.0,SAFF Cup,Bengaluru,India,True
2023-06-27,India,Kuwait,1.0,1.0,SAFF Cup,Bengaluru,India,False
2023-06-28,Lebanon,Maldives,1.0,0.0,SAFF Cup,Bengaluru,India,True
2023-06-28,Bhutan,Bangladesh,1.0,3.0,SAFF Cup,Bengaluru,India,True
2023-07-01,India,Lebanon,0.0,0.0,SAFF Cup,Bengaluru,India,False
2023-07-01,Kuwait,Bangladesh,1.0,0.0,SAFF Cup,Bengaluru,India,True
2023-07-04,India,Kuwait,1.0,1.0,SAFF Cup,Bengaluru,India,False
2023-09-03,Bangladesh,Afghanistan,0.0,0.0,Friendly,Dhaka,Bangladesh,False
2023-09-06,Macau,Bhutan,0.0,1.0,Friendly,Taipa,Macau,False
2023-09-06,Oman,Palestine,2.0,1.0,Friendly,Muscat,Oman,False
2023-09-06,Syria,Malaysia,2.0,2.0,Friendly,Chengdu,China PR,True
2023-09-07,Bahrain,Kuwait,1.0,3.0,Friendly,Dubai,United Arab Emirates,True
2023-09-07,Bangladesh,Afghanistan,1.0,1.0,Friendly,Dhaka,Bangladesh,False
2023-09-07,Cambodia,Hong Kong,1.0,1.0,Friendly,Phnom Penh,Cambodia,False
2023-09-07,Iraq,India,2.0,2.0,King's Cup,Chiang Mai,Thailand,True
2023-09-07,Thailand,Lebanon,2.0,1.0,King's Cup,Chiang Mai,Thailand,False
2023-09-08,Taiwan,Philippines,1.0,1.0,Friendly,Kaohsiung,Taiwan,False
2023-09-08,Indonesia,Turkmenistan,2.0,0.0,Friendly,Surabaya,Indonesia,False
2023-09-08,Myanmar,Nepal,0.0,0.0,Friendly,Yangon,Myanmar,False
2023-09-08,Singapore,Tajikistan,0.0,2.0,Friendly,Bishan,Singapore,False
2023-09-09,China PR,Malaysia,1.0,1.0,Friendly,Chengdu,China PR,False
2023-09-10,Lebanon,India,1.0,0.0,King's Cup,Chiang Mai,Thailand,True
2023-09-10,Thailand,Iraq,2.0,2.0,King's Cup,Chiang Mai,Thailand,False
2023-09-11,Cambodia,Macau,4.0,0.0,Friendly,Phnom Penh,Cambodia,False
2023-09-11,Hong Kong,Brunei,10.0,0.0,Friendly,Hong Kong,Hong Kong,False
2023-09-11,Kuwait,Kyrgyzstan,1.0,3.0,Friendly,Dubai,United Arab Emirates,True
2023-09-11,Myanmar,Nepal,1.0,0.0,Friendly,Yangon,Myanmar,False
2023-09-11,Vietnam,Palestine,2.0,0.0,Friendly,Nam Định,Vietnam,False
2023-09-12,Bahrain,Turkmenistan,1.0,1.0,Friendly,Dubai,United Arab Emirates,True
2023-09-12,China PR,Syria,0.0,1.0,Friendly,Chengdu,China PR,False
2023-09-12,South Korea,Saudi Arabia,1.0,0.0,Friendly,Newcastle,England,True
2023-09-12,Philippines,Afghanistan,2.0,1.0,Friendly,Manila,Philippines,False
2023-09-12,Singapore,Taiwan,3.0,1.0,Friendly,Bishan,Singapore,False
2023-10-10,China PR,Vietnam,2.0,0.0,Friendly,Dalian,China PR,False
2023-10-12,Afghanistan,Mongolia,1.0,0.0,FIFA World Cup qualification,Dushanbe,Tajikistan,True
2023-10-12,Cambodia,Pakistan,0.0,0.0,FIFA World Cup qualification,Phnom Penh,Cambodia,False
2023-10-12,Taiwan,Timor-Leste,4.0,0.0,FIFA World Cup qualification,Kaohsiung,Taiwan,False
2023-10-12,Hong Kong,Bhutan,4.0,0.0,FIFA World Cup qualification,Hong Kong,Hong Kong,False
2023-10-12,Indonesia,Brunei,6.0,0.0,FIFA World Cup qualification,Jakarta,Indonesia,False
2023-10-12,Maldives,Bangladesh,1.0,1.0,FIFA World Cup qualification,Malé,Maldives,False
2023-10-12,Myanmar,Macau,5.0,1.0,FIFA World Cup qualification,Yangon,Myanmar,False
2023-10-12,Nepal,Laos,1.0,1.0,FIFA World Cup qualification,Kathmandu,Nepal,False
2023-10-12,Singapore,Guam,2.0,1.0,FIFA World Cup qualification,Kallang,Singapore,False
2023-10-12,Yemen,Sri Lanka,3.0,0.0,FIFA World Cup qualification,Abha,Saudi Arabia,True
2023-10-12,Bahrain,Kyrgyzstan,2.0,0.0,Friendly,Arad,Bahrain,False
2023-10-13,Iraq,Qatar,0.0,0.0,Friendly,Amman,Jordan,True
2023-10-13,Vietnam,Uzbekistan,0.0,2.0,Friendly,Dalian,China PR,True
2023-10-15,Kyrgyzstan,Philippines,0.0,1.0,Friendly,Manama,Bahrain,True
2023-10-16,China PR,Uzbekistan,1.0,2.0,Friendly,Dalian,China PR,False
2023-10-17,Bangladesh,Maldives,2.0,1.0,FIFA World Cup qualification,Dhaka,Bangladesh,False
2023-10-17,Bhutan,Hong Kong,2.0,0.0,FIFA World Cup qualification,Thimphu,Bhutan,False
2023-10-17,Brunei,Indonesia,0.0,6.0,FIFA World Cup qualification,Bandar Seri Begawan,Brunei,False
2023-10-17,Guam,Singapore,0.0,1.0,FIFA World Cup qualification,Dededo,Guam,False
2023-10-17,Laos,Nepal,0.0,1.0,FIFA World Cup qualification,Vientiane,Laos,False
2023-10-17,Macau,Myanmar,0.0,0.0,FIFA World Cup qualification,Taipa,Macau,False
2023-10-17,Mongolia,Afghanistan,0.0,1.0,FIFA World Cup qualification,Ulaanbaatar,Mongolia,False
2023-10-17,Pakistan,Cambodia,1.0,0.0,FIFA World Cup qualification,Islamabad,Pakistan,False
2023-10-17,Sri Lanka,Yemen,1.0,1.0,FIFA World Cup qualification,Colombo,Sri Lanka,False
2023-10-17,Taiwan,Timor-Leste,3.0,0.0,FIFA World Cup qualification,Kaohsiung,Taiwan,False
2023-10-17,Bahrain,Philippines,1.0,0.0,Friendly,Arad,Bahrain,False
2023-10-17,South Korea,Vietnam,6.0,0.0,Friendly,Suwon,South Korea,False
2023-10-17,Syria,Kuwait,1.0,2.0,Friendly,Dubai,United Arab Emirates,True
2023-10-17,United Arab Emirates,Lebanon,2.0,1.0,Friendly,Dubai,United Arab Emirates,False
2023-10-23,United Arab Emirates,Kuwait,1.0,0.0,Friendly,Dubai,United Arab Emirates,False
2023-11-16,Qatar,Afghanistan,8.0,1.0,FIFA World Cup qualification,Al Rayyan,Qatar,False
2023-11-16,Kuwait,India,0.0,1.0,FIFA World Cup qualification,Kuwait City,Kuwait,False
2023-11-16,Japan,Myanmar,5.0,0.0,FIFA World Cup qualification,Suita,Japan,False
2023-11-16,Syria,North Korea,1.0,0.0,FIFA World Cup qualification,Jeddah,Saudi Arabia,True
2023-11-16,Thailand,China PR,1.0,2.0,FIFA World Cup qualification,Bangkok,Thailand,False
2023-11-16,South Korea,Singapore,5.0,0.0,FIFA World Cup qualification,Seoul,South Korea,False
2023-11-16,Oman,Taiwan,3.0,0.0,FIFA World Cup qualification,Muscat,Oman,False
2023-11-16,Malaysia,Kyrgyzstan,4.0,3.0,FIFA World Cup qualification,Kuala Lumpur,Malaysia,False
2023-11-16,Iran,Hong Kong,4.0,0.0,FIFA World Cup qualification,Tehran,Iran,False
2023-11-16,Turkmenistan,Uzbekistan,1.0,3.0,FIFA World Cup qualification,Ashgabat,Turkmenistan,False
2023-11-16,Iraq,Indonesia,5.0,1.0,FIFA World Cup qualification,Basra,Iraq,False
2023-11-16,Philippines,Vietnam,0.0,2.0,FIFA World Cup qualification,Manila,Philippines,False
2023-11-16,Tajikistan,Jordan,1.0,1.0,FIFA World Cup qualification,Dushanbe,Tajikistan,False
2023-11-16,Saudi Arabia,Pakistan,4.0,0.0,FIFA World Cup qualification,Al Hofuf,Saudi Arabia,False
2023-11-16,United Arab Emirates,Nepal,4.0,0.0,FIFA World Cup qualification,Dubai,United Arab Emirates,False
2023-11-16,Yemen,Bahrain,0.0,2.0,FIFA World Cup qualification,Abha,Saudi Arabia,True
2023-11-16,Lebanon,Palestine,0.0,0.0,FIFA World Cup qualification,Sharjah,United Arab Emirates,True
2023-11-16,Australia,Bangladesh,7.0,0.0,FIFA World Cup qualification,Melbourne,Australia,False
2023-11-21,India,Qatar,0.0,3.0,FIFA World Cup qualification,Bhubaneswar,India,False
2023-11-21,Afghanistan,Kuwait,0.0,4.0,FIFA World Cup qualification,Dammam,Saudi Arabia,True
2023-11-21,Myanmar,North Korea,1.0,6.0,FIFA World Cup qualification,Yangon,Myanmar,False
2023-11-21,Syria,Japan,0.0,5.0,FIFA World Cup qualification,Jeddah,Saudi Arabia,True
2023-11-21,China PR,South Korea,0.0,3.0,FIFA World Cup qualification,Shenzhen,China PR,False
2023-11-21,Singapore,Thailand,1.0,3.0,FIFA World Cup qualification,Kallang,Singapore,False
2023-11-21,Taiwan,Malaysia,0.0,1.0,FIFA World Cup qualification,Taipei,Taiwan,False
2023-11-21,Kyrgyzstan,Oman,1.0,0.0,FIFA World Cup qualification,Bishkek,Kyrgyzstan,False
2023-11-21,Uzbekistan,Iran,2.0,2.0,FIFA World Cup qualification,Tashkent,Uzbekistan,False
2023-11-21,Hong Kong,Turkmenistan,2.0,2.0,FIFA World Cup qualification,Hong Kong,Hong Kong,False
2023-11-21,Philippines,Indonesia,1.0,1.0,FIFA World Cup qualification,Manila,Philippines,False
2023-11-21,Vietnam,Iraq,0.0,1.0,FIFA World Cup qualification,Hanoi,Vietnam,False
2023-11-21,Pakistan,Tajikistan,1.0,6.0,FIFA World Cup qualification,Islamabad,Pakistan,False
2023-11-21,Jordan,Saudi Arabia,0.0,2.0,FIFA World Cup qualification,Amman,Jordan,False
2023-11-21,Bahrain,United Arab Emirates,0.0,2.0,FIFA World Cup qualification,Riffa,Bahrain,False
2023-11-21,Nepal,Yemen,0.0,2.0,FIFA World Cup qualification,Kathmandu,Nepal,False
2023-11-21,Palestine,Australia,0.0,1.0,FIFA World Cup qualification,Kuwait City,Kuwait,True
2023-11-21,Bangladesh,Lebanon,1.0,1.0,FIFA World Cup qualification,Dhaka,Bangladesh,False
2024-01-01,Japan,Thailand,5.0,0.0,Friendly,Tokyo,Japan,False
2024-01-01,China PR,Hong Kong,1.0,2.0,Friendly,Abu Dhabi,United Arab Emirates,True
2024-01-04,Tajikistan,Hong Kong,2.0,1.0,Friendly,Abu Dhabi,United Arab Emirates,True
2024-01-04,Saudi Arabia,Lebanon,1.0,0.0,Friendly,Doha,Qatar,True
2024-01-05,Kyrgyzstan,Syria,1.0,1.0,Friendly,Abu Dhabi,United Arab Emirates,True
2024-01-05,Qatar,Jordan,1.0,2.0,Friendly,Al Rayyan,Qatar,False
2024-01-06,Iraq,South Korea,0.0,1.0,Friendly,Abu Dhabi,United Arab Emirates,True
2024-01-06,Bahrain,Australia,0.0,2.0,Friendly,Abu Dhabi,United Arab Emirates,True
2024-01-06,United Arab Emirates,Oman,0.0,1.0,Friendly,Abu Dhabi,United Arab Emirates,False
2024-01-07,Uzbekistan,Palestine,1.0,0.0,Friendly,Doha,Qatar,True
2024-01-08,Syria,Malaysia,2.0,2.0,Friendly,Doha,Qatar,True
2024-01-09,Japan,Jordan,6.0,1.0,Friendly,Doha,Qatar,True
2024-01-09,Kyrgyzstan,Vietnam,2.0,1.0,Friendly,Al Khor,Qatar,True
2024-01-09,Saudi Arabia,Palestine,0.0,0.0,Friendly,Al Wakrah,Qatar,True
2024-01-09,Indonesia,Iran,0.0,5.0,Friendly,Al Rayyan,Qatar,True
2024-01-10,Saudi Arabia,Hong Kong,2.0,0.0,Friendly,Al Wakrah,Qatar,True
2024-01-12,Qatar,Lebanon,3.0,0.0,AFC Asian Cup,Lusail,Qatar,False
2024-01-13,China PR,Tajikistan,0.0,0.0,AFC Asian Cup,Doha,Qatar,True
2024-01-13,Australia,India,2.0,0.0,AFC Asian Cup,Al Rayyan,Qatar,True
2024-01-13,Uzbekistan,Syria,0.0,0.0,AFC Asian Cup,Doha,Qatar,True
2024-01-14,United Arab Emirates,Hong Kong,3.0,1.0,AFC Asian Cup,Al Rayyan,Qatar,True
2024-01-14,Iran,Palestine,4.0,1.0,AFC Asian Cup,Al Rayyan,Qatar,True
2024-01-14,Japan,Vietnam,4.0,2.0,AFC Asian Cup,Doha,Qatar,True
2024-01-15,Indonesia,Iraq,1.0,3.0,AFC Asian Cup,Doha,Qatar,True
2024-01-15,South Korea,Bahrain,3.0,1.0,AFC Asian Cup,Doha,Qatar,True
2024-01-15,Malaysia,Jordan,0.0,4.0,AFC Asian Cup,Al Wakrah,Qatar,True
2024-01-16,Thailand,Kyrgyzstan,2.0,0.0,AFC Asian Cup,Doha,Qatar,True
2024-01-16,Saudi Arabia,Oman,2.0,1.0,AFC Asian Cup,Al Rayyan,Qatar,True
2024-01-17,Lebanon,China PR,0.0,0.0,AFC Asian Cup,Doha,Qatar,True
2024-01-17,Qatar,Tajikistan,1.0,0.0,AFC Asian Cup,Al Khor,Qatar,False
2024-01-18,Syria,Australia,0.0,1.0,AFC Asian Cup,Doha,Qatar,True
2024-01-18,India,Uzbekistan,0.0,3.0,AFC Asian Cup,Al Rayyan,Qatar,True
2024-01-18,Palestine,United Arab Emirates,1.0,1.0,AFC Asian Cup,Al Wakrah,Qatar,True
2024-01-19,Hong Kong,Iran,0.0,1.0,AFC Asian Cup,Al Rayyan,Qatar,True
2024-01-19,Iraq,Japan,2.0,1.0,AFC Asian Cup,Al Rayyan,Qatar,True
2024-01-19,Vietnam,Indonesia,0.0,1.0,AFC Asian Cup,Doha,Qatar,True
2024-01-20,Jordan,South Korea,2.0,2.0,AFC Asian Cup,Doha,Qatar,True
2024-01-20,Bahrain,Malaysia,1.0,0.0,AFC Asian Cup,Doha,Qatar,True
2024-01-21,Oman,Thailand,0.0,0.0,AFC Asian Cup,Doha,Qatar,True
2024-01-21,Kyrgyzstan,Saudi Arabia,0.0,2.0,AFC Asian Cup,Al Rayyan,Qatar,True
2024-01-22,Qatar,China PR,1.0,0.0,AFC Asian Cup,Al Rayyan,Qatar,False
2024-01-22,Tajikistan,Lebanon,2.0,1.0,AFC Asian Cup,Doha,Qatar,True
2024-01-23,Australia,Uzbekistan,1.0,1.0,AFC Asian Cup,Al Wakrah,Qatar,True
2024-01-23,Syria,India,1.0,0.0,AFC Asian Cup,Al Khor,Qatar,True
2024-01-23,Hong Kong,Palestine,0.0,3.0,AFC Asian Cup,Doha,Qatar,True
2024-01-23,Iran,United Arab Emirates,2.0,1.0,AFC Asian Cup,Al Rayyan,Qatar,True
2024-01-24,Iraq,Vietnam,3.0,2.0,AFC Asian Cup,Doha,Qatar,True
2024-01-24,Japan,Indonesia,3.0,1.0,AFC Asian Cup,Doha,Qatar,True
2024-01-25,Jordan,Bahrain,0.0,1.0,AFC Asian Cup,Al Rayyan,Qatar,True
2024-01-25,South Korea,Malaysia,3.0,3.0,AFC Asian Cup,Al Wakrah,Qatar,True
2024-01-25,Kyrgyzstan,Oman,1.0,1.0,AFC Asian Cup,Doha,Qatar,True
2024-01-25,Saudi Arabia,Thailand,0.0,0.0,AFC Asian Cup,Al Rayyan,Qatar,True
2024-01-28,Australia,Indonesia,4.0,0.0,AFC Asian Cup,Doha,Qatar,True
2024-01-28,Tajikistan,United Arab Emirates,1.0,1.0,AFC Asian Cup,Al Rayyan,Qatar,True
2024-01-29,Iraq,Jordan,2.0,3.0,AFC Asian Cup,Al Rayyan,Qatar,True
2024-01-29,Qatar,Palestine,2.0,1.0,AFC Asian Cup,Al Khor,Qatar,False
2024-01-30,Saudi Arabia,South Korea,1.0,1.0,AFC Asian Cup,Al Rayyan,Qatar,True
2024-01-30,Uzbekistan,Thailand,2.0,1.0,AFC Asian Cup,Al Wakrah,Qatar,True
2024-01-31,Bahrain,Japan,1.0,3.0,AFC Asian Cup,Doha,Qatar,True
2024-01-31,Iran,Syria,1.0,1.0,AFC Asian Cup,Doha,Qatar,True
2024-02-02,Australia,South Korea,1.0,2.0,AFC Asian Cup,Al Wakrah,Qatar,True
2024-02-02,Tajikistan,Jordan,0.0,1.0,AFC Asian Cup,Al Rayyan,Qatar,True
2024-02-03,Iran,Japan,2.0,1.0,AFC Asian Cup,Al Rayyan,Qatar,True
2024-02-03,Qatar,Uzbekistan,1.0,1.0,AFC Asian Cup,Al Khor,Qatar,False
2024-02-06,Jordan,South Korea,2.0,0.0,AFC Asian Cup,Al Rayyan,Qatar,True
2024-02-07,Qatar,Iran,3.0,2.0,AFC Asian Cup,Doha,Qatar,False
2024-02-10,Qatar,Jordan,3.0,1.0,AFC Asian Cup,Lusail,Qatar,False
2024-03-21,Qatar,Kuwait,3.0,0.0,FIFA World Cup qualification,Doha,Qatar,False
2024-03-21,Afghanistan,India,0.0,0.0,FIFA World Cup qualification,Abha,Saudi Arabia,True
2024-03-21,Myanmar,Syria,1.0,1.0,FIFA World Cup qualification,Yangon,Myanmar,False
2024-03-21,Japan,North Korea,1.0,0.0,FIFA World Cup qualification,Tokyo,Japan,False
2024-03-21,South Korea,Thailand,1.0,1.0,FIFA World Cup qualification,Seoul,South Korea,False
2024-03-21,Singapore,China PR,2.0,2.0,FIFA World Cup qualification,Kallang,Singapore,False
2024-03-21,Taiwan,Kyrgyzstan,0.0,2.0,FIFA World Cup qualification,Taipei,Taiwan,False
2024-03-21,Oman,Malaysia,2.0,0.0,FIFA World Cup qualification,Muscat,Oman,False
2024-03-21,Iran,Turkmenistan,5.0,0.0,FIFA World Cup qualification,Tehran,Iran,False
2024-03-21,Hong Kong,Uzbekistan,0.0,2.0,FIFA World Cup qualification,Hong Kong,Hong Kong,False
2024-03-21,Indonesia,Vietnam,1.0,0.0,FIFA World Cup qualification,Jakarta,Indonesia,False
2024-03-21,Iraq,Philippines,1.0,0.0,FIFA World Cup qualification,Basra,Iraq,False
2024-03-21,Pakistan,Jordan,0.0,3.0,FIFA World Cup qualification,Islamabad,Pakistan,False
2024-03-21,Saudi Arabia,Tajikistan,1.0,0.0,FIFA World Cup qualification,Riyadh,Saudi Arabia,False
2024-03-21,Bahrain,Nepal,5.0,0.0,FIFA World Cup qualification,Riffa,Bahrain,False
2024-03-21,United Arab Emirates,Yemen,2.0,1.0,FIFA World Cup qualification,Abu Dhabi,United Arab Emirates,False
2024-03-21,Australia,Lebanon,2.0,0.0,FIFA World Cup qualification,Sydney,Australia,False
2024-03-21,Palestine,Bangladesh,5.0,0.0,FIFA World Cup qualification,Kuwait City,Kuwait,True
2024-03-25,Sri Lanka,Bhutan,2.0,0.0,FIFA Series,Colombo,Sri Lanka,False
2024-03-26,India,Afghanistan,1.0,2.0,FIFA World Cup qualification,Guwahati,India,False
2024-03-26,Kuwait,Qatar,1.0,2.0,FIFA World Cup qualification,Al Farwaniyah,Kuwait,False
2024-03-26,Syria,Myanmar,7.0,0.0,FIFA World Cup qualification,Dammam,Saudi Arabia,True
2024-03-26,Thailand,South Korea,0.0,3.0,FIFA World Cup qualification,Bangkok,Thailand,False
2024-03-26,China PR,Singapore,4.0,1.0,FIFA World Cup qualification,Tianjin,China PR,False
2024-03-26,Kyrgyzstan,Taiwan,5.0,1.0,FIFA World Cup qualification,Bishkek,Kyrgyzstan,False
2024-03-26,Malaysia,Oman,0.0,2.0,FIFA World Cup qualification,Kuala Lumpur,Malaysia,False
2024-03-26,Uzbekistan,Hong Kong,3.0,0.0,FIFA World Cup qualification,Tashkent,Uzbekistan,False
2024-03-26,Turkmenistan,Iran,0.0,1.0,FIFA World Cup qualification,Ashgabat,Turkmenistan,False
2024-03-26,Philippines,Iraq,0.0,5.0,FIFA World Cup qualification,Manila,Philippines,False
2024-03-26,Vietnam,Indonesia,0.0,3.0,FIFA World Cup qualification,Hanoi,Vietnam,False
2024-03-26,Tajikistan,Saudi Arabia,1.0,1.0,FIFA World Cup qualification,Dushanbe,Tajikistan,False
2024-03-26,Jordan,Pakistan,7.0,0.0,FIFA World Cup qualification,Amman,Jordan,False
2024-03-26,Bahrain,Nepal,3.0,0.0,FIFA World Cup qualification,Riffa,Bahrain,False
2024-03-26,Yemen,United Arab Emirates,0.0,3.0,FIFA World Cup qualification,Khobar,Saudi Arabia,True
2024-03-26,Bangladesh,Palestine,0.0,1.0,FIFA World Cup qualification,Dhaka,Bangladesh,False
2024-03-26,Australia,Lebanon,5.0,0.0,FIFA World Cup qualification,Canberra,Australia,False
2024-04-06,Northern Mariana Islands,Guam,2.0,2.0,Marianas Cup,Koblerville,Northern Mariana Islands,False
2024-04-07,Northern Mariana Islands,Guam,2.0,1.0,Marianas Cup,Koblerville,Northern Mariana Islands,False
2024-06-06,Afghanistan,Qatar,0.0,0.0,FIFA World Cup qualification,Al Hofuf,Saudi Arabia,True
2024-06-06,India,Kuwait,0.0,0.0,FIFA World Cup qualification,Kolkota,India,False
2024-06-06,Myanmar,Japan,0.0,5.0,FIFA World Cup qualification,Yangon,Myanmar,False
2024-06-06,North Korea,Syria,1.0,0.0,FIFA World Cup qualification,Vientiane,Laos,True
2024-06-06,China PR,Thailand,1.0,1.0,FIFA World Cup qualification,Shenyang,China PR,False
2024-06-06,Singapore,South Korea,0.0,7.0,FIFA World Cup qualification,Kallang,Singapore,False
2024-06-06,Taiwan,Oman,0.0,3.0,FIFA World Cup qualification,Taipei,Taiwan,False
2024-06-06,Kyrgyzstan,Malaysia,1.0,1.0,FIFA World Cup qualification,Bishkek,Kyrgyzstan,False
2024-06-06,Uzbekistan,Turkmenistan,3.0,1.0,FIFA World Cup qualification,Tashkent,Uzbekistan,False
2024-06-06,Hong Kong,Iran,2.0,4.0,FIFA World Cup qualification,Hong Kong,Hong Kong,False
2024-06-06,Indonesia,Iraq,0.0,2.0,FIFA World Cup qualification,Jakarta,Indonesia,False
2024-06-06,Vietnam,Philippines,3.0,2.0,FIFA World Cup qualification,Hanoi,Vietnam,False
2024-06-06,Jordan,Tajikistan,3.0,0.0,FIFA World Cup qualification,Amman,Jordan,False
2024-06-06,Pakistan,Saudi Arabia,0.0,3.0,FIFA World Cup qualification,Islamabad,Pakistan,False
2024-06-06,Nepal,United Arab Emirates,0.0,4.0,FIFA World Cup qualification,Dammam,Saudi Arabia,True
2024-06-06,Bahrain,Yemen,0.0,0.0,FIFA World Cup qualification,Riffa,Bahrain,False
2024-06-06,Bangladesh,Australia,0.0,2.0,FIFA World Cup qualification,Dhaka,Bangladesh,False
2024-06-06,Palestine,Lebanon,0.0,0.0,FIFA World Cup qualification,Doha,Qatar,True
2024-06-07,Cambodia,Mongolia,2.0,0.0,Friendly,Phnom Penh,Cambodia,False
2024-06-08,Brunei,Sri Lanka,1.0,0.0,Friendly,Bandar Seri Begawan,Brunei,False
2024-06-11,Brunei,Sri Lanka,1.0,0.0,Friendly,Bandar Seri Begawan,Brunei,False
2024-06-11,Mongolia,Cambodia,2.0,1.0,Friendly,Ulaanbaatar,Mongolia,False
2024-06-11,Kuwait,Afghanistan,1.0,0.0,FIFA World Cup qualification,Kuwait City,Kuwait,False
2024-06-11,Qatar,India,2.0,1.0,FIFA World Cup qualification,Al Rayyan,Qatar,False
2024-06-11,Japan,Syria,5.0,0.0,FIFA World Cup qualification,Hiroshima,Japan,False
2024-06-11,North Korea,Myanmar,4.0,1.0,FIFA World Cup qualification,Vientiane,Laos,True
2024-06-11,Thailand,Singapore,3.0,1.0,FIFA World Cup qualification,Bangkok,Thailand,False
2024-06-11,South Korea,China PR,1.0,0.0,FIFA World Cup qualification,Seoul,South Korea,False
2024-06-11,Oman,Kyrgyzstan,1.0,1.0,FIFA World Cup qualification,Muscat,Oman,False
2024-06-11,Malaysia,Taiwan,3.0,1.0,FIFA World Cup qualification,Kuala Lumpur,Malaysia,False
2024-06-11,Turkmenistan,Hong Kong,0.0,0.0,FIFA World Cup qualification,Ashgabat,Turkmenistan,False
2024-06-11,Iran,Uzbekistan,0.0,0.0,FIFA World Cup qualification,Tehran,Iran,False
2024-06-11,Indonesia,Philippines,2.0,0.0,FIFA World Cup qualification,Jakarta,Indonesia,False
2024-06-11,Iraq,Vietnam,3.0,1.0,FIFA World Cup qualification,Basra,Iraq,False
2024-06-11,Tajikistan,Pakistan,3.0,0.0,FIFA World Cup qualification,Dushanbe,Tajikistan,False
2024-06-11,Saudi Arabia,Jordan,1.0,2.0,FIFA World Cup qualification,Riyadh,Saudi Arabia,False
2024-06-11,United Arab Emirates,Bahrain,1.0,1.0,FIFA World Cup qualification,Dubai,United Arab Emirates,False
2024-06-11,Yemen,Nepal,2.0,2.0,FIFA World Cup qualification,Dammam,Saudi Arabia,True
2024-06-11,Lebanon,Bangladesh,4.0,0.0,FIFA World Cup qualification,Al Rayyan,Qatar,True
2024-06-11,Australia,Palestine,5.0,0.0,FIFA World Cup qualification,Perth,Australia,False
2024-07-27,Jordan,North Korea,0.0,0.0,Friendly,Amman,Jordan,False
2024-08-29,Jordan,North Korea,2.0,1.0,Friendly,Amman,Jordan,False
2024-09-04,Lebanon,Tajikistan,1.0,0.0,Merdeka Tournament,Kuala Lumpur,Malaysia,True
2024-09-04,Malaysia,Philippines,2.0,1.0,Merdeka Tournament,Kuala Lumpur,Malaysia,False
2024-09-05,Bhutan,Bangladesh,0.0,1.0,Friendly,Thimphu,Bhutan,False
2024-09-05,Sri Lanka,Cambodia,0.0,0.0,AFC Asian Cup qualification,Colombo,Sri Lanka,False
2024-09-05,Timor-Leste,Mongolia,4.0,1.0,AFC Asian Cup qualification,Gianyar,Indonesia,True
2024-09-05,Qatar,United Arab Emirates,1.0,3.0,FIFA World Cup qualification,Al Rayyan,Qatar,False
2024-09-05,Uzbekistan,North Korea,1.0,0.0,FIFA World Cup qualification,Tashkent,Uzbekistan,False
2024-09-05,Iran,Kyrgyzstan,1.0,0.0,FIFA World Cup qualification,Fuladshahr,Iran,False
2024-09-05,Iraq,Oman,1.0,0.0,FIFA World Cup qualification,Basra,Iraq,False
2024-09-05,South Korea,Palestine,0.0,0.0,FIFA World Cup qualification,Seoul,South Korea,False
2024-09-05,Jordan,Kuwait,1.0,1.0,FIFA World Cup qualification,Amman,Jordan,False
2024-09-05,Japan,China PR,7.0,0.0,FIFA World Cup qualification,Saitama,Japan,False
2024-09-05,Australia,Bahrain,0.0,1.0,FIFA World Cup qualification,Robina,Australia,False
2024-09-05,Saudi Arabia,Indonesia,1.0,1.0,FIFA World Cup qualification,Jeddah,Saudi Arabia,False
2024-09-06,Brunei,Macau,3.0,0.0,AFC Asian Cup qualification,Bandar Seri Begawan,Brunei,False
2024-09-08,Bhutan,Bangladesh,1.0,0.0,Friendly,Thimphu,Bhutan,False
2024-09-08,Tajikistan,Philippines,0.0,0.0,Merdeka Tournament,Kuala Lumpur,Malaysia,True
2024-09-08,Malaysia,Lebanon,1.0,0.0,Merdeka Tournament,Kuala Lumpur,Malaysia,False
2024-09-09,India,Syria,0.0,3.0,Intercontinental Cup,Hyderabad,India,False
2024-09-10,Vietnam,Thailand,1.0,2.0,Friendly,Hanoi,Vietnam,False
2024-09-10,Cambodia,Sri Lanka,2.0,2.0,AFC Asian Cup qualification,Phnom Penh,Cambodia,False
2024-09-10,Macau,Brunei,0.0,1.0,AFC Asian Cup qualification,Taipa,Macau,False
2024-09-10,Mongolia,Timor-Leste,2.0,0.0,AFC Asian Cup qualification,Ulaanbaatar,Mongolia,False
2024-09-10,North Korea,Qatar,2.0,2.0,FIFA World Cup qualification,Vientiane,Laos,True
2024-09-10,Kyrgyzstan,Uzbekistan,2.0,3.0,FIFA World Cup qualification,Bishkek,Kyrgyzstan,False
2024-09-10,United Arab Emirates,Iran,0.0,1.0,FIFA World Cup qualification,Al Ain,United Arab Emirates,False
2024-09-10,Oman,South Korea,1.0,3.0,FIFA World Cup qualification,Muscat,Oman,False
2024-09-10,Kuwait,Iraq,0.0,0.0,FIFA World Cup qualification,Kuwait City,Kuwait,False
2024-09-10,Palestine,Jordan,1.0,3.0,FIFA World Cup qualification,Kuala Lumpur,Malaysia,True
2024-09-10,Bahrain,Japan,0.0,5.0,FIFA World Cup qualification,Riffa,Bahrain,False
2024-09-10,Indonesia,Australia,0.0,0.0,FIFA World Cup qualification,Jakarta,Indonesia,False
2024-09-10,China PR,Saudi Arabia,1.0,2.0,FIFA World Cup qualification,Dalian,China PR,False
2024-10-08,Brunei,Timor-Leste,0.0,1.0,ASEAN Championship qualification,Bandar Seri Begawan,Brunei,False
2024-10-10,Myanmar,Sri Lanka,2.0,0.0,Friendly,Yangon,Myanmar,False
2024-10-10,Qatar,Kyrgyzstan,3.0,1.0,FIFA World Cup qualification,Doha,Qatar,False
2024-10-10,Uzbekistan,Iran,0.0,0.0,FIFA World Cup qualification,Tashkent,Uzbekistan,False
2024-10-10,United Arab Emirates,North Korea,1.0,1.0,FIFA World Cup qualification,Al Ain,United Arab Emirates,False
2024-10-10,Jordan,South Korea,0.0,2.0,FIFA World Cup qualification,Amman,Jordan,False
2024-10-10,Oman,Kuwait,4.0,0.0,FIFA World Cup qualification,Muscat,Oman,False
2024-10-10,Iraq,Palestine,1.0,0.0,FIFA World Cup qualification,Basra,Iraq,False
2024-10-10,Bahrain,Indonesia,2.0,2.0,FIFA World Cup qualification,Riffa,Bahrain,False
2024-10-10,Australia,China PR,3.0,1.0,FIFA World Cup qualification,Adelaide,Australia,False
2024-10-10,Saudi Arabia,Japan,0.0,2.0,FIFA World Cup qualification,Jeddah,Saudi Arabia,False
2024-10-11,Cambodia,Taiwan,3.0,2.0,Friendly,Phnom Penh,Cambodia,False
2024-10-11,Syria,Tajikistan,1.0,0.0,King's Cup,Songkhla,Thailand,True
2024-10-11,Thailand,Philippines,3.0,1.0,King's Cup,Songkhla,Thailand,False
2024-10-12,Vietnam,India,1.0,1.0,Friendly,Nam Định,Vietnam,False
2024-10-13,Myanmar,Sri Lanka,0.0,0.0,Friendly,Yangon,Myanmar,False
2024-10-14,Tajikistan,Philippines,0.0,3.0,King's Cup,Songkhla,Thailand,True
2024-10-14,Thailand,Syria,2.0,1.0,King's Cup,Songkhla,Thailand,False
2024-10-15,Hong Kong,Cambodia,3.0,0.0,Friendly,Hong Kong,Hong Kong,False
2024-10-15,Uzbekistan,United Arab Emirates,1.0,0.0,FIFA World Cup qualification,Tashkent,Uzbekistan,False
2024-10-15,Iran,Qatar,4.0,1.0,FIFA World Cup qualification,Dubai,United Arab Emirates,True
2024-10-15,Kyrgyzstan,North Korea,1.0,0.0,FIFA World Cup qualification,Bishkek,Kyrgyzstan,False
2024-10-15,Jordan,Oman,4.0,0.0,FIFA World Cup qualification,Amman,Jordan,False
2024-10-15,Palestine,Kuwait,2.0,2.0,FIFA World Cup qualification,Al Rayyan,Qatar,True
2024-10-15,South Korea,Iraq,3.0,2.0,FIFA World Cup qualification,Yongin,South Korea,False
2024-10-15,Japan,Australia,1.0,1.0,FIFA World Cup qualification,Saitama,Japan,False
2024-10-15,China PR,Indonesia,2.0,1.0,FIFA World Cup qualification,Qingdao,China PR,False
2024-10-15,Saudi Arabia,Bahrain,0.0,0.0,FIFA World Cup qualification,Jeddah,Saudi Arabia,False
2024-10-15,Timor-Leste,Brunei,0.0,0.0,ASEAN Championship qualification,Chonburi,Thailand,True
2024-11-13,Bangladesh,Maldives,0.0,1.0,Friendly,Dhaka,Bangladesh,False
2024-11-13,Tajikistan,Nepal,4.0,0.0,Friendly,Dushanbe,Tajikistan,False
2024-11-14,Hong Kong,Philippines,3.0,1.0,Friendly,Hong Kong,Hong Kong,False
2024-11-14,Malaysia,Laos,3.0,1.0,Friendly,Bangkok,Thailand,True
2024-11-14,Singapore,Myanmar,3.0,2.0,Friendly,Kallang,Singapore,False
2024-11-14,Thailand,Lebanon,0.0,0.0,Friendly,Pathum Thani,Thailand,False
2024-11-14,North Korea,Iran,2.0,3.0,FIFA World Cup qualification,Vientiane,Laos,True
2024-11-14,Qatar,Uzbekistan,3.0,2.0,FIFA World Cup qualification,Al Rayyan,Qatar,False
2024-11-14,United Arab Emirates,Kyrgyzstan,3.0,0.0,FIFA World Cup qualification,Abu Dhabi,United Arab Emirates,False
2024-11-14,Kuwait,South Korea,1.0,3.0,FIFA World Cup qualification,Kuwait City,Kuwait,False
2024-11-14,Iraq,Jordan,0.0,0.0,FIFA World Cup qualification,Basra,Iraq,False
2024-11-14,Oman,Palestine,1.0,0.0,FIFA World Cup qualification,Muscat,Oman,False
2024-11-14,Bahrain,China PR,0.0,1.0,FIFA World Cup qualification,Riffa,Bahrain,False
2024-11-14,Australia,Saudi Arabia,0.0,0.0,FIFA World Cup qualification,Melbourne,Australia,False
2024-11-15,Indonesia,Japan,0.0,4.0,FIFA World Cup qualification,Jakarta,Indonesia,False
2024-11-16,Bangladesh,Maldives,2.0,1.0,Friendly,Dhaka,Bangladesh,False
2024-11-16,Nepal,Afghanistan,2.0,0.0,Friendly,Dushanbe,Tajikistan,True
2024-11-16,Sri Lanka,Yemen,1.0,0.0,Friendly,Al Khor,Qatar,True
2024-11-17,Thailand,Laos,1.0,1.0,Friendly,Pathum Thani,Thailand,False
2024-11-18,India,Malaysia,1.0,1.0,Friendly,Hyderabad,India,False
2024-11-18,Singapore,Taiwan,2.0,3.0,Friendly,Kallang,Singapore,False
2024-11-19,Myanmar,Lebanon,2.0,3.0,Friendly,Yangon,Myanmar,False
2024-11-19,Sri Lanka,Yemen,0.0,2.0,Friendly,Al Khor,Qatar,True
2024-11-19,Tajikistan,Afghanistan,3.0,1.0,Friendly,Dushanbe,Tajikistan,False
2024-11-19,North Korea,Uzbekistan,0.0,1.0,FIFA World Cup qualification,Vientiane,Laos,True
2024-11-19,Kyrgyzstan,Iran,2.0,3.0,FIFA World Cup qualification,Bishkek,Kyrgyzstan,False
2024-11-19,United Arab Emirates,Qatar,5.0,0.0,FIFA World Cup qualification,Abu Dhabi,United Arab Emirates,False
2024-11-19,Palestine,South Korea,1.0,1.0,FIFA World Cup qualification,Amman,Jordan,True
2024-11-19,Oman,Iraq,0.0,1.0,FIFA World Cup qualification,Muscat,Oman,False
2024-11-19,Kuwait,Jordan,1.0,1.0,FIFA World Cup qualification,Kuwait City,Kuwait,False
2024-11-19,Bahrain,Australia,2.0,2.0,FIFA World Cup qualification,Riffa,Bahrain,False
2024-11-19,Indonesia,Saudi Arabia,2.0,0.0,FIFA World Cup qualification,Jakarta,Indonesia,False
2024-11-19,China PR,Japan,1.0,3.0,FIFA World Cup qualification,Xiamen,China PR,False
2024-12-08,Cambodia,Malaysia,2.0,2.0,ASEAN Championship,Phnom Penh,Cambodia,False
2024-12-08,Timor-Leste,Thailand,0.0,10.0,ASEAN Championship,Hanoi,Vietnam,True
2024-12-08,Hong Kong,Mongolia,3.0,0.0,EAFF Championship qualification,Hong Kong,Hong Kong,False
2024-12-09,Myanmar,Indonesia,0.0,1.0,ASEAN Championship,Yangon,Myanmar,False
2024-12-09,Laos,Vietnam,1.0,4.0,ASEAN Championship,Vientiane,Laos,False
2024-12-11,Singapore,Cambodia,2.0,1.0,ASEAN Championship,Singapore,Singapore,False
2024-12-11,Malaysia,Timor-Leste,3.0,2.0,ASEAN Championship,Kuala Lumpur,Malaysia,False
2024-12-11,Taiwan,Mongolia,4.0,0.0,EAFF Championship qualification,Hong Kong,Hong Kong,True
2024-12-12,Philippines,Myanmar,1.0,1.0,ASEAN Championship,Manila,Philippines,False
2024-12-12,Indonesia,Laos,3.0,3.0,ASEAN Championship,Surakarta,Indonesia,False
2024-12-14,Timor-Leste,Singapore,0.0,3.0,ASEAN Championship,Hanoi,Vietnam,True
2024-12-14,Thailand,Malaysia,1.0,0.0,ASEAN Championship,Bangkok,Thailand,False
2024-12-14,Macau,Guam,1.0,2.0,EAFF Championship qualification,Hong Kong,Hong Kong,True
2024-12-14,Hong Kong,Taiwan,2.0,1.0,EAFF Championship qualification,Hong Kong,Hong Kong,False
2024-12-15,Laos,Philippines,1.0,1.0,ASEAN Championship,Vientiane,Laos,False
2024-12-15,Vietnam,Indonesia,1.0,0.0,ASEAN Championship,Việt Trì,Vietnam,False
2024-12-17,Cambodia,Timor-Leste,2.0,1.0,ASEAN Championship,Phnom Penh,Cambodia,False
2024-12-17,Singapore,Thailand,2.0,4.0,ASEAN Championship,Singapore,Singapore,False
2024-12-17,Hong Kong,Guam,5.0,0.0,EAFF Championship qualification,Hong Kong,Hong Kong,False
2024-12-18,Myanmar,Laos,3.0,2.0,ASEAN Championship,Yangon,Myanmar,False
2024-12-18,Philippines,Vietnam,1.0,1.0,ASEAN Championship,Manila,Philippines,False
2024-12-20,Thailand,Cambodia,3.0,2.0,ASEAN Championship,Bangkok,Thailand,False
2024-12-20,Malaysia,Singapore,0.0,0.0,ASEAN Championship,Kuala Lumpur,Malaysia,False
2024-12-21,Vietnam,Myanmar,5.0,0.0,ASEAN Championship,Việt Trì,Vietnam,False
2024-12-21,Indonesia,Philippines,0.0,1.0,ASEAN Championship,Surakarta,Indonesia,False
2024-12-21,Kuwait,Oman,1.0,1.0,Gulf Cup,Kuwait City,Kuwait,False
2024-12-21,Qatar,United Arab Emirates,1.0,1.0,Gulf Cup,Sulaibikhat,Kuwait,True
2024-12-22,Iraq,Yemen,1.0,0.0,Gulf Cup,Sulaibikhat,Kuwait,True
2024-12-22,Saudi Arabia,Bahrain,2.0,3.0,Gulf Cup,Kuwait City,Kuwait,True
2024-12-24,Oman,Qatar,2.0,1.0,Gulf Cup,Sulaibikhat,Kuwait,True
2024-12-24,Kuwait,United Arab Emirates,2.0,1.0,Gulf Cup,Kuwait City,Kuwait,False
2024-12-25,Yemen,Saudi Arabia,2.0,3.0,Gulf Cup,Sulaibikhat,Kuwait,True
2024-12-25,Bahrain,Iraq,2.0,0.0,Gulf Cup,Kuwait City,Kuwait,True
2024-12-26,Singapore,Vietnam,0.0,2.0,ASEAN Championship,Singapore,Singapore,False
2024-12-27,Philippines,Thailand,2.0,1.0,ASEAN Championship,Manila,Philippines,False
2024-12-27,Kuwait,Qatar,1.0,1.0,Gulf Cup,Kuwait City,Kuwait,False
2024-12-27,United Arab Emirates,Oman,1.0,1.0,Gulf Cup,Sulaibikhat,Kuwait,True
2024-12-28,Iraq,Saudi Arabia,1.0,3.0,Gulf Cup,Kuwait City,Kuwait,True
2024-12-28,Bahrain,Yemen,1.0,2.0,Gulf Cup,Sulaibikhat,Kuwait,True
2024-12-29,Vietnam,Singapore,3.0,1.0,ASEAN Championship,Việt Trì,Vietnam,False
2024-12-30,Thailand,Philippines,3.0,1.0,ASEAN Championship,Bangkok,Thailand,False
2024-12-31,Oman,Saudi Arabia,2.0,1.0,Gulf Cup,Sulaibikhat,Kuwait,True
2024-12-31,Kuwait,Bahrain,0.0,1.0,Gulf Cup,Kuwait City,Kuwait,False
2025-01-02,Vietnam,Thailand,2.0,1.0,ASEAN Championship,Việt Trì,Vietnam,False
2025-01-04,Oman,Bahrain,1.0,2.0,Gulf Cup,Kuwait City,Kuwait,True
2025-01-05,Thailand,Vietnam,2.0,3.0,ASEAN Championship,Bangkok,Thailand,False
2025-01-22,Uzbekistan,Jordan,0.0,0.0,Friendly,Doha,Qatar,True
2025-03-14,Jordan,North Korea,1.0,1.0,Friendly,Amman,Jordan,False
2025-03-19,Hong Kong,Macau,2.0,0.0,Friendly,Hong Kong,Hong Kong,False
2025-03-19,India,Maldives,3.0,0.0,Friendly,Shillong,India,False
2025-03-19,Vietnam,Cambodia,2.0,1.0,Friendly,Thu Dau Mot,Vietnam,False
2025-03-20,Laos,Sri Lanka,1.0,2.0,Friendly,Vientiane,Laos,False
2025-03-20,Iran,United Arab Emirates,2.0,0.0,FIFA World Cup qualification,Tehran,Iran,False
2025-03-20,Uzbekistan,Kyrgyzstan,1.0,0.0,FIFA World Cup qualification,Tashkent,Uzbekistan,False
2025-03-20,Qatar,North Korea,5.0,1.0,FIFA World Cup qualification,Al Rayyan,Qatar,False
2025-03-20,South Korea,Oman,1.0,1.0,FIFA World Cup qualification,Goyang,South Korea,False
2025-03-20,Iraq,Kuwait,2.0,2.0,FIFA World Cup qualification,Basra,Iraq,False
2025-03-20,Jordan,Palestine,3.0,1.0,FIFA World Cup qualification,Amman,Jordan,False
2025-03-20,Japan,Bahrain,2.0,0.0,FIFA World Cup qualification,Saitama,Japan,False
2025-03-20,Australia,Indonesia,5.0,1.0,FIFA World Cup qualification,Sydney,Australia,False
2025-03-20,Saudi Arabia,China PR,1.0,0.0,FIFA World Cup qualification,Riyadh,Saudi Arabia,False
2025-03-20,Lebanon,Timor-Leste,4.0,0.0,Friendly,Al-Khor,Qatar,False
2025-03-21,Singapore,Nepal,0.0,1.0,Friendly,Kallang,Singapore,False
2025-03-21,Thailand,Afghanistan,2.0,0.0,Friendly,Bangkok,Thailand,False
2025-03-25,Tajikistan,Timor-Leste,1.0,0.0,AFC Asian Cup qualification,Dushanbe,Tajikistan,False
2025-03-25,Philippines,Maldives,4.0,1.0,AFC Asian Cup qualification,Capas,Philippines,False
2025-03-25,Bhutan,Yemen,0.0,0.0,AFC Asian Cup qualification,Thimphu,Bhutan,False
2025-03-25,Lebanon,Brunei,5.0,0.0,AFC Asian Cup qualification,Al Wakrah,Qatar,True
2025-03-25,India,Bangladesh,0.0,0.0,AFC Asian Cup qualification,Shillong,India,False
2025-03-25,Singapore,Hong Kong,0.0,0.0,AFC Asian Cup qualification,Kallang,Singapore,False
2025-03-25,Taiwan,Turkmenistan,1.0,2.0,AFC Asian Cup qualification,Kaohsiung,Taiwan,False
2025-03-25,Thailand,Sri Lanka,1.0,0.0,AFC Asian Cup qualification,Bangkok,Thailand,False
2025-03-25,Myanmar,Afghanistan,2.0,1.0,AFC Asian Cup qualification,Yangon,Myanmar,False
2025-03-25,Syria,Pakistan,2.0,0.0,AFC Asian Cup qualification,Al Hofuf,Saudi Arabia,True
2025-03-25,Vietnam,Laos,5.0,0.0,AFC Asian Cup qualification,Thu Dau Mot,Vietnam,False
2025-03-25,Malaysia,Nepal,2.0,0.0,AFC Asian Cup qualification,Johor,Malaysia,False
2025-03-25,Iran,Uzbekistan,2.0,2.0,FIFA World Cup qualification,Tehran,Iran,False
2025-03-25,Kyrgyzstan,Qatar,3.0,1.0,FIFA World Cup qualification,Bishkek,Kyrgyzstan,False
2025-03-25,North Korea,United Arab Emirates,1.0,2.0,FIFA World Cup qualification,Riyadh,Saudi Arabia,True
2025-03-25,South Korea,Jordan,1.0,1.0,FIFA World Cup qualification,Suwon,South Korea,False
2025-03-25,Kuwait,Oman,0.0,1.0,FIFA World Cup qualification,Kuwait City,Kuwait,False
2025-03-25,Palestine,Iraq,2.0,1.0,FIFA World Cup qualification,Amman,Jordan,True
2025-03-25,China PR,Australia,0.0,2.0,FIFA World Cup qualification,Hangzhou,China PR,False
2025-03-25,Japan,Saudi Arabia,0.0,0.0,FIFA World Cup qualification,Saitama,Japan,False
2025-03-25,Indonesia,Bahrain,1.0,0.0,FIFA World Cup qualification,Jakarta,Indonesia,False
2025-05-28,Oman,Lebanon,1.0,0.0,Friendly,Muscat,Oman,False
2025-05-30,Saudi Arabia,Jordan,2.0,0.0,Friendly,Dammam,Saudi Arabia,False
2025-06-04,Thailand,India,2.0,0.0,Friendly,Pathum Thani,Thailand,False
2025-06-04,Bangladesh,Bhutan,2.0,0.0,Friendly,Dhaka,Bangladesh,False
2025-06-05,Cambodia,Tajikistan,1.0,2.0,Friendly,Phnom Penh,Cambodia,False
2025-06-05,Hong Kong,Nepal,0.0,0.0,Friendly,Hong Kong,Hong Kong,False
2025-06-05,Singapore,Maldives,3.0,1.0,Friendly,Bishan,Singapore,False
2025-06-05,United Arab Emirates,Uzbekistan,0.0,0.0,FIFA World Cup qualification,Abu Dhabi,United Arab Emirates,False
2025-06-05,North Korea,Kyrgyzstan,2.0,2.0,FIFA World Cup qualification,Riyadh,Saudi Arabia,True
2025-06-05,Qatar,Iran,1.0,0.0,FIFA World Cup qualification,Al Rayyan,Qatar,False
2025-06-05,Oman,Jordan,0.0,3.0,FIFA World Cup qualification,Muscat,Oman,False
2025-06-05,Iraq,South Korea,0.0,2.0,FIFA World Cup qualification,Basra,Iraq,False
2025-06-05,Kuwait,Palestine,0.0,2.0,FIFA World Cup qualification,Kuwait City,Kuwait,False
2025-06-05,Bahrain,Saudi Arabia,0.0,2.0,FIFA World Cup qualification,Riffa,Bahrain,False
2025-06-05,Australia,Japan,1.0,0.0,FIFA World Cup qualification,Perth,Australia,False
2025-06-05,Indonesia,China PR,1.0,0.0,FIFA World Cup qualification,Jakarta,Indonesia,False
2025-06-05,Sri Lanka,Brunei,1.0,0.0,Friendly,Bangkok,Thailand,True
2025-06-10,Timor-Leste,Maldives,1.0,0.0,AFC Asian Cup qualification,Darwin,Australia,True
2025-06-10,Philippines,Tajikistan,2.0,2.0,AFC Asian Cup qualification,Capas,Philippines,False
2025-06-10,Brunei,Bhutan,2.0,1.0,AFC Asian Cup qualification,Bandar Seri Begawan,Brunei,False
2025-06-10,Yemen,Lebanon,0.0,0.0,AFC Asian Cup qualification,Kuwait City,Kuwait,True
2025-06-10,Bangladesh,Singapore,1.0,2.0,AFC Asian Cup qualification,Dhaka,Bangladesh,False
2025-06-10,Hong Kong,India,1.0,0.0,AFC Asian Cup qualification,Kowloon,Hong Kong,False
2025-06-10,Sri Lanka,Taiwan,3.0,1.0,AFC Asian Cup qualification,Colombo,Sri Lanka,False
2025-06-10,Turkmenistan,Thailand,3.0,1.0,AFC Asian Cup qualification,Ashgabat,Turkmenistan,False
2025-06-10,Myanmar,Pakistan,1.0,0.0,AFC Asian Cup qualification,Yangon,Myanmar,False
2025-06-10,Afghanistan,Syria,0.0,1.0,AFC Asian Cup qualification,Al Hofuf,Saudi Arabia,True
2025-06-10,Laos,Nepal,2.0,1.0,AFC Asian Cup qualification,Vientiane,Laos,False
2025-06-10,Malaysia,Vietnam,4.0,0.0,AFC Asian Cup qualification,Kuala Lumpur,Malaysia,False
2025-06-10,Uzbekistan,Qatar,3.0,0.0,FIFA World Cup qualification,Tashkent,Uzbekistan,False
2025-06-10,Iran,North Korea,3.0,0.0,FIFA World Cup qualification,Tehran,Iran,False
2025-06-10,Kyrgyzstan,United Arab Emirates,1.0,1.0,FIFA World Cup qualification,Bishkek,Kyrgyzstan,False
2025-06-10,South Korea,Kuwait,4.0,0.0,FIFA World Cup qualification,Seoul,South Korea,False
2025-06-10,Jordan,Iraq,0.0,1.0,FIFA World Cup qualification,Amman,Jordan,False
2025-06-10,Palestine,Oman,1.0,1.0,FIFA World Cup qualification,Amman,Jordan,True
2025-06-10,China PR,Bahrain,1.0,0.0,FIFA World Cup qualification,Chongqing,China PR,False
2025-06-10,Japan,Indonesia,6.0,0.0,FIFA World Cup qualification,Suita,Japan,False
2025-06-10,Saudi Arabia,Australia,1.0,2.0,FIFA World Cup qualification,Jeddah,Saudi Arabia,False
2025-08-24,Qatar,Lebanon,2.0,2.0,Friendly,Doha,Qatar,False
2025-09-03,Qatar,Bahrain,2.0,2.0,Friendly,Doha,Qatar,False
2025-09-04,Malaysia,Singapore,2.0,1.0,Friendly,Kuala Lumpur,Malaysia,False
2025-09-04,United Arab Emirates,Syria,3.0,1.0,Friendly,Dubai,United Arab Emirates,False
2025-09-04,Iraq,Hong Kong,2.0,1.0,King's Cup,Kanchanaburi,Thailand,True
2025-09-05,Indonesia,Taiwan,6.0,0.0,Friendly,Surabaya,Indonesia,False
2025-09-06,Sri Lanka,Maldives,0.0,3.0,South Asian Super Cup,Colombo,Sri Lanka,False
2025-09-06,Nepal,Bangladesh,0.0,0.0,Friendly,Kathmandu,Nepal,False
2025-09-07,Thailand,Iraq,0.0,1.0,King's Cup,Kanchanaburi,Thailand,False
2025-09-08,Indonesia,Lebanon,0.0,0.0,Friendly,Surabaya,Indonesia,False
2025-09-08,Malaysia,Palestine,1.0,0.0,Friendly,Johor,Malaysia,False
2025-09-08,Syria,Kuwait,2.0,2.0,Friendly,Doha,Qatar,True
2025-09-08,United Arab Emirates,Bahrain,1.0,0.0,Friendly,Dubai,United Arab Emirates,False
2025-09-09,Singapore,Myanmar,1.0,1.0,Friendly,Singapore,Singapore,False
2025-09-09,Sri Lanka,Maldives,1.0,1.0,Friendly,Colombo,Sri Lanka,False
2025-10-08,Qatar,Oman,0.0,0.0,FIFA World Cup qualification,Al Rayyan,Qatar,False
2025-10-08,Saudi Arabia,Indonesia,3.0,2.0,FIFA World Cup qualification,Jeddah,Saudi Arabia,False
2025-10-09,Tajikistan,Maldives,2.0,0.0,AFC Asian Cup qualification,Hisor,Tajikistan,False
2025-10-09,Timor-Leste,Philippines,1.0,4.0,AFC Asian Cup qualification,Darwin,Australia,True
2025-10-09,Brunei,Yemen,0.0,2.0,AFC Asian Cup qualification,Bandar Seri Begawan,Brunei,False
2025-10-09,Lebanon,Bhutan,2.0,0.0,AFC Asian Cup qualification,Doha,Qatar,True
2025-10-09,Singapore,India,1.0,1.0,AFC Asian Cup qualification,Kallang,Singapore,False
2025-10-09,Bangladesh,Hong Kong,3.0,4.0,AFC Asian Cup qualification,Dhaka,Bangladesh,False
2025-10-09,Sri Lanka,Turkmenistan,1.0,0.0,AFC Asian Cup qualification,Colombo,Sri Lanka,False
2025-10-09,Thailand,Taiwan,2.0,0.0,AFC Asian Cup qualification,Bangkok,Thailand,False
2025-10-09,Pakistan,Afghanistan,0.0,0.0,AFC Asian Cup qualification,Islamabad,Pakistan,False
2025-10-09,Syria,Myanmar,5.0,1.0,AFC Asian Cup qualification,Al Hofuf,Saudi Arabia,True
2025-10-09,Laos,Malaysia,0.0,3.0,AFC Asian Cup qualification,Vientiane,Laos,False
2025-10-09,Vietnam,Nepal,3.0,1.0,AFC Asian Cup qualification,Ho Chi Minh City,Vietnam,False
2025-10-10,Uzbekistan,Kuwait,2.0,0.0,Friendly,Tashkent,Uzbekistan,False
2025-10-11,United Arab Emirates,Oman,2.0,1.0,FIFA World Cup qualification,Al Rayyan,Qatar,True
2025-10-11,Iraq,Indonesia,1.0,0.0,FIFA World Cup qualification,Jeddah,Saudi Arabia,True
2025-10-14,Qatar,United Arab Emirates,2.0,1.0,FIFA World Cup qualification,Al Rayyan,Qatar,False
2025-10-14,Saudi Arabia,Iraq,0.0,0.0,FIFA World Cup qualification,Jeddah,Saudi Arabia,False
2025-10-14,Maldives,Tajikistan,0.0,3.0,AFC Asian Cup qualification,Malé,Maldives,False
2025-10-14,Philippines,Timor-Leste,3.0,1.0,AFC Asian Cup qualification,Capas,Philippines,False
2025-10-14,Bhutan,Lebanon,0.0,4.0,AFC Asian Cup qualification,Al Wakrah,Qatar,True
2025-10-14,Yemen,Brunei,9.0,0.0,AFC Asian Cup qualification,Kuwait City,Kuwait,True
2025-10-14,India,Singapore,1.0,2.0,AFC Asian Cup qualification,Margao,India,False
2025-10-14,Hong Kong,Bangladesh,1.0,1.0,AFC Asian Cup qualification,Kowloon,Hong Kong,False
2025-10-14,Taiwan,Thailand,1.0,6.0,AFC Asian Cup qualification,Taipei,Taiwan,False
2025-10-14,Turkmenistan,Sri Lanka,2.0,1.0,AFC Asian Cup qualification,Arkadag,Turkmenistan,False
2025-10-14,Myanmar,Syria,0.0,3.0,AFC Asian Cup qualification,Yangon,Myanmar,False
2025-10-14,Afghanistan,Pakistan,1.0,1.0,AFC Asian Cup qualification,Al Farwaniyah,Kuwait,True
2025-10-14,Vietnam,Nepal,1.0,0.0,AFC Asian Cup qualification,Ho Chi Minh City,Vietnam,False
2025-10-14,Malaysia,Laos,5.0,1.0,AFC Asian Cup qualification,Kuala Lumpur,Malaysia,False
2025-11-13,Bangladesh,Nepal,2.0,2.0,Friendly,Dhaka,Bangladesh,False
2025-11-13,Hong Kong,Cambodia,1.0,1.0,Friendly,Hong Kong,Hong Kong,False
2025-11-13,Thailand,Singapore,3.0,2.0,Friendly,Pathum Thani,Thailand,False
2025-11-13,United Arab Emirates,Iraq,1.0,1.0,FIFA World Cup qualification,Abu Dhabi,United Arab Emirates,False
2025-11-18,Maldives,Philippines,0.0,2.0,AFC Asian Cup qualification,Malé,Maldives,False
2025-11-18,Timor-Leste,Tajikistan,0.0,5.0,AFC Asian Cup qualification,Darwin,Australia,True
2025-11-18,Yemen,Bhutan,7.0,1.0,AFC Asian Cup qualification,Kuwait City,Kuwait,True
2025-11-18,Brunei,Lebanon,0.0,3.0,AFC Asian Cup qualification,Bandar Seri Begawan,Brunei,False
2025-11-18,Bangladesh,India,1.0,0.0,AFC Asian Cup qualification,Dhaka,Bangladesh,False
2025-11-18,Hong Kong,Singapore,1.0,2.0,AFC Asian Cup qualification,Kowloon,Hong Kong,False
2025-11-18,Sri Lanka,Thailand,0.0,4.0,AFC Asian Cup qualification,Colombo,Sri Lanka,False
2025-11-18,Turkmenistan,Taiwan,3.0,1.0,AFC Asian Cup qualification,Arkadag,Turkmenistan,False
2025-11-18,Pakistan,Syria,0.0,5.0,AFC Asian Cup qualification,Islamabad,Pakistan,False
2025-11-18,Malaysia,Nepal,1.0,0.0,AFC Asian Cup qualification,Kuala Lumpur,Malaysia,False
2025-11-18,Iraq,United Arab Emirates,2.0,1.0,FIFA World Cup qualification,Basra,Iraq,False
2025-11-18,Iran,Uzbekistan,0.0,0.0,Al Ain International Cup,Al Ain,United Arab Emirates,True
2025-11-19,Laos,Vietnam,0.0,2.0,AFC Asian Cup qualification,Vientiane,Laos,False
2025-12-01,Qatar,Palestine,0.0,1.0,Arab Cup,Al Khor,Qatar,False
2025-12-02,Saudi Arabia,Oman,2.0,1.0,Arab Cup,Al Rayyan,Qatar,True
2025-12-03,Jordan,United Arab Emirates,2.0,1.0,Arab Cup,Al Khor,Qatar,True
2025-12-03,Iraq,Bahrain,2.0,1.0,Arab Cup,Doha,Qatar,True
2025-12-04,Qatar,Syria,1.0,1.0,Arab Cup,Al Rayyan,Qatar,False
2025-12-06,Kuwait,Jordan,1.0,3.0,Arab Cup,Al Rayyan,Qatar,True
2025-12-07,Syria,Palestine,0.0,0.0,Arab Cup,Al Rayyan,Qatar,True
2025-12-09,United Arab Emirates,Kuwait,3.0,1.0,Arab Cup,Doha,Qatar,True
2025-12-11,Palestine,Saudi Arabia,1.0,2.0,Arab Cup,Lusail,Qatar,True
2025-12-12,Jordan,Iraq,1.0,0.0,Arab Cup,Al Rayyan,Qatar,True
2025-12-15,Saudi Arabia,Jordan,0.0,1.0,Arab Cup,Al Khor,Qatar,True
2026-01-26,Uzbekistan,China PR,2.0,2.0,Friendly,Dubai,United Arab Emirates,True
2026-03-26,Vietnam,Bangladesh,3.0,0.0,Friendly,Hanoi,Vietnam,False
